Time,Driver,Position,GapToLeader,IntervalToPositionAhead
0 days 00:00:03.711000,81,1,,
0 days 00:00:06.114000,81,1,LAP 1,LAP 1
0 days 01:00:41.438000,81,1,LAP 2,LAP 2
0 days 01:02:19.031000,81,1,LAP 3,LAP 3
0 days 01:03:56.735000,81,1,LAP 4,LAP 4
0 days 01:05:34.490000,81,1,LAP 5,LAP 5
0 days 01:07:12.597000,81,1,LAP 6,LAP 6
0 days 01:08:50.121000,81,1,LAP 7,LAP 7
0 days 01:10:28.038000,81,1,LAP 8,LAP 8
0 days 01:12:06.294000,81,1,LAP 9,LAP 9
0 days 01:13:44.417000,81,1,LAP 10,LAP 10
0 days 01:15:22.404000,81,1,LAP 11,LAP 11
0 days 01:17:00.545000,81,1,LAP 12,LAP 12
0 days 01:18:38.666000,81,1,LAP 13,LAP 13
0 days 01:20:16.648000,81,1,LAP 14,LAP 14
0 days 01:21:57.540000,81,2,LAP 14,LAP 14
0 days 01:22:07.469000,81,3,LAP 14,LAP 14
0 days 01:22:19.727000,81,4,LAP 14,LAP 14
0 days 01:22:24.065000,81,4,+20.856,+3.036
0 days 01:22:26.887000,81,4,+21.507,+3.539
0 days 01:22:31.934000,81,4,+21.385,+3.432
0 days 01:22:37.352000,81,4,+21.196,+3.293
0 days 01:22:41.593000,81,4,+21.100,+3.168
0 days 01:22:44.548000,81,4,+21.099,+3.171
0 days 01:22:51.765000,81,4,+20.993,+3.194
0 days 01:22:55.590000,81,4,+20.996,+3.196
0 days 01:22:59.961000,81,4,+21.297,+3.343
0 days 01:23:05.650000,81,4,+21.402,+3.333
0 days 01:23:10.292000,81,4,+21.085,+3.077
0 days 01:23:14.274000,81,4,+21.016,+2.987
0 days 01:23:20.509000,81,4,+20.759,+2.809
0 days 01:23:25.890000,81,4,+20.851,+2.751
0 days 01:23:30.319000,81,4,+20.936,+2.785
0 days 01:23:35.174000,81,4,+20.973,+2.807
0 days 01:23:39.037000,81,4,+20.996,+2.828
0 days 01:23:47.422000,81,4,+20.981,+2.732
0 days 01:23:51.436000,81,4,+21.071,+2.731
0 days 01:23:52.298000,81,4,+21.342,+2.688
0 days 01:23:56.741000,81,4,+15.958,+2.715
0 days 01:24:01.178000,81,2,+15.958,+2.715
0 days 01:24:01.281000,81,2,+2.712,+2.712
0 days 01:24:02.448000,81,2,+2.714,+2.714
0 days 01:24:04.748000,81,2,+2.673,+2.673
0 days 01:24:09.994000,81,2,+2.686,+2.686
0 days 01:24:15.340000,81,2,+2.496,+2.496
0 days 01:24:19.597000,81,2,+2.403,+2.403
0 days 01:24:22.586000,81,2,+2.399,+2.399
0 days 01:24:29.773000,81,2,+2.327,+2.327
0 days 01:24:33.458000,81,2,+2.314,+2.314
0 days 01:24:37.674000,81,2,+2.409,+2.409
0 days 01:24:43.402000,81,2,+2.385,+2.385
0 days 01:24:48.144000,81,2,+2.253,+2.253
0 days 01:24:52.149000,81,2,+2.228,+2.228
0 days 01:24:58.302000,81,2,+2.054,+2.054
0 days 01:25:03.690000,81,2,+1.939,+1.939
0 days 01:25:08.101000,81,2,+1.942,+1.942
0 days 01:25:12.916000,81,2,+1.945,+1.945
0 days 01:25:25.023000,81,2,+1.752,+1.752
0 days 01:25:28.980000,81,2,+1.725,+1.725
0 days 01:25:29.728000,81,2,+1.663,+1.663
0 days 01:25:34.278000,81,2,+1.618,+1.618
0 days 01:25:38.575000,81,2,+1.599,+1.599
0 days 01:25:39.849000,81,2,+1.575,+1.575
0 days 01:25:42.045000,81,2,+1.453,+1.453
0 days 01:25:47.099000,81,2,+1.222,+1.222
0 days 01:25:52.450000,81,2,+1.160,+1.160
0 days 01:25:56.749000,81,2,+1.056,+1.056
0 days 01:25:59.734000,81,2,+1.049,+1.049
0 days 01:26:06.830000,81,2,+0.971,+0.971
0 days 01:26:10.602000,81,2,+0.969,+0.969
0 days 01:26:14.838000,81,2,+1.143,+1.143
0 days 01:26:20.676000,81,2,+1.102,+1.102
0 days 01:26:25.395000,81,2,+1.014,+1.014
0 days 01:26:29.391000,81,2,+0.990,+0.990
0 days 01:26:35.576000,81,2,+0.882,+0.882
0 days 01:26:40.999000,81,2,+0.729,+0.729
0 days 01:26:45.278000,81,2,+0.691,+0.691
0 days 01:26:49.985000,81,2,+0.580,+0.580
0 days 01:26:53.602000,81,2,+0.358,+0.358
0 days 01:27:01.779000,81,1,LAP 17,LAP 17
0 days 01:27:11.054000,81,1,LAP 18,LAP 18
0 days 01:28:48.230000,81,1,LAP 19,LAP 19
0 days 01:30:25.512000,81,1,LAP 20,LAP 20
0 days 01:32:02.852000,81,1,LAP 21,LAP 21
0 days 01:33:40.834000,81,1,LAP 22,LAP 22
0 days 01:35:18.573000,81,1,LAP 23,LAP 23
0 days 01:36:55.802000,81,1,LAP 24,LAP 24
0 days 01:38:32.748000,81,1,LAP 25,LAP 25
0 days 01:40:09.940000,81,1,LAP 26,LAP 26
0 days 01:41:47.240000,81,1,LAP 27,LAP 27
0 days 01:43:24.257000,81,1,LAP 28,LAP 28
0 days 01:45:01.232000,81,1,LAP 29,LAP 29
0 days 01:46:37.833000,81,1,LAP 30,LAP 30
0 days 01:48:14.592000,81,1,LAP 31,LAP 31
0 days 01:49:51.260000,81,1,LAP 32,LAP 32
0 days 01:51:27.954000,81,1,LAP 33,LAP 33
0 days 01:53:04.420000,81,1,LAP 34,LAP 34
0 days 01:54:41.188000,81,1,LAP 35,LAP 35
0 days 01:56:17.862000,81,1,LAP 36,LAP 36
0 days 01:57:54.660000,81,1,LAP 37,LAP 37
0 days 01:59:31.325000,81,1,LAP 38,LAP 38
0 days 02:01:07.928000,81,1,LAP 39,LAP 39
0 days 02:02:44.063000,81,1,LAP 40,LAP 40
0 days 02:04:20.090000,81,1,LAP 41,LAP 41
0 days 02:05:56.094000,81,1,LAP 42,LAP 42
0 days 02:07:32.412000,81,1,LAP 43,LAP 43
0 days 02:09:08.796000,81,1,LAP 44,LAP 44
0 days 02:10:45.346000,81,1,LAP 45,LAP 45
0 days 02:12:22.008000,81,1,LAP 46,LAP 46
0 days 02:13:58.461000,81,1,LAP 47,LAP 47
0 days 02:15:34.615000,81,1,LAP 48,LAP 48
0 days 02:17:10.596000,81,1,LAP 49,LAP 49
0 days 02:18:46.597000,81,1,LAP 50,LAP 50
0 days 02:20:23.291000,81,1,LAP 51,LAP 51
0 days 02:21:58.302000,81,1,LAP 52,LAP 52
0 days 02:23:34.128000,81,1,LAP 53,LAP 53
0 days 02:25:09.622000,81,1,LAP 54,LAP 54
0 days 02:26:45.253000,81,1,LAP 55,LAP 55
0 days 02:28:21.249000,81,1,LAP 56,LAP 56
0 days 00:00:03.711000,63,2,,
0 days 00:59:08.880000,63,2,+0.060,+0.060
0 days 00:59:10.383000,63,2,+0.044,+0.044
0 days 00:59:12.905000,63,3,+0.044,+0.044
0 days 00:59:13.122000,63,3,+0.242,+0.037
0 days 00:59:18.158000,63,3,+0.364,+0.134
0 days 00:59:23.849000,63,3,+0.605,+0.212
0 days 00:59:27.837000,63,3,+0.539,+0.232
0 days 00:59:30.823000,63,3,+0.459,+0.187
0 days 00:59:38.137000,63,3,+0.702,+0.161
0 days 00:59:41.830000,63,3,+0.606,+0.067
0 days 00:59:46.037000,63,3,+0.833,+0.129
0 days 00:59:52.118000,63,3,+1.276,+0.391
0 days 00:59:56.812000,63,3,+1.522,+0.542
0 days 01:00:00.817000,63,3,+1.533,+0.547
0 days 01:00:07.083000,63,3,+1.750,+0.672
0 days 01:00:13.289000,63,3,+1.841,+0.742
0 days 01:00:16.663000,63,3,+1.829,+0.726
0 days 01:00:21.438000,63,3,+1.748,+0.663
0 days 01:00:25.238000,63,3,+1.670,+0.612
0 days 01:00:33.739000,63,3,+1.802,+0.764
0 days 01:00:37.828000,63,3,+1.737,+0.720
0 days 01:00:38.758000,63,3,+1.764,+0.732
0 days 01:00:43.384000,63,3,+1.938,+1.014
0 days 01:00:47.937000,63,3,+1.772,+1.059
0 days 01:00:49.102000,63,3,+1.704,+1.071
0 days 01:00:51.434000,63,3,+1.683,+1.025
0 days 01:00:56.512000,63,3,+1.643,+0.928
0 days 01:01:01.838000,63,3,+1.700,+1.029
0 days 01:01:06.098000,63,3,+1.807,+1.104
0 days 01:01:09.088000,63,3,+1.781,+1.090
0 days 01:01:16.265000,63,3,+1.896,+1.070
0 days 01:01:20.084000,63,3,+1.878,+1.083
0 days 01:01:24.156000,63,3,+1.917,+1.068
0 days 01:01:29.879000,63,3,+2.044,+0.996
0 days 01:01:34.681000,63,3,+2.093,+1.026
0 days 01:01:38.710000,63,3,+2.124,+1.059
0 days 01:01:44.878000,63,3,+2.179,+0.900
0 days 01:01:50.139000,63,3,+2.175,+0.944
0 days 01:01:54.555000,63,3,+2.130,+0.923
0 days 01:01:59.319000,63,3,+2.025,+0.838
0 days 01:02:03.016000,63,3,+1.816,+0.650
0 days 01:02:11.339000,63,3,+1.778,+0.565
0 days 01:02:15.420000,63,3,+1.790,+0.583
0 days 01:02:16.412000,63,3,+1.882,+0.659
0 days 01:02:20.884000,63,3,+1.850,+0.764
0 days 01:02:25.134000,63,3,+1.620,+0.607
0 days 01:02:26.281000,63,3,+1.546,+0.553
0 days 01:02:28.700000,63,3,+1.602,+0.543
0 days 01:02:33.889000,63,3,+1.915,+0.725
0 days 01:02:39.328000,63,3,+1.835,+0.788
0 days 01:02:43.565000,63,3,+1.908,+0.853
0 days 01:02:46.565000,63,3,+1.879,+0.850
0 days 01:02:53.842000,63,3,+1.962,+0.868
0 days 01:02:57.629000,63,3,+1.942,+0.865
0 days 01:03:01.681000,63,3,+1.848,+0.810
0 days 01:03:07.441000,63,3,+1.923,+0.681
0 days 01:03:12.199000,63,3,+2.032,+0.772
0 days 01:03:16.250000,63,3,+2.056,+0.820
0 days 01:03:22.430000,63,3,+2.078,+0.924
0 days 01:03:27.929000,63,3,+2.178,+1.064
0 days 01:03:32.384000,63,3,+2.193,+1.096
0 days 01:03:37.139000,63,3,+2.115,+1.041
0 days 01:03:40.814000,63,3,+1.918,+0.870
0 days 01:03:49.265000,63,3,+1.926,+0.861
0 days 01:03:53.265000,63,3,+1.915,+0.836
0 days 01:03:54.239000,63,3,+1.962,+0.867
0 days 01:03:58.628000,63,3,+1.935,+0.941
0 days 01:04:02.879000,63,3,+1.712,+0.787
0 days 01:04:04.039000,63,3,+1.643,+0.738
0 days 01:04:06.465000,63,3,+1.742,+0.782
0 days 01:04:11.720000,63,3,+1.812,+1.002
0 days 01:04:17.110000,63,3,+1.704,+0.937
0 days 01:04:21.430000,63,3,+1.770,+0.978
0 days 01:04:24.440000,63,3,+1.742,+0.970
0 days 01:04:31.665000,63,3,+1.853,+0.917
0 days 01:04:35.529000,63,3,+1.876,+0.937
0 days 01:04:39.583000,63,3,+1.859,+0.973
0 days 01:04:45.217000,63,3,+1.814,+0.843
0 days 01:04:50.113000,63,3,+1.971,+0.935
0 days 01:04:54.129000,63,3,+1.999,+0.978
0 days 01:05:00.366000,63,3,+2.040,+0.972
0 days 01:05:05.729000,63,3,+2.105,+0.971
0 days 01:05:10.130000,63,3,+2.088,+0.960
0 days 01:05:14.908000,63,3,+1.993,+0.887
0 days 01:05:18.519000,63,3,+1.797,+0.713
0 days 01:05:26.866000,63,3,+1.791,+0.703
0 days 01:05:30.917000,63,3,+1.779,+0.713
0 days 01:05:31.835000,63,3,+1.802,+0.774
0 days 01:05:36.301000,63,3,+1.774,+0.865
0 days 01:05:40.546000,63,3,+1.561,+0.716
0 days 01:05:41.684000,63,3,+1.485,+0.659
0 days 01:05:44.095000,63,3,+1.511,+0.696
0 days 01:05:49.489000,63,3,+1.712,+1.029
0 days 01:05:54.940000,63,3,+1.725,+0.808
0 days 01:05:59.303000,63,3,+1.822,+0.885
0 days 01:06:02.270000,63,3,+1.796,+0.874
0 days 01:06:09.502000,63,3,+1.840,+0.751
0 days 01:06:13.337000,63,3,+1.817,+0.776
0 days 01:06:17.389000,63,3,+1.795,+0.742
0 days 01:06:23.133000,63,3,+1.753,+0.663
0 days 01:06:27.988000,63,3,+1.797,+0.763
0 days 01:06:32.007000,63,3,+1.785,+0.811
0 days 01:06:38.241000,63,3,+1.914,+0.840
0 days 01:06:43.606000,63,3,+1.922,+0.828
0 days 01:06:47.973000,63,3,+1.889,+0.817
0 days 01:06:52.690000,63,3,+1.767,+0.720
0 days 01:06:56.280000,63,3,+1.551,+0.531
0 days 01:07:04.689000,63,3,+1.479,+0.561
0 days 01:07:08.741000,63,3,+1.469,+0.564
0 days 01:07:09.641000,63,3,+1.511,+0.623
0 days 01:07:14.117000,63,3,+1.513,+0.769
0 days 01:07:18.366000,63,3,+1.310,+0.802
0 days 01:07:19.520000,63,3,+1.249,+0.825
0 days 01:07:21.927000,63,3,+1.332,+0.857
0 days 01:07:27.341000,63,3,+1.704,+1.267
0 days 01:07:32.863000,63,3,+1.748,+1.170
0 days 01:07:37.230000,63,3,+1.803,+1.214
0 days 01:07:40.221000,63,3,+1.784,+1.215
0 days 01:07:47.415000,63,3,+1.801,+1.125
0 days 01:07:51.186000,63,3,+1.802,+1.122
0 days 01:07:55.299000,63,3,+1.900,+1.112
0 days 01:08:01.167000,63,3,+2.007,+1.057
0 days 01:08:06.041000,63,3,+2.175,+1.206
0 days 01:08:10.061000,63,3,+2.188,+1.241
0 days 01:08:16.396000,63,3,+2.366,+1.310
0 days 01:08:21.778000,63,3,+2.454,+1.303
0 days 01:08:26.173000,63,3,+2.459,+1.325
0 days 01:08:30.991000,63,3,+2.408,+1.304
0 days 01:08:34.776000,63,3,+2.361,+1.282
0 days 01:08:43.320000,63,3,+2.492,+1.329
0 days 01:08:47.259000,63,3,+2.474,+1.326
0 days 01:08:48.082000,63,3,+2.486,+1.346
0 days 01:08:52.557000,63,3,+2.437,+1.376
0 days 01:08:56.943000,63,3,+2.366,+1.366
0 days 01:08:58.161000,63,3,+2.352,+1.376
0 days 01:09:00.588000,63,3,+2.410,+1.435
0 days 01:09:05.915000,63,3,+2.675,+1.684
0 days 01:09:11.568000,63,3,+2.723,+1.635
0 days 01:09:15.868000,63,3,+2.778,+1.698
0 days 01:09:18.868000,63,3,+2.754,+1.693
0 days 01:09:26.043000,63,3,+2.798,+1.652
0 days 01:09:29.791000,63,3,+2.799,+1.661
0 days 01:09:33.867000,63,3,+2.664,+1.618
0 days 01:09:39.662000,63,3,+2.709,+1.567
0 days 01:09:44.535000,63,3,+2.753,+1.520
0 days 01:09:48.590000,63,3,+2.783,+1.558
0 days 01:09:54.969000,63,3,+2.949,+1.663
0 days 01:10:00.390000,63,3,+3.009,+1.664
0 days 01:10:04.742000,63,3,+3.019,+1.676
0 days 01:10:09.534000,63,3,+2.976,+1.652
0 days 01:10:13.270000,63,3,+2.937,+1.626
0 days 01:10:21.721000,63,3,+3.020,+1.598
0 days 01:10:25.716000,63,3,+3.015,+1.587
0 days 01:10:26.550000,63,3,+3.023,+1.581
0 days 01:10:31.049000,63,3,+3.003,+1.666
0 days 01:10:35.395000,63,3,+2.937,+1.662
0 days 01:10:36.646000,63,3,+2.923,+1.661
0 days 01:10:39.096000,63,3,+2.933,+1.705
0 days 01:10:44.317000,63,3,+3.126,+1.914
0 days 01:10:49.910000,63,3,+3.199,+1.846
0 days 01:10:54.242000,63,3,+3.235,+1.851
0 days 01:10:57.204000,63,3,+3.200,+1.836
0 days 01:11:04.394000,63,3,+3.182,+1.750
0 days 01:11:08.217000,63,3,+3.204,+1.764
0 days 01:11:12.290000,63,3,+3.161,+1.729
0 days 01:11:18.119000,63,3,+3.299,+1.775
0 days 01:11:23.069000,63,3,+3.389,+1.878
0 days 01:11:27.142000,63,3,+3.420,+1.925
0 days 01:11:33.443000,63,3,+3.528,+1.968
0 days 01:11:38.955000,63,3,+3.566,+2.000
0 days 01:11:43.355000,63,3,+3.563,+2.019
0 days 01:11:48.136000,63,3,+3.517,+1.986
0 days 01:11:51.903000,63,3,+3.476,+1.962
0 days 01:12:00.319000,63,3,+3.509,+1.968
0 days 01:12:04.369000,63,3,+3.486,+1.957
0 days 01:12:05.293000,63,3,+3.483,+1.970
0 days 01:12:09.749000,63,3,+3.525,+2.094
0 days 01:12:14.169000,63,3,+3.462,+2.087
0 days 01:12:15.343000,63,3,+3.442,+2.085
0 days 01:12:17.793000,63,3,+3.447,+2.134
0 days 01:12:22.977000,63,3,+3.501,+2.313
0 days 01:12:28.585000,63,3,+3.538,+2.165
0 days 01:12:32.911000,63,3,+3.594,+2.189
0 days 01:12:35.910000,63,3,+3.564,+2.169
0 days 01:12:43.047000,63,3,+3.517,+2.092
0 days 01:12:46.870000,63,3,+3.542,+2.132
0 days 01:12:50.953000,63,3,+3.483,+1.976
0 days 01:12:56.823000,63,3,+3.582,+1.964
0 days 01:13:01.736000,63,3,+3.749,+2.092
0 days 01:13:05.804000,63,3,+3.776,+2.137
0 days 01:13:12.183000,63,3,+3.951,+2.099
0 days 01:13:17.643000,63,3,+4.003,+2.183
0 days 01:13:22.029000,63,3,+4.002,+2.189
0 days 01:13:26.837000,63,3,+3.961,+2.162
0 days 01:13:30.618000,63,3,+3.922,+2.132
0 days 01:13:38.996000,63,3,+3.907,+2.049
0 days 01:13:43.005000,63,3,+3.889,+2.045
0 days 01:13:43.823000,63,3,+3.902,+2.078
0 days 01:13:48.295000,63,3,+3.883,+2.137
0 days 01:13:52.697000,63,3,+3.816,+2.113
0 days 01:13:53.911000,63,3,+3.789,+2.096
0 days 01:13:56.200000,63,3,+3.768,+2.126
0 days 01:14:01.588000,63,3,+3.988,+2.321
0 days 01:14:07.150000,63,3,+4.098,+2.417
0 days 01:14:11.473000,63,3,+4.133,+2.406
0 days 01:14:14.491000,63,3,+4.106,+2.383
0 days 01:14:21.661000,63,3,+4.060,+2.358
0 days 01:14:25.526000,63,3,+4.056,+2.383
0 days 01:14:29.515000,63,3,+4.009,+2.379
0 days 01:14:35.521000,63,3,+4.092,+2.438
0 days 01:14:40.310000,63,3,+4.181,+2.476
0 days 01:14:44.371000,63,3,+4.190,+2.500
0 days 01:14:50.650000,63,3,+4.374,+2.394
0 days 01:14:56.063000,63,3,+4.367,+2.357
0 days 01:15:00.440000,63,3,+4.342,+2.312
0 days 01:15:05.218000,63,3,+4.299,+2.274
0 days 01:15:08.974000,63,3,+4.263,+2.244
0 days 01:15:17.373000,63,3,+4.292,+2.195
0 days 01:15:21.371000,63,3,+4.260,+2.163
0 days 01:15:22.202000,63,3,+4.288,+2.171
0 days 01:15:26.718000,63,3,+4.327,+2.259
0 days 01:15:31.175000,63,3,+4.271,+2.242
0 days 01:15:32.369000,63,3,+4.254,+2.221
0 days 01:15:34.776000,63,3,+4.338,+2.368
0 days 01:15:39.933000,63,3,+4.453,+2.483
0 days 01:15:45.575000,63,3,+4.541,+2.500
0 days 01:15:49.905000,63,3,+4.556,+2.480
0 days 01:15:52.912000,63,3,+4.519,+2.458
0 days 01:15:59.971000,63,3,+4.413,+2.324
0 days 01:16:03.790000,63,3,+4.423,+2.333
0 days 01:16:07.884000,63,3,+4.424,+2.347
0 days 01:16:13.773000,63,3,+4.497,+2.332
0 days 01:16:18.600000,63,3,+4.538,+2.331
0 days 01:16:22.646000,63,3,+4.547,+2.360
0 days 01:16:28.953000,63,3,+4.686,+2.449
0 days 01:16:34.324000,63,3,+4.678,+2.391
0 days 01:16:38.718000,63,3,+4.639,+2.360
0 days 01:16:43.471000,63,3,+4.595,+2.328
0 days 01:16:47.236000,63,3,+4.560,+2.296
0 days 01:16:55.814000,63,3,+4.529,+2.314
0 days 01:16:59.710000,63,3,+4.522,+2.348
0 days 01:17:00.561000,63,3,+4.536,+2.401
0 days 01:17:05.113000,63,3,+4.578,+2.516
0 days 01:17:09.522000,63,3,+4.523,+2.504
0 days 01:17:10.710000,63,3,+4.510,+2.509
0 days 01:17:13.009000,63,3,+4.498,+2.613
0 days 01:17:18.317000,63,3,+4.570,+2.670
0 days 01:17:23.804000,63,3,+4.579,+2.608
0 days 01:17:28.164000,63,3,+4.640,+2.620
0 days 01:17:31.190000,63,3,+4.610,+2.609
0 days 01:17:38.371000,63,3,+4.599,+2.517
0 days 01:17:42.134000,63,3,+4.594,+2.525
0 days 01:17:46.227000,63,3,+4.581,+2.548
0 days 01:17:51.954000,63,3,+4.568,+2.465
0 days 01:17:56.901000,63,3,+4.606,+2.527
0 days 01:18:00.923000,63,3,+4.615,+2.560
0 days 01:18:07.226000,63,3,+4.752,+2.606
0 days 01:18:12.683000,63,3,+4.812,+2.627
0 days 01:18:17.073000,63,3,+4.803,+2.649
0 days 01:18:21.868000,63,3,+4.750,+2.613
0 days 01:18:25.619000,63,3,+4.712,+2.581
0 days 01:18:34.098000,63,3,+4.811,+2.562
0 days 01:18:38.123000,63,3,+4.808,+2.575
0 days 01:18:38.991000,63,3,+4.839,+2.637
0 days 01:18:43.496000,63,3,+4.856,+2.710
0 days 01:18:47.872000,63,3,+4.799,+2.683
0 days 01:18:49.120000,63,3,+4.780,+2.681
0 days 01:18:51.420000,63,3,+4.825,+2.790
0 days 01:18:56.661000,63,3,+4.950,+2.875
0 days 01:19:02.175000,63,3,+4.949,+2.717
0 days 01:19:06.520000,63,3,+5.013,+2.716
0 days 01:19:09.478000,63,3,+4.978,+2.686
0 days 01:19:16.572000,63,3,+4.931,+2.523
0 days 01:19:20.520000,63,3,+4.936,+2.541
0 days 01:19:24.446000,63,3,+4.982,+2.571
0 days 01:19:30.472000,63,3,+5.208,+2.578
0 days 01:19:35.406000,63,3,+5.232,+2.655
0 days 01:19:39.388000,63,3,+5.215,+2.696
0 days 01:19:45.642000,63,3,+5.204,+2.528
0 days 01:19:51.105000,63,3,+5.283,+2.611
0 days 01:19:55.493000,63,3,+5.249,+2.604
0 days 01:20:00.289000,63,3,+5.201,+2.578
0 days 01:20:04.046000,63,3,+5.162,+2.546
0 days 01:20:12.447000,63,3,+5.154,+2.553
0 days 01:20:16.451000,63,3,+5.129,+2.549
0 days 01:20:17.347000,63,3,+5.150,+2.581
0 days 01:20:21.697000,63,3,+5.112,+2.572
0 days 01:20:26.120000,63,3,+5.044,+2.538
0 days 01:20:27.314000,63,3,+5.030,+2.535
0 days 01:20:29.573000,63,3,+5.052,+2.669
0 days 01:20:34.847000,63,3,+5.241,+2.879
0 days 01:20:40.447000,63,3,+5.225,+2.674
0 days 01:20:44.793000,63,3,+5.298,+2.717
0 days 01:20:47.864000,63,3,+5.274,+2.697
0 days 01:20:54.925000,63,3,+5.242,+2.619
0 days 01:20:58.769000,63,3,+5.237,+2.634
0 days 01:21:02.796000,63,3,+5.353,+2.660
0 days 01:21:08.605000,63,3,+5.431,+2.541
0 days 01:21:13.500000,63,3,+5.538,+2.594
0 days 01:21:17.548000,63,3,+5.567,+2.641
0 days 01:21:24.018000,63,3,+5.722,+2.638
0 days 01:21:29.208000,63,3,+5.730,+2.515
0 days 01:21:33.617000,63,3,+5.718,+2.502
0 days 01:21:38.371000,63,3,+5.675,+2.467
0 days 01:21:42.180000,63,3,+5.636,+2.429
0 days 01:21:50.617000,63,3,+5.733,+2.413
0 days 01:21:54.547000,63,3,+5.711,+2.332
0 days 01:21:55.127000,63,3,+5.662,+2.027
0 days 01:22:03.177000,63,4,+5.662,+2.027
0 days 01:22:19.727000,63,5,+5.662,+2.027
0 days 01:22:23.253000,63,6,+5.662,+2.027
0 days 01:22:24.573000,63,7,+5.662,+2.027
0 days 01:22:27.629000,63,8,+5.662,+2.027
0 days 01:22:28.031000,63,8,+24.791,+0.304
0 days 01:22:30.804000,63,8,+25.409,+0.801
0 days 01:22:35.968000,63,8,+25.284,+0.441
0 days 01:22:41.549000,63,8,+25.415,+0.473
0 days 01:22:45.579000,63,8,+25.141,+0.208
0 days 01:22:48.522000,63,8,+25.060,+0.140
0 days 01:22:55.596000,63,7,+25.060,+0.140
0 days 01:22:55.637000,63,7,+24.836,+1.985
0 days 01:22:59.394000,63,7,+24.823,+1.978
0 days 01:23:03.451000,63,7,+24.976,+1.926
0 days 01:23:09.077000,63,7,+24.858,+1.678
0 days 01:23:13.733000,63,7,+24.523,+1.231
0 days 01:23:17.685000,63,7,+24.409,+1.065
0 days 01:23:23.765000,63,7,+24.050,+0.777
0 days 01:23:28.996000,63,7,+23.956,+0.497
0 days 01:23:33.292000,63,7,+23.905,+0.384
0 days 01:23:37.938000,63,7,+23.724,+0.254
0 days 01:23:41.468000,63,7,+23.411,+0.111
0 days 01:23:49.613000,63,6,+23.411,+0.111
0 days 01:23:49.686000,63,6,+23.254,+0.655
0 days 01:23:53.731000,63,6,+23.308,+0.653
0 days 01:23:54.618000,63,6,+23.615,+0.658
0 days 01:23:59.017000,63,6,+18.196,+0.533
0 days 01:24:03.138000,63,5,+18.196,+0.533
0 days 01:24:03.223000,63,5,+4.725,+0.322
0 days 01:24:04.348000,63,5,+4.614,+0.236
0 days 01:24:06.778000,63,5,+4.656,+0.118
0 days 01:24:11.703000,63,4,+4.656,+0.118
0 days 01:24:11.777000,63,4,+4.455,+0.230
0 days 01:24:17.648000,63,4,+4.756,+0.368
0 days 01:24:21.809000,63,4,+4.551,+0.203
0 days 01:24:24.656000,63,4,+4.473,+0.124
0 days 01:24:31.677000,63,3,+4.473,+0.124
0 days 01:24:31.764000,63,3,+4.423,+2.096
0 days 01:24:35.597000,63,3,+4.460,+2.146
0 days 01:24:39.707000,63,3,+4.439,+2.030
0 days 01:24:45.295000,63,3,+4.323,+1.938
0 days 01:24:50.017000,63,3,+4.124,+1.871
0 days 01:24:53.959000,63,3,+4.050,+1.822
0 days 01:25:00.075000,63,3,+3.813,+1.759
0 days 01:25:05.295000,63,3,+3.555,+1.616
0 days 01:25:09.624000,63,3,+3.494,+1.552
0 days 01:25:14.411000,63,3,+3.435,+1.490
0 days 01:25:18.187000,63,3,+3.390,+1.445
0 days 01:25:26.538000,63,3,+3.271,+1.519
0 days 01:25:30.528000,63,3,+3.279,+1.554
0 days 01:25:31.477000,63,3,+3.292,+1.629
0 days 01:25:35.870000,63,3,+3.261,+1.643
0 days 01:25:40.249000,63,3,+3.252,+1.653
0 days 01:25:41.475000,63,3,+3.258,+1.683
0 days 01:25:43.893000,63,3,+3.279,+1.826
0 days 01:25:49.071000,63,3,+3.217,+1.995
0 days 01:25:54.476000,63,3,+3.189,+2.029
0 days 01:25:58.777000,63,3,+3.070,+2.014
0 days 01:26:01.769000,63,3,+3.061,+2.012
0 days 01:26:08.797000,63,3,+2.986,+2.015
0 days 01:26:12.600000,63,3,+2.989,+2.020
0 days 01:26:16.750000,63,3,+3.049,+1.906
0 days 01:26:22.467000,63,3,+2.961,+1.859
0 days 01:26:27.250000,63,3,+2.904,+1.890
0 days 01:26:31.284000,63,3,+2.879,+1.889
0 days 01:26:37.475000,63,3,+2.769,+1.887
0 days 01:26:42.694000,63,3,+2.490,+1.761
0 days 01:26:47.045000,63,3,+2.437,+1.746
0 days 01:26:51.802000,63,3,+2.370,+1.790
0 days 01:26:55.550000,63,3,+2.316,+1.958
0 days 01:27:04.026000,63,3,+2.207,+1.815
0 days 01:27:08.041000,63,3,+2.241,+1.791
0 days 01:27:09.123000,63,3,+2.367,+1.790
0 days 01:27:13.599000,63,3,+2.602,+1.912
0 days 01:27:18.039000,63,3,+2.563,+2.056
0 days 01:27:19.142000,63,4,+2.563,+2.056
0 days 01:27:19.314000,63,4,+2.548,+0.044
0 days 01:27:21.909000,63,4,+2.784,+0.288
0 days 01:27:27.251000,63,4,+3.133,+0.775
0 days 01:27:32.876000,63,4,+3.292,+0.792
0 days 01:27:37.276000,63,4,+3.327,+0.871
0 days 01:27:40.128000,63,4,+3.284,+0.842
0 days 01:27:47.476000,63,4,+3.490,+0.841
0 days 01:27:51.224000,63,4,+3.518,+0.864
0 days 01:27:55.371000,63,4,+3.631,+0.748
0 days 01:28:01.249000,63,4,+3.838,+0.841
0 days 01:28:06.150000,63,4,+3.929,+1.005
0 days 01:28:10.200000,63,4,+3.938,+1.070
0 days 01:28:16.304000,63,4,+4.045,+1.026
0 days 01:28:21.746000,63,4,+4.087,+1.184
0 days 01:28:26.148000,63,4,+4.112,+1.212
0 days 01:28:30.908000,63,4,+4.070,+1.195
0 days 01:28:34.679000,63,4,+4.019,+1.160
0 days 01:28:43.150000,63,4,+4.178,+1.109
0 days 01:28:47.173000,63,4,+4.176,+1.076
0 days 01:28:48.098000,63,4,+4.233,+1.076
0 days 01:28:52.524000,63,4,+4.296,+1.157
0 days 01:28:56.888000,63,4,+4.212,+1.216
0 days 01:28:58.054000,63,4,+4.163,+1.213
0 days 01:29:00.446000,63,4,+4.282,+1.212
0 days 01:29:05.727000,63,4,+4.548,+1.405
0 days 01:29:11.279000,63,4,+4.620,+1.335
0 days 01:29:15.620000,63,4,+4.722,+1.463
0 days 01:29:18.552000,63,4,+4.686,+1.457
0 days 01:29:25.689000,63,4,+4.647,+1.378
0 days 01:29:29.445000,63,4,+4.651,+1.424
0 days 01:29:33.512000,63,4,+4.553,+1.156
0 days 01:29:39.258000,63,4,+4.661,+0.944
0 days 01:29:44.151000,63,4,+4.832,+1.016
0 days 01:29:48.169000,63,4,+4.853,+1.061
0 days 01:29:54.435000,63,4,+4.930,+0.708
0 days 01:29:59.877000,63,4,+5.061,+1.027
0 days 01:30:04.226000,63,4,+5.041,+1.028
0 days 01:30:08.950000,63,4,+4.956,+1.031
0 days 01:30:12.553000,63,4,+4.757,+1.042
0 days 01:30:20.977000,63,4,+4.780,+0.765
0 days 01:30:25.009000,63,4,+4.798,+0.779
0 days 01:30:25.994000,63,4,+4.894,+0.748
0 days 01:30:30.514000,63,4,+5.014,+0.788
0 days 01:30:34.730000,63,4,+4.819,+0.796
0 days 01:30:35.881000,63,4,+4.739,+0.800
0 days 01:30:38.231000,63,4,+4.768,+0.685
0 days 01:30:43.530000,63,4,+4.926,+0.716
0 days 01:30:49.103000,63,4,+5.147,+0.547
0 days 01:30:53.475000,63,4,+5.172,+0.569
0 days 01:30:56.407000,63,4,+5.136,+0.540
0 days 01:31:03.696000,63,4,+5.277,+0.379
0 days 01:31:07.474000,63,4,+5.337,+0.427
0 days 01:31:11.553000,63,4,+5.294,+0.439
0 days 01:31:17.655000,63,4,+5.599,+0.422
0 days 01:31:22.629000,63,4,+5.786,+0.434
0 days 01:31:26.651000,63,4,+5.824,+0.460
0 days 01:31:33.208000,63,4,+6.183,+0.514
0 days 01:31:38.539000,63,4,+6.272,+0.432
0 days 01:31:42.897000,63,4,+6.274,+0.419
0 days 01:31:47.580000,63,4,+6.152,+0.303
0 days 01:31:51.167000,63,4,+5.917,+0.085
0 days 01:31:59.512000,63,3,+5.917,+0.085
0 days 01:31:59.594000,63,3,+5.937,+1.611
0 days 01:32:03.554000,63,3,+5.955,+1.586
0 days 01:32:04.446000,63,3,+6.024,+1.631
0 days 01:32:08.919000,63,3,+6.078,+1.757
0 days 01:32:13.317000,63,3,+6.018,+1.735
0 days 01:32:14.549000,63,3,+6.005,+1.718
0 days 01:32:16.902000,63,3,+6.088,+1.687
0 days 01:32:22.072000,63,3,+6.124,+1.686
0 days 01:32:27.826000,63,3,+6.154,+1.732
0 days 01:32:31.982000,63,3,+6.186,+1.726
0 days 01:32:35.123000,63,3,+6.159,+1.705
0 days 01:32:42.052000,63,3,+6.163,+1.653
0 days 01:32:45.826000,63,3,+6.175,+1.682
0 days 01:32:49.916000,63,3,+6.066,+1.475
0 days 01:32:55.703000,63,3,+6.109,+1.503
0 days 01:33:00.556000,63,3,+6.099,+1.654
0 days 01:33:04.631000,63,3,+6.119,+1.744
0 days 01:33:10.813000,63,3,+6.200,+1.630
0 days 01:33:16.202000,63,3,+6.078,+1.638
0 days 01:33:20.552000,63,3,+6.047,+1.554
0 days 01:33:25.326000,63,3,+5.988,+1.502
0 days 01:33:29.086000,63,3,+5.941,+1.460
0 days 01:33:37.579000,63,3,+6.036,+1.578
0 days 01:33:41.554000,63,3,+6.015,+1.584
0 days 01:33:42.395000,63,3,+6.029,+1.611
0 days 01:33:46.855000,63,3,+6.057,+1.742
0 days 01:33:51.289000,63,3,+6.005,+1.737
0 days 01:33:52.508000,63,3,+6.000,+1.736
0 days 01:33:54.853000,63,3,+6.017,+1.763
0 days 01:33:59.955000,63,3,+5.883,+1.939
0 days 01:34:05.570000,63,3,+5.989,+1.903
0 days 01:34:09.962000,63,3,+6.045,+1.954
0 days 01:34:12.804000,63,3,+6.018,+1.945
0 days 01:34:19.802000,63,3,+5.913,+1.813
0 days 01:34:23.573000,63,3,+5.911,+1.838
0 days 01:34:27.563000,63,3,+5.696,+1.544
0 days 01:34:33.258000,63,3,+5.676,+1.461
0 days 01:34:38.175000,63,3,+5.726,+1.653
0 days 01:34:42.147000,63,3,+5.716,+1.703
0 days 01:34:48.401000,63,3,+5.717,+1.693
0 days 01:34:53.680000,63,3,+5.668,+1.618
0 days 01:34:58.027000,63,3,+5.639,+1.520
0 days 01:35:02.785000,63,3,+5.578,+1.463
0 days 01:35:06.529000,63,3,+5.531,+1.426
0 days 01:35:14.919000,63,3,+5.545,+1.541
0 days 01:35:18.892000,63,3,+5.539,+1.572
0 days 01:35:19.781000,63,3,+5.598,+1.614
0 days 01:35:24.280000,63,3,+5.654,+1.741
0 days 01:35:28.579000,63,3,+5.590,+1.720
0 days 01:35:29.791000,63,3,+5.575,+1.706
0 days 01:35:32.107000,63,3,+5.598,+1.660
0 days 01:35:37.233000,63,3,+5.543,+1.670
0 days 01:35:42.739000,63,3,+5.537,+1.745
0 days 01:35:47.054000,63,3,+5.581,+1.791
0 days 01:35:50.040000,63,3,+5.553,+1.769
0 days 01:35:57.073000,63,3,+5.594,+1.608
0 days 01:36:00.949000,63,3,+5.625,+1.660
0 days 01:36:04.847000,63,3,+5.454,+1.429
0 days 01:36:10.609000,63,3,+5.402,+1.289
0 days 01:36:15.380000,63,3,+5.534,+1.418
0 days 01:36:19.349000,63,3,+5.549,+1.467
0 days 01:36:25.570000,63,3,+5.551,+1.379
0 days 01:36:30.911000,63,3,+5.522,+1.421
0 days 01:36:35.244000,63,3,+5.510,+1.391
0 days 01:36:39.984000,63,3,+5.457,+1.348
0 days 01:36:43.816000,63,3,+5.407,+1.306
0 days 01:36:52.155000,63,3,+5.493,+1.476
0 days 01:36:56.104000,63,3,+5.482,+1.478
0 days 01:36:57.009000,63,3,+5.507,+1.492
0 days 01:37:01.454000,63,3,+5.577,+1.575
0 days 01:37:05.722000,63,3,+5.520,+1.554
0 days 01:37:06.944000,63,3,+5.509,+1.546
0 days 01:37:09.199000,63,3,+5.537,+1.545
0 days 01:37:14.304000,63,3,+5.556,+1.565
0 days 01:37:19.859000,63,3,+5.718,+1.628
0 days 01:37:24.140000,63,3,+5.762,+1.660
0 days 01:37:27.096000,63,3,+5.735,+1.640
0 days 01:37:34.154000,63,3,+5.664,+1.614
0 days 01:37:37.935000,63,3,+5.678,+1.656
0 days 01:37:41.980000,63,3,+5.567,+1.532
0 days 01:37:47.741000,63,3,+5.640,+1.619
0 days 01:37:52.550000,63,3,+5.733,+1.736
0 days 01:37:56.581000,63,3,+5.729,+1.765
0 days 01:38:02.714000,63,3,+5.735,+1.758
0 days 01:38:08.139000,63,3,+5.825,+1.731
0 days 01:38:12.503000,63,3,+5.864,+1.730
0 days 01:38:17.250000,63,3,+5.819,+1.691
0 days 01:38:21.032000,63,3,+5.777,+1.654
0 days 01:38:29.489000,63,3,+5.954,+1.807
0 days 01:38:33.455000,63,3,+5.935,+1.825
0 days 01:38:34.272000,63,3,+5.956,+1.853
0 days 01:38:38.695000,63,3,+5.941,+1.957
0 days 01:38:43.095000,63,3,+5.873,+1.946
0 days 01:38:44.318000,63,3,+5.858,+1.942
0 days 01:38:46.614000,63,3,+5.949,+1.944
0 days 01:38:51.781000,63,3,+5.950,+1.895
0 days 01:38:57.320000,63,3,+6.053,+2.027
0 days 01:39:01.693000,63,3,+6.157,+2.114
0 days 01:39:04.652000,63,3,+6.137,+2.102
0 days 01:39:11.712000,63,3,+6.126,+2.042
0 days 01:39:15.500000,63,3,+6.139,+2.088
0 days 01:39:19.507000,63,3,+6.023,+1.911
0 days 01:39:25.329000,63,3,+6.096,+1.936
0 days 01:39:30.144000,63,3,+6.202,+2.026
0 days 01:39:34.129000,63,3,+6.212,+2.038
0 days 01:39:40.259000,63,3,+6.263,+1.914
0 days 01:39:45.582000,63,3,+6.206,+1.863
0 days 01:39:49.914000,63,3,+6.187,+1.839
0 days 01:39:54.644000,63,3,+6.117,+1.783
0 days 01:39:58.429000,63,3,+6.076,+1.754
0 days 01:40:06.845000,63,3,+6.066,+1.871
0 days 01:40:10.830000,63,3,+6.072,+1.880
0 days 01:40:11.722000,63,3,+6.118,+1.900
0 days 01:40:16.108000,63,3,+6.155,+1.999
0 days 01:40:20.482000,63,3,+6.106,+1.990
0 days 01:40:21.702000,63,3,+6.103,+1.995
0 days 01:40:24.008000,63,3,+6.180,+2.017
0 days 01:40:29.173000,63,3,+6.041,+2.130
0 days 01:40:34.720000,63,3,+6.254,+2.238
0 days 01:40:38.978000,63,3,+6.262,+2.209
0 days 01:40:41.956000,63,3,+6.244,+2.185
0 days 01:40:49.051000,63,3,+6.283,+2.181
0 days 01:40:52.851000,63,3,+6.303,+2.223
0 days 01:40:56.803000,63,3,+6.132,+2.041
0 days 01:41:02.520000,63,3,+6.202,+2.105
0 days 01:41:07.345000,63,3,+6.223,+2.202
0 days 01:41:11.345000,63,3,+6.222,+2.254
0 days 01:41:17.556000,63,3,+6.252,+2.059
0 days 01:41:22.882000,63,3,+6.270,+2.092
0 days 01:41:27.213000,63,3,+6.266,+2.108
0 days 01:41:32.056000,63,3,+6.224,+2.073
0 days 01:41:35.756000,63,3,+6.186,+2.040
0 days 01:41:44.073000,63,3,+6.207,+2.119
0 days 01:41:48.090000,63,3,+6.206,+2.125
0 days 01:41:49.037000,63,3,+6.258,+2.150
0 days 01:41:53.376000,63,3,+6.253,+2.151
0 days 01:41:57.790000,63,3,+6.203,+2.134
0 days 01:41:58.995000,63,3,+6.196,+2.137
0 days 01:42:01.313000,63,3,+6.178,+2.126
0 days 01:42:06.392000,63,3,+6.090,+2.268
0 days 01:42:12.203000,63,3,+6.272,+2.307
0 days 01:42:16.283000,63,3,+6.344,+2.319
0 days 01:42:19.251000,63,3,+6.326,+2.296
0 days 01:42:26.278000,63,3,+6.265,+2.309
0 days 01:42:30.046000,63,3,+6.281,+2.352
0 days 01:42:34,63,3,+6.172,+2.234
0 days 01:42:39.694000,63,3,+6.150,+2.251
0 days 01:42:44.474000,63,3,+6.144,+2.304
0 days 01:42:48.452000,63,3,+6.143,+2.349
0 days 01:42:54.643000,63,3,+6.228,+2.438
0 days 01:43:00.032000,63,3,+6.218,+2.420
0 days 01:43:04.331000,63,3,+6.217,+2.440
0 days 01:43:09.116000,63,3,+6.168,+2.408
0 days 01:43:12.892000,63,3,+6.127,+2.378
0 days 01:43:21.309000,63,3,+6.213,+2.422
0 days 01:43:25.258000,63,3,+6.212,+2.427
0 days 01:43:26.079000,63,3,+6.218,+2.423
0 days 01:43:30.457000,63,3,+6.198,+2.454
0 days 01:43:34.832000,63,3,+6.137,+2.429
0 days 01:43:36.017000,63,3,+6.130,+2.433
0 days 01:43:38.322000,63,3,+6.106,+2.418
0 days 01:43:43.383000,63,3,+5.988,+2.383
0 days 01:43:48.931000,63,3,+6.181,+2.445
0 days 01:43:53.158000,63,3,+6.179,+2.430
0 days 01:43:56.091000,63,3,+6.151,+2.401
0 days 01:44:03.137000,63,3,+6.104,+2.477
0 days 01:44:06.936000,63,3,+6.131,+2.525
0 days 01:44:10.920000,63,3,+6.018,+2.453
0 days 01:44:16.576000,63,3,+6.059,+2.503
0 days 01:44:21.415000,63,3,+6.127,+2.595
0 days 01:44:25.431000,63,3,+6.104,+2.618
0 days 01:44:31.549000,63,3,+6.151,+2.676
0 days 01:44:36.936000,63,3,+6.171,+2.729
0 days 01:44:41.257000,63,3,+6.173,+2.756
0 days 01:44:46.007000,63,3,+6.127,+2.726
0 days 01:44:49.786000,63,3,+6.092,+2.700
0 days 01:44:58.087000,63,3,+6.059,+2.699
0 days 01:45:02.102000,63,3,+6.072,+2.722
0 days 01:45:02.955000,63,3,+6.103,+2.763
0 days 01:45:07.356000,63,3,+6.105,+2.853
0 days 01:45:11.735000,63,3,+6.045,+2.841
0 days 01:45:12.924000,63,3,+6.035,+2.847
0 days 01:45:15.222000,63,3,+6.069,+2.819
0 days 01:45:20.208000,63,3,+5.967,+2.734
0 days 01:45:25.674000,63,3,+6.043,+2.704
0 days 01:45:29.996000,63,3,+6.137,+2.772
0 days 01:45:32.935000,63,3,+6.124,+2.753
0 days 01:45:40.110000,63,3,+6.137,+2.787
0 days 01:45:43.777000,63,3,+6.147,+2.833
0 days 01:45:47.694000,63,3,+6.031,+2.769
0 days 01:45:53.310000,63,3,+6.031,+2.764
0 days 01:45:58.144000,63,3,+6.115,+2.888
0 days 01:46:02.204000,63,3,+6.121,+2.938
0 days 01:46:08.247000,63,3,+6.147,+2.840
0 days 01:46:13.582000,63,3,+6.167,+2.908
0 days 01:46:17.958000,63,3,+6.171,+2.943
0 days 01:46:22.676000,63,3,+6.117,+2.915
0 days 01:46:26.477000,63,3,+6.077,+2.890
0 days 01:46:34.835000,63,3,+6.213,+2.959
0 days 01:46:38.809000,63,3,+6.195,+2.953
0 days 01:46:39.602000,63,3,+6.207,+2.941
0 days 01:46:44.060000,63,3,+6.233,+2.983
0 days 01:46:48.389000,63,3,+6.183,+2.968
0 days 01:46:49.600000,63,3,+6.175,+2.965
0 days 01:46:51.848000,63,3,+6.231,+2.977
0 days 01:46:56.850000,63,3,+6.157,+3.004
0 days 01:47:02.378000,63,3,+6.210,+3.000
0 days 01:47:06.678000,63,3,+6.283,+3.045
0 days 01:47:09.634000,63,3,+6.259,+3.025
0 days 01:47:16.754000,63,3,+6.264,+3.106
0 days 01:47:20.554000,63,3,+6.292,+3.156
0 days 01:47:24.503000,63,3,+6.193,+3.168
0 days 01:47:30.061000,63,3,+6.241,+3.267
0 days 01:47:35.132000,63,3,+6.443,+3.525
0 days 01:47:39.154000,63,3,+6.481,+3.606
0 days 01:47:45.359000,63,3,+6.577,+3.660
0 days 01:47:50.752000,63,3,+6.661,+3.728
0 days 01:47:55.115000,63,3,+6.661,+3.774
0 days 01:47:59.936000,63,3,+6.618,+3.750
0 days 01:48:03.648000,63,3,+6.574,+3.716
0 days 01:48:12.059000,63,3,+6.683,+3.753
0 days 01:48:16.007000,63,3,+6.695,+3.761
0 days 01:48:16.866000,63,3,+6.714,+3.773
0 days 01:48:21.197000,63,3,+6.613,+3.838
0 days 01:48:25.567000,63,3,+6.548,+3.837
0 days 01:48:26.803000,63,3,+6.537,+3.844
0 days 01:48:29.089000,63,3,+6.566,+3.890
0 days 01:48:34.086000,63,3,+6.601,+3.890
0 days 01:48:39.559000,63,3,+6.665,+3.981
0 days 01:48:43.886000,63,3,+6.734,+4.063
0 days 01:48:46.843000,63,3,+6.719,+4.050
0 days 01:48:53.915000,63,3,+6.687,+4.040
0 days 01:48:57.761000,63,3,+6.716,+4.099
0 days 01:49:01.683000,63,3,+6.681,+4.127
0 days 01:49:07.386000,63,3,+6.798,+4.309
0 days 01:49:12.225000,63,3,+6.866,+4.352
0 days 01:49:16.179000,63,3,+6.870,+4.366
0 days 01:49:22.501000,63,3,+6.924,+4.358
0 days 01:49:27.789000,63,3,+6.997,+4.416
0 days 01:49:32.115000,63,3,+7.015,+4.435
0 days 01:49:36.886000,63,3,+6.974,+4.412
0 days 01:49:40.729000,63,3,+6.938,+4.389
0 days 01:49:49.063000,63,3,+7.016,+4.431
0 days 01:49:52.977000,63,3,+6.980,+4.408
0 days 01:49:53.837000,63,3,+6.969,+4.409
0 days 01:49:58.213000,63,3,+6.934,+4.454
0 days 01:50:02.579000,63,3,+6.873,+4.435
0 days 01:50:03.788000,63,3,+6.857,+4.434
0 days 01:50:06.081000,63,3,+6.962,+4.540
0 days 01:50:11.221000,63,3,+7.004,+4.594
0 days 01:50:16.680000,63,3,+6.945,+4.481
0 days 01:50:20.983000,63,3,+7.001,+4.569
0 days 01:50:23.979000,63,3,+6.989,+4.551
0 days 01:50:31.102000,63,3,+7.039,+4.515
0 days 01:50:34.808000,63,3,+7.058,+4.545
0 days 01:50:38.850000,63,3,+7.031,+4.524
0 days 01:50:44.481000,63,3,+7.115,+4.630
0 days 01:50:49.321000,63,3,+7.165,+4.616
0 days 01:50:53.287000,63,3,+7.180,+4.639
0 days 01:50:59.434000,63,3,+7.245,+4.634
0 days 01:51:04.900000,63,3,+7.361,+4.686
0 days 01:51:09.260000,63,3,+7.396,+4.721
0 days 01:51:14.086000,63,3,+7.359,+4.698
0 days 01:51:17.849000,63,3,+7.326,+4.675
0 days 01:51:26.223000,63,3,+7.396,+4.693
0 days 01:51:30.136000,63,3,+7.383,+4.685
0 days 01:51:30.962000,63,3,+7.405,+4.687
0 days 01:51:35.460000,63,3,+7.436,+4.792
0 days 01:51:39.771000,63,3,+7.396,+4.795
0 days 01:51:40.983000,63,3,+7.392,+4.797
0 days 01:51:43.241000,63,3,+7.478,+4.784
0 days 01:51:48.325000,63,3,+7.498,+4.887
0 days 01:51:53.778000,63,3,+7.471,+4.809
0 days 01:51:58.189000,63,3,+7.552,+4.871
0 days 01:52:01.138000,63,3,+7.542,+4.866
0 days 01:52:08.251000,63,3,+7.544,+4.865
0 days 01:52:11.950000,63,3,+7.565,+4.899
0 days 01:52:15.980000,63,3,+7.580,+4.869
0 days 01:52:21.687000,63,3,+7.757,+4.909
0 days 01:52:26.465000,63,3,+7.798,+4.957
0 days 01:52:30.463000,63,3,+7.818,+5.007
0 days 01:52:36.536000,63,3,+7.788,+4.944
0 days 01:52:42.077000,63,3,+8.024,+5.100
0 days 01:52:46.387000,63,3,+8.057,+5.135
0 days 01:52:51.178000,63,3,+8.023,+5.115
0 days 01:52:54.947000,63,3,+7.989,+5.091
0 days 01:53:03.361000,63,3,+8.094,+5.027
0 days 01:53:07.283000,63,3,+8.087,+5.044
0 days 01:53:08.122000,63,3,+8.097,+5.045
0 days 01:53:12.534000,63,3,+8.087,+5.118
0 days 01:53:16.849000,63,3,+8.040,+5.116
0 days 01:53:18.061000,63,3,+8.030,+5.122
0 days 01:53:20.365000,63,3,+8.105,+5.129
0 days 01:53:25.404000,63,3,+8.093,+5.209
0 days 01:53:30.909000,63,3,+8.057,+5.051
0 days 01:53:35.162000,63,3,+8.024,+5.156
0 days 01:53:38.139000,63,3,+8.004,+5.136
0 days 01:53:45.256000,63,3,+8.072,+5.124
0 days 01:53:48.992000,63,3,+8.084,+5.156
0 days 01:53:52.959000,63,3,+8.014,+5.047
0 days 01:53:58.565000,63,3,+8.146,+5.055
0 days 01:54:03.390000,63,3,+8.161,+4.932
0 days 01:54:07.388000,63,3,+8.170,+4.879
0 days 01:54:13.713000,63,3,+8.185,+4.812
0 days 01:54:18.887000,63,3,+8.185,+4.734
0 days 01:54:23.218000,63,3,+8.215,+4.738
0 days 01:54:27.998000,63,3,+8.180,+4.708
0 days 01:54:31.790000,63,3,+8.147,+4.680
0 days 01:54:40.191000,63,3,+8.192,+4.726
0 days 01:54:44.144000,63,3,+8.164,+4.730
0 days 01:54:44.962000,63,3,+8.165,+4.741
0 days 01:54:49.341000,63,3,+8.136,+4.776
0 days 01:54:53.704000,63,3,+8.086,+4.765
0 days 01:54:54.901000,63,3,+8.077,+4.769
0 days 01:54:57.185000,63,3,+8.174,+4.811
0 days 01:55:02.208000,63,3,+8.071,+4.614
0 days 01:55:07.607000,63,3,+8.007,+4.558
0 days 01:55:11.884000,63,3,+8.031,+4.549
0 days 01:55:14.853000,63,3,+8.010,+4.536
0 days 01:55:21.883000,63,3,+8.036,+4.341
0 days 01:55:25.670000,63,3,+8.063,+4.387
0 days 01:55:29.588000,63,3,+7.993,+4.345
0 days 01:55:35.281000,63,3,+8.099,+4.439
0 days 01:55:40.132000,63,3,+8.115,+4.431
0 days 01:55:44.050000,63,3,+8.113,+4.456
0 days 01:55:50.381000,63,3,+8.116,+4.363
0 days 01:55:55.619000,63,3,+8.184,+4.463
0 days 01:55:59.975000,63,3,+8.184,+4.488
0 days 01:56:04.716000,63,3,+8.149,+4.458
0 days 01:56:08.540000,63,3,+8.117,+4.429
0 days 01:56:16.941000,63,3,+8.199,+4.500
0 days 01:56:20.862000,63,3,+8.168,+4.497
0 days 01:56:21.689000,63,3,+8.155,+4.498
0 days 01:56:26.065000,63,3,+8.160,+4.586
0 days 01:56:30.352000,63,3,+8.111,+4.578
0 days 01:56:31.589000,63,3,+8.099,+4.578
0 days 01:56:33.847000,63,3,+8.162,+4.623
0 days 01:56:38.904000,63,3,+8.090,+4.659
0 days 01:56:44.412000,63,3,+8.074,+4.613
0 days 01:56:48.598000,63,3,+8.065,+4.612
0 days 01:56:51.522000,63,3,+8.034,+4.584
0 days 01:56:58.623000,63,3,+8.083,+4.590
0 days 01:57:02.389000,63,3,+8.089,+4.626
0 days 01:57:06.330000,63,3,+8.051,+4.641
0 days 01:57:11.991000,63,3,+8.064,+4.704
0 days 01:57:16.739000,63,3,+8.023,+4.685
0 days 01:57:20.662000,63,3,+8.015,+4.699
0 days 01:57:26.895000,63,3,+8.034,+4.687
0 days 01:57:32.407000,63,3,+8.145,+4.772
0 days 01:57:36.605000,63,3,+8.170,+4.825
0 days 01:57:41.364000,63,3,+8.128,+4.800
0 days 01:57:45.180000,63,3,+8.091,+4.771
0 days 01:57:53.678000,63,3,+8.103,+4.865
0 days 01:57:57.547000,63,3,+8.056,+4.859
0 days 01:57:58.365000,63,3,+8.048,+4.882
0 days 01:58:02.719000,63,3,+8.053,+4.958
0 days 01:58:07.019000,63,3,+8.010,+4.951
0 days 01:58:08.222000,63,3,+8.006,+4.962
0 days 01:58:10.531000,63,3,+8.096,+5.019
0 days 01:58:15.584000,63,3,+8.085,+5.117
0 days 01:58:21.081000,63,3,+8.000,+4.965
0 days 01:58:25.263000,63,3,+7.967,+4.983
0 days 01:58:28.210000,63,3,+7.944,+4.958
0 days 01:58:35.389000,63,3,+8.007,+4.994
0 days 01:58:39.037000,63,3,+8.017,+5.005
0 days 01:58:42.989000,63,3,+7.943,+4.981
0 days 01:58:48.585000,63,3,+7.899,+5.043
0 days 01:58:53.409000,63,3,+7.921,+5.054
0 days 01:58:57.389000,63,3,+7.929,+5.087
0 days 01:59:03.533000,63,3,+8.024,+5.183
0 days 01:59:08.941000,63,3,+8.082,+5.245
0 days 01:59:13.289000,63,3,+8.103,+5.269
0 days 01:59:18.063000,63,3,+8.067,+5.244
0 days 01:59:21.839000,63,3,+8.031,+5.218
0 days 01:59:30.313000,63,3,+8.084,+5.353
0 days 01:59:34.311000,63,3,+8.075,+5.377
0 days 01:59:35.007000,63,3,+8.101,+5.390
0 days 01:59:39.465000,63,3,+8.102,+5.423
0 days 01:59:43.771000,63,3,+8.055,+5.414
0 days 01:59:44.975000,63,3,+8.055,+5.424
0 days 01:59:47.211000,63,3,+8.103,+5.441
0 days 01:59:52.359000,63,3,+8.196,+5.614
0 days 01:59:57.779000,63,3,+8.133,+5.484
0 days 02:00:02.064000,63,3,+8.170,+5.558
0 days 02:00:04.983000,63,3,+8.147,+5.537
0 days 02:00:12.095000,63,3,+8.157,+5.501
0 days 02:00:15.792000,63,3,+8.141,+5.507
0 days 02:00:19.859000,63,3,+8.164,+5.594
0 days 02:00:25.405000,63,3,+8.115,+5.639
0 days 02:00:30.190000,63,3,+8.113,+5.634
0 days 02:00:34.164000,63,3,+8.127,+5.667
0 days 02:00:40.262000,63,3,+8.102,+5.661
0 days 02:00:45.638000,63,3,+8.222,+5.737
0 days 02:00:50.091000,63,3,+8.236,+5.766
0 days 02:00:54.715000,63,3,+8.193,+5.738
0 days 02:00:58.528000,63,3,+8.157,+5.714
0 days 02:01:06.952000,63,3,+8.161,+5.754
0 days 02:01:10.838000,63,3,+8.143,+5.768
0 days 02:01:11.628000,63,3,+8.144,+5.771
0 days 02:01:16.046000,63,3,+8.156,+5.812
0 days 02:01:20.427000,63,3,+8.113,+5.812
0 days 02:01:21.544000,63,3,+8.108,+5.821
0 days 02:01:23.867000,63,3,+8.237,+5.878
0 days 02:01:28.925000,63,3,+8.219,+5.940
0 days 02:01:34.338000,63,3,+8.218,+5.825
0 days 02:01:38.565000,63,3,+8.233,+5.879
0 days 02:01:41.491000,63,3,+8.215,+5.865
0 days 02:01:48.585000,63,3,+8.236,+5.827
0 days 02:01:52.284000,63,3,+8.234,+5.854
0 days 02:01:56.270000,63,3,+8.277,+5.889
0 days 02:02:01.905000,63,3,+8.387,+5.987
0 days 02:02:06.639000,63,3,+8.357,+5.949
0 days 02:02:10.615000,63,3,+8.360,+5.971
0 days 02:02:16.767000,63,3,+8.369,+5.981
0 days 02:02:22.157000,63,3,+8.494,+6.018
0 days 02:02:26.465000,63,3,+8.512,+6.056
0 days 02:02:31.286000,63,3,+8.466,+6.024
0 days 02:02:35.104000,63,3,+8.428,+5.995
0 days 02:02:43.465000,63,3,+8.489,+6.148
0 days 02:02:47.396000,63,3,+8.482,+6.154
0 days 02:02:48.165000,63,3,+8.491,+6.141
0 days 02:02:52.566000,63,3,+8.504,+6.143
0 days 02:02:56.926000,63,3,+8.472,+6.137
0 days 02:02:58.119000,63,3,+8.466,+6.152
0 days 02:03:00.366000,63,3,+8.548,+6.268
0 days 02:03:05.483000,63,3,+8.669,+6.399
0 days 02:03:10.941000,63,3,+8.759,+6.333
0 days 02:03:15.209000,63,3,+8.768,+6.358
0 days 02:03:18.193000,63,3,+8.744,+6.343
0 days 02:03:25.166000,63,3,+8.737,+6.281
0 days 02:03:28.915000,63,3,+8.743,+6.285
0 days 02:03:32.887000,63,3,+8.820,+6.371
0 days 02:03:38.465000,63,3,+8.927,+6.401
0 days 02:03:43.492000,63,3,+8.884,+6.356
0 days 02:03:47.165000,63,3,+8.890,+6.384
0 days 02:03:53.339000,63,3,+8.910,+6.284
0 days 02:03:58.639000,63,3,+8.993,+6.319
0 days 02:04:03.007000,63,3,+9.007,+6.354
0 days 02:04:07.766000,63,3,+8.964,+6.321
0 days 02:04:11.592000,63,3,+8.928,+6.293
0 days 02:04:19.962000,63,3,+9.004,+6.260
0 days 02:04:23.875000,63,3,+8.980,+6.248
0 days 02:04:24.660000,63,3,+8.983,+6.245
0 days 02:04:29.054000,63,3,+8.983,+6.234
0 days 02:04:33.366000,63,3,+8.939,+6.221
0 days 02:04:34.573000,63,3,+8.933,+6.230
0 days 02:04:36.847000,63,3,+9.043,+6.246
0 days 02:04:41.840000,63,3,+9.013,+6.238
0 days 02:04:47.321000,63,3,+9.009,+6.084
0 days 02:04:51.466000,63,3,+9.029,+6.069
0 days 02:04:54.403000,63,3,+9.010,+6.048
0 days 02:05:01.428000,63,3,+9.066,+6.000
0 days 02:05:05.161000,63,3,+9.070,+6.027
0 days 02:05:09.223000,63,3,+9.219,+6.118
0 days 02:05:14.905000,63,3,+9.437,+6.139
0 days 02:05:19.687000,63,3,+9.410,+6.078
0 days 02:05:23.534000,63,3,+9.381,+6.084
0 days 02:05:29.662000,63,3,+9.409,+6.016
0 days 02:05:35.068000,63,3,+9.480,+6.010
0 days 02:05:39.419000,63,3,+9.488,+6.033
0 days 02:05:44.179000,63,3,+9.453,+6.004
0 days 02:05:48.030000,63,3,+9.419,+5.979
0 days 02:05:56.440000,63,3,+9.474,+6.037
0 days 02:06:00.340000,63,3,+9.444,+6.015
0 days 02:06:01.214000,63,3,+9.460,+6.026
0 days 02:06:05.533000,63,3,+9.426,+6.044
0 days 02:06:09.921000,63,3,+9.385,+6.037
0 days 02:06:11.062000,63,3,+9.382,+6.039
0 days 02:06:13.297000,63,3,+9.458,+6.003
0 days 02:06:18.366000,63,3,+9.568,+5.954
0 days 02:06:23.795000,63,3,+9.408,+5.778
0 days 02:06:27.942000,63,3,+9.421,+5.808
0 days 02:06:30.911000,63,3,+9.402,+5.781
0 days 02:06:37.931000,63,3,+9.407,+5.676
0 days 02:06:41.655000,63,3,+9.407,+5.706
0 days 02:06:45.800000,63,3,+9.487,+5.695
0 days 02:06:51.363000,63,3,+9.628,+5.792
0 days 02:06:56.206000,63,3,+9.596,+5.779
0 days 02:07:00.159000,63,3,+9.591,+5.815
0 days 02:07:06.270000,63,3,+9.638,+5.615
0 days 02:07:11.593000,63,3,+9.671,+5.605
0 days 02:07:15.840000,63,3,+9.647,+5.584
0 days 02:07:20.716000,63,3,+9.589,+5.536
0 days 02:07:24.441000,63,3,+9.547,+5.506
0 days 02:07:32.724000,63,3,+9.527,+5.502
0 days 02:07:36.667000,63,3,+9.496,+5.498
0 days 02:07:37.518000,63,3,+9.466,+5.500
0 days 02:07:41.931000,63,3,+9.444,+5.513
0 days 02:07:46.193000,63,3,+9.401,+5.495
0 days 02:07:47.397000,63,3,+9.394,+5.495
0 days 02:07:49.657000,63,3,+9.488,+5.452
0 days 02:07:54.692000,63,3,+9.476,+5.338
0 days 02:08:00.068000,63,3,+9.366,+5.192
0 days 02:08:04.367000,63,3,+9.406,+5.268
0 days 02:08:07.316000,63,3,+9.383,+5.242
0 days 02:08:14.367000,63,3,+9.327,+5.129
0 days 02:08:18.070000,63,3,+9.314,+5.127
0 days 02:08:22.051000,63,3,+9.394,+5.156
0 days 02:08:27.833000,63,3,+9.616,+5.212
0 days 02:08:32.594000,63,3,+9.615,+5.186
0 days 02:08:36.493000,63,3,+9.591,+5.208
0 days 02:08:42.800000,63,3,+9.527,+5.062
0 days 02:08:47.931000,63,3,+9.597,+5.088
0 days 02:08:52.251000,63,3,+9.627,+5.104
0 days 02:08:57.037000,63,3,+9.585,+5.070
0 days 02:09:00.856000,63,3,+9.558,+5.042
0 days 02:09:09.218000,63,3,+9.596,+5.041
0 days 02:09:13.241000,63,3,+9.576,+5.029
0 days 02:09:13.935000,63,3,+9.573,+5.023
0 days 02:09:18.341000,63,3,+9.537,+5.001
0 days 02:09:22.689000,63,3,+9.486,+4.971
0 days 02:09:23.864000,63,3,+9.476,+4.973
0 days 02:09:26.119000,63,3,+9.553,+4.993
0 days 02:09:31.186000,63,3,+9.573,+4.926
0 days 02:09:36.710000,63,3,+9.483,+4.808
0 days 02:09:40.911000,63,3,+9.469,+4.844
0 days 02:09:43.889000,63,3,+9.445,+4.816
0 days 02:09:50.889000,63,3,+9.439,+4.763
0 days 02:09:54.767000,63,3,+9.437,+4.786
0 days 02:09:58.668000,63,3,+9.552,+4.793
0 days 02:10:04.318000,63,3,+9.740,+4.884
0 days 02:10:09.285000,63,3,+9.668,+4.862
0 days 02:10:13.043000,63,3,+9.663,+4.882
0 days 02:10:19.216000,63,3,+9.680,+4.910
0 days 02:10:24.571000,63,3,+9.745,+4.938
0 days 02:10:28.945000,63,3,+9.769,+4.986
0 days 02:10:33.723000,63,3,+9.732,+4.963
0 days 02:10:37.511000,63,3,+9.696,+4.934
0 days 02:10:45.896000,63,3,+9.698,+4.869
0 days 02:10:49.868000,63,3,+9.676,+4.864
0 days 02:10:50.646000,63,3,+9.664,+4.876
0 days 02:10:54.979000,63,3,+9.580,+4.834
0 days 02:10:59.226000,63,3,+9.516,+4.803
0 days 02:11:00.469000,63,3,+9.507,+4.811
0 days 02:11:02.732000,63,3,+9.604,+4.856
0 days 02:11:07.820000,63,3,+9.519,+4.810
0 days 02:11:13.121000,63,3,+9.429,+4.759
0 days 02:11:17.442000,63,3,+9.437,+4.796
0 days 02:11:20.351000,63,3,+9.411,+4.769
0 days 02:11:27.459000,63,3,+9.392,+4.759
0 days 02:11:31.159000,63,3,+9.393,+4.779
0 days 02:11:35.198000,63,3,+9.432,+4.840
0 days 02:11:40.889000,63,3,+9.531,+4.965
0 days 02:11:45.768000,63,3,+9.480,+4.944
0 days 02:11:49.632000,63,3,+9.478,+4.979
0 days 02:11:55.813000,63,3,+9.515,+4.908
0 days 02:12:01.104000,63,3,+9.592,+4.998
0 days 02:12:05.442000,63,3,+9.622,+5.037
0 days 02:12:10.230000,63,3,+9.583,+5.009
0 days 02:12:14.058000,63,3,+9.548,+4.986
0 days 02:12:22.442000,63,3,+9.525,+5.011
0 days 02:12:26.318000,63,3,+9.500,+5.006
0 days 02:12:27.143000,63,3,+9.512,+5.003
0 days 02:12:31.495000,63,3,+9.480,+5.012
0 days 02:12:35.784000,63,3,+9.432,+4.995
0 days 02:12:37.059000,63,3,+9.428,+4.998
0 days 02:12:39.315000,63,3,+9.537,+5.054
0 days 02:12:44.320000,63,3,+9.538,+5.061
0 days 02:12:49.789000,63,3,+9.490,+5.029
0 days 02:12:54.024000,63,3,+9.484,+5.110
0 days 02:12:56.950000,63,3,+9.465,+5.089
0 days 02:13:04.043000,63,3,+9.487,+5.058
0 days 02:13:07.842000,63,3,+9.499,+5.081
0 days 02:13:11.742000,63,3,+9.562,+5.142
0 days 02:13:17.365000,63,3,+9.669,+5.198
0 days 02:13:22.069000,63,3,+9.550,+5.210
0 days 02:13:26.129000,63,3,+9.486,+5.235
0 days 02:13:32.246000,63,3,+9.498,+5.233
0 days 02:13:37.495000,63,3,+9.487,+5.223
0 days 02:13:41.802000,63,3,+9.484,+5.219
0 days 02:13:46.578000,63,3,+9.434,+5.186
0 days 02:13:50.445000,63,3,+9.399,+5.158
0 days 02:13:58.797000,63,3,+9.446,+5.272
0 days 02:14:02.776000,63,3,+9.428,+5.275
0 days 02:14:03.461000,63,3,+9.410,+5.257
0 days 02:14:07.798000,63,3,+9.320,+5.242
0 days 02:14:12.122000,63,3,+9.278,+5.227
0 days 02:14:13.274000,63,3,+9.278,+5.234
0 days 02:14:15.565000,63,3,+9.397,+5.286
0 days 02:14:20.669000,63,3,+9.462,+5.434
0 days 02:14:26.025000,63,3,+9.315,+5.287
0 days 02:14:30.215000,63,3,+9.273,+5.346
0 days 02:14:33.132000,63,3,+9.244,+5.320
0 days 02:14:40.177000,63,3,+9.281,+5.349
0 days 02:14:43.896000,63,3,+9.281,+5.364
0 days 02:14:47.913000,63,3,+9.330,+5.394
0 days 02:14:53.614000,63,3,+9.511,+5.598
0 days 02:14:58.369000,63,3,+9.475,+5.588
0 days 02:15:02.277000,63,3,+9.463,+5.622
0 days 02:15:08.391000,63,3,+9.408,+5.632
0 days 02:15:13.722000,63,3,+9.486,+5.648
0 days 02:15:18.043000,63,3,+9.483,+5.637
0 days 02:15:22.824000,63,3,+9.441,+5.607
0 days 02:15:26.590000,63,3,+9.401,+5.576
0 days 02:15:35.020000,63,3,+9.520,+5.668
0 days 02:15:38.896000,63,3,+9.488,+5.653
0 days 02:15:39.749000,63,3,+9.490,+5.635
0 days 02:15:44.044000,63,3,+9.464,+5.668
0 days 02:15:48.394000,63,3,+9.430,+5.659
0 days 02:15:49.560000,63,3,+9.425,+5.665
0 days 02:15:51.912000,63,3,+9.571,+5.761
0 days 02:15:56.898000,63,3,+9.578,+5.951
0 days 02:16:02.396000,63,3,+9.463,+5.799
0 days 02:16:06.517000,63,3,+9.426,+5.816
0 days 02:16:09.448000,63,3,+9.400,+5.797
0 days 02:16:16.416000,63,3,+9.391,+5.716
0 days 02:16:20.222000,63,3,+9.385,+5.745
0 days 02:16:24.162000,63,3,+9.520,+5.901
0 days 02:16:29.818000,63,3,+9.703,+6.085
0 days 02:16:34.616000,63,3,+9.663,+6.093
0 days 02:16:38.501000,63,3,+9.689,+6.114
0 days 02:16:44.673000,63,3,+9.657,+6.132
0 days 02:16:50.032000,63,3,+9.727,+6.186
0 days 02:16:54.297000,63,3,+9.721,+6.195
0 days 02:16:59.047000,63,3,+9.680,+6.171
0 days 02:17:02.830000,63,3,+9.645,+6.144
0 days 02:17:11.189000,63,3,+9.725,+6.169
0 days 02:17:15.121000,63,3,+9.706,+6.190
0 days 02:17:15.910000,63,3,+9.700,+6.208
0 days 02:17:20.245000,63,3,+9.654,+6.152
0 days 02:17:24.574000,63,3,+9.634,+6.126
0 days 02:17:25.764000,63,3,+9.639,+6.132
0 days 02:17:28.049000,63,3,+9.802,+6.268
0 days 02:17:33.153000,63,3,+9.881,+6.481
0 days 02:17:38.471000,63,3,+9.641,+6.282
0 days 02:17:42.752000,63,3,+9.678,+6.340
0 days 02:17:45.693000,63,3,+9.669,+6.321
0 days 02:17:52.641000,63,3,+9.596,+6.250
0 days 02:17:56.418000,63,3,+9.613,+6.274
0 days 02:18:00.397000,63,3,+9.739,+6.396
0 days 02:18:05.975000,63,3,+9.819,+6.510
0 days 02:18:10.771000,63,3,+9.676,+6.492
0 days 02:18:14.672000,63,3,+9.666,+6.528
0 days 02:18:20.932000,63,3,+9.648,+6.594
0 days 02:18:26.145000,63,3,+9.566,+6.631
0 days 02:18:30.446000,63,3,+9.546,+6.640
0 days 02:18:35.189000,63,3,+9.562,+6.610
0 days 02:18:38.948000,63,3,+9.703,+6.589
0 days 02:18:47.350000,63,3,+9.819,+6.633
0 days 02:18:51.211000,63,3,+9.818,+6.621
0 days 02:18:52.025000,63,3,+9.831,+6.605
0 days 02:18:56.344000,63,3,+9.792,+6.592
0 days 02:19:00.645000,63,3,+9.756,+6.612
0 days 02:19:01.898000,63,3,+9.760,+6.633
0 days 02:19:04.160000,63,3,+9.903,+6.803
0 days 02:19:09.167000,63,3,+10.004,+6.985
0 days 02:19:14.500000,63,3,+9.888,+6.771
0 days 02:19:18.845000,63,3,+9.970,+6.853
0 days 02:19:21.772000,63,3,+9.961,+6.842
0 days 02:19:28.824000,63,3,+10.004,+6.773
0 days 02:19:32.546000,63,3,+10.021,+6.775
0 days 02:19:36.498000,63,3,+10.111,+6.899
0 days 02:19:42.128000,63,3,+10.270,+7.057
0 days 02:19:46.861000,63,3,+10.212,+6.988
0 days 02:19:50.823000,63,3,+10.221,+6.991
0 days 02:19:56.977000,63,3,+10.289,+7.083
0 days 02:20:02.294000,63,3,+10.354,+7.130
0 days 02:20:06.568000,63,3,+10.361,+7.156
0 days 02:20:11.346000,63,3,+10.335,+7.134
0 days 02:20:15.129000,63,3,+10.310,+7.112
0 days 02:20:23.472000,63,3,+10.336,+7.128
0 days 02:20:27.421000,63,3,+10.320,+7.103
0 days 02:20:28.198000,63,3,+10.339,+7.112
0 days 02:20:32.548000,63,3,+10.334,+7.083
0 days 02:20:36.800000,63,3,+10.309,+7.060
0 days 02:20:38.162000,63,3,+10.315,+7.067
0 days 02:20:40.572000,63,3,+10.498,+7.262
0 days 02:20:45.377000,63,3,+10.514,+7.416
0 days 02:20:50.911000,63,3,+10.402,+7.365
0 days 02:20:55.091000,63,3,+10.405,+7.365
0 days 02:20:57.998000,63,3,+10.408,+7.348
0 days 02:21:05.072000,63,3,+10.434,+7.300
0 days 02:21:08.728000,63,3,+10.452,+7.312
0 days 02:21:12.725000,63,3,+10.563,+7.465
0 days 02:21:18.412000,63,3,+10.784,+7.667
0 days 02:21:23.146000,63,3,+10.654,+7.639
0 days 02:21:27.094000,63,3,+10.649,+7.634
0 days 02:21:33.205000,63,3,+10.579,+7.513
0 days 02:21:38.520000,63,3,+10.586,+7.494
0 days 02:21:42.798000,63,3,+10.586,+7.506
0 days 02:21:47.558000,63,3,+10.560,+7.483
0 days 02:21:51.320000,63,3,+10.529,+7.477
0 days 02:21:59.745000,63,3,+10.599,+7.444
0 days 02:22:03.673000,63,3,+10.534,+7.417
0 days 02:22:04.357000,63,3,+10.476,+7.367
0 days 02:22:08.742000,63,3,+10.435,+7.391
0 days 02:22:13.029000,63,3,+10.372,+7.408
0 days 02:22:14.210000,63,3,+10.367,+7.431
0 days 02:22:16.514000,63,3,+10.475,+7.611
0 days 02:22:21.578000,63,3,+10.595,+7.781
0 days 02:22:27.103000,63,3,+10.519,+7.665
0 days 02:22:31.279000,63,3,+10.515,+7.696
0 days 02:22:34.246000,63,3,+10.480,+7.672
0 days 02:22:41.194000,63,3,+10.415,+7.472
0 days 02:22:44.951000,63,3,+10.433,+7.511
0 days 02:22:48.962000,63,3,+10.591,+7.715
0 days 02:22:54.603000,63,3,+10.803,+7.947
0 days 02:22:59.444000,63,3,+10.867,+7.911
0 days 02:23:03.475000,63,3,+10.891,+7.937
0 days 02:23:09.481000,63,3,+10.899,+7.941
0 days 02:23:14.895000,63,3,+11.048,+8.046
0 days 02:23:19.149000,63,3,+11.070,+8.093
0 days 02:23:23.915000,63,3,+11.034,+8.077
0 days 02:23:27.699000,63,3,+11.001,+8.055
0 days 02:23:36.103000,63,3,+11.078,+7.940
0 days 02:23:40.007000,63,3,+11.057,+7.926
0 days 02:23:40.851000,63,3,+11.049,+7.900
0 days 02:23:45.099000,63,3,+11.040,+7.925
0 days 02:23:49.399000,63,3,+10.973,+7.901
0 days 02:23:50.640000,63,3,+10.958,+7.900
0 days 02:23:52.889000,63,3,+11.125,+8.118
0 days 02:23:57.951000,63,3,+11.173,+8.247
0 days 02:24:03.369000,63,3,+11.220,+8.256
0 days 02:24:07.648000,63,3,+11.266,+8.287
0 days 02:24:10.548000,63,3,+11.251,+8.270
0 days 02:24:17.573000,63,3,+11.298,+8.210
0 days 02:24:21.332000,63,3,+11.324,+8.258
0 days 02:24:25.347000,63,3,+11.472,+8.467
0 days 02:24:31.006000,63,3,+11.693,+8.739
0 days 02:24:35.802000,63,3,+11.709,+8.805
0 days 02:24:39.802000,63,3,+11.708,+8.826
0 days 02:24:45.913000,63,3,+11.775,+8.845
0 days 02:24:51.300000,63,3,+11.944,+8.973
0 days 02:24:55.648000,63,3,+11.966,+9.003
0 days 02:25:00.420000,63,3,+11.930,+8.985
0 days 02:25:04.149000,63,3,+11.889,+8.959
0 days 02:25:12.558000,63,3,+11.988,+8.891
0 days 02:25:16.451000,63,3,+11.997,+8.908
0 days 02:25:17.279000,63,3,+12.021,+8.933
0 days 02:25:21.667000,63,3,+12.024,+8.975
0 days 02:25:25.914000,63,3,+11.966,+8.958
0 days 02:25:27.124000,63,3,+11.962,+8.964
0 days 02:25:29.419000,63,3,+12.101,+9.143
0 days 02:25:34.520000,63,3,+12.147,+9.425
0 days 02:25:39.826000,63,3,+12.011,+9.193
0 days 02:25:44.031000,63,3,+11.972,+9.195
0 days 02:25:46.948000,63,3,+11.949,+9.176
0 days 02:25:53.969000,63,3,+11.980,+9.085
0 days 02:25:57.682000,63,3,+11.975,+9.114
0 days 02:26:01.657000,63,3,+12.094,+9.186
0 days 02:26:07.300000,63,3,+12.360,+9.222
0 days 02:26:11.988000,63,3,+12.275,+9.115
0 days 02:26:15.897000,63,3,+12.260,+9.120
0 days 02:26:21.996000,63,3,+12.175,+8.833
0 days 02:26:27.279000,63,3,+12.328,+8.769
0 days 02:26:31.569000,63,3,+12.338,+8.772
0 days 02:26:36.414000,63,3,+12.302,+8.743
0 days 02:26:40.188000,63,3,+12.271,+8.689
0 days 02:26:48.502000,63,3,+12.319,+8.034
0 days 02:26:52.354000,63,3,+12.271,+7.982
0 days 02:26:53.154000,63,3,+12.275,+7.956
0 days 02:26:57.548000,63,3,+12.283,+8.003
0 days 02:27:01.826000,63,3,+12.242,+7.992
0 days 02:27:03.036000,63,3,+12.245,+8.004
0 days 02:27:05.263000,63,3,+12.349,+8.106
0 days 02:27:10.283000,63,3,+12.332,+8.333
0 days 02:27:15.638000,63,3,+12.225,+8.099
0 days 02:27:20.135000,63,3,+12.256,+8.114
0 days 02:27:22.837000,63,3,+12.239,+8.077
0 days 02:27:29.767000,63,3,+12.211,+7.557
0 days 02:27:33.486000,63,3,+12.220,+7.569
0 days 02:27:37.423000,63,3,+12.360,+7.617
0 days 02:27:43.001000,63,3,+12.532,+7.487
0 days 02:27:47.701000,63,3,+12.452,+7.372
0 days 02:27:51.649000,63,3,+12.456,+7.347
0 days 02:27:57.754000,63,3,+12.323,+6.751
0 days 02:28:03.117000,63,3,+12.360,+6.472
0 days 02:28:07.404000,63,3,+12.384,+6.370
0 days 02:28:12.156000,63,3,+12.340,+6.304
0 days 02:28:15.931000,63,3,+12.313,+6.191
0 days 02:28:24.301000,63,3,+12.262,+5.191
0 days 02:28:28.202000,63,3,+12.228,+5.062
0 days 02:28:29.055000,63,3,+12.198,+4.995
0 days 02:28:33.318000,63,3,+12.123,+4.859
0 days 02:28:37.664000,63,3,+12.068,+4.819
0 days 02:28:39.007000,63,3,+12.047,+4.784
0 days 02:28:41.081000,63,3,+12.074,+4.708
0 days 02:28:46.053000,63,3,+12.059,+4.790
0 days 02:28:51.475000,63,3,+12.026,+4.487
0 days 02:28:55.669000,63,3,+12.028,+4.487
0 days 02:28:58.575000,63,3,+12.012,+4.425
0 days 02:29:05.602000,63,3,+11.873,+3.731
0 days 02:29:09.277000,63,3,+11.854,+3.724
0 days 02:29:13.150000,63,3,+11.732,+3.593
0 days 02:29:18.592000,63,3,+11.670,+3.417
0 days 02:29:23.425000,63,3,+11.654,+3.474
0 days 02:29:27.395000,63,3,+11.687,+3.490
0 days 02:29:33.633000,63,3,+11.666,+2.828
0 days 02:29:38.918000,63,3,+11.692,+2.666
0 days 02:29:43.171000,63,3,+11.645,+2.577
0 days 02:29:47.876000,63,3,+11.557,+2.477
0 days 02:29:51.640000,63,3,+11.501,+2.357
0 days 02:30:00.025000,63,3,+11.303,+1.505
0 days 02:30:03.968000,63,3,+11.267,+1.463
0 days 02:30:04.904000,63,3,+11.261,+1.424
0 days 02:30:09.302000,63,3,+11.097,+1.349
0 days 00:00:03.711000,4,3,,
0 days 00:59:09.115000,4,3,+0.231,+0.171
0 days 00:59:10.530000,4,3,+0.202,+0.158
0 days 00:59:12.905000,4,2,+0.202,+0.158
0 days 00:59:12.984000,4,2,+0.205,+0.205
0 days 00:59:17.992000,4,2,+0.230,+0.230
0 days 00:59:23.595000,4,2,+0.393,+0.393
0 days 00:59:27.679000,4,2,+0.307,+0.307
0 days 00:59:30.638000,4,2,+0.272,+0.272
0 days 00:59:38.011000,4,2,+0.541,+0.541
0 days 00:59:41.830000,4,2,+0.539,+0.539
0 days 00:59:45.970000,4,2,+0.704,+0.704
0 days 00:59:51.693000,4,2,+0.885,+0.885
0 days 00:59:56.298000,4,2,+0.980,+0.980
0 days 01:00:00.233000,4,2,+0.986,+0.986
0 days 01:00:06.365000,4,2,+1.078,+1.078
0 days 01:00:12.166000,4,2,+1.099,+1.099
0 days 01:00:15.942000,4,2,+1.103,+1.103
0 days 01:00:20.811000,4,2,+1.085,+1.085
0 days 01:00:24.658000,4,2,+1.058,+1.058
0 days 01:00:33.058000,4,2,+1.038,+1.038
0 days 01:00:37.129000,4,2,+1.017,+1.017
0 days 01:00:37.964000,4,2,+1.032,+1.032
0 days 01:00:42.367000,4,2,+0.924,+0.924
0 days 01:00:46.832000,4,2,+0.713,+0.713
0 days 01:00:48.183000,4,2,+0.633,+0.633
0 days 01:00:50.547000,4,2,+0.658,+0.658
0 days 01:00:55.559000,4,2,+0.715,+0.715
0 days 01:01:00.843000,4,2,+0.671,+0.671
0 days 01:01:05.038000,4,2,+0.703,+0.703
0 days 01:01:08.014000,4,2,+0.691,+0.691
0 days 01:01:15.227000,4,2,+0.826,+0.826
0 days 01:01:18.981000,4,2,+0.795,+0.795
0 days 01:01:23.139000,4,2,+0.849,+0.849
0 days 01:01:28.899000,4,2,+1.048,+1.048
0 days 01:01:33.639000,4,2,+1.067,+1.067
0 days 01:01:37.639000,4,2,+1.065,+1.065
0 days 01:01:43.971000,4,2,+1.279,+1.279
0 days 01:01:49.238000,4,2,+1.231,+1.231
0 days 01:01:53.665000,4,2,+1.207,+1.207
0 days 01:01:58.504000,4,2,+1.187,+1.187
0 days 01:02:02.360000,4,2,+1.166,+1.166
0 days 01:02:10.818000,4,2,+1.213,+1.213
0 days 01:02:14.865000,4,2,+1.207,+1.207
0 days 01:02:15.696000,4,2,+1.223,+1.223
0 days 01:02:20.116000,4,2,+1.086,+1.086
0 days 01:02:24.539000,4,2,+1.013,+1.013
0 days 01:02:25.739000,4,2,+0.993,+0.993
0 days 01:02:28.065000,4,2,+1.059,+1.059
0 days 01:02:33.184000,4,2,+1.190,+1.190
0 days 01:02:38.589000,4,2,+1.047,+1.047
0 days 01:02:42.754000,4,2,+1.055,+1.055
0 days 01:02:45.714000,4,2,+1.029,+1.029
0 days 01:02:53,4,2,+1.094,+1.094
0 days 01:02:56.776000,4,2,+1.077,+1.077
0 days 01:03:00.879000,4,2,+1.038,+1.038
0 days 01:03:06.769000,4,2,+1.242,+1.242
0 days 01:03:11.443000,4,2,+1.260,+1.260
0 days 01:03:15.408000,4,2,+1.236,+1.236
0 days 01:03:21.528000,4,2,+1.154,+1.154
0 days 01:03:26.908000,4,2,+1.114,+1.114
0 days 01:03:31.267000,4,2,+1.097,+1.097
0 days 01:03:36.113000,4,2,+1.074,+1.074
0 days 01:03:39.969000,4,2,+1.048,+1.048
0 days 01:03:48.405000,4,2,+1.065,+1.065
0 days 01:03:52.440000,4,2,+1.079,+1.079
0 days 01:03:53.286000,4,2,+1.095,+1.095
0 days 01:03:57.741000,4,2,+0.994,+0.994
0 days 01:04:02.147000,4,2,+0.925,+0.925
0 days 01:04:03.325000,4,2,+0.905,+0.905
0 days 01:04:05.679000,4,2,+0.960,+0.960
0 days 01:04:10.778000,4,2,+0.810,+0.810
0 days 01:04:16.198000,4,2,+0.767,+0.767
0 days 01:04:20.484000,4,2,+0.792,+0.792
0 days 01:04:23.496000,4,2,+0.772,+0.772
0 days 01:04:30.757000,4,2,+0.936,+0.936
0 days 01:04:34.529000,4,2,+0.939,+0.939
0 days 01:04:38.617000,4,2,+0.886,+0.886
0 days 01:04:44.416000,4,2,+0.971,+0.971
0 days 01:04:49.229000,4,2,+1.036,+1.036
0 days 01:04:53.155000,4,2,+1.021,+1.021
0 days 01:04:59.384000,4,2,+1.068,+1.068
0 days 01:05:04.797000,4,2,+1.134,+1.134
0 days 01:05:09.193000,4,2,+1.128,+1.128
0 days 01:05:14.054000,4,2,+1.106,+1.106
0 days 01:05:17.815000,4,2,+1.084,+1.084
0 days 01:05:26.175000,4,2,+1.088,+1.088
0 days 01:05:30.197000,4,2,+1.066,+1.066
0 days 01:05:30.996000,4,2,+1.028,+1.028
0 days 01:05:35.403000,4,2,+0.909,+0.909
0 days 01:05:39.830000,4,2,+0.845,+0.845
0 days 01:05:41.038000,4,2,+0.826,+0.826
0 days 01:05:43.414000,4,2,+0.815,+0.815
0 days 01:05:48.468000,4,2,+0.683,+0.683
0 days 01:05:54.141000,4,2,+0.917,+0.917
0 days 01:05:58.415000,4,2,+0.937,+0.937
0 days 01:06:01.391000,4,2,+0.922,+0.922
0 days 01:06:08.786000,4,2,+1.089,+1.089
0 days 01:06:12.577000,4,2,+1.041,+1.041
0 days 01:06:16.684000,4,2,+1.053,+1.053
0 days 01:06:22.485000,4,2,+1.090,+1.090
0 days 01:06:27.191000,4,2,+1.034,+1.034
0 days 01:06:31.185000,4,2,+0.974,+0.974
0 days 01:06:37.384000,4,2,+1.074,+1.074
0 days 01:06:42.822000,4,2,+1.094,+1.094
0 days 01:06:47.192000,4,2,+1.072,+1.072
0 days 01:06:52.030000,4,2,+1.047,+1.047
0 days 01:06:55.757000,4,2,+1.020,+1.020
0 days 01:07:04.122000,4,2,+0.918,+0.918
0 days 01:07:08.159000,4,2,+0.905,+0.905
0 days 01:07:08.959000,4,2,+0.888,+0.888
0 days 01:07:13.318000,4,2,+0.744,+0.744
0 days 01:07:17.567000,4,2,+0.508,+0.508
0 days 01:07:18.767000,4,2,+0.424,+0.424
0 days 01:07:21.041000,4,2,+0.475,+0.475
0 days 01:07:26.091000,4,2,+0.437,+0.437
0 days 01:07:31.726000,4,2,+0.578,+0.578
0 days 01:07:36.016000,4,2,+0.589,+0.589
0 days 01:07:39.041000,4,2,+0.569,+0.569
0 days 01:07:46.330000,4,2,+0.676,+0.676
0 days 01:07:50.093000,4,2,+0.680,+0.680
0 days 01:07:54.168000,4,2,+0.788,+0.788
0 days 01:08:00.085000,4,2,+0.950,+0.950
0 days 01:08:04.836000,4,2,+0.969,+0.969
0 days 01:08:08.824000,4,2,+0.947,+0.947
0 days 01:08:15.070000,4,2,+1.056,+1.056
0 days 01:08:20.516000,4,2,+1.151,+1.151
0 days 01:08:24.887000,4,2,+1.134,+1.134
0 days 01:08:29.697000,4,2,+1.104,+1.104
0 days 01:08:33.507000,4,2,+1.079,+1.079
0 days 01:08:41.970000,4,2,+1.163,+1.163
0 days 01:08:45.955000,4,2,+1.148,+1.148
0 days 01:08:46.767000,4,2,+1.140,+1.140
0 days 01:08:51.200000,4,2,+1.061,+1.061
0 days 01:08:55.616000,4,2,+1.000,+1.000
0 days 01:08:56.770000,4,2,+0.976,+0.976
0 days 01:08:59.161000,4,2,+0.975,+0.975
0 days 01:09:04.296000,4,2,+0.991,+0.991
0 days 01:09:09.928000,4,2,+1.088,+1.088
0 days 01:09:14.191000,4,2,+1.080,+1.080
0 days 01:09:17.168000,4,2,+1.061,+1.061
0 days 01:09:24.417000,4,2,+1.146,+1.146
0 days 01:09:28.146000,4,2,+1.138,+1.138
0 days 01:09:32.180000,4,2,+1.046,+1.046
0 days 01:09:38.037000,4,2,+1.142,+1.142
0 days 01:09:43.004000,4,2,+1.233,+1.233
0 days 01:09:47.131000,4,2,+1.225,+1.225
0 days 01:09:53.272000,4,2,+1.286,+1.286
0 days 01:09:58.697000,4,2,+1.345,+1.345
0 days 01:10:03.100000,4,2,+1.343,+1.343
0 days 01:10:07.905000,4,2,+1.324,+1.324
0 days 01:10:11.673000,4,2,+1.311,+1.311
0 days 01:10:20.106000,4,2,+1.422,+1.422
0 days 01:10:24.173000,4,2,+1.428,+1.428
0 days 01:10:24.974000,4,2,+1.442,+1.442
0 days 01:10:29.362000,4,2,+1.337,+1.337
0 days 01:10:33.810000,4,2,+1.275,+1.275
0 days 01:10:34.992000,4,2,+1.262,+1.262
0 days 01:10:37.290000,4,2,+1.228,+1.228
0 days 01:10:42.392000,4,2,+1.212,+1.212
0 days 01:10:48.038000,4,2,+1.353,+1.353
0 days 01:10:52.391000,4,2,+1.384,+1.384
0 days 01:10:55.431000,4,2,+1.364,+1.364
0 days 01:11:02.669000,4,2,+1.432,+1.432
0 days 01:11:06.445000,4,2,+1.440,+1.440
0 days 01:11:10.538000,4,2,+1.432,+1.432
0 days 01:11:16.316000,4,2,+1.524,+1.524
0 days 01:11:21.190000,4,2,+1.511,+1.511
0 days 01:11:25.189000,4,2,+1.495,+1.495
0 days 01:11:31.501000,4,2,+1.560,+1.560
0 days 01:11:36.992000,4,2,+1.566,+1.566
0 days 01:11:41.360000,4,2,+1.544,+1.544
0 days 01:11:46.177000,4,2,+1.531,+1.531
0 days 01:11:49.947000,4,2,+1.514,+1.514
0 days 01:11:58.417000,4,2,+1.541,+1.541
0 days 01:12:02.436000,4,2,+1.529,+1.529
0 days 01:12:03.270000,4,2,+1.513,+1.513
0 days 01:12:07.643000,4,2,+1.431,+1.431
0 days 01:12:12.087000,4,2,+1.375,+1.375
0 days 01:12:13.271000,4,2,+1.357,+1.357
0 days 01:12:15.566000,4,2,+1.313,+1.313
0 days 01:12:20.645000,4,2,+1.188,+1.188
0 days 01:12:26.381000,4,2,+1.373,+1.373
0 days 01:12:30.732000,4,2,+1.405,+1.405
0 days 01:12:33.729000,4,2,+1.395,+1.395
0 days 01:12:41.023000,4,2,+1.425,+1.425
0 days 01:12:44.744000,4,2,+1.410,+1.410
0 days 01:12:48.960000,4,2,+1.507,+1.507
0 days 01:12:54.848000,4,2,+1.618,+1.618
0 days 01:12:59.709000,4,2,+1.657,+1.657
0 days 01:13:03.666000,4,2,+1.639,+1.639
0 days 01:13:10.039000,4,2,+1.852,+1.852
0 days 01:13:15.470000,4,2,+1.820,+1.820
0 days 01:13:19.912000,4,2,+1.813,+1.813
0 days 01:13:24.644000,4,2,+1.799,+1.799
0 days 01:13:28.464000,4,2,+1.790,+1.790
0 days 01:13:36.944000,4,2,+1.858,+1.858
0 days 01:13:40.953000,4,2,+1.844,+1.844
0 days 01:13:41.793000,4,2,+1.824,+1.824
0 days 01:13:46.202000,4,2,+1.746,+1.746
0 days 01:13:50.587000,4,2,+1.703,+1.703
0 days 01:13:51.802000,4,2,+1.693,+1.693
0 days 01:13:54.044000,4,2,+1.642,+1.642
0 days 01:13:59.270000,4,2,+1.667,+1.667
0 days 01:14:04.720000,4,2,+1.681,+1.681
0 days 01:14:09.097000,4,2,+1.727,+1.727
0 days 01:14:12.151000,4,2,+1.723,+1.723
0 days 01:14:19.320000,4,2,+1.702,+1.702
0 days 01:14:23.120000,4,2,+1.673,+1.673
0 days 01:14:27.130000,4,2,+1.630,+1.630
0 days 01:14:32.967000,4,2,+1.654,+1.654
0 days 01:14:37.833000,4,2,+1.705,+1.705
0 days 01:14:41.893000,4,2,+1.690,+1.690
0 days 01:14:48.273000,4,2,+1.980,+1.980
0 days 01:14:53.698000,4,2,+2.010,+2.010
0 days 01:14:58.197000,4,2,+2.030,+2.030
0 days 01:15:02.979000,4,2,+2.025,+2.025
0 days 01:15:06.747000,4,2,+2.019,+2.019
0 days 01:15:15.237000,4,2,+2.097,+2.097
0 days 01:15:20.118000,4,2,+2.117,+2.117
0 days 01:15:24.491000,4,2,+2.068,+2.068
0 days 01:15:28.909000,4,2,+2.029,+2.029
0 days 01:15:30.171000,4,2,+2.033,+2.033
0 days 01:15:32.400000,4,2,+1.970,+1.970
0 days 01:15:43.091000,4,2,+2.041,+2.041
0 days 01:15:47.471000,4,2,+2.076,+2.076
0 days 01:15:50.445000,4,2,+2.061,+2.061
0 days 01:15:57.708000,4,2,+2.089,+2.089
0 days 01:16:01.503000,4,2,+2.090,+2.090
0 days 01:16:05.520000,4,2,+2.077,+2.077
0 days 01:16:11.397000,4,2,+2.165,+2.165
0 days 01:16:16.275000,4,2,+2.207,+2.207
0 days 01:16:20.298000,4,2,+2.187,+2.187
0 days 01:16:26.501000,4,2,+2.237,+2.237
0 days 01:16:31.945000,4,2,+2.287,+2.287
0 days 01:16:36.319000,4,2,+2.279,+2.279
0 days 01:16:41.145000,4,2,+2.267,+2.267
0 days 01:16:44.954000,4,2,+2.264,+2.264
0 days 01:16:53.441000,4,2,+2.215,+2.215
0 days 01:16:57.403000,4,2,+2.174,+2.174
0 days 01:16:58.172000,4,2,+2.135,+2.135
0 days 01:17:02.619000,4,2,+2.062,+2.062
0 days 01:17:07.034000,4,2,+2.019,+2.019
0 days 01:17:08.234000,4,2,+2.001,+2.001
0 days 01:17:10.389000,4,2,+1.885,+1.885
0 days 01:17:15.591000,4,2,+1.900,+1.900
0 days 01:17:21.171000,4,2,+1.971,+1.971
0 days 01:17:25.541000,4,2,+2.020,+2.020
0 days 01:17:28.541000,4,2,+2.001,+2.001
0 days 01:17:35.839000,4,2,+2.082,+2.082
0 days 01:17:39.629000,4,2,+2.069,+2.069
0 days 01:17:43.692000,4,2,+2.033,+2.033
0 days 01:17:49.492000,4,2,+2.103,+2.103
0 days 01:17:54.363000,4,2,+2.079,+2.079
0 days 01:17:58.346000,4,2,+2.055,+2.055
0 days 01:18:04.641000,4,2,+2.146,+2.146
0 days 01:18:10.076000,4,2,+2.185,+2.185
0 days 01:18:14.446000,4,2,+2.154,+2.154
0 days 01:18:19.296000,4,2,+2.137,+2.137
0 days 01:18:23.091000,4,2,+2.131,+2.131
0 days 01:18:31.565000,4,2,+2.249,+2.249
0 days 01:18:35.547000,4,2,+2.233,+2.233
0 days 01:18:36.372000,4,2,+2.202,+2.202
0 days 01:18:40.782000,4,2,+2.146,+2.146
0 days 01:18:45.216000,4,2,+2.116,+2.116
0 days 01:18:46.420000,4,2,+2.099,+2.099
0 days 01:18:48.609000,4,2,+2.035,+2.035
0 days 01:18:53.798000,4,2,+2.075,+2.075
0 days 01:18:59.420000,4,2,+2.232,+2.232
0 days 01:19:03.764000,4,2,+2.297,+2.297
0 days 01:19:06.801000,4,2,+2.292,+2.292
0 days 01:19:14.068000,4,2,+2.408,+2.408
0 days 01:19:17.847000,4,2,+2.395,+2.395
0 days 01:19:21.893000,4,2,+2.411,+2.411
0 days 01:19:27.868000,4,2,+2.630,+2.630
0 days 01:19:32.715000,4,2,+2.577,+2.577
0 days 01:19:36.687000,4,2,+2.519,+2.519
0 days 01:19:43.046000,4,2,+2.676,+2.676
0 days 01:19:48.503000,4,2,+2.672,+2.672
0 days 01:19:52.856000,4,2,+2.645,+2.645
0 days 01:19:57.746000,4,2,+2.623,+2.623
0 days 01:20:01.492000,4,2,+2.616,+2.616
0 days 01:20:09.914000,4,2,+2.601,+2.601
0 days 01:20:13.908000,4,2,+2.580,+2.580
0 days 01:20:14.775000,4,2,+2.569,+2.569
0 days 01:20:19.135000,4,2,+2.540,+2.540
0 days 01:20:23.547000,4,2,+2.506,+2.506
0 days 01:20:24.766000,4,2,+2.495,+2.495
0 days 01:20:26.993000,4,2,+2.383,+2.383
0 days 01:20:31.978000,4,2,+2.362,+2.362
0 days 01:20:37.781000,4,2,+2.551,+2.551
0 days 01:20:42.136000,4,2,+2.581,+2.581
0 days 01:20:45.110000,4,2,+2.577,+2.577
0 days 01:20:52.337000,4,2,+2.623,+2.623
0 days 01:20:56.090000,4,2,+2.603,+2.603
0 days 01:21:00.167000,4,2,+2.693,+2.693
0 days 01:21:06.094000,4,2,+2.890,+2.890
0 days 01:21:10.958000,4,2,+2.944,+2.944
0 days 01:21:14.906000,4,2,+2.926,+2.926
0 days 01:21:21.202000,4,2,+3.084,+3.084
0 days 01:21:26.701000,4,2,+3.215,+3.215
0 days 01:21:31.108000,4,2,+3.216,+3.216
0 days 01:21:35.925000,4,2,+3.208,+3.208
0 days 01:21:39.808000,4,2,+3.207,+3.207
0 days 01:21:48.236000,4,2,+3.320,+3.320
0 days 01:21:52.252000,4,2,+3.379,+3.379
0 days 01:21:53.047000,4,2,+3.635,+3.635
0 days 01:21:57.540000,4,1,LAP 14,LAP 14
0 days 01:21:57.550000,4,1,LAP 15,LAP 15
0 days 01:21:57.550000,4,1,LAP 14,LAP 14
0 days 01:21:57.550000,4,1,LAP 15,LAP 15
0 days 01:23:40.821000,4,1,LAP 16,LAP 16
0 days 01:23:58.408000,4,2,LAP 16,LAP 16
0 days 01:24:01.178000,4,3,LAP 16,LAP 16
0 days 01:24:03.893000,4,3,+4.165,+1.451
0 days 01:24:06.224000,4,4,+4.165,+1.451
0 days 01:24:06.651000,4,4,+4.538,+0.324
0 days 01:24:11.703000,4,5,+4.538,+0.324
0 days 01:24:11.853000,4,5,+4.563,+0.108
0 days 01:24:17.803000,4,5,+4.943,+0.187
0 days 01:24:21.986000,4,5,+4.785,+0.234
0 days 01:24:24.889000,4,5,+4.703,+0.230
0 days 01:24:32.237000,4,5,+4.871,+0.070
0 days 01:24:35.961000,4,5,+4.823,+0.022
0 days 01:24:40.146000,4,4,+4.823,+0.022
0 days 01:24:40.225000,4,4,+4.875,+0.436
0 days 01:24:46.024000,4,4,+5.004,+0.681
0 days 01:24:50.680000,4,4,+4.799,+0.675
0 days 01:24:54.623000,4,4,+4.702,+0.652
0 days 01:25:00.795000,4,4,+4.585,+0.772
0 days 01:25:05.978000,4,4,+4.236,+0.681
0 days 01:25:10.299000,4,4,+4.169,+0.675
0 days 01:25:15.051000,4,4,+4.067,+0.632
0 days 01:25:18.691000,4,4,+3.882,+0.492
0 days 01:25:27.105000,4,4,+3.841,+0.570
0 days 01:25:31.132000,4,4,+3.896,+0.617
0 days 01:25:32.018000,4,4,+3.927,+0.635
0 days 01:25:36.475000,4,4,+3.910,+0.649
0 days 01:25:40.871000,4,4,+3.764,+0.512
0 days 01:25:41.947000,4,4,+3.729,+0.471
0 days 01:25:44.600000,4,4,+3.903,+0.624
0 days 01:25:49.777000,4,4,+3.884,+0.667
0 days 01:25:55.174000,4,4,+3.921,+0.732
0 days 01:25:59.461000,4,4,+3.750,+0.680
0 days 01:26:02.394000,4,4,+3.725,+0.664
0 days 01:26:09.524000,4,4,+3.682,+0.696
0 days 01:26:13.280000,4,4,+3.624,+0.635
0 days 01:26:17.476000,4,4,+3.765,+0.716
0 days 01:26:23.194000,4,4,+3.654,+0.693
0 days 01:26:27.923000,4,4,+3.490,+0.586
0 days 01:26:31.793000,4,4,+3.387,+0.508
0 days 01:26:38.125000,4,4,+3.398,+0.629
0 days 01:26:43.190000,4,4,+2.975,+0.485
0 days 01:26:47.511000,4,4,+2.911,+0.474
0 days 01:26:52.197000,4,4,+2.774,+0.404
0 days 01:26:55.813000,4,4,+2.547,+0.231
0 days 01:27:04.129000,4,4,+2.266,+0.059
0 days 01:27:08.139000,4,4,+2.315,+0.074
0 days 01:27:09.219000,4,4,+2.561,+0.194
0 days 01:27:13.879000,4,4,+2.833,+0.231
0 days 01:27:18.095000,4,4,+2.592,+0.029
0 days 01:27:19.142000,4,3,+2.592,+0.029
0 days 01:27:19.221000,4,3,+2.504,+2.059
0 days 01:27:21.476000,4,3,+2.496,+1.867
0 days 01:27:26.385000,4,3,+2.358,+1.605
0 days 01:27:32.060000,4,3,+2.500,+1.559
0 days 01:27:36.292000,4,3,+2.456,+1.509
0 days 01:27:39.302000,4,3,+2.442,+1.519
0 days 01:27:46.624000,4,3,+2.649,+1.531
0 days 01:27:50.372000,4,3,+2.654,+1.525
0 days 01:27:54.613000,4,3,+2.883,+1.581
0 days 01:28:00.449000,4,3,+2.997,+1.473
0 days 01:28:05.143000,4,3,+2.924,+1.195
0 days 01:28:09.124000,4,3,+2.868,+1.106
0 days 01:28:15.327000,4,3,+3.019,+1.024
0 days 01:28:20.605000,4,3,+2.903,+0.782
0 days 01:28:24.917000,4,3,+2.900,+0.738
0 days 01:28:29.725000,4,3,+2.875,+0.708
0 days 01:28:33.525000,4,3,+2.859,+0.691
0 days 01:28:42.070000,4,3,+3.069,+0.608
0 days 01:28:46.077000,4,3,+3.100,+0.639
0 days 01:28:46.959000,4,3,+3.157,+0.648
0 days 01:28:51.379000,4,3,+3.139,+0.679
0 days 01:28:55.650000,4,3,+2.996,+0.584
0 days 01:28:56.890000,4,3,+2.950,+0.584
0 days 01:28:59.250000,4,3,+3.070,+0.757
0 days 01:29:04.351000,4,3,+3.143,+0.519
0 days 01:29:09.919000,4,3,+3.285,+0.482
0 days 01:29:14.164000,4,3,+3.259,+0.360
0 days 01:29:17.118000,4,3,+3.229,+0.344
0 days 01:29:24.310000,4,3,+3.269,+0.245
0 days 01:29:28.051000,4,3,+3.227,+0.198
0 days 01:29:32.358000,4,3,+3.397,+0.474
0 days 01:29:38.335000,4,3,+3.717,+0.466
0 days 01:29:43.135000,4,3,+3.816,+0.376
0 days 01:29:47.103000,4,3,+3.792,+0.343
0 days 01:29:53.689000,4,3,+4.222,+0.626
0 days 01:29:58.896000,4,3,+4.034,+0.397
0 days 01:30:03.211000,4,3,+4.013,+0.390
0 days 01:30:07.970000,4,3,+3.925,+0.311
0 days 01:30:11.510000,4,3,+3.715,+0.111
0 days 01:30:19.836000,4,2,+3.715,+0.111
0 days 01:30:19.918000,4,2,+3.600,+3.600
0 days 01:30:23.807000,4,2,+3.583,+3.583
0 days 01:30:24.666000,4,2,+3.613,+3.613
0 days 01:30:29.051000,4,2,+3.607,+3.607
0 days 01:30:33.477000,4,2,+3.571,+3.571
0 days 01:30:34.677000,4,2,+3.555,+3.555
0 days 01:30:37.051000,4,2,+3.599,+3.599
0 days 01:30:42.177000,4,2,+3.571,+3.571
0 days 01:30:47.593000,4,2,+3.622,+3.622
0 days 01:30:54.915000,4,2,+3.630,+3.630
0 days 01:31:02.212000,4,2,+3.816,+3.816
0 days 01:31:05.969000,4,2,+3.797,+3.797
0 days 01:31:10.221000,4,2,+3.906,+3.906
0 days 01:31:16.125000,4,2,+4.057,+4.057
0 days 01:31:20.880000,4,2,+3.983,+3.983
0 days 01:31:24.777000,4,2,+3.938,+3.938
0 days 01:31:31.078000,4,2,+4.098,+4.098
0 days 01:31:36.512000,4,2,+4.242,+4.242
0 days 01:31:40.979000,4,2,+4.319,+4.319
0 days 01:31:45.772000,4,2,+4.325,+4.325
0 days 01:31:49.571000,4,2,+4.319,+4.319
0 days 01:31:57.946000,4,2,+4.326,+4.326
0 days 01:32:01.978000,4,2,+4.369,+4.369
0 days 01:32:02.789000,4,2,+4.393,+4.393
0 days 01:32:07.147000,4,2,+4.321,+4.321
0 days 01:32:11.604000,4,2,+4.283,+4.283
0 days 01:32:12.842000,4,2,+4.287,+4.287
0 days 01:32:15.349000,4,2,+4.401,+4.401
0 days 01:32:20.378000,4,2,+4.438,+4.438
0 days 01:32:25.892000,4,2,+4.422,+4.422
0 days 01:32:30.278000,4,2,+4.460,+4.460
0 days 01:32:33.238000,4,2,+4.454,+4.454
0 days 01:32:40.452000,4,2,+4.510,+4.510
0 days 01:32:44.201000,4,2,+4.493,+4.493
0 days 01:32:48.399000,4,2,+4.591,+4.591
0 days 01:32:54.245000,4,2,+4.606,+4.606
0 days 01:32:59.027000,4,2,+4.445,+4.445
0 days 01:33:02.893000,4,2,+4.375,+4.375
0 days 01:33:09.187000,4,2,+4.570,+4.570
0 days 01:33:14.588000,4,2,+4.440,+4.440
0 days 01:33:19.015000,4,2,+4.493,+4.493
0 days 01:33:23.843000,4,2,+4.486,+4.486
0 days 01:33:27.653000,4,2,+4.481,+4.481
0 days 01:33:36.053000,4,2,+4.458,+4.458
0 days 01:33:39.970000,4,2,+4.431,+4.431
0 days 01:33:40.834000,4,2,+4.418,+4.418
0 days 01:33:45.148000,4,2,+4.315,+4.315
0 days 01:33:49.579000,4,2,+4.268,+4.268
0 days 01:33:50.756000,4,2,+4.264,+4.264
0 days 01:33:53.079000,4,2,+4.254,+4.254
0 days 01:33:58.041000,4,2,+3.944,+3.944
0 days 01:34:03.601000,4,2,+4.086,+4.086
0 days 01:34:07.870000,4,2,+4.091,+4.091
0 days 01:34:10.817000,4,2,+4.073,+4.073
0 days 01:34:18.016000,4,2,+4.100,+4.100
0 days 01:34:21.781000,4,2,+4.073,+4.073
0 days 01:34:26.022000,4,2,+4.152,+4.152
0 days 01:34:31.878000,4,2,+4.215,+4.215
0 days 01:34:36.504000,4,2,+4.073,+4.073
0 days 01:34:40.534000,4,2,+4.013,+4.013
0 days 01:34:46.633000,4,2,+4.024,+4.024
0 days 01:34:52.066000,4,2,+4.050,+4.050
0 days 01:34:56.507000,4,2,+4.119,+4.119
0 days 01:35:01.299000,4,2,+4.115,+4.115
0 days 01:35:05.131000,4,2,+4.105,+4.105
0 days 01:35:13.410000,4,2,+4.004,+4.004
0 days 01:35:17.330000,4,2,+3.967,+3.967
0 days 01:35:18.159000,4,2,+3.984,+3.984
0 days 01:35:22.521000,4,2,+3.913,+3.913
0 days 01:35:26.957000,4,2,+3.870,+3.870
0 days 01:35:28.081000,4,2,+3.869,+3.869
0 days 01:35:30.448000,4,2,+3.938,+3.938
0 days 01:35:35.580000,4,2,+3.873,+3.873
0 days 01:35:40.949000,4,2,+3.792,+3.792
0 days 01:35:45.253000,4,2,+3.790,+3.790
0 days 01:35:48.254000,4,2,+3.784,+3.784
0 days 01:35:55.481000,4,2,+3.986,+3.986
0 days 01:35:59.218000,4,2,+3.965,+3.965
0 days 01:36:03.454000,4,2,+4.025,+4.025
0 days 01:36:09.227000,4,2,+4.113,+4.113
0 days 01:36:13.955000,4,2,+4.116,+4.116
0 days 01:36:17.865000,4,2,+4.082,+4.082
0 days 01:36:24.149000,4,2,+4.172,+4.172
0 days 01:36:29.500000,4,2,+4.101,+4.101
0 days 01:36:33.880000,4,2,+4.119,+4.119
0 days 01:36:38.649000,4,2,+4.109,+4.109
0 days 01:36:42.433000,4,2,+4.101,+4.101
0 days 01:36:50.705000,4,2,+4.017,+4.017
0 days 01:36:54.654000,4,2,+4.004,+4.004
0 days 01:36:55.488000,4,2,+4.015,+4.015
0 days 01:36:59.782000,4,2,+4.002,+4.002
0 days 01:37:04.181000,4,2,+3.966,+3.966
0 days 01:37:05.381000,4,2,+3.963,+3.963
0 days 01:37:07.654000,4,2,+3.992,+3.992
0 days 01:37:12.843000,4,2,+3.991,+3.991
0 days 01:37:18.243000,4,2,+4.090,+4.090
0 days 01:37:22.502000,4,2,+4.102,+4.102
0 days 01:37:25.490000,4,2,+4.095,+4.095
0 days 01:37:32.604000,4,2,+4.050,+4.050
0 days 01:37:36.286000,4,2,+4.022,+4.022
0 days 01:37:40.456000,4,2,+4.035,+4.035
0 days 01:37:46.106000,4,2,+4.021,+4.021
0 days 01:37:50.887000,4,2,+3.997,+3.997
0 days 01:37:54.774000,4,2,+3.964,+3.964
0 days 01:38:00.918000,4,2,+3.977,+3.977
0 days 01:38:06.409000,4,2,+4.094,+4.094
0 days 01:38:10.827000,4,2,+4.134,+4.134
0 days 01:38:15.578000,4,2,+4.128,+4.128
0 days 01:38:19.360000,4,2,+4.123,+4.123
0 days 01:38:27.710000,4,2,+4.147,+4.147
0 days 01:38:31.616000,4,2,+4.110,+4.110
0 days 01:38:32.430000,4,2,+4.103,+4.103
0 days 01:38:36.756000,4,2,+3.984,+3.984
0 days 01:38:41.155000,4,2,+3.927,+3.927
0 days 01:38:42.396000,4,2,+3.916,+3.916
0 days 01:38:44.681000,4,2,+4.005,+4.005
0 days 01:38:49.857000,4,2,+4.055,+4.055
0 days 01:38:55.285000,4,2,+4.026,+4.026
0 days 01:38:59.557000,4,2,+4.043,+4.043
0 days 01:39:02.555000,4,2,+4.035,+4.035
0 days 01:39:09.779000,4,2,+4.084,+4.084
0 days 01:39:13.448000,4,2,+4.051,+4.051
0 days 01:39:17.617000,4,2,+4.112,+4.112
0 days 01:39:23.355000,4,2,+4.160,+4.160
0 days 01:39:28.110000,4,2,+4.176,+4.176
0 days 01:39:32.110000,4,2,+4.174,+4.174
0 days 01:39:38.401000,4,2,+4.349,+4.349
0 days 01:39:43.729000,4,2,+4.343,+4.343
0 days 01:39:48.088000,4,2,+4.348,+4.348
0 days 01:39:52.883000,4,2,+4.334,+4.334
0 days 01:39:56.923000,4,2,+4.322,+4.322
0 days 01:40:05.011000,4,2,+4.195,+4.195
0 days 01:40:08.960000,4,2,+4.192,+4.192
0 days 01:40:09.784000,4,2,+4.218,+4.218
0 days 01:40:14.082000,4,2,+4.156,+4.156
0 days 01:40:18.535000,4,2,+4.116,+4.116
0 days 01:40:19.773000,4,2,+4.108,+4.108
0 days 01:40:21.996000,4,2,+4.163,+4.163
0 days 01:40:27.029000,4,2,+3.911,+3.911
0 days 01:40:32.456000,4,2,+4.016,+4.016
0 days 01:40:36.834000,4,2,+4.053,+4.053
0 days 01:40:39.812000,4,2,+4.059,+4.059
0 days 01:40:46.985000,4,2,+4.102,+4.102
0 days 01:40:50.656000,4,2,+4.080,+4.080
0 days 01:40:54.756000,4,2,+4.091,+4.091
0 days 01:41:00.451000,4,2,+4.097,+4.097
0 days 01:41:05.171000,4,2,+4.021,+4.021
0 days 01:41:09.137000,4,2,+3.968,+3.968
0 days 01:41:15.474000,4,2,+4.193,+4.193
0 days 01:41:20.808000,4,2,+4.178,+4.178
0 days 01:41:25.112000,4,2,+4.158,+4.158
0 days 01:41:30.002000,4,2,+4.151,+4.151
0 days 01:41:33.715000,4,2,+4.146,+4.146
0 days 01:41:42.076000,4,2,+4.088,+4.088
0 days 01:41:45.984000,4,2,+4.081,+4.081
0 days 01:41:46.845000,4,2,+4.108,+4.108
0 days 01:41:51.245000,4,2,+4.102,+4.102
0 days 01:41:55.657000,4,2,+4.069,+4.069
0 days 01:41:56.895000,4,2,+4.059,+4.059
0 days 01:41:59.156000,4,2,+4.052,+4.052
0 days 01:42:04.157000,4,2,+3.822,+3.822
0 days 01:42:09.603000,4,2,+3.965,+3.965
0 days 01:42:13.962000,4,2,+4.025,+4.025
0 days 01:42:16.988000,4,2,+4.030,+4.030
0 days 01:42:24.005000,4,2,+3.956,+3.956
0 days 01:42:27.683000,4,2,+3.929,+3.929
0 days 01:42:31.785000,4,2,+3.938,+3.938
0 days 01:42:37.445000,4,2,+3.899,+3.899
0 days 01:42:42.188000,4,2,+3.840,+3.840
0 days 01:42:46.083000,4,2,+3.794,+3.794
0 days 01:42:52.182000,4,2,+3.790,+3.790
0 days 01:42:57.577000,4,2,+3.798,+3.798
0 days 01:43:01.985000,4,2,+3.777,+3.777
0 days 01:43:06.720000,4,2,+3.760,+3.760
0 days 01:43:10.515000,4,2,+3.749,+3.749
0 days 01:43:18.859000,4,2,+3.791,+3.791
0 days 01:43:22.857000,4,2,+3.785,+3.785
0 days 01:43:23.700000,4,2,+3.795,+3.795
0 days 01:43:28.030000,4,2,+3.744,+3.744
0 days 01:43:32.406000,4,2,+3.708,+3.708
0 days 01:43:33.599000,4,2,+3.697,+3.697
0 days 01:43:35.883000,4,2,+3.688,+3.688
0 days 01:43:41.009000,4,2,+3.605,+3.605
0 days 01:43:46.475000,4,2,+3.736,+3.736
0 days 01:43:50.715000,4,2,+3.749,+3.749
0 days 01:43:53.714000,4,2,+3.750,+3.750
0 days 01:44:00.694000,4,2,+3.627,+3.627
0 days 01:44:04.478000,4,2,+3.606,+3.606
0 days 01:44:08.450000,4,2,+3.565,+3.565
0 days 01:44:14.093000,4,2,+3.556,+3.556
0 days 01:44:18.849000,4,2,+3.532,+3.532
0 days 01:44:22.804000,4,2,+3.486,+3.486
0 days 01:44:28.941000,4,2,+3.475,+3.475
0 days 01:44:34.218000,4,2,+3.442,+3.442
0 days 01:44:38.502000,4,2,+3.417,+3.417
0 days 01:44:43.284000,4,2,+3.401,+3.401
0 days 01:44:47.083000,4,2,+3.392,+3.392
0 days 01:44:55.458000,4,2,+3.360,+3.360
0 days 01:44:59.416000,4,2,+3.350,+3.350
0 days 01:45:00.212000,4,2,+3.340,+3.340
0 days 01:45:04.486000,4,2,+3.252,+3.252
0 days 01:45:08.883000,4,2,+3.204,+3.204
0 days 01:45:10.084000,4,2,+3.188,+3.188
0 days 01:45:12.400000,4,2,+3.250,+3.250
0 days 01:45:17.431000,4,2,+3.233,+3.233
0 days 01:45:22.916000,4,2,+3.339,+3.339
0 days 01:45:27.253000,4,2,+3.365,+3.365
0 days 01:45:30.196000,4,2,+3.371,+3.371
0 days 01:45:37.296000,4,2,+3.350,+3.350
0 days 01:45:40.972000,4,2,+3.314,+3.314
0 days 01:45:44.947000,4,2,+3.262,+3.262
0 days 01:45:50.604000,4,2,+3.267,+3.267
0 days 01:45:55.258000,4,2,+3.227,+3.227
0 days 01:45:59.190000,4,2,+3.183,+3.183
0 days 01:46:05.362000,4,2,+3.307,+3.307
0 days 01:46:10.685000,4,2,+3.259,+3.259
0 days 01:46:15.017000,4,2,+3.228,+3.228
0 days 01:46:19.859000,4,2,+3.202,+3.202
0 days 01:46:23.587000,4,2,+3.187,+3.187
0 days 01:46:31.914000,4,2,+3.254,+3.254
0 days 01:46:35.887000,4,2,+3.242,+3.242
0 days 01:46:36.685000,4,2,+3.266,+3.266
0 days 01:46:41.036000,4,2,+3.250,+3.250
0 days 01:46:45.408000,4,2,+3.215,+3.215
0 days 01:46:46.648000,4,2,+3.210,+3.210
0 days 01:46:48.881000,4,2,+3.254,+3.254
0 days 01:46:53.811000,4,2,+3.153,+3.153
0 days 01:46:59.351000,4,2,+3.210,+3.210
0 days 01:47:03.635000,4,2,+3.238,+3.238
0 days 01:47:06.603000,4,2,+3.234,+3.234
0 days 01:47:13.676000,4,2,+3.158,+3.158
0 days 01:47:17.343000,4,2,+3.136,+3.136
0 days 01:47:21.385000,4,2,+3.025,+3.025
0 days 01:47:26.886000,4,2,+2.974,+2.974
0 days 01:47:31.577000,4,2,+2.918,+2.918
0 days 01:47:35.529000,4,2,+2.875,+2.875
0 days 01:47:41.674000,4,2,+2.917,+2.917
0 days 01:47:47.059000,4,2,+2.933,+2.933
0 days 01:47:51.386000,4,2,+2.887,+2.887
0 days 01:47:56.123000,4,2,+2.868,+2.868
0 days 01:47:59.985000,4,2,+2.858,+2.858
0 days 01:48:08.359000,4,2,+2.930,+2.930
0 days 01:48:12.259000,4,2,+2.934,+2.934
0 days 01:48:13.043000,4,2,+2.941,+2.941
0 days 01:48:17.403000,4,2,+2.775,+2.775
0 days 01:48:21.744000,4,2,+2.711,+2.711
0 days 01:48:22.982000,4,2,+2.693,+2.693
0 days 01:48:25.186000,4,2,+2.676,+2.676
0 days 01:48:30.223000,4,2,+2.711,+2.711
0 days 01:48:35.577000,4,2,+2.684,+2.684
0 days 01:48:40.002000,4,2,+2.671,+2.671
0 days 01:48:42.801000,4,2,+2.669,+2.669
0 days 01:48:49.922000,4,2,+2.647,+2.647
0 days 01:48:53.581000,4,2,+2.617,+2.617
0 days 01:48:57.548000,4,2,+2.554,+2.554
0 days 01:49:03.111000,4,2,+2.489,+2.489
0 days 01:49:07.887000,4,2,+2.514,+2.514
0 days 01:49:11.830000,4,2,+2.504,+2.504
0 days 01:49:18.088000,4,2,+2.566,+2.566
0 days 01:49:23.380000,4,2,+2.581,+2.581
0 days 01:49:27.702000,4,2,+2.580,+2.580
0 days 01:49:32.486000,4,2,+2.562,+2.562
0 days 01:49:36.286000,4,2,+2.549,+2.549
0 days 01:49:44.610000,4,2,+2.585,+2.585
0 days 01:49:48.586000,4,2,+2.572,+2.572
0 days 01:49:49.439000,4,2,+2.560,+2.560
0 days 01:49:53.817000,4,2,+2.480,+2.480
0 days 01:49:58.152000,4,2,+2.438,+2.438
0 days 01:49:59.318000,4,2,+2.423,+2.423
0 days 01:50:01.540000,4,2,+2.422,+2.422
0 days 01:50:06.656000,4,2,+2.410,+2.410
0 days 01:50:12.155000,4,2,+2.464,+2.464
0 days 01:50:16.453000,4,2,+2.432,+2.432
0 days 01:50:19.422000,4,2,+2.438,+2.438
0 days 01:50:26.560000,4,2,+2.524,+2.524
0 days 01:50:30.279000,4,2,+2.513,+2.513
0 days 01:50:34.356000,4,2,+2.507,+2.507
0 days 01:50:40.206000,4,2,+2.485,+2.485
0 days 01:50:44.694000,4,2,+2.549,+2.549
0 days 01:50:48.651000,4,2,+2.541,+2.541
0 days 01:50:54.824000,4,2,+2.611,+2.611
0 days 01:51:00.239000,4,2,+2.675,+2.675
0 days 01:51:09.338000,4,2,+2.661,+2.661
0 days 01:51:13.176000,4,2,+2.651,+2.651
0 days 01:51:21.486000,4,2,+2.703,+2.703
0 days 01:51:25.460000,4,2,+2.698,+2.698
0 days 01:51:26.302000,4,2,+2.718,+2.718
0 days 01:51:30.599000,4,2,+2.644,+2.644
0 days 01:51:34.978000,4,2,+2.601,+2.601
0 days 01:51:36.237000,4,2,+2.595,+2.595
0 days 01:51:38.453000,4,2,+2.694,+2.694
0 days 01:51:43.434000,4,2,+2.611,+2.611
0 days 01:51:48.968000,4,2,+2.662,+2.662
0 days 01:51:53.307000,4,2,+2.681,+2.681
0 days 01:51:56.271000,4,2,+2.676,+2.676
0 days 01:52:03.341000,4,2,+2.679,+2.679
0 days 01:52:07.080000,4,2,+2.666,+2.666
0 days 01:52:11.092000,4,2,+2.711,+2.711
0 days 01:52:16.786000,4,2,+2.848,+2.848
0 days 01:52:21.550000,4,2,+2.841,+2.841
0 days 01:52:25.427000,4,2,+2.811,+2.811
0 days 01:52:31.587000,4,2,+2.844,+2.844
0 days 01:52:36.947000,4,2,+2.924,+2.924
0 days 01:52:41.255000,4,2,+2.922,+2.922
0 days 01:52:46.049000,4,2,+2.908,+2.908
0 days 01:52:50.006000,4,2,+2.898,+2.898
0 days 01:52:58.306000,4,2,+3.067,+3.067
0 days 01:53:02.235000,4,2,+3.043,+3.043
0 days 01:53:03.122000,4,2,+3.052,+3.052
0 days 01:53:07.356000,4,2,+2.969,+2.969
0 days 01:53:11.750000,4,2,+2.924,+2.924
0 days 01:53:12.924000,4,2,+2.908,+2.908
0 days 01:53:15.207000,4,2,+2.976,+2.976
0 days 01:53:20.187000,4,2,+2.884,+2.884
0 days 01:53:25.873000,4,2,+3.006,+3.006
0 days 01:53:30.018000,4,2,+2.868,+2.868
0 days 01:53:40.110000,4,2,+2.948,+2.948
0 days 01:53:43.820000,4,2,+2.928,+2.928
0 days 01:53:48.014000,4,2,+2.967,+2.967
0 days 01:53:53.563000,4,2,+3.091,+3.091
0 days 01:53:58.478000,4,2,+3.229,+3.229
0 days 01:54:02.507000,4,2,+3.291,+3.291
0 days 01:54:08.792000,4,2,+3.373,+3.373
0 days 01:54:14.157000,4,2,+3.451,+3.451
0 days 01:54:18.489000,4,2,+3.477,+3.477
0 days 01:54:23.303000,4,2,+3.472,+3.472
0 days 01:54:27.156000,4,2,+3.467,+3.467
0 days 01:54:35.494000,4,2,+3.466,+3.466
0 days 01:54:39.405000,4,2,+3.434,+3.434
0 days 01:54:40.230000,4,2,+3.424,+3.424
0 days 01:54:44.577000,4,2,+3.360,+3.360
0 days 01:54:48.964000,4,2,+3.321,+3.321
0 days 01:54:50.204000,4,2,+3.308,+3.308
0 days 01:54:52.379000,4,2,+3.363,+3.363
0 days 01:54:57.561000,4,2,+3.457,+3.457
0 days 01:55:03.038000,4,2,+3.449,+3.449
0 days 01:55:07.413000,4,2,+3.482,+3.482
0 days 01:55:10.290000,4,2,+3.474,+3.474
0 days 01:55:17.542000,4,2,+3.695,+3.695
0 days 01:55:21.262000,4,2,+3.676,+3.676
0 days 01:55:25.266000,4,2,+3.648,+3.648
0 days 01:55:30.862000,4,2,+3.660,+3.660
0 days 01:55:35.699000,4,2,+3.684,+3.684
0 days 01:55:39.614000,4,2,+3.657,+3.657
0 days 01:55:45.836000,4,2,+3.753,+3.753
0 days 01:55:51.162000,4,2,+3.721,+3.721
0 days 01:55:55.488000,4,2,+3.696,+3.696
0 days 01:56:00.291000,4,2,+3.691,+3.691
0 days 01:56:04.125000,4,2,+3.688,+3.688
0 days 01:56:12.378000,4,2,+3.699,+3.699
0 days 01:56:16.340000,4,2,+3.671,+3.671
0 days 01:56:17.112000,4,2,+3.657,+3.657
0 days 01:56:21.423000,4,2,+3.574,+3.574
0 days 01:56:25.857000,4,2,+3.533,+3.533
0 days 01:56:26.981000,4,2,+3.521,+3.521
0 days 01:56:29.380000,4,2,+3.539,+3.539
0 days 01:56:34.188000,4,2,+3.431,+3.431
0 days 01:56:39.724000,4,2,+3.461,+3.461
0 days 01:56:44.030000,4,2,+3.453,+3.453
0 days 01:56:46.972000,4,2,+3.450,+3.450
0 days 01:56:54.015000,4,2,+3.493,+3.493
0 days 01:56:57.739000,4,2,+3.463,+3.463
0 days 01:57:01.681000,4,2,+3.410,+3.410
0 days 01:57:07.302000,4,2,+3.360,+3.360
0 days 01:57:12.036000,4,2,+3.338,+3.338
0 days 01:57:15.978000,4,2,+3.316,+3.316
0 days 01:57:22.113000,4,2,+3.347,+3.347
0 days 01:57:27.480000,4,2,+3.373,+3.373
0 days 01:57:31.772000,4,2,+3.345,+3.345
0 days 01:57:36.562000,4,2,+3.328,+3.328
0 days 01:57:40.426000,4,2,+3.320,+3.320
0 days 01:57:48.778000,4,2,+3.238,+3.238
0 days 01:57:52.663000,4,2,+3.197,+3.197
0 days 01:57:53.463000,4,2,+3.166,+3.166
0 days 01:57:57.763000,4,2,+3.095,+3.095
0 days 01:58:02.082000,4,2,+3.059,+3.059
0 days 01:58:03.263000,4,2,+3.044,+3.044
0 days 01:58:05.541000,4,2,+3.077,+3.077
0 days 01:58:10.518000,4,2,+2.968,+2.968
0 days 01:58:16.059000,4,2,+3.035,+3.035
0 days 01:58:20.324000,4,2,+2.984,+2.984
0 days 01:58:23.256000,4,2,+2.986,+2.986
0 days 01:58:30.319000,4,2,+3.013,+3.013
0 days 01:58:34.063000,4,2,+3.012,+3.012
0 days 01:58:38.010000,4,2,+2.962,+2.962
0 days 01:58:43.589000,4,2,+2.856,+2.856
0 days 01:58:48.410000,4,2,+2.867,+2.867
0 days 01:58:52.304000,4,2,+2.842,+2.842
0 days 01:58:58.363000,4,2,+2.841,+2.841
0 days 01:59:03.715000,4,2,+2.837,+2.837
0 days 01:59:08.013000,4,2,+2.834,+2.834
0 days 01:59:12.839000,4,2,+2.823,+2.823
0 days 01:59:16.690000,4,2,+2.813,+2.813
0 days 01:59:24.962000,4,2,+2.731,+2.731
0 days 01:59:28.864000,4,2,+2.698,+2.698
0 days 01:59:29.690000,4,2,+2.711,+2.711
0 days 01:59:34.003000,4,2,+2.679,+2.679
0 days 01:59:38.337000,4,2,+2.641,+2.641
0 days 01:59:39.712000,4,2,+2.631,+2.631
0 days 01:59:41.785000,4,2,+2.662,+2.662
0 days 01:59:46.657000,4,2,+2.582,+2.582
0 days 01:59:52.310000,4,2,+2.649,+2.649
0 days 01:59:56.511000,4,2,+2.612,+2.612
0 days 01:59:59.518000,4,2,+2.610,+2.610
0 days 02:00:06.591000,4,2,+2.656,+2.656
0 days 02:00:10.264000,4,2,+2.634,+2.634
0 days 02:00:14.225000,4,2,+2.570,+2.570
0 days 02:00:19.805000,4,2,+2.476,+2.476
0 days 02:00:24.559000,4,2,+2.479,+2.479
0 days 02:00:28.450000,4,2,+2.460,+2.460
0 days 02:00:34.631000,4,2,+2.441,+2.441
0 days 02:00:39.977000,4,2,+2.485,+2.485
0 days 02:00:44.207000,4,2,+2.470,+2.470
0 days 02:00:48.990000,4,2,+2.455,+2.455
0 days 02:00:52.810000,4,2,+2.443,+2.443
0 days 02:01:01.165000,4,2,+2.407,+2.407
0 days 02:01:05.071000,4,2,+2.375,+2.375
0 days 02:01:05.868000,4,2,+2.373,+2.373
0 days 02:01:10.191000,4,2,+2.344,+2.344
0 days 02:01:14.518000,4,2,+2.301,+2.301
0 days 02:01:15.720000,4,2,+2.287,+2.287
0 days 02:01:17.953000,4,2,+2.359,+2.359
0 days 02:01:22.945000,4,2,+2.279,+2.279
0 days 02:01:28.544000,4,2,+2.393,+2.393
0 days 02:01:32.709000,4,2,+2.354,+2.354
0 days 02:01:35.666000,4,2,+2.350,+2.350
0 days 02:01:42.744000,4,2,+2.409,+2.409
0 days 02:01:46.407000,4,2,+2.380,+2.380
0 days 02:01:50.354000,4,2,+2.388,+2.388
0 days 02:01:55.904000,4,2,+2.400,+2.400
0 days 02:02:00.701000,4,2,+2.408,+2.408
0 days 02:02:04.665000,4,2,+2.389,+2.389
0 days 02:02:11.139000,4,2,+2.388,+2.388
0 days 02:02:16.205000,4,2,+2.476,+2.476
0 days 02:02:20.540000,4,2,+2.456,+2.456
0 days 02:02:25.265000,4,2,+2.442,+2.442
0 days 02:02:29.009000,4,2,+2.433,+2.433
0 days 02:02:37.292000,4,2,+2.341,+2.341
0 days 02:02:41.243000,4,2,+2.328,+2.328
0 days 02:02:42.039000,4,2,+2.350,+2.350
0 days 02:02:46.439000,4,2,+2.361,+2.361
0 days 02:02:50.793000,4,2,+2.335,+2.335
0 days 02:02:51.962000,4,2,+2.314,+2.314
0 days 02:02:54.121000,4,2,+2.280,+2.280
0 days 02:02:59.011000,4,2,+2.270,+2.270
0 days 02:03:04.647000,4,2,+2.426,+2.426
0 days 02:03:08.870000,4,2,+2.410,+2.410
0 days 02:03:11.854000,4,2,+2.401,+2.401
0 days 02:03:18.872000,4,2,+2.456,+2.456
0 days 02:03:22.608000,4,2,+2.458,+2.458
0 days 02:03:26.539000,4,2,+2.449,+2.449
0 days 02:03:32.093000,4,2,+2.526,+2.526
0 days 02:03:36.924000,4,2,+2.528,+2.528
0 days 02:03:40.826000,4,2,+2.506,+2.506
0 days 02:03:47.092000,4,2,+2.626,+2.626
0 days 02:03:52.387000,4,2,+2.674,+2.674
0 days 02:03:56.630000,4,2,+2.653,+2.653
0 days 02:04:01.433000,4,2,+2.643,+2.643
0 days 02:04:05.310000,4,2,+2.635,+2.635
0 days 02:04:13.689000,4,2,+2.744,+2.744
0 days 02:04:17.630000,4,2,+2.732,+2.732
0 days 02:04:18.464000,4,2,+2.738,+2.738
0 days 02:04:22.861000,4,2,+2.749,+2.749
0 days 02:04:27.192000,4,2,+2.718,+2.718
0 days 02:04:28.328000,4,2,+2.703,+2.703
0 days 02:04:30.585000,4,2,+2.797,+2.797
0 days 02:04:35.595000,4,2,+2.775,+2.775
0 days 02:04:41.151000,4,2,+2.925,+2.925
0 days 02:04:45.414000,4,2,+2.960,+2.960
0 days 02:04:48.393000,4,2,+2.962,+2.962
0 days 02:04:55.424000,4,2,+3.066,+3.066
0 days 02:04:59.154000,4,2,+3.043,+3.043
0 days 02:05:03.151000,4,2,+3.101,+3.101
0 days 02:05:08.921000,4,2,+3.298,+3.298
0 days 02:05:13.629000,4,2,+3.332,+3.332
0 days 02:05:17.511000,4,2,+3.297,+3.297
0 days 02:05:23.640000,4,2,+3.393,+3.393
0 days 02:05:29.066000,4,2,+3.470,+3.470
0 days 02:05:33.369000,4,2,+3.455,+3.455
0 days 02:05:38.194000,4,2,+3.449,+3.449
0 days 02:05:42.158000,4,2,+3.440,+3.440
0 days 02:05:50.366000,4,2,+3.437,+3.437
0 days 02:05:54.340000,4,2,+3.429,+3.429
0 days 02:05:55.140000,4,2,+3.434,+3.434
0 days 02:05:59.475000,4,2,+3.382,+3.382
0 days 02:06:03.812000,4,2,+3.348,+3.348
0 days 02:06:05.066000,4,2,+3.343,+3.343
0 days 02:06:07.312000,4,2,+3.455,+3.455
0 days 02:06:12.393000,4,2,+3.614,+3.614
0 days 02:06:17.894000,4,2,+3.630,+3.630
0 days 02:06:22.158000,4,2,+3.613,+3.613
0 days 02:06:25.115000,4,2,+3.621,+3.621
0 days 02:06:32.293000,4,2,+3.731,+3.731
0 days 02:06:35.967000,4,2,+3.701,+3.701
0 days 02:06:39.955000,4,2,+3.792,+3.792
0 days 02:06:45.555000,4,2,+3.836,+3.836
0 days 02:06:50.519000,4,2,+3.817,+3.817
0 days 02:06:54.315000,4,2,+3.776,+3.776
0 days 02:07:00.655000,4,2,+4.023,+4.023
0 days 02:07:05.976000,4,2,+4.066,+4.066
0 days 02:07:10.253000,4,2,+4.063,+4.063
0 days 02:07:15.056000,4,2,+4.053,+4.053
0 days 02:07:18.964000,4,2,+4.041,+4.041
0 days 02:07:27.242000,4,2,+4.025,+4.025
0 days 02:07:31.155000,4,2,+3.998,+3.998
0 days 02:07:32.002000,4,2,+3.966,+3.966
0 days 02:07:36.367000,4,2,+3.931,+3.931
0 days 02:07:40.740000,4,2,+3.906,+3.906
0 days 02:07:41.893000,4,2,+3.899,+3.899
0 days 02:07:44.219000,4,2,+4.036,+4.036
0 days 02:07:49.314000,4,2,+4.138,+4.138
0 days 02:07:54.885000,4,2,+4.174,+4.174
0 days 02:07:59.120000,4,2,+4.138,+4.138
0 days 02:08:02.068000,4,2,+4.141,+4.141
0 days 02:08:09.216000,4,2,+4.198,+4.198
0 days 02:08:12.961000,4,2,+4.187,+4.187
0 days 02:08:16.893000,4,2,+4.238,+4.238
0 days 02:08:22.576000,4,2,+4.404,+4.404
0 days 02:08:27.383000,4,2,+4.429,+4.429
0 days 02:08:31.293000,4,2,+4.383,+4.383
0 days 02:08:37.594000,4,2,+4.465,+4.465
0 days 02:08:42.972000,4,2,+4.509,+4.509
0 days 02:08:47.162000,4,2,+4.523,+4.523
0 days 02:08:51.987000,4,2,+4.515,+4.515
0 days 02:08:55.785000,4,2,+4.516,+4.516
0 days 02:09:04.199000,4,2,+4.555,+4.555
0 days 02:09:08.132000,4,2,+4.547,+4.547
0 days 02:09:09.016000,4,2,+4.550,+4.550
0 days 02:09:13.370000,4,2,+4.536,+4.536
0 days 02:09:17.667000,4,2,+4.515,+4.515
0 days 02:09:18.934000,4,2,+4.503,+4.503
0 days 02:09:21.103000,4,2,+4.560,+4.560
0 days 02:09:26.201000,4,2,+4.647,+4.647
0 days 02:09:31.864000,4,2,+4.675,+4.675
0 days 02:09:36.095000,4,2,+4.625,+4.625
0 days 02:09:39.042000,4,2,+4.629,+4.629
0 days 02:09:46.142000,4,2,+4.676,+4.676
0 days 02:09:49.846000,4,2,+4.651,+4.651
0 days 02:09:53.860000,4,2,+4.759,+4.759
0 days 02:09:59.479000,4,2,+4.856,+4.856
0 days 02:10:04.260000,4,2,+4.806,+4.806
0 days 02:10:08.207000,4,2,+4.781,+4.781
0 days 02:10:14.315000,4,2,+4.770,+4.770
0 days 02:10:19.796000,4,2,+4.807,+4.807
0 days 02:10:23.945000,4,2,+4.783,+4.783
0 days 02:10:28.800000,4,2,+4.769,+4.769
0 days 02:10:32.598000,4,2,+4.762,+4.762
0 days 02:10:40.999000,4,2,+4.829,+4.829
0 days 02:10:44.946000,4,2,+4.812,+4.812
0 days 02:10:45.724000,4,2,+4.788,+4.788
0 days 02:10:50.072000,4,2,+4.746,+4.746
0 days 02:10:54.441000,4,2,+4.713,+4.713
0 days 02:10:55.594000,4,2,+4.696,+4.696
0 days 02:10:57.880000,4,2,+4.748,+4.748
0 days 02:11:02.994000,4,2,+4.709,+4.709
0 days 02:11:08.368000,4,2,+4.670,+4.670
0 days 02:11:12.642000,4,2,+4.641,+4.641
0 days 02:11:15.586000,4,2,+4.642,+4.642
0 days 02:11:22.668000,4,2,+4.633,+4.633
0 days 02:11:26.417000,4,2,+4.614,+4.614
0 days 02:11:30.360000,4,2,+4.592,+4.592
0 days 02:11:35.877000,4,2,+4.566,+4.566
0 days 02:11:40.660000,4,2,+4.536,+4.536
0 days 02:11:44.794000,4,2,+4.499,+4.499
0 days 02:11:50.842000,4,2,+4.607,+4.607
0 days 02:11:56.122000,4,2,+4.594,+4.594
0 days 02:12:00.427000,4,2,+4.585,+4.585
0 days 02:12:05.269000,4,2,+4.574,+4.574
0 days 02:12:09.027000,4,2,+4.562,+4.562
0 days 02:12:17.439000,4,2,+4.514,+4.514
0 days 02:12:21.343000,4,2,+4.494,+4.494
0 days 02:12:22.221000,4,2,+4.509,+4.509
0 days 02:12:26.486000,4,2,+4.468,+4.468
0 days 02:12:30.789000,4,2,+4.437,+4.437
0 days 02:12:32.004000,4,2,+4.430,+4.430
0 days 02:12:34.219000,4,2,+4.483,+4.483
0 days 02:12:39.237000,4,2,+4.477,+4.477
0 days 02:12:44.727000,4,2,+4.461,+4.461
0 days 02:12:48.897000,4,2,+4.374,+4.374
0 days 02:12:51.895000,4,2,+4.376,+4.376
0 days 02:12:58.955000,4,2,+4.429,+4.429
0 days 02:13:02.664000,4,2,+4.418,+4.418
0 days 02:13:06.615000,4,2,+4.420,+4.420
0 days 02:13:12.153000,4,2,+4.471,+4.471
0 days 02:13:16.897000,4,2,+4.340,+4.340
0 days 02:13:20.791000,4,2,+4.251,+4.251
0 days 02:13:26.987000,4,2,+4.265,+4.265
0 days 02:13:32.362000,4,2,+4.264,+4.264
0 days 02:13:36.586000,4,2,+4.265,+4.265
0 days 02:13:41.396000,4,2,+4.248,+4.248
0 days 02:13:45.210000,4,2,+4.241,+4.241
0 days 02:13:53.505000,4,2,+4.174,+4.174
0 days 02:13:57.370000,4,2,+4.153,+4.153
0 days 02:14:02.511000,4,2,+4.078,+4.078
0 days 02:14:06.843000,4,2,+4.051,+4.051
0 days 02:14:08.088000,4,2,+4.044,+4.044
0 days 02:14:10.264000,4,2,+4.111,+4.111
0 days 02:14:15.187000,4,2,+4.028,+4.028
0 days 02:14:24.868000,4,2,+3.927,+3.927
0 days 02:14:27.814000,4,2,+3.924,+3.924
0 days 02:14:34.853000,4,2,+3.932,+3.932
0 days 02:14:38.550000,4,2,+3.917,+3.917
0 days 02:14:42.472000,4,2,+3.936,+3.936
0 days 02:14:48.012000,4,2,+3.913,+3.913
0 days 02:14:52.770000,4,2,+3.887,+3.887
0 days 02:14:56.631000,4,2,+3.841,+3.841
0 days 02:15:02.873000,4,2,+3.776,+3.776
0 days 02:15:08.096000,4,2,+3.838,+3.838
0 days 02:15:12.396000,4,2,+3.846,+3.846
0 days 02:15:17.220000,4,2,+3.834,+3.834
0 days 02:15:21.029000,4,2,+3.825,+3.825
0 days 02:15:29.370000,4,2,+3.852,+3.852
0 days 02:15:33.343000,4,2,+3.835,+3.835
0 days 02:15:34.111000,4,2,+3.855,+3.855
0 days 02:15:38.387000,4,2,+3.796,+3.796
0 days 02:15:42.732000,4,2,+3.771,+3.771
0 days 02:15:43.871000,4,2,+3.760,+3.760
0 days 02:15:46.070000,4,2,+3.810,+3.810
0 days 02:15:50.898000,4,2,+3.627,+3.627
0 days 02:15:56.517000,4,2,+3.664,+3.664
0 days 02:16:00.698000,4,2,+3.610,+3.610
0 days 02:16:03.669000,4,2,+3.603,+3.603
0 days 02:16:10.747000,4,2,+3.675,+3.675
0 days 02:16:14.466000,4,2,+3.640,+3.640
0 days 02:16:18.275000,4,2,+3.619,+3.619
0 days 02:16:23.715000,4,2,+3.618,+3.618
0 days 02:16:28.470000,4,2,+3.570,+3.570
0 days 02:16:32.470000,4,2,+3.575,+3.575
0 days 02:16:38.546000,4,2,+3.525,+3.525
0 days 02:16:43.844000,4,2,+3.541,+3.541
0 days 02:16:48.088000,4,2,+3.526,+3.526
0 days 02:16:52.937000,4,2,+3.509,+3.509
0 days 02:16:56.671000,4,2,+3.501,+3.501
0 days 02:17:05.025000,4,2,+3.556,+3.556
0 days 02:17:08.914000,4,2,+3.516,+3.516
0 days 02:17:09.716000,4,2,+3.492,+3.492
0 days 02:17:14.116000,4,2,+3.502,+3.502
0 days 02:17:18.414000,4,2,+3.508,+3.508
0 days 02:17:19.603000,4,2,+3.507,+3.507
0 days 02:17:21.738000,4,2,+3.534,+3.534
0 days 02:17:26.589000,4,2,+3.400,+3.400
0 days 02:17:32.194000,4,2,+3.359,+3.359
0 days 02:17:36.471000,4,2,+3.338,+3.338
0 days 02:17:39.344000,4,2,+3.348,+3.348
0 days 02:17:46.452000,4,2,+3.346,+3.346
0 days 02:17:50.128000,4,2,+3.339,+3.339
0 days 02:17:53.998000,4,2,+3.343,+3.343
0 days 02:17:59.479000,4,2,+3.309,+3.309
0 days 02:18:04.272000,4,2,+3.184,+3.184
0 days 02:18:08.171000,4,2,+3.138,+3.138
0 days 02:18:14.224000,4,2,+3.054,+3.054
0 days 02:18:19.523000,4,2,+2.935,+2.935
0 days 02:18:23.786000,4,2,+2.906,+2.906
0 days 02:18:28.561000,4,2,+2.952,+2.952
0 days 02:18:32.393000,4,2,+3.114,+3.114
0 days 02:18:40.675000,4,2,+3.186,+3.186
0 days 02:18:44.618000,4,2,+3.197,+3.197
0 days 02:18:45.472000,4,2,+3.226,+3.226
0 days 02:18:49.763000,4,2,+3.200,+3.200
0 days 02:18:54.060000,4,2,+3.144,+3.144
0 days 02:18:55.213000,4,2,+3.127,+3.127
0 days 02:18:57.331000,4,2,+3.100,+3.100
0 days 02:19:02.151000,4,2,+3.019,+3.019
0 days 02:19:07.800000,4,2,+3.117,+3.117
0 days 02:19:14.911000,4,2,+3.119,+3.119
0 days 02:19:22.048000,4,2,+3.231,+3.231
0 days 02:19:25.745000,4,2,+3.246,+3.246
0 days 02:19:29.619000,4,2,+3.212,+3.212
0 days 02:19:35.067000,4,2,+3.213,+3.213
0 days 02:19:39.883000,4,2,+3.224,+3.224
0 days 02:19:43.855000,4,2,+3.230,+3.230
0 days 02:19:49.897000,4,2,+3.206,+3.206
0 days 02:19:55.179000,4,2,+3.224,+3.224
0 days 02:19:59.528000,4,2,+3.205,+3.205
0 days 02:20:04.197000,4,2,+3.201,+3.201
0 days 02:20:08.014000,4,2,+3.198,+3.198
0 days 02:20:16.338000,4,2,+3.208,+3.208
0 days 02:20:20.273000,4,2,+3.217,+3.217
0 days 02:20:21.121000,4,2,+3.227,+3.227
0 days 02:20:25.446000,4,2,+3.251,+3.251
0 days 02:20:29.800000,4,2,+3.249,+3.249
0 days 02:20:30.950000,4,2,+3.248,+3.248
0 days 02:20:33.172000,4,2,+3.236,+3.236
0 days 02:20:38.024000,4,2,+3.098,+3.098
0 days 02:20:43.497000,4,2,+3.037,+3.037
0 days 02:20:47.712000,4,2,+3.040,+3.040
0 days 02:20:50.628000,4,2,+3.060,+3.060
0 days 02:20:57.729000,4,2,+3.134,+3.134
0 days 02:21:01.422000,4,2,+3.140,+3.140
0 days 02:21:05.276000,4,2,+3.098,+3.098
0 days 02:21:10.710000,4,2,+3.117,+3.117
0 days 02:21:15.574000,4,2,+3.015,+3.015
0 days 02:21:25.711000,4,2,+3.066,+3.066
0 days 02:21:31.098000,4,2,+3.092,+3.092
0 days 02:21:35.272000,4,2,+3.080,+3.080
0 days 02:21:40.084000,4,2,+3.077,+3.077
0 days 02:21:43.898000,4,2,+3.052,+3.052
0 days 02:21:52.273000,4,2,+3.155,+3.155
0 days 02:21:56.208000,4,2,+3.117,+3.117
0 days 02:21:57.024000,4,2,+3.109,+3.109
0 days 02:22:01.346000,4,2,+3.044,+3.044
0 days 02:22:05.627000,4,2,+2.964,+2.964
0 days 02:22:06.792000,4,2,+2.936,+2.936
0 days 02:22:08.928000,4,2,+2.864,+2.864
0 days 02:22:13.753000,4,2,+2.814,+2.814
0 days 02:22:19.575000,4,2,+2.854,+2.854
0 days 02:22:23.621000,4,2,+2.819,+2.819
0 days 02:22:26.534000,4,2,+2.808,+2.808
0 days 02:22:33.699000,4,2,+2.943,+2.943
0 days 02:22:37.386000,4,2,+2.922,+2.922
0 days 02:22:41.245000,4,2,+2.876,+2.876
0 days 02:22:46.699000,4,2,+2.856,+2.856
0 days 02:22:51.512000,4,2,+2.956,+2.956
0 days 02:22:55.526000,4,2,+2.954,+2.954
0 days 02:23:01.548000,4,2,+2.958,+2.958
0 days 02:23:06.849000,4,2,+3.002,+3.002
0 days 02:23:11.082000,4,2,+2.977,+2.977
0 days 02:23:15.919000,4,2,+2.957,+2.957
0 days 02:23:19.677000,4,2,+2.946,+2.946
0 days 02:23:28.173000,4,2,+3.138,+3.138
0 days 02:23:32.050000,4,2,+3.131,+3.131
0 days 02:23:32.941000,4,2,+3.149,+3.149
0 days 02:23:37.248000,4,2,+3.115,+3.115
0 days 02:23:41.495000,4,2,+3.072,+3.072
0 days 02:23:42.699000,4,2,+3.058,+3.058
0 days 02:23:44.793000,4,2,+3.007,+3.007
0 days 02:23:49.620000,4,2,+2.926,+2.926
0 days 02:23:55.135000,4,2,+2.964,+2.964
0 days 02:23:59.368000,4,2,+2.979,+2.979
0 days 02:24:02.340000,4,2,+2.981,+2.981
0 days 02:24:09.374000,4,2,+3.088,+3.088
0 days 02:24:13.068000,4,2,+3.066,+3.066
0 days 02:24:16.848000,4,2,+3.005,+3.005
0 days 02:24:22.246000,4,2,+2.954,+2.954
0 days 02:24:27.029000,4,2,+2.904,+2.904
0 days 02:24:30.900000,4,2,+2.882,+2.882
0 days 02:24:37.112000,4,2,+2.930,+2.930
0 days 02:24:42.374000,4,2,+2.971,+2.971
0 days 02:24:46.715000,4,2,+2.963,+2.963
0 days 02:24:51.400000,4,2,+2.945,+2.945
0 days 02:24:55.179000,4,2,+2.930,+2.930
0 days 02:25:03.668000,4,2,+3.097,+3.097
0 days 02:25:07.594000,4,2,+3.089,+3.089
0 days 02:25:08.374000,4,2,+3.088,+3.088
0 days 02:25:12.674000,4,2,+3.049,+3.049
0 days 02:25:16.994000,4,2,+3.008,+3.008
0 days 02:25:18.140000,4,2,+2.998,+2.998
0 days 02:25:20.276000,4,2,+2.958,+2.958
0 days 02:25:25.002000,4,2,+2.722,+2.722
0 days 02:25:30.626000,4,2,+2.818,+2.818
0 days 02:25:34.880000,4,2,+2.777,+2.777
0 days 02:25:37.774000,4,2,+2.773,+2.773
0 days 02:25:44.914000,4,2,+2.895,+2.895
0 days 02:25:48.577000,4,2,+2.861,+2.861
0 days 02:25:52.469000,4,2,+2.908,+2.908
0 days 02:25:58.026000,4,2,+3.138,+3.138
0 days 02:26:02.873000,4,2,+3.160,+3.160
0 days 02:26:06.769000,4,2,+3.140,+3.140
0 days 02:26:13.203000,4,2,+3.342,+3.342
0 days 02:26:18.574000,4,2,+3.559,+3.559
0 days 02:26:22.895000,4,2,+3.566,+3.566
0 days 02:26:27.604000,4,2,+3.559,+3.559
0 days 02:26:31.450000,4,2,+3.582,+3.582
0 days 02:26:40.490000,4,2,+4.285,+4.285
0 days 02:26:44.374000,4,2,+4.289,+4.289
0 days 02:26:45.204000,4,2,+4.319,+4.319
0 days 02:26:49.501000,4,2,+4.280,+4.280
0 days 02:26:53.832000,4,2,+4.250,+4.250
0 days 02:26:55.070000,4,2,+4.241,+4.241
0 days 02:26:57.159000,4,2,+4.243,+4.243
0 days 02:27:01.927000,4,2,+3.999,+3.999
0 days 02:27:07.652000,4,2,+4.126,+4.126
0 days 02:27:11.777000,4,2,+4.142,+4.142
0 days 02:27:14.728000,4,2,+4.162,+4.162
0 days 02:27:22.184000,4,2,+4.654,+4.654
0 days 02:27:25.875000,4,2,+4.651,+4.651
0 days 02:27:29.849000,4,2,+4.743,+4.743
0 days 02:27:35.496000,4,2,+5.045,+5.045
0 days 02:27:40.329000,4,2,+5.080,+5.080
0 days 02:27:44.281000,4,2,+5.109,+5.109
0 days 02:27:51.025000,4,2,+5.572,+5.572
0 days 02:27:56.650000,4,2,+5.888,+5.888
0 days 02:28:01.026000,4,2,+6.014,+6.014
0 days 02:28:05.871000,4,2,+6.036,+6.036
0 days 02:28:09.749000,4,2,+6.122,+6.122
0 days 02:28:19.128000,4,2,+7.071,+7.071
0 days 02:28:23.118000,4,2,+7.166,+7.166
0 days 02:28:24.030000,4,2,+7.203,+7.203
0 days 02:28:28.522000,4,2,+7.264,+7.264
0 days 02:28:32.826000,4,2,+7.249,+7.249
0 days 02:28:34.079000,4,2,+7.263,+7.263
0 days 02:28:36.316000,4,2,+7.366,+7.366
0 days 02:28:41.225000,4,2,+7.269,+7.269
0 days 02:28:47.026000,4,2,+7.539,+7.539
0 days 02:28:51.178000,4,2,+7.541,+7.541
0 days 02:28:54.153000,4,2,+7.587,+7.587
0 days 02:29:01.834000,4,2,+8.142,+8.142
0 days 02:29:05.553000,4,2,+8.130,+8.130
0 days 02:29:09.634000,4,2,+8.139,+8.139
0 days 02:29:15.170000,4,2,+8.253,+8.253
0 days 02:29:19.962000,4,2,+8.180,+8.180
0 days 02:29:23.889000,4,2,+8.197,+8.197
0 days 02:29:30.820000,4,2,+8.838,+8.838
0 days 02:29:36.271000,4,2,+9.026,+9.026
0 days 02:29:40.639000,4,2,+9.068,+9.068
0 days 02:29:45.402000,4,2,+9.080,+9.080
0 days 02:29:49.293000,4,2,+9.144,+9.144
0 days 02:29:58.538000,4,2,+9.798,+9.798
0 days 02:30:02.502000,4,2,+9.804,+9.804
0 days 02:30:03.502000,4,2,+9.837,+9.837
0 days 02:30:07.904000,4,2,+9.748,+9.748
0 days 00:00:03.711000,1,4,,
0 days 00:59:09.464000,1,4,+0.365,+0.134
0 days 00:59:10.605000,1,4,+0.290,+0.088
0 days 00:59:13.378000,1,4,+0.461,+0.219
0 days 00:59:18.516000,1,5,+0.461,+0.219
0 days 00:59:18.711000,1,6,+0.461,+0.219
0 days 00:59:18.916000,1,6,+1.080,+0.109
0 days 00:59:24.932000,1,6,+1.707,+0.175
0 days 00:59:29.083000,1,6,+1.719,+0.134
0 days 00:59:32.067000,1,6,+1.744,+0.214
0 days 00:59:40.015000,1,6,+2.249,+0.395
0 days 00:59:40.034000,1,6,+1.744,+0.214
0 days 00:59:40.039000,1,6,+2.249,+0.395
0 days 00:59:43.415000,1,6,+2.220,+0.388
0 days 00:59:47.600000,1,6,+2.327,+0.294
0 days 00:59:53.766000,1,6,+2.880,+0.451
0 days 00:59:58.580000,1,6,+3.254,+0.305
0 days 01:00:02.602000,1,6,+3.342,+0.298
0 days 01:00:09.061000,1,6,+3.695,+0.309
0 days 01:00:14.308000,1,6,+3.833,+0.307
0 days 01:00:18.638000,1,6,+3.825,+0.289
0 days 01:00:23.435000,1,6,+3.730,+0.273
0 days 01:00:27.227000,1,6,+3.642,+0.232
0 days 01:00:35.975000,1,6,+3.895,+0.396
0 days 01:00:39.893000,1,6,+3.826,+0.383
0 days 01:00:40.815000,1,6,+3.845,+0.440
0 days 01:00:45.350000,1,6,+3.905,+0.486
0 days 01:00:49.782000,1,6,+3.680,+0.498
0 days 01:00:51.027000,1,6,+3.604,+0.496
0 days 01:00:53.622000,1,6,+3.812,+0.757
0 days 01:00:58.719000,1,6,+3.883,+0.663
0 days 01:01:04.196000,1,6,+4.018,+0.592
0 days 01:01:08.471000,1,6,+4.145,+0.542
0 days 01:01:11.475000,1,6,+4.114,+0.521
0 days 01:01:18.612000,1,6,+4.249,+0.622
0 days 01:01:22.413000,1,6,+4.235,+0.639
0 days 01:01:26.677000,1,6,+4.431,+0.702
0 days 01:01:32.542000,1,6,+4.717,+0.783
0 days 01:01:37.385000,1,6,+4.791,+0.775
0 days 01:01:41.365000,1,6,+4.814,+0.777
0 days 01:01:47.641000,1,6,+4.949,+0.803
0 days 01:01:52.971000,1,6,+4.996,+0.725
0 days 01:01:57.387000,1,6,+4.948,+0.712
0 days 01:02:02.155000,1,6,+4.842,+0.707
0 days 01:02:05.767000,1,6,+4.608,+0.673
0 days 01:02:14.206000,1,6,+4.645,+0.581
0 days 01:02:18.281000,1,6,+4.649,+0.574
0 days 01:02:19.234000,1,6,+4.664,+0.605
0 days 01:02:23.658000,1,6,+4.658,+0.606
0 days 01:02:27.969000,1,6,+4.404,+0.442
0 days 01:02:29.193000,1,6,+4.405,+0.454
0 days 01:02:31.717000,1,6,+4.719,+0.786
0 days 01:02:36.885000,1,6,+4.917,+0.900
0 days 01:02:42.397000,1,6,+4.898,+0.732
0 days 01:02:46.665000,1,6,+5.007,+0.723
0 days 01:02:49.680000,1,6,+4.984,+0.713
0 days 01:02:56.839000,1,6,+4.990,+0.798
0 days 01:03:00.661000,1,6,+4.987,+0.815
0 days 01:03:04.938000,1,6,+5.105,+0.928
0 days 01:03:10.842000,1,6,+5.319,+1.056
0 days 01:03:15.658000,1,6,+5.459,+1.012
0 days 01:03:19.647000,1,6,+5.485,+0.996
0 days 01:03:25.869000,1,6,+5.498,+0.954
0 days 01:03:31.314000,1,6,+5.562,+1.002
0 days 01:03:35.712000,1,6,+5.547,+1.017
0 days 01:03:40.514000,1,6,+5.472,+0.996
0 days 01:03:44.157000,1,6,+5.262,+0.827
0 days 01:03:52.591000,1,6,+5.284,+0.871
0 days 01:03:56.614000,1,6,+5.254,+0.839
0 days 01:03:57.472000,1,6,+5.231,+0.795
0 days 01:04:01.966000,1,6,+5.271,+0.821
0 days 01:04:06.259000,1,6,+5.025,+0.664
0 days 01:04:07.384000,1,6,+4.994,+0.641
0 days 01:04:09.967000,1,6,+5.254,+0.926
0 days 01:04:15.251000,1,6,+5.332,+1.151
0 days 01:04:20.668000,1,6,+5.276,+1.029
0 days 01:04:24.997000,1,6,+5.345,+1.003
0 days 01:04:28.081000,1,6,+5.310,+0.988
0 days 01:04:35.213000,1,6,+5.391,+0.998
0 days 01:04:38.966000,1,6,+5.409,+1.010
0 days 01:04:43.318000,1,6,+5.617,+1.338
0 days 01:04:49.186000,1,6,+5.768,+1.500
0 days 01:04:54.040000,1,6,+5.905,+1.457
0 days 01:04:58.040000,1,6,+5.921,+1.478
0 days 01:05:04.366000,1,6,+6.031,+1.475
0 days 01:05:09.760000,1,6,+6.108,+1.505
0 days 01:05:14.114000,1,6,+6.071,+1.498
0 days 01:05:18.938000,1,6,+6.037,+1.566
0 days 01:05:22.770000,1,6,+6.014,+1.738
0 days 01:05:31.175000,1,6,+6.098,+1.819
0 days 01:05:35.188000,1,6,+6.062,+1.789
0 days 01:05:36.078000,1,6,+6.022,+1.766
0 days 01:05:40.579000,1,6,+6.081,+1.787
0 days 01:05:44.994000,1,6,+6.014,+1.935
0 days 01:05:46.247000,1,6,+5.991,+1.987
0 days 01:05:48.682000,1,6,+6.101,+2.176
0 days 01:05:53.994000,1,6,+6.218,+2.314
0 days 01:05:59.466000,1,6,+6.282,+2.162
0 days 01:06:03.840000,1,6,+6.388,+2.106
0 days 01:06:06.862000,1,6,+6.377,+2.104
0 days 01:06:14.071000,1,6,+6.393,+2.070
0 days 01:06:17.841000,1,6,+6.352,+2.057
0 days 01:06:22.211000,1,6,+6.533,+2.272
0 days 01:06:28.041000,1,6,+6.686,+2.384
0 days 01:06:32.988000,1,6,+6.805,+2.405
0 days 01:06:37.033000,1,6,+6.814,+2.424
0 days 01:06:43.269000,1,6,+6.949,+2.422
0 days 01:06:48.678000,1,6,+6.995,+2.419
0 days 01:06:53.134000,1,6,+6.986,+2.426
0 days 01:06:57.882000,1,6,+6.966,+2.464
0 days 01:07:01.697000,1,6,+6.951,+2.476
0 days 01:07:10.131000,1,6,+6.975,+2.550
0 days 01:07:14.315000,1,6,+6.933,+2.538
0 days 01:07:14.966000,1,6,+6.901,+2.512
0 days 01:07:19.516000,1,6,+6.894,+2.429
0 days 01:07:23.899000,1,6,+6.822,+2.438
0 days 01:07:25.087000,1,6,+6.799,+2.426
0 days 01:07:27.545000,1,6,+6.967,+2.690
0 days 01:07:32.800000,1,6,+7.158,+2.874
0 days 01:07:38.441000,1,6,+7.234,+2.767
0 days 01:07:42.686000,1,6,+7.274,+2.669
0 days 01:07:45.782000,1,6,+7.255,+2.649
0 days 01:07:52.851000,1,6,+7.250,+2.645
0 days 01:07:56.641000,1,6,+7.246,+2.646
0 days 01:08:00.944000,1,6,+7.520,+2.864
0 days 01:08:06.842000,1,6,+7.792,+2.944
0 days 01:08:11.791000,1,6,+7.882,+2.815
0 days 01:08:15.815000,1,6,+7.913,+2.818
0 days 01:08:22.041000,1,6,+8.038,+2.858
0 days 01:08:27.442000,1,6,+8.115,+2.812
0 days 01:08:31.838000,1,6,+8.114,+2.835
0 days 01:08:36.678000,1,6,+8.091,+2.884
0 days 01:08:40.532000,1,6,+8.075,+2.904
0 days 01:08:48.968000,1,6,+8.177,+3.012
0 days 01:08:52.942000,1,6,+8.161,+2.991
0 days 01:08:53.732000,1,6,+8.126,+2.942
0 days 01:08:58.301000,1,6,+8.134,+2.922
0 days 01:09:02.678000,1,6,+8.081,+2.947
0 days 01:09:03.882000,1,6,+8.060,+2.943
0 days 01:09:06.341000,1,6,+8.175,+3.133
0 days 01:09:11.478000,1,6,+8.260,+3.150
0 days 01:09:17.101000,1,6,+8.243,+3.020
0 days 01:09:21.413000,1,6,+8.295,+3.012
0 days 01:09:24.388000,1,6,+8.279,+3.013
0 days 01:09:31.568000,1,6,+8.314,+3.039
0 days 01:09:35.315000,1,6,+8.315,+3.043
0 days 01:09:39.671000,1,6,+8.491,+3.340
0 days 01:09:45.616000,1,6,+8.751,+3.409
0 days 01:09:50.520000,1,6,+8.749,+3.270
0 days 01:09:54.537000,1,6,+8.723,+3.243
0 days 01:10:00.842000,1,6,+8.866,+3.262
0 days 01:10:06.242000,1,6,+8.899,+3.189
0 days 01:10:10.631000,1,6,+8.915,+3.207
0 days 01:10:15.442000,1,6,+8.902,+3.255
0 days 01:10:19.287000,1,6,+8.893,+3.285
0 days 01:10:27.631000,1,6,+8.974,+3.286
0 days 01:10:31.668000,1,6,+8.963,+3.272
0 days 01:10:32.444000,1,6,+8.950,+3.235
0 days 01:10:36.938000,1,6,+8.928,+3.156
0 days 01:10:41.360000,1,6,+8.877,+3.184
0 days 01:10:42.593000,1,6,+8.861,+3.181
0 days 01:10:45.023000,1,6,+8.989,+3.371
0 days 01:10:50.246000,1,6,+9.103,+3.459
0 days 01:10:55.832000,1,6,+9.140,+3.278
0 days 01:11:00.140000,1,6,+9.173,+3.293
0 days 01:11:03.169000,1,6,+9.151,+3.296
0 days 01:11:10.362000,1,6,+9.135,+3.268
0 days 01:11:14.136000,1,6,+9.145,+3.261
0 days 01:11:18.405000,1,6,+9.321,+3.515
0 days 01:11:24.446000,1,6,+9.595,+3.580
0 days 01:11:29.331000,1,6,+9.667,+3.452
0 days 01:11:33.417000,1,6,+9.706,+3.451
0 days 01:11:39.882000,1,6,+9.801,+3.518
0 days 01:11:45.223000,1,6,+9.837,+3.453
0 days 01:11:49.633000,1,6,+9.817,+3.468
0 days 01:11:54.478000,1,6,+9.796,+3.551
0 days 01:11:58.193000,1,6,+9.774,+3.728
0 days 01:12:06.590000,1,6,+9.761,+3.748
0 days 01:12:10.629000,1,6,+9.719,+3.731
0 days 01:12:11.410000,1,6,+9.666,+3.653
0 days 01:12:16.007000,1,6,+9.819,+3.762
0 days 01:12:20.469000,1,6,+9.778,+3.945
0 days 01:12:21.669000,1,6,+9.760,+4.003
0 days 01:12:24.161000,1,6,+9.925,+4.263
0 days 01:12:29.442000,1,6,+10.006,+4.422
0 days 01:12:35.044000,1,6,+10.040,+4.161
0 days 01:12:39.443000,1,6,+10.102,+4.179
0 days 01:12:42.394000,1,6,+10.077,+4.175
0 days 01:12:49.519000,1,6,+10.007,+4.068
0 days 01:12:53.368000,1,6,+10.005,+4.050
0 days 01:12:57.624000,1,6,+10.177,+4.196
0 days 01:13:03.585000,1,6,+10.444,+4.169
0 days 01:13:08.576000,1,6,+10.545,+4.025
0 days 01:13:12.594000,1,6,+10.564,+4.011
0 days 01:13:19.021000,1,6,+10.798,+4.157
0 days 01:13:24.476000,1,6,+10.875,+4.165
0 days 01:13:28.859000,1,6,+10.848,+4.154
0 days 01:13:33.680000,1,6,+10.829,+4.231
0 days 01:13:37.463000,1,6,+10.813,+4.398
0 days 01:13:45.889000,1,6,+10.844,+4.497
0 days 01:13:49.970000,1,6,+10.811,+4.453
0 days 01:13:50.810000,1,6,+10.793,+4.407
0 days 01:13:55.244000,1,6,+10.849,+4.399
0 days 01:13:59.699000,1,6,+10.814,+4.588
0 days 01:14:00.970000,1,6,+10.782,+4.649
0 days 01:14:03.399000,1,6,+10.871,+4.840
0 days 01:14:08.744000,1,6,+11.196,+5.056
0 days 01:14:14.166000,1,6,+11.099,+4.677
0 days 01:14:18.477000,1,6,+11.137,+4.603
0 days 01:14:21.511000,1,6,+11.120,+4.623
0 days 01:14:28.712000,1,6,+11.095,+4.590
0 days 01:14:32.474000,1,6,+11.070,+4.564
0 days 01:14:36.802000,1,6,+11.304,+4.780
0 days 01:14:42.818000,1,6,+11.423,+4.692
0 days 01:14:47.648000,1,6,+11.518,+4.630
0 days 01:14:51.702000,1,6,+11.538,+4.653
0 days 01:14:58.092000,1,6,+11.766,+4.686
0 days 01:15:03.567000,1,6,+11.860,+4.607
0 days 01:15:07.934000,1,6,+11.854,+4.595
0 days 01:15:12.740000,1,6,+11.835,+4.680
0 days 01:15:16.558000,1,6,+11.822,+4.861
0 days 01:15:24.975000,1,6,+11.878,+4.980
0 days 01:15:29.019000,1,6,+11.877,+4.979
0 days 01:15:29.871000,1,6,+11.882,+4.950
0 days 01:15:34.363000,1,6,+11.919,+4.902
0 days 01:15:38.733000,1,6,+11.866,+5.085
0 days 01:15:40.021000,1,6,+11.845,+5.159
0 days 01:15:42.412000,1,6,+12.053,+5.402
0 days 01:15:47.833000,1,6,+12.267,+5.574
0 days 01:15:53.371000,1,6,+12.323,+5.311
0 days 01:15:57.719000,1,6,+12.352,+5.272
0 days 01:16:00.694000,1,6,+12.323,+5.295
0 days 01:16:07.871000,1,6,+12.219,+5.180
0 days 01:16:11.631000,1,6,+12.222,+5.182
0 days 01:16:15.888000,1,6,+12.459,+5.344
0 days 01:16:21.845000,1,6,+12.689,+5.332
0 days 01:16:26.839000,1,6,+12.748,+5.214
0 days 01:16:30.870000,1,6,+12.763,+5.232
0 days 01:16:37.145000,1,6,+12.901,+5.320
0 days 01:16:42.578000,1,6,+12.941,+5.237
0 days 01:16:46.961000,1,6,+12.915,+5.220
0 days 01:16:51.795000,1,6,+12.897,+5.306
0 days 01:16:55.619000,1,6,+12.887,+5.490
0 days 01:17:04.212000,1,6,+13.019,+5.761
0 days 01:17:08.191000,1,6,+12.985,+5.715
0 days 01:17:08.997000,1,6,+12.948,+5.659
0 days 01:17:13.487000,1,6,+12.949,+5.634
0 days 01:17:17.920000,1,6,+12.904,+5.821
0 days 01:17:19.106000,1,6,+12.887,+5.881
0 days 01:17:21.565000,1,6,+13.027,+6.028
0 days 01:17:27.015000,1,6,+13.256,+6.192
0 days 01:17:32.446000,1,6,+13.099,+5.841
0 days 01:17:36.674000,1,6,+13.155,+5.737
0 days 01:17:39.732000,1,6,+13.141,+5.739
0 days 01:17:46.876000,1,6,+13.147,+5.686
0 days 01:17:50.646000,1,6,+13.115,+5.687
0 days 01:17:54.746000,1,6,+13.133,+5.616
0 days 01:18:00.587000,1,6,+13.213,+5.554
0 days 01:18:05.526000,1,6,+13.234,+5.417
0 days 01:18:09.561000,1,6,+13.255,+5.420
0 days 01:18:15.765000,1,6,+13.357,+5.385
0 days 01:18:21.249000,1,6,+13.386,+5.271
0 days 01:18:25.672000,1,6,+13.367,+5.286
0 days 01:18:30.469000,1,6,+13.340,+5.372
0 days 01:18:34.320000,1,6,+13.326,+5.555
0 days 01:18:42.790000,1,6,+13.501,+5.708
0 days 01:18:46.774000,1,6,+13.466,+5.679
0 days 01:18:47.689000,1,6,+13.442,+5.631
0 days 01:18:52.063000,1,6,+13.463,+5.579
0 days 01:18:56.505000,1,6,+13.414,+5.739
0 days 01:18:57.702000,1,6,+13.385,+5.793
0 days 01:19:00.020000,1,6,+13.421,+5.872
0 days 01:19:05.199000,1,6,+13.524,+5.862
0 days 01:19:10.672000,1,6,+13.441,+5.515
0 days 01:19:14.977000,1,6,+13.529,+5.518
0 days 01:19:17.976000,1,6,+13.514,+5.529
0 days 01:19:25.211000,1,6,+13.538,+5.463
0 days 01:19:28.989000,1,6,+13.533,+5.463
0 days 01:19:32.886000,1,6,+13.399,+5.239
0 days 01:19:38.573000,1,6,+13.369,+4.980
0 days 01:19:43.507000,1,6,+13.386,+4.892
0 days 01:19:47.537000,1,6,+13.369,+4.901
0 days 01:19:53.823000,1,6,+13.413,+4.901
0 days 01:19:59.202000,1,6,+13.362,+4.686
0 days 01:20:03.531000,1,6,+13.340,+4.716
0 days 01:20:08.373000,1,6,+13.313,+4.803
0 days 01:20:12.213000,1,6,+13.300,+5.006
0 days 01:20:20.589000,1,6,+13.238,+4.893
0 days 01:20:24.481000,1,6,+13.155,+4.786
0 days 01:20:25.052000,1,6,+12.914,+4.516
0 days 01:20:41.347000,1,7,+12.914,+4.516
0 days 01:20:44.120000,1,8,+12.914,+4.516
0 days 01:20:45.568000,1,9,+12.914,+4.516
0 days 01:20:47.440000,1,10,+12.914,+4.516
0 days 01:20:49.195000,1,11,+12.914,+4.516
0 days 01:20:57.148000,1,12,+12.914,+4.516
0 days 01:20:58.199000,1,12,+35.842,+0.960
0 days 01:21:00.876000,1,12,+36.335,+1.457
0 days 01:21:06.048000,1,12,+36.410,+1.255
0 days 01:21:11.421000,1,12,+36.113,+0.897
0 days 01:21:15.580000,1,12,+36.064,+0.714
0 days 01:21:18.573000,1,12,+36.034,+0.689
0 days 01:21:25.569000,1,12,+35.876,+0.450
0 days 01:21:29.318000,1,12,+35.816,+0.345
0 days 01:21:33.371000,1,12,+35.893,+0.077
0 days 01:21:39.064000,1,11,+35.893,+0.077
0 days 01:21:39.147000,1,11,+35.944,+5.257
0 days 01:21:43.773000,1,11,+35.818,+5.092
0 days 01:21:47.746000,1,11,+35.766,+5.077
0 days 01:21:53.979000,1,11,+35.873,+5.025
0 days 01:21:59.336000,1,11,+32.552,+4.868
0 days 01:22:03.597000,1,11,+32.502,+4.855
0 days 01:22:08.422000,1,11,+32.514,+4.891
0 days 01:22:12.247000,1,11,+32.521,+4.921
0 days 01:22:20.704000,1,11,+32.471,+4.970
0 days 01:22:24.720000,1,11,+32.482,+5.010
0 days 01:22:25.527000,1,11,+32.446,+4.976
0 days 01:22:30.001000,1,11,+32.441,+4.933
0 days 01:22:34.347000,1,11,+32.394,+4.981
0 days 01:22:35.713000,1,11,+32.372,+4.984
0 days 01:22:37.874000,1,11,+32.509,+4.962
0 days 01:22:43.067000,1,11,+32.504,+5.047
0 days 01:22:48.355000,1,11,+32.216,+4.797
0 days 01:22:52.540000,1,11,+32.105,+4.777
0 days 01:22:55.574000,1,11,+32.079,+4.800
0 days 01:23:02.697000,1,11,+31.902,+4.896
0 days 01:23:06.379000,1,11,+31.861,+4.894
0 days 01:23:10.548000,1,11,+32.050,+4.848
0 days 01:23:16.331000,1,11,+32.068,+4.691
0 days 01:23:21.099000,1,11,+31.862,+4.509
0 days 01:23:25.049000,1,11,+31.814,+4.520
0 days 01:23:31.310000,1,11,+31.583,+4.103
0 days 01:23:36.608000,1,11,+31.584,+4.153
0 days 01:23:41.001000,1,11,+31.595,+4.124
0 days 01:23:45.776000,1,11,+31.591,+4.275
0 days 01:23:49.681000,1,11,+31.591,+4.599
0 days 01:23:58.061000,1,11,+31.639,+4.416
0 days 01:24:02.068000,1,11,+13.330,+4.231
0 days 01:24:02.977000,1,11,+13.254,+4.049
0 days 01:24:07.323000,1,11,+26.494,+3.935
0 days 01:24:11.644000,1,11,+13.172,+3.935
0 days 01:24:12.850000,1,11,+13.121,+3.737
0 days 01:24:15.100000,1,11,+13.014,+3.251
0 days 01:24:20.244000,1,11,+12.874,+3.119
0 days 01:24:25.588000,1,11,+12.731,+3.028
0 days 01:24:29.982000,1,11,+12.664,+3.111
0 days 01:24:32.831000,1,11,+12.645,+3.150
0 days 01:24:39.989000,1,11,+12.581,+2.930
0 days 01:24:43.687000,1,11,+12.566,+2.957
0 days 01:24:47.726000,1,11,+12.477,+2.553
0 days 01:24:53.442000,1,11,+12.426,+1.959
0 days 01:24:58.238000,1,11,+12.350,+1.708
0 days 01:25:02.286000,1,11,+12.310,+1.634
0 days 01:25:08.419000,1,11,+12.164,+1.296
0 days 01:25:13.741000,1,11,+12.026,+1.213
0 days 01:25:18.118000,1,11,+11.981,+1.142
0 days 01:25:22.936000,1,11,+11.940,+1.103
0 days 01:25:26.691000,1,11,+11.905,+1.076
0 days 01:25:35.079000,1,11,+11.845,+0.943
0 days 01:25:39.187000,1,11,+11.798,+0.865
0 days 01:25:39.849000,1,11,+11.749,+0.786
0 days 01:25:44.349000,1,11,+11.771,+0.740
0 days 01:25:48.489000,1,11,+11.520,+0.307
0 days 01:25:49.546000,1,10,+11.520,+0.307
0 days 01:25:49.625000,1,10,+11.418,+2.628
0 days 01:25:51.945000,1,10,+11.394,+2.557
0 days 01:25:57.076000,1,10,+11.272,+2.234
0 days 01:26:02.517000,1,10,+11.220,+1.950
0 days 01:26:06.823000,1,10,+11.143,+1.908
0 days 01:26:09.786000,1,10,+11.119,+1.903
0 days 01:26:16.958000,1,10,+11.073,+1.761
0 days 01:26:20.725000,1,10,+11.046,+1.736
0 days 01:26:24.709000,1,10,+11.033,+1.703
0 days 01:26:30.392000,1,10,+10.873,+1.494
0 days 01:26:35.275000,1,10,+10.876,+1.413
0 days 01:26:39.259000,1,10,+10.859,+1.396
0 days 01:26:45.465000,1,10,+10.759,+1.264
0 days 01:26:50.850000,1,10,+10.653,+1.209
0 days 01:26:55.271000,1,10,+10.633,+1.181
0 days 01:27:00.004000,1,10,+10.595,+1.168
0 days 01:27:03.781000,1,10,+10.204,+1.166
0 days 01:27:12.301000,1,10,+10.463,+1.170
0 days 01:27:16.277000,1,10,+10.454,+1.131
0 days 01:27:17.339000,1,10,+10.472,+1.078
0 days 01:27:21.678000,1,9,+10.472,+1.078
0 days 01:27:21.679000,1,9,+10.631,+1.139
0 days 01:27:26.037000,1,9,+10.546,+1.136
0 days 01:27:27.251000,1,9,+10.495,+1.115
0 days 01:27:29.520000,1,9,+10.530,+1.169
0 days 01:27:34.714000,1,9,+10.658,+1.141
0 days 01:27:40.409000,1,9,+10.805,+0.979
0 days 01:27:44.785000,1,9,+10.857,+0.970
0 days 01:27:47.689000,1,9,+10.817,+0.962
0 days 01:27:54.850000,1,9,+10.883,+0.965
0 days 01:27:58.570000,1,9,+10.886,+0.936
0 days 01:28:02.550000,1,9,+10.815,+0.734
0 days 01:28:08.450000,1,9,+10.986,+0.695
0 days 01:28:13.371000,1,9,+11.143,+0.737
0 days 01:28:17.376000,1,9,+11.157,+0.713
0 days 01:28:23.659000,1,9,+11.330,+0.662
0 days 01:28:29.062000,1,9,+11.393,+0.707
0 days 01:28:33.447000,1,9,+11.417,+0.689
0 days 01:28:38.170000,1,9,+11.318,+0.600
0 days 01:28:41.750000,1,9,+11.093,+0.389
0 days 01:28:50.012000,1,8,+11.093,+0.389
0 days 01:28:50.094000,1,8,+11.126,+2.880
0 days 01:28:54.085000,1,8,+11.090,+2.735
0 days 01:28:54.852000,1,8,+11.083,+2.537
0 days 01:28:59.559000,1,8,+11.307,+2.574
0 days 01:29:03.924000,1,8,+11.263,+2.754
0 days 01:29:05.104000,1,8,+11.203,+2.759
0 days 01:29:07.368000,1,8,+11.180,+2.508
0 days 01:29:12.532000,1,8,+11.338,+2.218
0 days 01:29:18.093000,1,8,+11.449,+1.995
0 days 01:29:22.403000,1,8,+11.567,+1.963
0 days 01:29:25.397000,1,8,+11.535,+1.927
0 days 01:29:32.554000,1,8,+11.544,+1.808
0 days 01:29:36.351000,1,8,+11.547,+1.816
0 days 01:29:40.409000,1,8,+11.441,+1.775
0 days 01:29:46.151000,1,8,+11.576,+1.640
0 days 01:29:51.071000,1,8,+11.743,+1.564
0 days 01:29:55.102000,1,8,+11.763,+1.546
0 days 01:30:01.351000,1,8,+11.837,+1.355
0 days 01:30:06.769000,1,8,+11.943,+1.347
0 days 01:30:11.181000,1,8,+11.920,+1.290
0 days 01:30:15.882000,1,8,+11.885,+1.240
0 days 01:30:19.642000,1,8,+11.859,+1.205
0 days 01:30:28.057000,1,8,+11.848,+1.071
0 days 01:30:32.071000,1,8,+11.836,+1.061
0 days 01:30:32.830000,1,8,+11.845,+1.006
0 days 01:30:37.377000,1,8,+11.946,+0.952
0 days 01:30:41.726000,1,8,+11.859,+0.889
0 days 01:30:42.965000,1,8,+11.808,+0.852
0 days 01:30:45.251000,1,8,+11.807,+0.963
0 days 01:30:50.378000,1,8,+11.802,+0.990
0 days 01:30:55.971000,1,8,+11.985,+0.843
0 days 01:31:00.282000,1,8,+11.990,+0.838
0 days 01:31:03.251000,1,8,+11.964,+0.797
0 days 01:31:10.451000,1,8,+12.038,+0.763
0 days 01:31:14.205000,1,8,+12.048,+0.758
0 days 01:31:18.288000,1,8,+11.990,+0.841
0 days 01:31:24.056000,1,8,+12.009,+0.858
0 days 01:31:29.012000,1,8,+12.143,+0.809
0 days 01:31:33.106000,1,8,+12.171,+0.769
0 days 01:31:39.394000,1,8,+12.419,+0.680
0 days 01:31:44.818000,1,8,+12.569,+0.575
0 days 01:31:49.178000,1,8,+12.555,+0.520
0 days 01:31:53.892000,1,8,+12.444,+0.376
0 days 01:31:57.452000,1,8,+12.205,+0.114
0 days 01:32:05.731000,1,7,+12.205,+0.114
0 days 01:32:05.796000,1,7,+12.186,+4.037
0 days 01:32:09.796000,1,7,+12.197,+3.998
0 days 01:32:10.672000,1,7,+12.211,+3.952
0 days 01:32:15.121000,1,7,+12.271,+0.745
0 days 01:32:19.481000,1,6,+12.271,+0.745
0 days 01:32:19.552000,1,6,+12.217,+4.123
0 days 01:32:20.752000,1,6,+12.193,+4.167
0 days 01:32:23.130000,1,6,+12.248,+4.214
0 days 01:32:28.307000,1,6,+12.403,+4.036
0 days 01:32:33.826000,1,6,+12.345,+3.801
0 days 01:32:38.178000,1,6,+12.390,+3.762
0 days 01:32:41.157000,1,6,+12.378,+3.772
0 days 01:32:48.352000,1,6,+12.425,+3.602
0 days 01:32:52.059000,1,6,+12.409,+3.603
0 days 01:32:56.109000,1,6,+12.290,+3.537
0 days 01:33:01.832000,1,6,+12.238,+3.482
0 days 01:33:06.778000,1,6,+12.275,+3.440
0 days 01:33:10.779000,1,6,+12.286,+3.464
0 days 01:33:17.053000,1,6,+12.382,+3.273
0 days 01:33:22.409000,1,6,+12.294,+3.290
0 days 01:33:26.783000,1,6,+12.254,+3.290
0 days 01:33:31.544000,1,6,+12.224,+3.330
0 days 01:33:35.353000,1,6,+12.218,+3.373
0 days 01:33:43.681000,1,6,+12.147,+3.192
0 days 01:33:47.698000,1,6,+12.137,+3.192
0 days 01:33:48.530000,1,6,+12.123,+3.161
0 days 01:33:53.073000,1,6,+12.194,+3.121
0 days 01:33:57.426000,1,6,+12.145,+3.159
0 days 01:33:58.629000,1,6,+12.128,+3.174
0 days 01:34:00.879000,1,6,+12.058,+3.164
0 days 01:34:06.049000,1,6,+11.955,+3.283
0 days 01:34:11.601000,1,6,+12.010,+3.159
0 days 01:34:15.853000,1,6,+12.073,+3.188
0 days 01:34:18.830000,1,6,+12.062,+3.207
0 days 01:34:25.933000,1,6,+12.015,+3.225
0 days 01:34:29.669000,1,6,+12.012,+3.241
0 days 01:34:33.730000,1,6,+11.881,+3.203
0 days 01:34:39.498000,1,6,+11.868,+3.173
0 days 01:34:44.413000,1,6,+11.935,+3.146
0 days 01:34:48.383000,1,6,+11.935,+3.163
0 days 01:34:54.570000,1,6,+11.936,+3.076
0 days 01:35:00.028000,1,6,+11.998,+3.157
0 days 01:35:04.348000,1,6,+11.953,+3.160
0 days 01:35:09.090000,1,6,+11.927,+3.192
0 days 01:35:12.893000,1,6,+11.911,+3.220
0 days 01:35:21.279000,1,6,+11.913,+3.233
0 days 01:35:25.275000,1,6,+11.908,+3.263
0 days 01:35:26.053000,1,6,+11.909,+3.230
0 days 01:35:30.581000,1,6,+11.999,+3.207
0 days 01:35:34.973000,1,6,+11.955,+3.249
0 days 01:35:36.179000,1,6,+11.930,+3.254
0 days 01:35:38.379000,1,6,+11.889,+3.255
0 days 01:35:43.554000,1,6,+11.883,+3.301
0 days 01:35:48.979000,1,6,+11.786,+3.193
0 days 01:35:53.280000,1,6,+11.850,+3.203
0 days 01:35:56.273000,1,6,+11.840,+3.211
0 days 01:36:03.423000,1,6,+11.935,+3.273
0 days 01:36:07.180000,1,6,+11.950,+3.280
0 days 01:36:11.208000,1,6,+11.816,+3.258
0 days 01:36:16.958000,1,6,+11.866,+3.358
0 days 01:36:21.862000,1,6,+12.052,+3.380
0 days 01:36:25.897000,1,6,+12.096,+3.416
0 days 01:36:32.028000,1,6,+12.046,+3.205
0 days 01:36:37.475000,1,6,+12.082,+3.256
0 days 01:36:41.805000,1,6,+12.087,+3.288
0 days 01:36:46.629000,1,6,+12.073,+3.325
0 days 01:36:50.401000,1,6,+12.069,+3.361
0 days 01:36:58.754000,1,6,+12.095,+3.417
0 days 01:37:02.733000,1,6,+12.091,+3.432
0 days 01:37:03.554000,1,6,+12.077,+3.389
0 days 01:37:08.003000,1,6,+12.209,+3.349
0 days 01:37:12.375000,1,6,+12.172,+3.375
0 days 01:37:13.602000,1,6,+12.152,+3.374
0 days 01:37:15.782000,1,6,+12.109,+3.357
0 days 01:37:20.967000,1,6,+12.234,+3.389
0 days 01:37:26.398000,1,6,+12.258,+3.306
0 days 01:37:30.754000,1,6,+12.338,+3.322
0 days 01:37:33.716000,1,6,+12.326,+3.343
0 days 01:37:40.856000,1,6,+12.312,+3.381
0 days 01:37:44.581000,1,6,+12.312,+3.394
0 days 01:37:48.534000,1,6,+12.129,+3.405
0 days 01:37:54.301000,1,6,+12.205,+3.478
0 days 01:37:59.175000,1,6,+12.356,+3.505
0 days 01:38:03.177000,1,6,+12.370,+3.530
0 days 01:38:09.316000,1,6,+12.376,+3.400
0 days 01:38:14.727000,1,6,+12.411,+3.446
0 days 01:38:19.086000,1,6,+12.415,+3.460
0 days 01:38:23.828000,1,6,+12.394,+3.493
0 days 01:38:27.646000,1,6,+12.385,+3.529
0 days 01:38:36.063000,1,6,+12.485,+3.466
0 days 01:38:40.084000,1,6,+12.459,+3.474
0 days 01:38:40.784000,1,6,+12.444,+3.443
0 days 01:38:45.258000,1,6,+12.489,+3.402
0 days 01:38:49.644000,1,6,+12.443,+3.434
0 days 01:38:50.808000,1,6,+12.421,+3.427
0 days 01:38:53.072000,1,6,+12.382,+3.434
0 days 01:38:58.302000,1,6,+12.427,+3.526
0 days 01:39:03.872000,1,6,+12.587,+3.510
0 days 01:39:08.203000,1,6,+12.659,+3.487
0 days 01:39:11.145000,1,6,+12.651,+3.495
0 days 01:39:18.300000,1,6,+12.711,+3.499
0 days 01:39:22.075000,1,6,+12.715,+3.522
0 days 01:39:26.044000,1,6,+12.557,+3.563
0 days 01:39:31.760000,1,6,+12.603,+3.623
0 days 01:39:36.693000,1,6,+12.778,+3.618
0 days 01:39:40.741000,1,6,+12.811,+3.632
0 days 01:39:46.915000,1,6,+12.875,+3.526
0 days 01:39:52.318000,1,6,+12.915,+3.579
0 days 01:39:56.634000,1,6,+12.899,+3.584
0 days 01:40:01.429000,1,6,+12.883,+3.622
0 days 01:40:05.242000,1,6,+12.873,+3.652
0 days 01:40:13.784000,1,6,+12.914,+3.643
0 days 01:40:17.696000,1,6,+12.953,+3.673
0 days 01:40:18.473000,1,6,+12.971,+3.652
0 days 01:40:22.980000,1,6,+13.026,+3.620
0 days 01:40:27.381000,1,6,+12.985,+3.665
0 days 01:40:28.573000,1,6,+12.970,+3.675
0 days 01:40:30.856000,1,6,+12.982,+3.676
0 days 01:40:36.100000,1,6,+12.937,+3.825
0 days 01:40:41.524000,1,6,+13.041,+3.764
0 days 01:40:45.801000,1,6,+13.103,+3.761
0 days 01:40:48.808000,1,6,+13.097,+3.782
0 days 01:40:56.016000,1,6,+13.193,+3.839
0 days 01:40:59.756000,1,6,+13.183,+3.854
0 days 01:41:03.698000,1,6,+13.011,+3.779
0 days 01:41:09.420000,1,6,+13.063,+3.804
0 days 01:41:14.293000,1,6,+13.166,+3.807
0 days 01:41:18.335000,1,6,+13.190,+3.844
0 days 01:41:24.556000,1,6,+13.250,+3.784
0 days 01:41:30.002000,1,6,+13.362,+3.692
0 days 01:41:34.322000,1,6,+13.353,+3.690
0 days 01:41:39.131000,1,6,+13.346,+3.723
0 days 01:41:42.952000,1,6,+13.346,+3.752
0 days 01:41:51.456000,1,6,+13.487,+3.797
0 days 01:41:55.389000,1,6,+13.476,+3.808
0 days 01:41:56.145000,1,6,+13.461,+3.754
0 days 01:42:00.658000,1,6,+13.485,+3.710
0 days 01:42:05.041000,1,6,+13.433,+3.754
0 days 01:42:06.206000,1,6,+13.404,+3.762
0 days 01:42:08.530000,1,6,+13.391,+3.812
0 days 01:42:13.742000,1,6,+13.412,+3.935
0 days 01:42:19.201000,1,6,+13.516,+3.878
0 days 01:42:23.550000,1,6,+13.629,+3.880
0 days 01:42:26.557000,1,6,+13.623,+3.900
0 days 01:42:33.735000,1,6,+13.713,+3.989
0 days 01:42:37.500000,1,6,+13.715,+3.990
0 days 01:42:41.499000,1,6,+13.676,+4.128
0 days 01:42:47.276000,1,6,+13.743,+4.181
0 days 01:42:52.228000,1,6,+13.866,+4.176
0 days 01:42:56.211000,1,6,+13.893,+4.197
0 days 01:43:02.383000,1,6,+14.004,+4.129
0 days 01:43:07.900000,1,6,+14.119,+4.128
0 days 01:43:12.211000,1,6,+14.106,+4.143
0 days 01:43:17.057000,1,6,+14.095,+4.183
0 days 01:43:20.833000,1,6,+14.085,+4.215
0 days 01:43:29.331000,1,6,+14.277,+4.269
0 days 01:43:33.311000,1,6,+14.267,+4.292
0 days 01:43:34.108000,1,6,+14.262,+4.270
0 days 01:43:38.653000,1,6,+14.337,+4.264
0 days 01:43:42.971000,1,6,+14.294,+4.312
0 days 01:43:44.188000,1,6,+14.274,+4.317
0 days 01:43:46.484000,1,6,+14.238,+4.403
0 days 01:43:51.634000,1,6,+14.277,+4.536
0 days 01:43:57.100000,1,6,+14.309,+4.423
0 days 01:44:01.303000,1,6,+14.367,+4.425
0 days 01:44:04.358000,1,6,+14.354,+4.445
0 days 01:44:11.512000,1,6,+14.438,+4.579
0 days 01:44:15.333000,1,6,+14.420,+4.556
0 days 01:44:19.200000,1,6,+14.306,+4.637
0 days 01:44:24.931000,1,6,+14.397,+4.690
0 days 01:44:29.784000,1,6,+14.481,+4.651
0 days 01:44:33.785000,1,6,+14.485,+4.665
0 days 01:44:40.002000,1,6,+14.555,+4.469
0 days 01:44:45.377000,1,6,+14.638,+4.512
0 days 01:44:49.706000,1,6,+14.642,+4.542
0 days 01:44:54.531000,1,6,+14.634,+4.583
0 days 01:44:58.374000,1,6,+14.639,+4.621
0 days 01:45:06.698000,1,6,+14.634,+4.598
0 days 01:45:10.658000,1,6,+14.620,+4.610
0 days 01:45:11.501000,1,6,+14.618,+4.604
0 days 01:45:15.897000,1,6,+14.654,+4.593
0 days 01:45:20.358000,1,6,+14.612,+4.641
0 days 01:45:21.480000,1,6,+14.589,+4.643
0 days 01:45:23.761000,1,6,+14.600,+4.704
0 days 01:45:28.684000,1,6,+14.496,+4.552
0 days 01:45:34.284000,1,6,+14.590,+4.561
0 days 01:45:38.559000,1,6,+14.692,+4.589
0 days 01:45:41.484000,1,6,+14.687,+4.604
0 days 01:45:48.579000,1,6,+14.716,+4.606
0 days 01:45:52.332000,1,6,+14.719,+4.621
0 days 01:45:56.332000,1,6,+14.655,+4.667
0 days 01:46:02.001000,1,6,+14.702,+4.674
0 days 01:46:06.877000,1,6,+14.786,+4.548
0 days 01:46:10.828000,1,6,+14.817,+4.563
0 days 01:46:17.133000,1,6,+15.004,+4.479
0 days 01:46:22.447000,1,6,+15.036,+4.472
0 days 01:46:26.796000,1,6,+15.026,+4.507
0 days 01:46:31.561000,1,6,+15.000,+4.541
0 days 01:46:35.358000,1,6,+14.987,+4.573
0 days 01:46:43.754000,1,6,+15.110,+4.522
0 days 01:46:47.715000,1,6,+15.078,+4.499
0 days 01:46:48.451000,1,6,+15.057,+4.463
0 days 01:46:52.994000,1,6,+15.205,+4.447
0 days 01:46:57.388000,1,6,+15.190,+4.491
0 days 01:46:58.685000,1,6,+15.179,+4.503
0 days 01:47:00.809000,1,6,+15.175,+4.526
0 days 01:47:05.985000,1,6,+15.321,+4.576
0 days 01:47:11.488000,1,6,+15.291,+4.445
0 days 01:47:15.761000,1,6,+15.377,+4.434
0 days 01:47:18.735000,1,6,+15.373,+4.461
0 days 01:47:25.903000,1,6,+15.435,+4.500
0 days 01:47:29.647000,1,6,+15.447,+4.520
0 days 01:47:33.659000,1,6,+15.395,+4.584
0 days 01:47:39.307000,1,6,+15.466,+4.532
0 days 01:47:44.363000,1,6,+15.526,+4.512
0 days 01:47:48.185000,1,6,+15.530,+4.524
0 days 01:47:54.359000,1,6,+15.636,+4.388
0 days 01:47:59.901000,1,6,+15.723,+4.396
0 days 01:48:04.173000,1,6,+15.709,+4.416
0 days 01:48:08.960000,1,6,+15.699,+4.455
0 days 01:48:12.754000,1,6,+15.687,+4.476
0 days 01:48:21.166000,1,6,+15.756,+4.432
0 days 01:48:25.096000,1,6,+15.770,+4.430
0 days 01:48:25.885000,1,6,+15.788,+4.395
0 days 01:48:30.355000,1,6,+15.745,+4.350
0 days 01:48:34.733000,1,6,+15.697,+4.379
0 days 01:48:35.947000,1,6,+15.676,+4.367
0 days 01:48:38.112000,1,6,+15.634,+4.304
0 days 01:48:43.290000,1,6,+15.785,+4.362
0 days 01:48:48.660000,1,6,+15.744,+4.164
0 days 01:48:52.946000,1,6,+15.806,+4.155
0 days 01:48:55.906000,1,6,+15.795,+4.165
0 days 01:49:03.085000,1,6,+15.802,+4.144
0 days 01:49:06.788000,1,6,+15.808,+4.145
0 days 01:49:10.759000,1,6,+15.739,+4.149
0 days 01:49:16.439000,1,6,+15.846,+4.106
0 days 01:49:21.286000,1,6,+15.918,+4.059
0 days 01:49:25.259000,1,6,+15.946,+4.063
0 days 01:49:31.533000,1,6,+15.987,+3.984
0 days 01:49:36.934000,1,6,+16.137,+4.018
0 days 01:49:41.280000,1,6,+16.157,+4.040
0 days 01:49:46.108000,1,6,+16.153,+4.076
0 days 01:49:49.883000,1,6,+16.146,+4.097
0 days 01:49:58.240000,1,6,+16.194,+4.001
0 days 01:50:02.188000,1,6,+16.170,+3.998
0 days 01:50:02.979000,1,6,+16.141,+3.971
0 days 01:50:07.479000,1,6,+16.167,+3.952
0 days 01:50:11.845000,1,6,+16.140,+3.999
0 days 01:50:13.008000,1,6,+16.119,+4.010
0 days 01:50:15.233000,1,6,+16.098,+4.041
0 days 01:50:20.293000,1,6,+16.051,+4.074
0 days 01:50:25.827000,1,6,+16.105,+4.114
0 days 01:50:30.161000,1,6,+16.150,+4.143
0 days 01:50:33.104000,1,6,+16.143,+4.164
0 days 01:50:40.232000,1,6,+16.197,+4.162
0 days 01:50:43.974000,1,6,+16.223,+4.167
0 days 01:50:47.952000,1,6,+16.150,+4.233
0 days 01:50:53.586000,1,6,+16.175,+4.255
0 days 01:50:58.460000,1,6,+16.289,+4.219
0 days 01:51:02.451000,1,6,+16.343,+4.262
0 days 01:51:08.649000,1,6,+16.399,+4.169
0 days 01:51:14.075000,1,6,+16.502,+4.139
0 days 01:51:18.405000,1,6,+16.506,+4.151
0 days 01:51:23.188000,1,6,+16.493,+4.194
0 days 01:51:26.960000,1,6,+16.484,+4.221
0 days 01:51:35.460000,1,6,+16.611,+4.196
0 days 01:51:39.329000,1,6,+16.587,+4.187
0 days 01:51:40.160000,1,6,+16.577,+4.151
0 days 01:51:44.614000,1,6,+16.671,+4.116
0 days 01:51:49.020000,1,6,+16.648,+4.147
0 days 01:51:50.234000,1,6,+16.640,+4.145
0 days 01:51:52.408000,1,6,+16.634,+4.172
0 days 01:51:57.609000,1,6,+16.668,+4.182
0 days 01:52:03.037000,1,6,+16.630,+4.049
0 days 01:52:07.260000,1,6,+16.662,+4.017
0 days 01:52:10.287000,1,6,+16.660,+4.027
0 days 01:52:17.390000,1,6,+16.722,+3.941
0 days 01:52:21.198000,1,6,+16.743,+3.948
0 days 01:52:25.091000,1,6,+16.708,+3.977
0 days 01:52:30.741000,1,6,+16.847,+3.963
0 days 01:52:35.656000,1,6,+16.968,+3.931
0 days 01:52:39.634000,1,6,+16.990,+3.937
0 days 01:52:45.761000,1,6,+17.006,+3.826
0 days 01:52:51.218000,1,6,+17.187,+3.811
0 days 01:52:55.549000,1,6,+17.178,+3.798
0 days 01:53:00.350000,1,6,+17.163,+3.833
0 days 01:53:04.134000,1,6,+17.156,+3.852
0 days 01:53:12.590000,1,6,+17.289,+3.754
0 days 01:53:16.502000,1,6,+17.293,+3.741
0 days 01:53:17.312000,1,6,+17.290,+3.690
0 days 01:53:21.714000,1,6,+17.322,+3.644
0 days 01:53:26.081000,1,6,+17.283,+3.676
0 days 01:53:27.289000,1,6,+17.262,+3.684
0 days 01:53:29.539000,1,6,+17.292,+3.794
0 days 01:53:34.625000,1,6,+17.341,+3.929
0 days 01:53:40.203000,1,6,+17.337,+3.678
0 days 01:53:44.546000,1,6,+17.339,+3.743
0 days 01:53:47.578000,1,6,+17.326,+3.768
0 days 01:53:54.521000,1,6,+17.368,+3.721
0 days 01:53:58.261000,1,6,+17.376,+3.736
0 days 01:54:02.168000,1,6,+17.273,+3.769
0 days 01:54:07.789000,1,6,+17.322,+3.684
0 days 01:54:12.592000,1,6,+17.356,+3.578
0 days 01:54:16.572000,1,6,+17.383,+3.585
0 days 01:54:22.783000,1,6,+17.408,+3.528
0 days 01:54:28.116000,1,6,+17.438,+3.502
0 days 01:54:32.462000,1,6,+17.428,+3.513
0 days 01:54:37.217000,1,6,+17.413,+3.551
0 days 01:54:41.038000,1,6,+17.403,+3.579
0 days 01:54:49.412000,1,6,+17.433,+3.507
0 days 01:54:53.403000,1,6,+17.426,+3.526
0 days 01:54:54.185000,1,6,+17.406,+3.462
0 days 01:54:58.637000,1,6,+17.440,+3.276
0 days 01:55:03.061000,1,6,+17.412,+3.291
0 days 01:55:04.235000,1,6,+17.394,+3.296
0 days 01:55:06.382000,1,6,+17.370,+3.313
0 days 01:55:11.615000,1,6,+17.500,+3.406
0 days 01:55:16.917000,1,6,+17.336,+3.214
0 days 01:55:21.188000,1,6,+17.324,+3.140
0 days 01:55:24.151000,1,6,+17.308,+3.151
0 days 01:55:31.210000,1,6,+17.383,+3.132
0 days 01:55:34.982000,1,6,+17.380,+3.149
0 days 01:55:38.866000,1,6,+17.245,+3.173
0 days 01:55:44.436000,1,6,+17.240,+3.114
0 days 01:55:49.364000,1,6,+17.351,+3.148
0 days 01:55:53.339000,1,6,+17.367,+3.172
0 days 01:55:59.552000,1,6,+17.355,+3.032
0 days 01:56:04.841000,1,6,+17.411,+3.017
0 days 01:56:09.158000,1,6,+17.385,+3.038
0 days 01:56:13.952000,1,6,+17.367,+3.074
0 days 01:56:17.797000,1,6,+17.356,+3.102
0 days 01:56:26.336000,1,6,+17.503,+3.068
0 days 01:56:30.180000,1,6,+17.481,+3.075
0 days 01:56:30.950000,1,6,+17.455,+3.045
0 days 01:56:35.351000,1,6,+17.500,+3.019
0 days 01:56:39.716000,1,6,+17.460,+3.047
0 days 01:56:40.907000,1,6,+17.434,+3.045
0 days 01:56:43.077000,1,6,+17.375,+3.061
0 days 01:56:48.108000,1,6,+17.287,+3.019
0 days 01:56:53.630000,1,6,+17.300,+2.806
0 days 01:56:57.905000,1,6,+17.327,+2.860
0 days 01:57:00.851000,1,6,+17.309,+2.875
0 days 01:57:07.914000,1,6,+17.386,+2.807
0 days 01:57:11.636000,1,6,+17.383,+2.807
0 days 01:57:15.491000,1,6,+17.233,+2.819
0 days 01:57:21.099000,1,6,+17.194,+2.649
0 days 01:57:25.931000,1,6,+17.236,+2.585
0 days 01:57:29.907000,1,6,+17.256,+2.599
0 days 01:57:36.089000,1,6,+17.336,+2.522
0 days 01:57:41.463000,1,6,+17.369,+2.479
0 days 01:57:45.783000,1,6,+17.365,+2.498
0 days 01:57:50.579000,1,6,+17.342,+2.528
0 days 01:57:54.405000,1,6,+17.331,+2.550
0 days 01:58:02.885000,1,6,+17.314,+2.492
0 days 01:58:06.763000,1,6,+17.278,+2.479
0 days 01:58:07.537000,1,6,+17.261,+2.440
0 days 01:58:12.025000,1,6,+17.351,+2.319
0 days 01:58:16.378000,1,6,+17.319,+2.333
0 days 01:58:17.489000,1,6,+17.299,+2.329
0 days 01:58:19.742000,1,6,+17.237,+2.294
0 days 01:58:24.701000,1,6,+17.199,+2.292
0 days 01:58:30.218000,1,6,+17.193,+2.159
0 days 01:58:34.486000,1,6,+17.196,+2.139
0 days 01:58:37.424000,1,6,+17.177,+2.149
0 days 01:58:44.559000,1,6,+17.285,+2.113
0 days 01:58:48.337000,1,6,+17.301,+2.128
0 days 01:58:52.234000,1,6,+17.153,+2.124
0 days 01:58:57.864000,1,6,+17.155,+1.936
0 days 01:59:02.722000,1,6,+17.224,+1.834
0 days 01:59:06.702000,1,6,+17.255,+1.831
0 days 01:59:12.890000,1,6,+17.358,+1.703
0 days 01:59:18.314000,1,6,+17.426,+1.634
0 days 01:59:22.610000,1,6,+17.429,+1.628
0 days 01:59:27.425000,1,6,+17.402,+1.649
0 days 01:59:31.219000,1,6,+17.383,+1.668
0 days 01:59:39.729000,1,6,+17.466,+1.661
0 days 01:59:43.628000,1,6,+17.463,+1.727
0 days 01:59:44.400000,1,6,+17.477,+1.999
0 days 01:59:48.877000,1,5,+17.477,+1.999
0 days 01:59:48.893000,1,5,+17.496,+5.495
0 days 01:59:53.184000,1,5,+17.462,+5.515
0 days 01:59:54.369000,1,5,+17.453,+5.515
0 days 01:59:56.508000,1,5,+17.383,+5.523
0 days 02:00:01.590000,1,5,+17.479,+5.512
0 days 02:00:07.055000,1,5,+17.417,+5.353
0 days 02:00:11.348000,1,5,+17.464,+5.342
0 days 02:00:14.290000,1,5,+17.447,+5.349
0 days 02:00:21.553000,1,5,+17.502,+5.398
0 days 02:00:25.138000,1,5,+17.495,+5.424
0 days 02:00:29.337000,1,5,+17.397,+5.376
0 days 02:00:34.626000,1,5,+17.308,+5.266
0 days 02:00:39.581000,1,5,+17.390,+5.114
0 days 02:00:43.427000,1,5,+17.430,+5.126
0 days 02:00:49.590000,1,5,+17.440,+5.080
0 days 02:00:55.016000,1,5,+17.589,+5.111
0 days 02:00:59.306000,1,5,+17.574,+5.121
0 days 02:01:04.084000,1,5,+17.556,+5.156
0 days 02:01:07.939000,1,5,+17.543,+5.180
0 days 02:01:16.310000,1,5,+17.520,+5.286
0 days 02:01:20.258000,1,5,+17.510,+5.291
0 days 02:01:20.997000,1,5,+17.512,+5.267
0 days 02:01:25.511000,1,5,+17.585,+5.234
0 days 02:01:29.784000,1,5,+17.557,+5.261
0 days 02:01:30.997000,1,5,+17.538,+5.249
0 days 02:01:33.149000,1,5,+17.575,+5.267
0 days 02:01:38.269000,1,5,+17.546,+5.369
0 days 02:01:43.591000,1,5,+17.466,+5.121
0 days 02:01:47.927000,1,5,+17.570,+5.142
0 days 02:01:50.859000,1,5,+17.565,+5.157
0 days 02:01:57.895000,1,5,+17.607,+5.107
0 days 02:02:01.642000,1,5,+17.612,+5.115
0 days 02:02:05.527000,1,5,+17.569,+5.033
0 days 02:02:11.211000,1,5,+17.668,+4.982
0 days 02:02:16.030000,1,5,+17.698,+4.913
0 days 02:02:20.009000,1,5,+17.731,+4.950
0 days 02:02:26.189000,1,5,+17.747,+4.945
0 days 02:02:31.521000,1,5,+17.836,+4.902
0 days 02:02:35.809000,1,5,+17.833,+4.888
0 days 02:02:40.591000,1,5,+17.812,+4.922
0 days 02:02:44.387000,1,5,+17.802,+4.943
0 days 02:02:52.819000,1,5,+17.790,+4.877
0 days 02:02:56.713000,1,5,+17.800,+4.844
0 days 02:02:57.493000,1,5,+17.799,+4.803
0 days 02:03:01.928000,1,5,+17.842,+4.769
0 days 02:03:06.243000,1,5,+17.815,+4.792
0 days 02:03:07.465000,1,5,+17.799,+4.786
0 days 02:03:09.554000,1,5,+17.727,+4.768
0 days 02:03:14.585000,1,5,+17.831,+4.784
0 days 02:03:20.192000,1,5,+17.935,+4.681
0 days 02:03:24.447000,1,5,+17.970,+4.649
0 days 02:03:27.386000,1,5,+17.953,+4.655
0 days 02:03:34.407000,1,5,+17.959,+4.593
0 days 02:03:38.123000,1,5,+17.966,+4.619
0 days 02:03:42.033000,1,5,+17.906,+4.569
0 days 02:03:47.642000,1,5,+17.991,+4.569
0 days 02:03:52.419000,1,5,+18.041,+4.485
0 days 02:03:56.339000,1,5,+18.071,+4.510
0 days 02:04:02.498000,1,5,+18.101,+4.481
0 days 02:04:07.883000,1,5,+18.196,+4.470
0 days 02:04:12.169000,1,5,+18.183,+4.493
0 days 02:04:16.959000,1,5,+18.161,+4.533
0 days 02:04:20.782000,1,5,+18.149,+4.558
0 days 02:04:29.256000,1,5,+18.246,+4.597
0 days 02:04:33.166000,1,5,+18.245,+4.596
0 days 02:04:34.046000,1,5,+18.225,+4.542
0 days 02:04:38.366000,1,5,+18.273,+4.531
0 days 02:04:42.666000,1,5,+18.245,+4.553
0 days 02:04:43.872000,1,5,+18.228,+4.547
0 days 02:04:46.014000,1,5,+18.219,+4.576
0 days 02:04:50.997000,1,5,+18.243,+4.620
0 days 02:04:56.502000,1,5,+18.254,+4.468
0 days 02:05:00.766000,1,5,+18.331,+4.497
0 days 02:05:03.724000,1,5,+18.327,+4.516
0 days 02:05:10.766000,1,5,+18.390,+4.530
0 days 02:05:14.544000,1,5,+18.390,+4.536
0 days 02:05:18.441000,1,5,+18.393,+4.498
0 days 02:05:23.932000,1,5,+18.447,+4.436
0 days 02:05:28.706000,1,5,+18.472,+4.295
0 days 02:05:32.651000,1,5,+18.460,+4.303
0 days 02:05:38.771000,1,5,+18.520,+4.328
0 days 02:05:44.093000,1,5,+18.507,+4.276
0 days 02:05:48.412000,1,5,+18.477,+4.269
0 days 02:05:53.240000,1,5,+18.456,+4.302
0 days 02:05:57.004000,1,5,+18.443,+4.328
0 days 02:06:05.404000,1,5,+18.441,+4.368
0 days 02:06:09.309000,1,5,+18.416,+4.370
0 days 02:06:10.095000,1,5,+18.380,+4.347
0 days 02:06:14.497000,1,5,+18.382,+4.151
0 days 02:06:18.815000,1,5,+18.346,+4.146
0 days 02:06:19.998000,1,5,+18.325,+4.132
0 days 02:06:22.129000,1,5,+18.258,+4.138
0 days 02:06:27.143000,1,5,+18.313,+4.164
0 days 02:06:32.570000,1,5,+18.239,+3.994
0 days 02:06:36.795000,1,5,+18.246,+3.966
0 days 02:06:39.795000,1,5,+18.235,+3.980
0 days 02:06:46.791000,1,5,+18.276,+4.010
0 days 02:06:50.519000,1,5,+18.257,+4.020
0 days 02:06:54.447000,1,5,+18.258,+4.005
0 days 02:07:00.069000,1,5,+18.276,+3.953
0 days 02:07:04.867000,1,5,+18.338,+3.865
0 days 02:07:08.915000,1,5,+18.356,+3.887
0 days 02:07:14.969000,1,5,+18.401,+3.922
0 days 02:07:20.328000,1,5,+18.431,+3.855
0 days 02:07:24.592000,1,5,+18.396,+3.854
0 days 02:07:29.385000,1,5,+18.363,+3.883
0 days 02:07:33.234000,1,5,+18.346,+3.905
0 days 02:07:41.667000,1,5,+18.360,+3.948
0 days 02:07:45.524000,1,5,+18.349,+3.948
0 days 02:07:46.329000,1,5,+18.307,+3.922
0 days 02:07:50.740000,1,5,+18.279,+3.866
0 days 02:07:55.067000,1,5,+18.241,+3.887
0 days 02:07:56.224000,1,5,+18.221,+3.876
0 days 02:07:58.404000,1,5,+18.199,+3.907
0 days 02:08:03.293000,1,5,+18.125,+3.846
0 days 02:08:08.844000,1,5,+18.099,+3.755
0 days 02:08:13.090000,1,5,+18.120,+3.737
0 days 02:08:16.017000,1,5,+18.106,+3.745
0 days 02:08:23.159000,1,5,+18.125,+3.770
0 days 02:08:26.909000,1,5,+18.119,+3.776
0 days 02:08:30.758000,1,5,+18.098,+3.762
0 days 02:08:36.393000,1,5,+18.241,+3.743
0 days 02:08:41.184000,1,5,+18.249,+3.562
0 days 02:08:45.120000,1,5,+18.208,+3.531
0 days 02:08:51.328000,1,5,+18.201,+3.635
0 days 02:08:56.613000,1,5,+18.276,+3.598
0 days 02:09:00.916000,1,5,+18.278,+3.618
0 days 02:09:05.744000,1,5,+18.257,+3.658
0 days 02:09:09.510000,1,5,+18.247,+3.683
0 days 02:09:17.863000,1,5,+18.209,+3.713
0 days 02:09:21.934000,1,5,+18.191,+3.704
0 days 02:09:22.594000,1,5,+18.158,+3.661
0 days 02:09:26.932000,1,5,+18.155,+3.612
0 days 02:09:31.267000,1,5,+18.109,+3.628
0 days 02:09:32.522000,1,5,+18.082,+3.621
0 days 02:09:34.546000,1,5,+17.986,+3.610
0 days 02:09:39.543000,1,5,+17.953,+3.604
0 days 02:09:45.060000,1,5,+17.846,+3.463
0 days 02:09:49.395000,1,5,+17.841,+3.433
0 days 02:09:52.241000,1,5,+17.824,+3.445
0 days 02:09:59.287000,1,5,+17.840,+3.501
0 days 02:10:03.103000,1,5,+17.826,+3.536
0 days 02:10:06.871000,1,5,+17.787,+3.540
0 days 02:10:12.417000,1,5,+17.831,+3.511
0 days 02:10:17.270000,1,5,+17.832,+3.418
0 days 02:10:21.254000,1,5,+17.845,+3.415
0 days 02:10:27.468000,1,5,+17.899,+3.479
0 days 02:10:32.796000,1,5,+17.965,+3.344
0 days 02:10:37.115000,1,5,+17.947,+3.337
0 days 02:10:41.895000,1,5,+17.923,+3.370
0 days 02:10:45.694000,1,5,+17.905,+3.394
0 days 02:10:54.066000,1,5,+17.918,+3.489
0 days 02:10:58.030000,1,5,+17.904,+3.493
0 days 02:10:58.763000,1,5,+17.881,+3.448
0 days 02:11:03.194000,1,5,+17.843,+3.371
0 days 02:11:07.484000,1,5,+17.790,+3.389
0 days 02:11:08.680000,1,5,+17.763,+3.380
0 days 02:11:10.813000,1,5,+17.670,+3.349
0 days 02:11:15.794000,1,5,+17.596,+3.374
0 days 02:11:21.233000,1,5,+17.518,+3.236
0 days 02:11:25.569000,1,5,+17.577,+3.245
0 days 02:11:28.519000,1,5,+17.565,+3.265
0 days 02:11:35.594000,1,5,+17.580,+3.269
0 days 02:11:39.338000,1,5,+17.572,+3.273
0 days 02:11:43.197000,1,5,+17.438,+3.239
0 days 02:11:48.742000,1,5,+17.388,+3.188
0 days 02:11:53.485000,1,5,+17.373,+3.041
0 days 02:11:57.464000,1,5,+17.368,+3.055
0 days 02:12:03.606000,1,5,+17.415,+3.183
0 days 02:12:08.936000,1,5,+17.424,+3.115
0 days 02:12:13.243000,1,5,+17.426,+3.134
0 days 02:12:18.089000,1,5,+17.404,+3.169
0 days 02:12:21.864000,1,5,+17.391,+3.197
0 days 02:12:30.208000,1,5,+17.316,+3.241
0 days 02:12:34.146000,1,5,+17.322,+3.271
0 days 02:12:34.932000,1,5,+17.325,+3.252
0 days 02:12:39.386000,1,5,+17.351,+3.118
0 days 02:12:43.668000,1,5,+17.308,+3.111
0 days 02:12:44.869000,1,5,+17.287,+3.094
0 days 02:12:47.003000,1,5,+17.239,+3.109
0 days 02:12:51.973000,1,5,+17.146,+3.127
0 days 02:12:57.443000,1,5,+17.176,+3.082
0 days 02:13:01.708000,1,5,+17.162,+3.054
0 days 02:13:04.643000,1,5,+17.150,+3.070
0 days 02:13:11.749000,1,5,+17.230,+3.124
0 days 02:13:15.472000,1,5,+17.244,+3.133
0 days 02:13:19.327000,1,5,+17.145,+3.076
0 days 02:13:24.886000,1,5,+17.197,+3.053
0 days 02:13:29.695000,1,5,+17.167,+2.935
0 days 02:13:33.669000,1,5,+17.131,+2.961
0 days 02:13:39.838000,1,5,+17.123,+3.033
0 days 02:13:45.226000,1,5,+17.182,+2.963
0 days 02:13:49.521000,1,5,+17.173,+2.986
0 days 02:13:54.269000,1,5,+17.142,+3.020
0 days 02:13:58.136000,1,5,+17.124,+3.044
0 days 02:14:06.447000,1,5,+17.161,+3.133
0 days 02:14:10.373000,1,5,+17.146,+3.117
0 days 02:14:11.166000,1,5,+17.110,+3.033
0 days 02:14:15.562000,1,5,+17.079,+2.988
0 days 02:14:19.861000,1,5,+17.048,+2.999
0 days 02:14:21.148000,1,5,+17.032,+2.978
0 days 02:14:23.191000,1,5,+17.002,+2.993
0 days 02:14:28.047000,1,5,+16.902,+2.982
0 days 02:14:33.663000,1,5,+16.933,+2.874
0 days 02:14:37.931000,1,5,+16.945,+2.937
0 days 02:14:40.845000,1,5,+16.926,+2.952
0 days 02:14:47.943000,1,5,+16.989,+2.938
0 days 02:14:51.618000,1,5,+16.981,+2.950
0 days 02:14:55.517000,1,5,+16.912,+2.933
0 days 02:15:00.985000,1,5,+16.893,+2.867
0 days 02:15:05.789000,1,5,+16.882,+2.750
0 days 02:15:09.698000,1,5,+16.880,+2.763
0 days 02:15:15.872000,1,5,+16.890,+2.832
0 days 02:15:21.170000,1,5,+16.918,+2.729
0 days 02:15:25.498000,1,5,+16.906,+2.727
0 days 02:15:30.265000,1,5,+16.873,+2.758
0 days 02:15:34.043000,1,5,+16.847,+2.773
0 days 02:15:42.489000,1,5,+16.981,+2.881
0 days 02:15:46.396000,1,5,+16.980,+2.865
0 days 02:15:47.237000,1,5,+16.983,+2.842
0 days 02:15:51.645000,1,5,+17.075,+2.812
0 days 02:15:55.997000,1,5,+17.062,+2.829
0 days 02:15:57.225000,1,5,+17.041,+2.819
0 days 02:15:59.270000,1,5,+17.000,+2.803
0 days 02:16:04.209000,1,5,+16.895,+2.657
0 days 02:16:09.744000,1,5,+16.895,+2.470
0 days 02:16:13.968000,1,5,+16.891,+2.509
0 days 02:16:16.926000,1,5,+16.873,+2.524
0 days 02:16:23.984000,1,5,+16.912,+2.545
0 days 02:16:27.711000,1,5,+16.915,+2.581
0 days 02:16:31.592000,1,5,+16.898,+2.568
0 days 02:16:37.096000,1,5,+16.988,+2.515
0 days 02:16:41.934000,1,5,+17.015,+2.379
0 days 02:16:45.870000,1,5,+17.030,+2.367
0 days 02:16:52.053000,1,5,+17.017,+2.402
0 days 02:16:57.348000,1,5,+17.084,+2.327
0 days 02:17:01.642000,1,5,+17.083,+2.333
0 days 02:17:06.471000,1,5,+17.053,+2.367
0 days 02:17:10.206000,1,5,+17.030,+2.389
0 days 02:17:18.600000,1,5,+17.135,+2.474
0 days 02:17:22.514000,1,5,+17.120,+2.460
0 days 02:17:23.297000,1,5,+17.076,+2.395
0 days 02:17:27.696000,1,5,+17.096,+2.294
0 days 02:17:31.997000,1,5,+17.083,+2.304
0 days 02:17:33.228000,1,5,+17.070,+2.296
0 days 02:17:35.314000,1,5,+17.050,+2.315
0 days 02:17:40.201000,1,5,+16.965,+2.345
0 days 02:17:45.763000,1,5,+16.925,+2.178
0 days 02:17:50.048000,1,5,+16.967,+2.215
0 days 02:17:52.991000,1,5,+16.964,+2.234
0 days 02:18:00.047000,1,5,+16.934,+2.240
0 days 02:18:03.727000,1,5,+16.923,+2.239
0 days 02:18:07.545000,1,5,+16.892,+2.207
0 days 02:18:13.097000,1,5,+16.924,+2.233
0 days 02:18:17.897000,1,5,+16.833,+2.108
0 days 02:18:21.851000,1,5,+16.823,+2.120
0 days 02:18:27.990000,1,5,+16.829,+2.118
0 days 02:18:33.335000,1,5,+16.736,+1.990
0 days 02:18:37.601000,1,5,+16.716,+2.010
0 days 02:18:42.369000,1,5,+16.743,+2.039
0 days 02:18:46.147000,1,5,+16.899,+2.064
0 days 02:18:54.518000,1,5,+17.003,+2.175
0 days 02:18:58.437000,1,5,+17.017,+2.187
0 days 02:18:59.218000,1,5,+16.996,+2.114
0 days 02:19:03.592000,1,5,+17.026,+2.035
0 days 02:19:07.897000,1,5,+16.999,+2.053
0 days 02:19:09.085000,1,5,+16.987,+2.042
0 days 02:19:11.118000,1,5,+16.908,+2.015
0 days 02:19:15.951000,1,5,+16.836,+2.009
0 days 02:19:21.545000,1,5,+16.894,+1.909
0 days 02:19:25.800000,1,5,+16.946,+1.941
0 days 02:19:28.725000,1,5,+16.932,+1.959
0 days 02:19:35.816000,1,5,+16.998,+1.926
0 days 02:19:39.520000,1,5,+17.005,+1.943
0 days 02:19:43.385000,1,5,+16.972,+1.884
0 days 02:19:48.917000,1,5,+17.035,+1.773
0 days 02:19:53.700000,1,5,+17.049,+1.645
0 days 02:19:57.629000,1,5,+17.050,+1.659
0 days 02:20:03.765000,1,5,+17.075,+1.624
0 days 02:20:09.073000,1,5,+17.125,+1.536
0 days 02:20:13.315000,1,5,+17.100,+1.526
0 days 02:20:18.072000,1,5,+17.071,+1.548
0 days 02:20:21.935000,1,5,+17.047,+1.564
0 days 02:20:30.222000,1,5,+17.065,+1.585
0 days 02:20:34.162000,1,5,+17.044,+1.565
0 days 02:20:34.898000,1,5,+17.026,+1.495
0 days 02:20:39.698000,1,5,+17.101,+1.471
0 days 02:20:43.591000,1,5,+17.080,+1.487
0 days 02:20:44.767000,1,5,+17.063,+1.479
0 days 02:20:46.842000,1,5,+17.032,+1.471
0 days 02:20:51.822000,1,5,+16.944,+1.476
0 days 02:20:57.317000,1,5,+16.891,+1.265
0 days 02:21:01.605000,1,5,+16.945,+1.293
0 days 02:21:04.525000,1,5,+16.944,+1.302
0 days 02:21:11.561000,1,5,+16.988,+1.232
0 days 02:21:15.293000,1,5,+16.985,+1.241
0 days 02:21:19.146000,1,5,+16.956,+1.211
0 days 02:21:24.711000,1,5,+17.090,+1.130
0 days 02:21:29.509000,1,5,+17.040,+0.924
0 days 02:21:33.472000,1,5,+17.042,+0.918
0 days 02:21:39.716000,1,5,+16.998,+0.917
0 days 02:21:45.036000,1,5,+17.111,+0.813
0 days 02:21:49.302000,1,5,+17.108,+0.826
0 days 02:21:54.020000,1,5,+17.019,+0.796
0 days 02:21:57.590000,1,5,+16.793,+0.622
0 days 02:22:05.793000,1,5,+16.690,+0.514
0 days 02:22:09.713000,1,5,+16.655,+0.510
0 days 02:22:10.647000,1,5,+16.668,+0.477
0 days 02:22:14.998000,1,5,+16.704,+0.425
0 days 02:22:19.105000,1,5,+16.460,+0.252
0 days 02:22:20.247000,1,5,+16.376,+0.196
0 days 02:22:22.518000,1,5,+16.490,+0.333
0 days 02:22:27.673000,1,5,+16.742,+0.443
0 days 02:22:33.318000,1,5,+16.766,+0.302
0 days 02:22:37.563000,1,5,+16.772,+0.311
0 days 02:22:40.424000,1,5,+16.726,+0.304
0 days 02:22:47.610000,1,5,+16.860,+0.487
0 days 02:22:51.359000,1,5,+16.860,+0.499
0 days 02:22:55.199000,1,5,+16.849,+0.472
0 days 02:23:00.899000,1,5,+17.022,+0.500
0 days 02:23:05.767000,1,5,+17.235,+0.467
0 days 02:23:09.748000,1,5,+17.248,+0.473
0 days 02:23:16.032000,1,5,+17.450,+0.481
0 days 02:23:21.450000,1,5,+17.610,+0.576
0 days 02:23:25.732000,1,5,+17.599,+0.604
0 days 02:23:30.389000,1,5,+17.473,+0.550
0 days 02:23:33.927000,1,5,+17.228,+0.359
0 days 02:23:42.316000,1,5,+17.295,+0.401
0 days 02:23:46.218000,1,5,+17.296,+0.383
0 days 02:23:47.073000,1,5,+17.338,+0.360
0 days 02:23:51.582000,1,5,+17.487,+0.405
0 days 02:23:55.682000,1,5,+17.266,+0.230
0 days 02:23:56.773000,1,5,+17.168,+0.130
0 days 02:23:59.069000,1,5,+17.303,+0.153
0 days 02:24:04.125000,1,5,+17.385,+0.288
0 days 02:24:09.686000,1,4,+17.385,+0.288
0 days 02:24:09.734000,1,4,+17.560,+6.340
0 days 02:24:13.900000,1,4,+17.493,+6.227
0 days 02:24:16.773000,1,4,+17.474,+6.223
0 days 02:24:24.319000,1,4,+17.960,+6.662
0 days 02:24:27.999000,1,4,+17.968,+6.644
0 days 02:24:31.774000,1,4,+17.884,+6.412
0 days 02:24:37.227000,1,4,+17.913,+6.220
0 days 02:24:42.025000,1,4,+17.956,+6.247
0 days 02:24:46.002000,1,4,+17.966,+6.258
0 days 02:24:52.078000,1,4,+17.925,+6.150
0 days 02:24:57.404000,1,4,+18.034,+6.090
0 days 02:25:01.725000,1,4,+18.055,+6.089
0 days 02:25:06.510000,1,4,+18.041,+6.111
0 days 02:25:10.287000,1,4,+18.031,+6.142
0 days 02:25:18.728000,1,4,+18.137,+6.149
0 days 02:25:22.604000,1,4,+18.145,+6.148
0 days 02:25:23.348000,1,4,+18.119,+6.098
0 days 02:25:27.763000,1,4,+18.142,+6.118
0 days 02:25:32.047000,1,4,+18.116,+6.150
0 days 02:25:33.234000,1,4,+18.104,+6.142
0 days 02:25:35.349000,1,4,+18.060,+5.959
0 days 02:25:40.262000,1,4,+18.007,+5.860
0 days 02:25:45.774000,1,4,+17.973,+5.962
0 days 02:25:50.095000,1,4,+17.976,+6.004
0 days 02:25:52.950000,1,4,+17.959,+6.010
0 days 02:26:00.039000,1,4,+18.034,+6.054
0 days 02:26:03.771000,1,4,+18.023,+6.048
0 days 02:26:07.563000,1,4,+18.007,+5.913
0 days 02:26:13,1,4,+18.094,+5.734
0 days 02:26:17.851000,1,4,+18.115,+5.840
0 days 02:26:21.735000,1,4,+18.101,+5.841
0 days 02:26:27.942000,1,4,+18.100,+5.925
0 days 02:26:33.231000,1,4,+18.283,+5.955
0 days 02:26:37.533000,1,4,+18.282,+5.944
0 days 02:26:42.291000,1,4,+18.265,+5.963
0 days 02:26:46.086000,1,4,+18.255,+5.984
0 days 02:26:54.453000,1,4,+18.284,+5.965
0 days 02:26:58.401000,1,4,+18.263,+5.992
0 days 02:26:59.150000,1,4,+18.256,+5.981
0 days 02:27:03.551000,1,4,+18.281,+5.998
0 days 02:27:07.866000,1,4,+18.254,+6.012
0 days 02:27:09.030000,1,4,+18.246,+6.001
0 days 02:27:11.148000,1,4,+18.183,+5.834
0 days 02:27:16.104000,1,4,+18.122,+5.790
0 days 02:27:21.450000,1,4,+18.047,+5.822
0 days 02:27:25.770000,1,4,+18.115,+5.859
0 days 02:27:28.672000,1,4,+18.104,+5.865
0 days 02:27:35.668000,1,4,+18.139,+5.928
0 days 02:27:39.375000,1,4,+18.153,+5.933
0 days 02:27:43.206000,1,4,+18.141,+5.781
0 days 02:27:48.700000,1,4,+18.248,+5.716
0 days 02:27:53.526000,1,4,+18.276,+5.824
0 days 02:27:57.501000,1,4,+18.286,+5.830
0 days 02:28:03.614000,1,4,+18.167,+5.844
0 days 02:28:08.941000,1,4,+18.201,+5.841
0 days 02:28:13.240000,1,4,+18.217,+5.833
0 days 02:28:17.980000,1,4,+18.172,+5.832
0 days 02:28:21.749000,1,4,+18.148,+5.835
0 days 02:28:30.176000,1,4,+18.169,+5.907
0 days 02:28:34.137000,1,4,+18.138,+5.910
0 days 02:28:34.916000,1,4,+18.098,+5.900
0 days 02:28:39.310000,1,4,+18.102,+5.979
0 days 02:28:43.670000,1,4,+18.059,+5.991
0 days 02:28:44.827000,1,4,+18.044,+5.997
0 days 02:28:46.951000,1,4,+17.931,+5.857
0 days 02:28:51.670000,1,4,+17.670,+5.611
0 days 02:28:57.206000,1,4,+17.747,+5.721
0 days 02:29:01.405000,1,4,+17.766,+5.738
0 days 02:29:04.326000,1,4,+17.761,+5.749
0 days 02:29:11.383000,1,4,+17.643,+5.770
0 days 02:29:15.053000,1,4,+17.623,+5.769
0 days 02:29:18.853000,1,4,+17.446,+5.714
0 days 02:29:24.301000,1,4,+17.368,+5.698
0 days 02:29:29.065000,1,4,+17.306,+5.652
0 days 02:29:33.007000,1,4,+17.308,+5.621
0 days 02:29:39.350000,1,4,+17.183,+5.517
0 days 02:29:44.502000,1,4,+17.255,+5.563
0 days 02:29:48.766000,1,4,+17.234,+5.589
0 days 02:29:53.523000,1,4,+17.211,+5.654
0 days 02:29:57.323000,1,4,+17.193,+5.692
0 days 02:30:05.786000,1,4,+17.081,+5.778
0 days 02:30:09.664000,1,4,+16.963,+5.696
0 days 02:30:10.421000,1,4,+16.844,+5.583
0 days 02:30:14.822000,1,4,+16.656,+5.559
0 days 00:00:03.711000,44,5,,
0 days 00:59:09.565000,44,5,+0.480,+0.115
0 days 00:59:10.711000,44,5,+0.396,+0.106
0 days 00:59:13.414000,44,5,+0.501,+0.040
0 days 00:59:18.516000,44,4,+0.501,+0.040
0 days 00:59:18.586000,44,4,+0.812,+0.448
0 days 00:59:24.259000,44,4,+1.017,+0.412
0 days 00:59:28.300000,44,4,+0.962,+0.423
0 days 00:59:31.255000,44,4,+0.908,+0.449
0 days 00:59:38.484000,44,4,+1.062,+0.360
0 days 00:59:42.255000,44,4,+1.035,+0.429
0 days 00:59:46.313000,44,4,+1.055,+0.222
0 days 00:59:52.311000,44,4,+1.475,+0.199
0 days 00:59:57.292000,44,4,+1.969,+0.447
0 days 01:00:01.367000,44,4,+2.103,+0.570
0 days 01:00:07.733000,44,4,+2.446,+0.696
0 days 01:00:13.289000,44,4,+2.496,+0.655
0 days 01:00:17.305000,44,4,+2.498,+0.669
0 days 01:00:22.145000,44,4,+2.431,+0.683
0 days 01:00:25.934000,44,4,+2.352,+0.682
0 days 01:00:34.438000,44,4,+2.444,+0.642
0 days 01:00:38.456000,44,4,+2.370,+0.633
0 days 01:00:39.269000,44,4,+2.364,+0.600
0 days 01:00:43.917000,44,4,+2.448,+0.510
0 days 01:00:48.286000,44,4,+2.186,+0.414
0 days 01:00:49.493000,44,4,+2.092,+0.388
0 days 01:00:51.914000,44,4,+2.153,+0.470
0 days 01:00:57.321000,44,4,+2.399,+0.756
0 days 01:01:02.664000,44,4,+2.438,+0.738
0 days 01:01:06.878000,44,4,+2.530,+0.723
0 days 01:01:09.838000,44,4,+2.509,+0.728
0 days 01:01:17.057000,44,4,+2.613,+0.717
0 days 01:01:20.783000,44,4,+2.594,+0.716
0 days 01:01:24.950000,44,4,+2.691,+0.774
0 days 01:01:30.760000,44,4,+2.895,+0.851
0 days 01:01:35.588000,44,4,+2.985,+0.892
0 days 01:01:39.586000,44,4,+3.005,+0.881
0 days 01:01:45.903000,44,4,+3.207,+1.028
0 days 01:01:51.265000,44,4,+3.267,+1.092
0 days 01:01:55.686000,44,4,+3.231,+1.101
0 days 01:02:00.528000,44,4,+3.178,+1.153
0 days 01:02:04.289000,44,4,+3.135,+1.319
0 days 01:02:12.680000,44,4,+3.065,+1.287
0 days 01:02:16.664000,44,4,+3.029,+1.239
0 days 01:02:17.500000,44,4,+3.054,+1.172
0 days 01:02:22.050000,44,4,+3.069,+1.219
0 days 01:02:26.441000,44,4,+2.949,+1.329
0 days 01:02:27.679000,44,4,+2.918,+1.372
0 days 01:02:29.939000,44,4,+2.937,+1.335
0 days 01:02:35.037000,44,4,+3.042,+1.127
0 days 01:02:40.539000,44,4,+3.045,+1.210
0 days 01:02:44.782000,44,4,+3.099,+1.191
0 days 01:02:47.742000,44,4,+3.062,+1.183
0 days 01:02:54.884000,44,4,+2.985,+1.023
0 days 01:02:58.632000,44,4,+2.961,+1.019
0 days 01:03:02.839000,44,4,+3.020,+1.172
0 days 01:03:08.635000,44,4,+3.117,+1.194
0 days 01:03:13.440000,44,4,+3.245,+1.213
0 days 01:03:17.439000,44,4,+3.270,+1.214
0 days 01:03:23.665000,44,4,+3.316,+1.238
0 days 01:03:29.166000,44,4,+3.409,+1.231
0 days 01:03:33.593000,44,4,+3.401,+1.208
0 days 01:03:38.407000,44,4,+3.358,+1.243
0 days 01:03:42.193000,44,4,+3.301,+1.383
0 days 01:03:50.542000,44,4,+3.195,+1.269
0 days 01:03:54.503000,44,4,+3.156,+1.241
0 days 01:03:55.365000,44,4,+3.191,+1.229
0 days 01:03:59.965000,44,4,+3.233,+1.298
0 days 01:04:04.293000,44,4,+3.101,+1.389
0 days 01:04:05.530000,44,4,+3.066,+1.423
0 days 01:04:07.939000,44,4,+3.074,+1.332
0 days 01:04:13.039000,44,4,+3.063,+1.251
0 days 01:04:18.447000,44,4,+3.045,+1.341
0 days 01:04:22.787000,44,4,+3.101,+1.331
0 days 01:04:25.774000,44,4,+3.063,+1.321
0 days 01:04:32.908000,44,4,+3.060,+1.207
0 days 01:04:36.666000,44,4,+3.060,+1.184
0 days 01:04:40.768000,44,4,+3.059,+1.200
0 days 01:04:46.461000,44,4,+3.001,+1.187
0 days 01:04:51.598000,44,4,+3.470,+1.499
0 days 01:04:55.661000,44,4,+3.532,+1.533
0 days 01:05:01.933000,44,4,+3.624,+1.584
0 days 01:05:07.336000,44,4,+3.683,+1.578
0 days 01:05:11.740000,44,4,+3.661,+1.573
0 days 01:05:16.518000,44,4,+3.609,+1.616
0 days 01:05:20.314000,44,4,+3.559,+1.762
0 days 01:05:28.641000,44,4,+3.550,+1.759
0 days 01:05:32.615000,44,4,+3.485,+1.706
0 days 01:05:33.540000,44,4,+3.484,+1.682
0 days 01:05:38.023000,44,4,+3.516,+1.742
0 days 01:05:42.436000,44,4,+3.430,+1.869
0 days 01:05:43.667000,44,4,+3.408,+1.923
0 days 01:05:46.014000,44,4,+3.427,+1.916
0 days 01:05:51.260000,44,4,+3.316,+1.604
0 days 01:05:56.640000,44,4,+3.389,+1.664
0 days 01:06:00.927000,44,4,+3.432,+1.610
0 days 01:06:03.942000,44,4,+3.406,+1.610
0 days 01:06:11.021000,44,4,+3.347,+1.507
0 days 01:06:14.898000,44,4,+3.318,+1.501
0 days 01:06:14.898000,44,4,+3.347,+1.507
0 days 01:06:14.902000,44,4,+3.318,+1.501
0 days 01:06:18.868000,44,4,+3.247,+1.452
0 days 01:06:24.590000,44,4,+3.169,+1.416
0 days 01:06:29.463000,44,4,+3.293,+1.496
0 days 01:06:33.502000,44,4,+3.290,+1.505
0 days 01:06:39.852000,44,4,+3.433,+1.519
0 days 01:06:45.200000,44,4,+3.506,+1.584
0 days 01:06:49.589000,44,4,+3.500,+1.611
0 days 01:06:54.391000,44,4,+3.449,+1.682
0 days 01:06:58.167000,44,4,+3.401,+1.850
0 days 01:07:06.507000,44,4,+3.310,+1.831
0 days 01:07:10.467000,44,4,+3.232,+1.763
0 days 01:07:11.285000,44,4,+3.214,+1.703
0 days 01:07:15.821000,44,4,+3.236,+1.723
0 days 01:07:20.176000,44,4,+3.106,+1.796
0 days 01:07:21.342000,44,4,+3.059,+1.810
0 days 01:07:23.587000,44,4,+2.994,+1.662
0 days 01:07:28.707000,44,4,+2.997,+1.293
0 days 01:07:34.277000,44,4,+3.155,+1.407
0 days 01:07:38.617000,44,4,+3.195,+1.392
0 days 01:07:41.615000,44,4,+3.174,+1.390
0 days 01:07:48.794000,44,4,+3.121,+1.320
0 days 01:07:52.522000,44,4,+3.117,+1.315
0 days 01:07:56.604000,44,4,+3.195,+1.295
0 days 01:08:02.398000,44,4,+3.329,+1.322
0 days 01:08:07.382000,44,4,+3.513,+1.338
0 days 01:08:11.390000,44,4,+3.525,+1.337
0 days 01:08:17.790000,44,4,+3.805,+1.439
0 days 01:08:23.339000,44,4,+3.975,+1.521
0 days 01:08:27.726000,44,4,+3.970,+1.511
0 days 01:08:32.515000,44,4,+3.919,+1.511
0 days 01:08:36.312000,44,4,+3.878,+1.517
0 days 01:08:44.684000,44,4,+3.929,+1.437
0 days 01:08:48.642000,44,4,+3.869,+1.395
0 days 01:08:49.515000,44,4,+3.875,+1.389
0 days 01:08:54.059000,44,4,+3.918,+1.481
0 days 01:08:58.517000,44,4,+3.829,+1.463
0 days 01:08:59.679000,44,4,+3.803,+1.451
0 days 01:09:01.959000,44,4,+3.805,+1.395
0 days 01:09:07.126000,44,4,+3.889,+1.214
0 days 01:09:12.905000,44,4,+4.037,+1.314
0 days 01:09:17.215000,44,4,+4.058,+1.280
0 days 01:09:20.188000,44,4,+4.032,+1.278
0 days 01:09:27.330000,44,4,+4.083,+1.285
0 days 01:09:31.091000,44,4,+4.082,+1.283
0 days 01:09:35.188000,44,4,+4.037,+1.373
0 days 01:09:41.036000,44,4,+4.139,+1.430
0 days 01:09:45.989000,44,4,+4.206,+1.453
0 days 01:09:50.043000,44,4,+4.212,+1.429
0 days 01:09:56.388000,44,4,+4.444,+1.495
0 days 01:10:01.990000,44,4,+4.636,+1.627
0 days 01:10:06.388000,44,4,+4.660,+1.641
0 days 01:10:11.177000,44,4,+4.620,+1.644
0 days 01:10:14.957000,44,4,+4.583,+1.646
0 days 01:10:23.338000,44,4,+4.674,+1.654
0 days 01:10:27.331000,44,4,+4.641,+1.626
0 days 01:10:28.209000,44,4,+4.640,+1.617
0 days 01:10:32.886000,44,4,+4.886,+1.883
0 days 01:10:37.342000,44,4,+4.838,+1.901
0 days 01:10:38.642000,44,4,+4.831,+1.908
0 days 01:10:40.823000,44,4,+4.779,+1.846
0 days 01:10:45.917000,44,4,+4.775,+1.649
0 days 01:10:51.635000,44,4,+4.942,+1.743
0 days 01:10:55.988000,44,4,+4.996,+1.761
0 days 01:10:58.975000,44,4,+4.972,+1.772
0 days 01:11:06.221000,44,4,+5.001,+1.819
0 days 01:11:10.016000,44,4,+5.012,+1.808
0 days 01:11:14.040000,44,4,+4.928,+1.767
0 days 01:11:19.884000,44,4,+5.047,+1.748
0 days 01:11:24.843000,44,4,+5.167,+1.778
0 days 01:11:28.906000,44,4,+5.183,+1.763
0 days 01:11:35.292000,44,4,+5.399,+1.871
0 days 01:11:40.832000,44,4,+5.431,+1.865
0 days 01:11:45.257000,44,4,+5.412,+1.849
0 days 01:11:49.972000,44,4,+5.360,+1.843
0 days 01:11:53.771000,44,4,+5.320,+1.844
0 days 01:12:02.184000,44,4,+5.333,+1.824
0 days 01:12:06.187000,44,4,+5.305,+1.819
0 days 01:12:07.073000,44,4,+5.320,+1.837
0 days 01:12:11.569000,44,4,+5.345,+1.820
0 days 01:12:15.933000,44,4,+5.253,+1.791
0 days 01:12:17.117000,44,4,+5.224,+1.782
0 days 01:12:19.390000,44,4,+5.170,+1.723
0 days 01:12:24.632000,44,4,+5.138,+1.637
0 days 01:12:30.319000,44,4,+5.257,+1.719
0 days 01:12:34.684000,44,4,+5.309,+1.715
0 days 01:12:37.643000,44,4,+5.278,+1.714
0 days 01:12:44.869000,44,4,+5.302,+1.785
0 days 01:12:48.704000,44,4,+5.304,+1.762
0 days 01:12:52.721000,44,4,+5.290,+1.807
0 days 01:12:58.648000,44,4,+5.446,+1.864
0 days 01:13:03.594000,44,4,+5.575,+1.826
0 days 01:13:07.617000,44,4,+5.578,+1.802
0 days 01:13:13.959000,44,4,+5.786,+1.835
0 days 01:13:19.389000,44,4,+5.797,+1.794
0 days 01:13:23.852000,44,4,+5.777,+1.775
0 days 01:13:28.587000,44,4,+5.728,+1.767
0 days 01:13:32.344000,44,4,+5.691,+1.769
0 days 01:13:40.719000,44,4,+5.669,+1.762
0 days 01:13:44.702000,44,4,+5.606,+1.717
0 days 01:13:45.567000,44,4,+5.623,+1.721
0 days 01:13:50.121000,44,4,+5.706,+1.823
0 days 01:13:54.504000,44,4,+5.624,+1.808
0 days 01:13:55.670000,44,4,+5.576,+1.787
0 days 01:13:58.018000,44,4,+5.598,+1.830
0 days 01:14:03.218000,44,4,+5.568,+1.580
0 days 01:14:08.889000,44,4,+5.782,+1.684
0 days 01:14:13.244000,44,4,+5.807,+1.674
0 days 01:14:16.170000,44,4,+5.771,+1.665
0 days 01:14:23.296000,44,4,+5.687,+1.627
0 days 01:14:27.108000,44,4,+5.652,+1.596
0 days 01:14:31.089000,44,4,+5.604,+1.595
0 days 01:14:37.110000,44,4,+5.791,+1.699
0 days 01:14:42.117000,44,4,+5.937,+1.756
0 days 01:14:46.121000,44,4,+5.937,+1.747
0 days 01:14:52.472000,44,4,+6.233,+1.859
0 days 01:14:58.003000,44,4,+6.325,+1.958
0 days 01:15:02.391000,44,4,+6.315,+1.973
0 days 01:15:07.185000,44,4,+6.264,+1.965
0 days 01:15:10.944000,44,4,+6.222,+1.959
0 days 01:15:19.315000,44,4,+6.218,+1.926
0 days 01:15:23.303000,44,4,+6.172,+1.912
0 days 01:15:24.171000,44,4,+6.213,+1.925
0 days 01:15:28.685000,44,4,+6.278,+1.951
0 days 01:15:33.071000,44,4,+6.191,+1.920
0 days 01:15:34.271000,44,4,+6.161,+1.907
0 days 01:15:36.577000,44,4,+6.176,+1.838
0 days 01:15:41.716000,44,4,+6.220,+1.767
0 days 01:15:47.445000,44,4,+6.347,+1.806
0 days 01:15:51.733000,44,4,+6.343,+1.787
0 days 01:15:54.684000,44,4,+6.303,+1.784
0 days 01:16:01.923000,44,4,+6.269,+1.856
0 days 01:16:05.671000,44,4,+6.265,+1.842
0 days 01:16:09.645000,44,4,+6.222,+1.798
0 days 01:16:15.572000,44,4,+6.370,+1.873
0 days 01:16:20.548000,44,4,+6.489,+1.951
0 days 01:16:24.581000,44,4,+6.484,+1.937
0 days 01:16:30.908000,44,4,+6.687,+2.001
0 days 01:16:36.366000,44,4,+6.706,+2.028
0 days 01:16:40.765000,44,4,+6.691,+2.052
0 days 01:16:45.519000,44,4,+6.639,+2.044
0 days 01:16:49.271000,44,4,+6.601,+2.041
0 days 01:16:57.773000,44,4,+6.599,+2.070
0 days 01:17:01.765000,44,4,+6.577,+2.055
0 days 01:17:02.619000,44,4,+6.603,+2.067
0 days 01:17:07.245000,44,4,+6.659,+2.081
0 days 01:17:11.550000,44,4,+6.570,+2.047
0 days 01:17:12.774000,44,4,+6.545,+2.035
0 days 01:17:15.025000,44,4,+6.498,+2.000
0 days 01:17:20.149000,44,4,+6.474,+1.904
0 days 01:17:25.819000,44,4,+6.587,+2.008
0 days 01:17:30.242000,44,4,+6.651,+2.011
0 days 01:17:33.178000,44,4,+6.619,+2.009
0 days 01:17:40.495000,44,4,+6.731,+2.132
0 days 01:17:44.292000,44,4,+6.719,+2.125
0 days 01:17:48.372000,44,4,+6.759,+2.178
0 days 01:17:54.296000,44,4,+6.893,+2.325
0 days 01:17:59.243000,44,4,+6.950,+2.344
0 days 01:18:03.265000,44,4,+6.948,+2.333
0 days 01:18:09.635000,44,4,+7.120,+2.368
0 days 01:18:15.115000,44,4,+7.223,+2.411
0 days 01:18:19.492000,44,4,+7.228,+2.425
0 days 01:18:24.289000,44,4,+7.171,+2.421
0 days 01:18:28.075000,44,4,+7.137,+2.425
0 days 01:18:36.522000,44,4,+7.234,+2.423
0 days 01:18:40.546000,44,4,+7.204,+2.396
0 days 01:18:41.400000,44,4,+7.238,+2.399
0 days 01:18:45.934000,44,4,+7.276,+2.420
0 days 01:18:50.312000,44,4,+7.210,+2.411
0 days 01:18:51.499000,44,4,+7.179,+2.399
0 days 01:18:53.720000,44,4,+7.130,+2.305
0 days 01:18:58.842000,44,4,+7.117,+2.167
0 days 01:19:04.507000,44,4,+7.290,+2.341
0 days 01:19:08.820000,44,4,+7.363,+2.350
0 days 01:19:11.921000,44,4,+7.331,+2.353
0 days 01:19:19.051000,44,4,+7.394,+2.463
0 days 01:19:22.820000,44,4,+7.383,+2.447
0 days 01:19:26.844000,44,4,+7.351,+2.369
0 days 01:19:32.790000,44,4,+7.556,+2.348
0 days 01:19:37.746000,44,4,+7.643,+2.411
0 days 01:19:41.796000,44,4,+7.618,+2.403
0 days 01:19:48.175000,44,4,+7.781,+2.577
0 days 01:19:53.702000,44,4,+7.836,+2.553
0 days 01:19:58.048000,44,4,+7.823,+2.574
0 days 01:20:02.847000,44,4,+7.770,+2.569
0 days 01:20:06.633000,44,4,+7.734,+2.572
0 days 01:20:15.073000,44,4,+7.762,+2.608
0 days 01:20:18.986000,44,4,+7.672,+2.543
0 days 01:20:19.573000,44,4,+7.397,+2.247
0 days 01:20:25.095000,44,5,+7.397,+2.247
0 days 01:20:41.347000,44,6,+7.397,+2.247
0 days 01:20:44.120000,44,7,+7.397,+2.247
0 days 01:20:45.568000,44,8,+7.397,+2.247
0 days 01:20:47.440000,44,9,+7.397,+2.247
0 days 01:20:49.195000,44,10,+7.397,+2.247
0 days 01:20:52.651000,44,10,+30.330,+2.148
0 days 01:20:55.367000,44,10,+30.787,+2.608
0 days 01:21:00.474000,44,10,+30.781,+2.520
0 days 01:21:05.971000,44,10,+30.708,+2.327
0 days 01:21:10.147000,44,10,+30.613,+2.161
0 days 01:21:13.094000,44,10,+30.570,+2.124
0 days 01:21:20.175000,44,10,+30.405,+1.949
0 days 01:21:24.024000,44,10,+30.364,+1.938
0 days 01:21:28.099000,44,10,+30.660,+2.244
0 days 01:21:33.857000,44,10,+30.687,+1.963
0 days 01:21:38.678000,44,10,+30.726,+1.822
0 days 01:21:42.649000,44,10,+30.689,+1.765
0 days 01:21:48.961000,44,10,+30.848,+1.701
0 days 01:21:54.394000,44,10,+30.899,+1.593
0 days 01:21:58.743000,44,10,+27.647,+1.519
0 days 01:22:03.547000,44,10,+27.623,+1.481
0 days 01:22:07.346000,44,10,+27.600,+1.469
0 days 01:22:15.814000,44,10,+27.501,+1.429
0 days 01:22:19.759000,44,10,+27.472,+1.404
0 days 01:22:20.591000,44,10,+27.470,+1.400
0 days 01:22:25.022000,44,10,+27.508,+1.385
0 days 01:22:29.422000,44,10,+27.413,+1.350
0 days 01:22:30.593000,44,10,+27.388,+1.357
0 days 01:22:32.919000,44,10,+27.547,+1.351
0 days 01:22:37.995000,44,10,+27.457,+1.190
0 days 01:22:43.525000,44,10,+27.419,+0.946
0 days 01:22:47.768000,44,10,+27.328,+0.889
0 days 01:22:50.736000,44,10,+27.279,+0.862
0 days 01:22:57.777000,44,10,+27.006,+0.624
0 days 01:23:01.504000,44,10,+26.967,+0.593
0 days 01:23:05.686000,44,10,+27.202,+0.802
0 days 01:23:11.633000,44,10,+27.377,+0.624
0 days 01:23:16.574000,44,10,+27.353,+0.506
0 days 01:23:20.622000,44,10,+27.294,+0.397
0 days 01:23:27.178000,44,10,+27.480,+0.633
0 days 01:23:32.468000,44,10,+27.431,+0.370
0 days 01:23:36.859000,44,10,+27.471,+0.337
0 days 01:23:41.549000,44,10,+27.316,+0.236
0 days 01:23:45.013000,44,10,+26.992,+0.106
0 days 01:23:53.266000,44,9,+26.992,+0.106
0 days 01:23:53.348000,44,9,+26.921,+0.697
0 days 01:23:57.348000,44,9,+26.964,+0.660
0 days 01:23:58.303000,44,9,+27.272,+0.676
0 days 01:24:02.752000,44,9,+21.934,+0.696
0 days 01:24:07.024000,44,9,+8.446,+0.531
0 days 01:24:07.994000,44,8,+8.446,+0.531
0 days 01:24:08.086000,44,8,+8.338,+0.470
0 days 01:24:10.358000,44,8,+8.275,+0.517
0 days 01:24:15.505000,44,8,+8.154,+0.291
0 days 01:24:21.245000,44,8,+8.339,+0.310
0 days 01:24:25.475000,44,8,+8.273,+0.281
0 days 01:24:28.426000,44,8,+8.227,+0.257
0 days 01:24:35.666000,44,8,+8.309,+0.338
0 days 01:24:39.417000,44,8,+8.279,+0.308
0 days 01:24:43.622000,44,8,+8.376,+0.415
0 days 01:24:49.550000,44,8,+8.526,+0.368
0 days 01:24:54.623000,44,8,+8.724,+0.473
0 days 01:24:58.649000,44,8,+8.743,+0.490
0 days 01:25:05.126000,44,8,+8.930,+0.631
0 days 01:25:10.492000,44,8,+8.732,+0.542
0 days 01:25:14.827000,44,8,+8.678,+0.483
0 days 01:25:19.551000,44,8,+8.555,+0.378
0 days 01:25:23.146000,44,8,+8.303,+0.150
0 days 01:25:31.265000,44,7,+8.303,+0.150
0 days 01:25:31.349000,44,7,+8.093,+1.977
0 days 01:25:35.323000,44,7,+8.065,+1.950
0 days 01:25:36.307000,44,7,+8.039,+1.898
0 days 01:25:40.675000,44,7,+8.129,+1.875
0 days 01:25:45.039000,44,7,+8.063,+2.008
0 days 01:25:46.223000,44,7,+8.029,+2.058
0 days 01:25:48.449000,44,7,+7.905,+1.964
0 days 01:25:53.527000,44,7,+7.574,+1.737
0 days 01:25:59.050000,44,7,+7.699,+1.375
0 days 01:26:03.350000,44,7,+7.663,+1.390
0 days 01:26:06.323000,44,7,+7.632,+1.360
0 days 01:26:13.423000,44,7,+7.561,+1.126
0 days 01:26:17.176000,44,7,+7.533,+1.082
0 days 01:26:21.296000,44,7,+7.608,+1.110
0 days 01:26:27.079000,44,7,+7.546,+0.893
0 days 01:26:31.969000,44,7,+7.572,+0.815
0 days 01:26:35.923000,44,7,+7.530,+0.771
0 days 01:26:42.423000,44,7,+7.705,+0.748
0 days 01:26:47.777000,44,7,+7.557,+0.619
0 days 01:26:52.132000,44,7,+7.517,+0.566
0 days 01:26:56.811000,44,7,+7.387,+0.459
0 days 01:27:00.439000,44,7,+7.149,+0.239
0 days 01:27:08.750000,44,6,+7.149,+0.239
0 days 01:27:08.841000,44,6,+7.023,+1.306
0 days 01:27:12.815000,44,6,+7.000,+1.285
0 days 01:27:13.830000,44,6,+7.056,+1.281
0 days 01:27:18.206000,44,6,+7.151,+1.227
0 days 01:27:22.617000,44,6,+7.089,+1.175
0 days 01:27:23.829000,44,6,+7.063,+1.154
0 days 01:27:25.990000,44,6,+6.997,+1.100
0 days 01:27:31.050000,44,6,+6.999,+0.988
0 days 01:27:36.676000,44,6,+7.134,+0.847
0 days 01:27:40.982000,44,6,+7.143,+0.837
0 days 01:27:43.925000,44,6,+7.082,+0.778
0 days 01:27:51.181000,44,6,+7.184,+0.670
0 days 01:27:54.950000,44,6,+7.223,+0.671
0 days 01:27:59.076000,44,6,+7.330,+0.786
0 days 01:28:04.851000,44,6,+7.421,+0.705
0 days 01:28:09.830000,44,6,+7.569,+0.622
0 days 01:28:13.824000,44,6,+7.563,+0.566
0 days 01:28:20.276000,44,6,+7.971,+0.690
0 days 01:28:25.672000,44,6,+8.005,+0.655
0 days 01:28:30.080000,44,6,+8.032,+0.616
0 days 01:28:34.770000,44,6,+7.930,+0.488
0 days 01:28:38.339000,44,6,+7.706,+0.244
0 days 01:28:46.651000,44,5,+7.706,+0.244
0 days 01:28:46.730000,44,5,+7.768,+3.590
0 days 01:28:50.708000,44,5,+7.728,+3.552
0 days 01:28:51.597000,44,5,+7.740,+3.507
0 days 01:28:56.070000,44,5,+7.814,+3.518
0 days 01:29:00.404000,44,5,+7.739,+3.527
0 days 01:29:01.576000,44,5,+7.682,+3.519
0 days 01:29:03.780000,44,5,+7.596,+3.314
0 days 01:29:08.751000,44,5,+7.562,+3.014
0 days 01:29:14.451000,44,5,+7.689,+3.069
0 days 01:29:18.679000,44,5,+7.794,+3.072
0 days 01:29:21.646000,44,5,+7.756,+3.070
0 days 01:29:28.654000,44,5,+7.599,+2.952
0 days 01:29:32.451000,44,5,+7.597,+2.946
0 days 01:29:36.551000,44,5,+7.592,+3.039
0 days 01:29:42.361000,44,5,+7.637,+2.976
0 days 01:29:47.054000,44,5,+7.731,+2.899
0 days 01:29:51.051000,44,5,+7.718,+2.865
0 days 01:29:57.225000,44,5,+7.740,+2.810
0 days 01:30:02.709000,44,5,+7.860,+2.799
0 days 01:30:07.109000,44,5,+7.839,+2.798
0 days 01:30:11.825000,44,5,+7.805,+2.849
0 days 01:30:15.551000,44,5,+7.773,+3.016
0 days 01:30:23.888000,44,5,+7.641,+2.861
0 days 01:30:27.792000,44,5,+7.588,+2.790
0 days 01:30:28.625000,44,5,+7.619,+2.725
0 days 01:30:33.099000,44,5,+7.678,+2.664
0 days 01:30:37.613000,44,5,+7.581,+2.762
0 days 01:30:38.680000,44,5,+7.540,+2.801
0 days 01:30:40.925000,44,5,+7.447,+2.679
0 days 01:30:45.918000,44,5,+7.286,+2.360
0 days 01:30:51.506000,44,5,+7.504,+2.357
0 days 01:30:55.799000,44,5,+7.517,+2.345
0 days 01:30:58.798000,44,5,+7.487,+2.351
0 days 01:31:05.916000,44,5,+7.499,+2.222
0 days 01:31:09.677000,44,5,+7.510,+2.173
0 days 01:31:13.797000,44,5,+7.495,+2.201
0 days 01:31:19.478000,44,5,+7.426,+1.827
0 days 01:31:24.380000,44,5,+7.521,+1.735
0 days 01:31:28.352000,44,5,+7.514,+1.690
0 days 01:31:34.669000,44,5,+7.715,+1.532
0 days 01:31:40.030000,44,5,+7.749,+1.477
0 days 01:31:44.566000,44,5,+7.720,+1.446
0 days 01:31:49.117000,44,5,+7.667,+1.515
0 days 01:31:52.841000,44,5,+7.612,+1.695
0 days 01:32:01.237000,44,5,+7.614,+1.348
0 days 01:32:05.252000,44,5,+7.604,+1.342
0 days 01:32:06.077000,44,5,+7.648,+1.517
0 days 01:32:10.692000,44,4,+7.648,+1.517
0 days 01:32:10.692000,44,4,+7.739,+1.661
0 days 01:32:10.708000,44,4,+7.648,+1.661
0 days 01:32:10.708000,44,4,+7.739,+1.661
0 days 01:32:14.957000,44,4,+7.645,+1.627
0 days 01:32:16.152000,44,4,+7.625,+1.620
0 days 01:32:18.690000,44,4,+7.868,+1.780
0 days 01:32:23.930000,44,5,+7.868,+1.780
0 days 01:32:24.323000,44,5,+8.367,+0.294
0 days 01:32:30.055000,44,5,+8.544,+0.488
0 days 01:32:34.441000,44,5,+8.628,+0.534
0 days 01:32:37.397000,44,5,+8.606,+0.522
0 days 01:32:44.752000,44,5,+8.823,+0.782
0 days 01:32:48.478000,44,5,+8.806,+0.805
0 days 01:32:52.579000,44,5,+8.753,+0.885
0 days 01:32:58.387000,44,5,+8.756,+0.854
0 days 01:33:03.402000,44,5,+8.835,+0.964
0 days 01:33:07.328000,44,5,+8.822,+0.969
0 days 01:33:13.733000,44,5,+9.109,+1.260
0 days 01:33:19.129000,44,5,+9.004,+1.233
0 days 01:33:23.507000,44,5,+8.964,+1.251
0 days 01:33:28.253000,44,5,+8.894,+1.253
0 days 01:33:32.033000,44,5,+8.845,+1.237
0 days 01:33:40.503000,44,5,+8.955,+1.439
0 days 01:33:44.525000,44,5,+8.945,+1.459
0 days 01:33:45.408000,44,5,+8.962,+1.479
0 days 01:33:49.926000,44,5,+9.073,+1.578
0 days 01:33:54.281000,44,5,+8.986,+1.597
0 days 01:33:55.453000,44,5,+8.954,+1.582
0 days 01:33:57.703000,44,5,+8.894,+1.597
0 days 01:34:02.754000,44,5,+8.672,+1.589
0 days 01:34:08.470000,44,5,+8.851,+1.585
0 days 01:34:12.704000,44,5,+8.885,+1.610
0 days 01:34:15.608000,44,5,+8.855,+1.618
0 days 01:34:22.695000,44,5,+8.790,+1.622
0 days 01:34:26.453000,44,5,+8.771,+1.628
0 days 01:34:30.542000,44,5,+8.678,+1.674
0 days 01:34:36.329000,44,5,+8.695,+1.726
0 days 01:34:41.210000,44,5,+8.789,+1.762
0 days 01:34:45.214000,44,5,+8.772,+1.760
0 days 01:34:51.527000,44,5,+8.860,+1.901
0 days 01:34:56.854000,44,5,+8.841,+1.918
0 days 01:35:01.208000,44,5,+8.793,+1.907
0 days 01:35:05.942000,44,5,+8.735,+1.916
0 days 01:35:09.706000,44,5,+8.691,+1.921
0 days 01:35:18.071000,44,5,+8.680,+2.021
0 days 01:35:22.043000,44,5,+8.645,+2.024
0 days 01:35:22.822000,44,5,+8.679,+2.037
0 days 01:35:27.354000,44,5,+8.792,+2.060
0 days 01:35:31.774000,44,5,+8.706,+2.065
0 days 01:35:32.894000,44,5,+8.676,+2.055
0 days 01:35:35.127000,44,5,+8.634,+2.036
0 days 01:35:40.287000,44,5,+8.582,+2.119
0 days 01:35:45.737000,44,5,+8.593,+1.999
0 days 01:35:50.112000,44,5,+8.647,+2.004
0 days 01:35:53.053000,44,5,+8.629,+2.008
0 days 01:36:00.156000,44,5,+8.662,+1.987
0 days 01:36:03.910000,44,5,+8.670,+1.994
0 days 01:36:07.944000,44,5,+8.558,+2.024
0 days 01:36:13.602000,44,5,+8.508,+1.916
0 days 01:36:18.542000,44,5,+8.672,+1.865
0 days 01:36:22.553000,44,5,+8.680,+1.869
0 days 01:36:28.830000,44,5,+8.841,+2.104
0 days 01:36:34.229000,44,5,+8.826,+2.080
0 days 01:36:38.536000,44,5,+8.799,+2.059
0 days 01:36:43.313000,44,5,+8.748,+2.065
0 days 01:36:47.068000,44,5,+8.708,+2.073
0 days 01:36:55.354000,44,5,+8.678,+2.101
0 days 01:36:59.284000,44,5,+8.659,+2.092
0 days 01:37:00.128000,44,5,+8.688,+2.119
0 days 01:37:04.654000,44,5,+8.860,+2.148
0 days 01:37:09.011000,44,5,+8.797,+2.153
0 days 01:37:10.206000,44,5,+8.778,+2.144
0 days 01:37:12.429000,44,5,+8.752,+2.140
0 days 01:37:17.638000,44,5,+8.845,+2.158
0 days 01:37:23.131000,44,5,+8.952,+2.061
0 days 01:37:27.454000,44,5,+9.016,+2.013
0 days 01:37:30.357000,44,5,+8.983,+1.995
0 days 01:37:37.454000,44,5,+8.931,+2.024
0 days 01:37:41.210000,44,5,+8.918,+2.029
0 days 01:37:45.164000,44,5,+8.724,+2.003
0 days 01:37:50.903000,44,5,+8.727,+1.955
0 days 01:37:55.655000,44,5,+8.851,+1.879
0 days 01:37:59.628000,44,5,+8.840,+1.854
0 days 01:38:05.890000,44,5,+8.976,+2.037
0 days 01:38:11.294000,44,5,+8.965,+1.909
0 days 01:38:15.674000,44,5,+8.955,+1.882
0 days 01:38:20.355000,44,5,+8.901,+1.881
0 days 01:38:24.120000,44,5,+8.856,+1.860
0 days 01:38:32.548000,44,5,+9.019,+1.988
0 days 01:38:36.505000,44,5,+8.985,+1.953
0 days 01:38:37.374000,44,5,+9.001,+1.946
0 days 01:38:41.877000,44,5,+9.087,+1.985
0 days 01:38:46.372000,44,5,+9.009,+2.009
0 days 01:38:47.450000,44,5,+8.994,+2.018
0 days 01:38:49.621000,44,5,+8.948,+1.993
0 days 01:38:54.738000,44,5,+8.901,+2.109
0 days 01:39:00.360000,44,5,+9.077,+2.030
0 days 01:39:04.693000,44,5,+9.172,+2.081
0 days 01:39:07.683000,44,5,+9.156,+2.098
0 days 01:39:14.832000,44,5,+9.212,+2.130
0 days 01:39:18.598000,44,5,+9.193,+2.127
0 days 01:39:22.477000,44,5,+8.994,+2.082
0 days 01:39:28.175000,44,5,+8.980,+2.056
0 days 01:39:33.081000,44,5,+9.160,+2.054
0 days 01:39:37.084000,44,5,+9.179,+2.059
0 days 01:39:43.381000,44,5,+9.349,+2.228
0 days 01:39:48.761000,44,5,+9.336,+2.114
0 days 01:39:53.070000,44,5,+9.315,+2.095
0 days 01:39:57.785000,44,5,+9.261,+2.136
0 days 01:40:01.608000,44,5,+9.221,+2.302
0 days 01:40:10.151000,44,5,+9.271,+2.541
0 days 01:40:14.017000,44,5,+9.280,+2.526
0 days 01:40:14.842000,44,5,+9.319,+2.520
0 days 01:40:19.381000,44,5,+9.406,+2.588
0 days 01:40:23.693000,44,5,+9.320,+2.755
0 days 01:40:24.917000,44,5,+9.295,+2.831
0 days 01:40:27.142000,44,5,+9.306,+2.760
0 days 01:40:32.230000,44,5,+9.112,+2.747
0 days 01:40:37.798000,44,5,+9.277,+2.482
0 days 01:40:42.075000,44,5,+9.342,+2.529
0 days 01:40:45.030000,44,5,+9.315,+2.538
0 days 01:40:52.156000,44,5,+9.354,+2.511
0 days 01:40:55.975000,44,5,+9.329,+2.536
0 days 01:40:59.945000,44,5,+9.232,+2.524
0 days 01:41:05.661000,44,5,+9.259,+2.287
0 days 01:41:10.502000,44,5,+9.359,+2.243
0 days 01:41:14.457000,44,5,+9.346,+2.248
0 days 01:41:20.729000,44,5,+9.466,+2.316
0 days 01:41:26.330000,44,5,+9.670,+2.364
0 days 01:41:30.638000,44,5,+9.663,+2.364
0 days 01:41:35.398000,44,5,+9.623,+2.415
0 days 01:41:39.174000,44,5,+9.594,+2.582
0 days 01:41:47.583000,44,5,+9.690,+2.747
0 days 01:41:51.606000,44,5,+9.668,+2.735
0 days 01:41:52.482000,44,5,+9.707,+2.751
0 days 01:41:56.911000,44,5,+9.775,+2.779
0 days 01:42:01.266000,44,5,+9.679,+2.925
0 days 01:42:02.445000,44,5,+9.642,+2.973
0 days 01:42:04.685000,44,5,+9.579,+2.945
0 days 01:42:09.741000,44,5,+9.477,+2.929
0 days 01:42:15.352000,44,5,+9.638,+2.746
0 days 01:42:19.694000,44,5,+9.749,+2.759
0 days 01:42:22.630000,44,5,+9.723,+2.753
0 days 01:42:29.698000,44,5,+9.724,+2.732
0 days 01:42:33.531000,44,5,+9.725,+2.738
0 days 01:42:37.383000,44,5,+9.548,+2.624
0 days 01:42:43.122000,44,5,+9.562,+2.587
0 days 01:42:48.005000,44,5,+9.690,+2.593
0 days 01:42:52.007000,44,5,+9.696,+2.608
0 days 01:42:58.311000,44,5,+9.875,+2.716
0 days 01:43:03.777000,44,5,+9.991,+2.714
0 days 01:43:08.077000,44,5,+9.963,+2.693
0 days 01:43:12.912000,44,5,+9.912,+2.740
0 days 01:43:16.606000,44,5,+9.870,+2.900
0 days 01:43:25.132000,44,5,+10.008,+3.094
0 days 01:43:29.016000,44,5,+9.975,+3.070
0 days 01:43:29.833000,44,5,+9.992,+3.062
0 days 01:43:34.332000,44,5,+10.073,+3.102
0 days 01:43:38.820000,44,5,+9.982,+3.262
0 days 01:43:39.860000,44,5,+9.957,+3.328
0 days 01:43:42.083000,44,5,+9.835,+3.313
0 days 01:43:47.124000,44,5,+9.741,+3.257
0 days 01:43:52.628000,44,5,+9.886,+3.011
0 days 01:43:56.946000,44,5,+9.942,+2.983
0 days 01:43:59.888000,44,5,+9.909,+2.979
0 days 01:44:06.973000,44,5,+9.859,+2.944
0 days 01:44:10.684000,44,5,+9.864,+2.965
0 days 01:44:14.548000,44,5,+9.669,+2.876
0 days 01:44:20.275000,44,5,+9.707,+2.784
0 days 01:44:25.166000,44,5,+9.830,+2.717
0 days 01:44:29.169000,44,5,+9.820,+2.728
0 days 01:44:35.520000,44,5,+10.086,+2.947
0 days 01:44:40.880000,44,5,+10.126,+2.838
0 days 01:44:45.186000,44,5,+10.100,+2.830
0 days 01:44:49.952000,44,5,+10.051,+2.883
0 days 01:44:53.702000,44,5,+10.018,+3.042
0 days 01:45:02.118000,44,5,+10.036,+3.150
0 days 01:45:06.031000,44,5,+10.010,+3.108
0 days 01:45:06.841000,44,5,+10.014,+3.094
0 days 01:45:11.333000,44,5,+10.061,+3.099
0 days 01:45:15.662000,44,5,+9.971,+3.255
0 days 01:45:16.855000,44,5,+9.946,+3.320
0 days 01:45:19.021000,44,5,+9.896,+3.277
0 days 01:45:24.132000,44,5,+9.944,+3.282
0 days 01:45:29.674000,44,5,+10.029,+3.065
0 days 01:45:33.975000,44,5,+10.103,+3.018
0 days 01:45:36.888000,44,5,+10.083,+3.020
0 days 01:45:43.993000,44,5,+10.110,+3.015
0 days 01:45:47.733000,44,5,+10.098,+3.022
0 days 01:45:51.658000,44,5,+9.988,+2.969
0 days 01:45:57.315000,44,5,+10.028,+2.944
0 days 01:46:02.258000,44,5,+10.238,+2.968
0 days 01:46:06.259000,44,5,+10.254,+2.980
0 days 01:46:12.575000,44,5,+10.525,+3.249
0 days 01:46:18.007000,44,5,+10.564,+3.168
0 days 01:46:22.321000,44,5,+10.519,+3.160
0 days 01:46:27.187000,44,5,+10.459,+3.172
0 days 01:46:30.804000,44,5,+10.414,+3.184
0 days 01:46:39.240000,44,5,+10.588,+2.857
0 days 01:46:43.221000,44,5,+10.579,+2.836
0 days 01:46:44.084000,44,5,+10.594,+2.792
0 days 01:46:48.545000,44,5,+10.758,+2.868
0 days 01:46:52.885000,44,5,+10.699,+2.891
0 days 01:46:54.105000,44,5,+10.676,+2.890
0 days 01:46:56.254000,44,5,+10.649,+2.912
0 days 01:47:01.485000,44,5,+10.745,+2.894
0 days 01:47:06.985000,44,5,+10.846,+2.796
0 days 01:47:11.378000,44,5,+10.943,+2.781
0 days 01:47:14.319000,44,5,+10.912,+2.774
0 days 01:47:21.417000,44,5,+10.935,+2.808
0 days 01:47:25.138000,44,5,+10.927,+2.826
0 days 01:47:29.085000,44,5,+10.811,+2.860
0 days 01:47:34.854000,44,5,+10.934,+2.742
0 days 01:47:39.789000,44,5,+11.014,+2.675
0 days 01:47:43.661000,44,5,+11.006,+2.677
0 days 01:47:50.044000,44,5,+11.248,+2.910
0 days 01:47:55.438000,44,5,+11.327,+2.711
0 days 01:47:59.859000,44,5,+11.293,+2.673
0 days 01:48:04.605000,44,5,+11.244,+2.679
0 days 01:48:08.285000,44,5,+11.211,+2.691
0 days 01:48:16.727000,44,5,+11.324,+2.794
0 days 01:48:20.660000,44,5,+11.340,+2.806
0 days 01:48:21.499000,44,5,+11.393,+2.816
0 days 01:48:25.975000,44,5,+11.395,+2.841
0 days 01:48:30.355000,44,5,+11.318,+2.869
0 days 01:48:31.560000,44,5,+11.309,+2.895
0 days 01:48:33.808000,44,5,+11.330,+3.025
0 days 01:48:38.926000,44,5,+11.423,+3.007
0 days 01:48:44.535000,44,5,+11.580,+2.866
0 days 01:48:48.804000,44,5,+11.651,+2.845
0 days 01:48:51.759000,44,5,+11.630,+2.850
0 days 01:48:58.927000,44,5,+11.658,+2.853
0 days 01:49:02.633000,44,5,+11.663,+2.881
0 days 01:49:06.583000,44,5,+11.590,+2.854
0 days 01:49:12.380000,44,5,+11.740,+2.867
0 days 01:49:17.233000,44,5,+11.859,+2.805
0 days 01:49:21.203000,44,5,+11.883,+2.838
0 days 01:49:27.486000,44,5,+12.003,+2.986
0 days 01:49:32.920000,44,5,+12.119,+2.885
0 days 01:49:37.250000,44,5,+12.117,+2.884
0 days 01:49:42.009000,44,5,+12.077,+2.888
0 days 01:49:45.788000,44,5,+12.049,+2.896
0 days 01:49:54.257000,44,5,+12.193,+3.107
0 days 01:49:58.202000,44,5,+12.172,+3.120
0 days 01:49:58.993000,44,5,+12.170,+3.118
0 days 01:50:03.455000,44,5,+12.215,+3.143
0 days 01:50:07.837000,44,5,+12.141,+3.154
0 days 01:50:08.991000,44,5,+12.109,+3.154
0 days 01:50:11.174000,44,5,+12.057,+3.154
0 days 01:50:16.212000,44,5,+11.977,+3.099
0 days 01:50:21.652000,44,5,+11.991,+3.022
0 days 01:50:26.024000,44,5,+12.007,+2.970
0 days 01:50:28.979000,44,5,+11.979,+2.964
0 days 01:50:36.113000,44,5,+12.035,+2.968
0 days 01:50:40.079000,44,5,+12.056,+2.983
0 days 01:50:43.760000,44,5,+11.917,+2.856
0 days 01:50:49.428000,44,5,+11.920,+2.765
0 days 01:50:54.210000,44,5,+12.070,+2.718
0 days 01:50:58.197000,44,5,+12.081,+2.705
0 days 01:51:04.462000,44,5,+12.230,+2.833
0 days 01:51:09.919000,44,5,+12.363,+2.796
0 days 01:51:14.203000,44,5,+12.355,+2.776
0 days 01:51:18.988000,44,5,+12.299,+2.777
0 days 01:51:22.757000,44,5,+12.263,+2.774
0 days 01:51:31.278000,44,5,+12.415,+2.966
0 days 01:51:35.149000,44,5,+12.400,+2.950
0 days 01:51:36.038000,44,5,+12.426,+2.956
0 days 01:51:40.578000,44,5,+12.555,+2.997
0 days 01:51:44.886000,44,5,+12.501,+3.002
0 days 01:51:46.093000,44,5,+12.495,+3.000
0 days 01:51:48.249000,44,5,+12.462,+2.987
0 days 01:51:53.379000,44,5,+12.486,+3.035
0 days 01:51:58.956000,44,5,+12.581,+3.040
0 days 01:52:03.309000,44,5,+12.645,+2.945
0 days 01:52:06.209000,44,5,+12.633,+2.940
0 days 01:52:13.469000,44,5,+12.781,+3.035
0 days 01:52:17.191000,44,5,+12.795,+3.050
0 days 01:52:21.161000,44,5,+12.731,+3.006
0 days 01:52:26.789000,44,5,+12.884,+2.983
0 days 01:52:31.701000,44,5,+13.037,+2.941
0 days 01:52:35.701000,44,5,+13.053,+2.930
0 days 01:52:41.961000,44,5,+13.180,+3.030
0 days 01:52:47.406000,44,5,+13.376,+3.025
0 days 01:52:51.711000,44,5,+13.380,+3.037
0 days 01:52:56.482000,44,5,+13.330,+3.036
0 days 01:53:00.262000,44,5,+13.304,+3.040
0 days 01:53:08.789000,44,5,+13.535,+3.274
0 days 01:53:12.765000,44,5,+13.552,+3.282
0 days 01:53:13.636000,44,5,+13.600,+3.283
0 days 01:53:18.097000,44,5,+13.678,+3.286
0 days 01:53:22.411000,44,5,+13.607,+3.289
0 days 01:53:23.611000,44,5,+13.578,+3.273
0 days 01:53:25.781000,44,5,+13.498,+3.256
0 days 01:53:30.761000,44,5,+13.412,+3.171
0 days 01:53:36.539000,44,5,+13.659,+3.323
0 days 01:53:40.935000,44,5,+13.596,+3.260
0 days 01:53:43.681000,44,5,+13.558,+3.248
0 days 01:53:50.837000,44,5,+13.647,+3.244
0 days 01:53:54.579000,44,5,+13.640,+3.244
0 days 01:53:58.441000,44,5,+13.504,+3.140
0 days 01:54:04.118000,44,5,+13.638,+3.096
0 days 01:54:09.035000,44,5,+13.778,+3.052
0 days 01:54:12.987000,44,5,+13.798,+3.059
0 days 01:54:19.261000,44,5,+13.880,+3.192
0 days 01:54:24.635000,44,5,+13.936,+3.124
0 days 01:54:28.975000,44,5,+13.915,+3.116
0 days 01:54:33.717000,44,5,+13.862,+3.118
0 days 01:54:37.457000,44,5,+13.824,+3.114
0 days 01:54:45.932000,44,5,+13.926,+3.283
0 days 01:54:49.861000,44,5,+13.900,+3.262
0 days 01:54:50.838000,44,5,+13.944,+3.281
0 days 01:54:55.354000,44,5,+14.164,+3.482
0 days 01:54:59.811000,44,5,+14.121,+3.506
0 days 01:55:00.922000,44,5,+14.098,+3.492
0 days 01:55:03.108000,44,5,+14.057,+3.501
0 days 01:55:08.163000,44,5,+14.094,+3.575
0 days 01:55:13.744000,44,5,+14.122,+3.461
0 days 01:55:18.114000,44,5,+14.184,+3.410
0 days 01:55:21.088000,44,5,+14.157,+3.398
0 days 01:55:28.097000,44,5,+14.251,+3.424
0 days 01:55:31.812000,44,5,+14.231,+3.410
0 days 01:55:35.703000,44,5,+14.072,+3.328
0 days 01:55:41.346000,44,5,+14.126,+3.342
0 days 01:55:46.212000,44,5,+14.203,+3.279
0 days 01:55:50.381000,44,5,+14.195,+3.274
0 days 01:55:56.413000,44,5,+14.323,+3.418
0 days 01:56:01.838000,44,5,+14.394,+3.332
0 days 01:56:06.164000,44,5,+14.347,+3.335
0 days 01:56:10.891000,44,5,+14.293,+3.328
0 days 01:56:14.643000,44,5,+14.254,+3.313
0 days 01:56:23.121000,44,5,+14.435,+3.426
0 days 01:56:27.108000,44,5,+14.406,+3.401
0 days 01:56:27.833000,44,5,+14.410,+3.407
0 days 01:56:32.362000,44,5,+14.481,+3.270
0 days 01:56:36.651000,44,5,+14.413,+3.221
0 days 01:56:37.864000,44,5,+14.389,+3.207
0 days 01:56:40.009000,44,5,+14.314,+3.188
0 days 01:56:45.040000,44,5,+14.268,+3.196
0 days 01:56:50.733000,44,5,+14.494,+3.296
0 days 01:56:54.999000,44,5,+14.467,+3.248
0 days 01:56:57.982000,44,5,+14.434,+3.244
0 days 01:57:05.116000,44,5,+14.579,+3.199
0 days 01:57:08.905000,44,5,+14.576,+3.221
0 days 01:57:12.705000,44,5,+14.414,+3.155
0 days 01:57:18.487000,44,5,+14.545,+3.133
0 days 01:57:23.356000,44,5,+14.651,+3.068
0 days 01:57:27.310000,44,5,+14.657,+3.067
0 days 01:57:33.589000,44,5,+14.814,+3.216
0 days 01:57:39.010000,44,5,+14.890,+3.175
0 days 01:57:43.280000,44,5,+14.867,+3.172
0 days 01:57:48.061000,44,5,+14.814,+3.177
0 days 01:57:51.897000,44,5,+14.781,+3.174
0 days 01:58:00.337000,44,5,+14.822,+3.345
0 days 01:58:04.263000,44,5,+14.799,+3.344
0 days 01:58:05.067000,44,5,+14.821,+3.366
0 days 01:58:09.663000,44,5,+15.032,+3.449
0 days 01:58:14.013000,44,5,+14.986,+3.462
0 days 01:58:15.213000,44,5,+14.970,+3.465
0 days 01:58:17.363000,44,5,+14.943,+3.504
0 days 01:58:22.385000,44,5,+14.907,+3.494
0 days 01:58:28.063000,44,5,+15.034,+3.518
0 days 01:58:32.343000,44,5,+15.057,+3.522
0 days 01:58:35.388000,44,5,+15.028,+3.530
0 days 01:58:42.473000,44,5,+15.172,+3.626
0 days 01:58:46.194000,44,5,+15.173,+3.631
0 days 01:58:50.089000,44,5,+15.029,+3.570
0 days 01:58:55.957000,44,5,+15.219,+3.643
0 days 01:59:00.930000,44,5,+15.390,+3.551
0 days 01:59:04.889000,44,5,+15.424,+3.538
0 days 01:59:11.190000,44,5,+15.655,+3.702
0 days 01:59:16.740000,44,5,+15.792,+3.705
0 days 01:59:20.997000,44,5,+15.801,+3.723
0 days 01:59:25.763000,44,5,+15.753,+3.729
0 days 01:59:29.537000,44,5,+15.715,+3.729
0 days 01:59:38.069000,44,5,+15.805,+3.929
0 days 01:59:41.890000,44,5,+15.736,+3.880
0 days 01:59:42.464000,44,5,+15.478,+3.607
0 days 01:59:48.877000,44,6,+15.478,+3.607
0 days 02:00:15.466000,44,6,+38.509,+21.056
0 days 02:00:18.038000,44,6,+38.920,+21.537
0 days 02:00:22.974000,44,6,+38.900,+21.421
0 days 02:00:28.215000,44,6,+38.558,+21.141
0 days 02:00:32.345000,44,6,+38.449,+20.985
0 days 02:00:35.309000,44,6,+38.421,+20.974
0 days 02:00:42.211000,44,6,+38.282,+20.780
0 days 02:00:45.865000,44,6,+38.233,+20.738
0 days 02:00:49.963000,44,6,+38.290,+20.893
0 days 02:00:55.720000,44,6,+38.156,+20.848
0 days 02:01:00.142000,44,6,+38.048,+20.658
0 days 02:01:04.012000,44,6,+38.009,+20.579
0 days 02:01:10.091000,44,6,+37.958,+20.518
0 days 02:01:15.257000,44,6,+37.831,+20.242
0 days 02:01:19.528000,44,6,+37.780,+20.206
0 days 02:01:24.290000,44,6,+37.748,+20.192
0 days 02:01:28.137000,44,6,+37.753,+20.210
0 days 02:01:36.438000,44,6,+37.686,+20.166
0 days 02:01:40.406000,44,6,+37.665,+20.155
0 days 02:01:41.187000,44,6,+37.704,+20.192
0 days 02:01:45.665000,44,6,+37.768,+20.183
0 days 02:01:49.977000,44,6,+37.741,+20.184
0 days 02:01:51.213000,44,6,+37.753,+20.215
0 days 02:01:53.530000,44,6,+37.908,+20.333
0 days 02:01:58.539000,44,6,+37.713,+20.167
0 days 02:02:03.695000,44,6,+37.639,+20.173
0 days 02:02:07.991000,44,6,+37.641,+20.071
0 days 02:02:10.967000,44,6,+37.629,+20.064
0 days 02:02:17.865000,44,6,+37.557,+19.950
0 days 02:02:21.591000,44,6,+37.537,+19.925
0 days 02:02:25.642000,44,6,+37.645,+20.076
0 days 02:02:31.265000,44,6,+37.728,+20.060
0 days 02:02:35.908000,44,6,+37.576,+19.878
0 days 02:02:39.866000,44,6,+37.530,+19.799
0 days 02:02:45.964000,44,6,+37.488,+19.741
0 days 02:02:51.154000,44,6,+37.466,+19.630
0 days 02:02:55.391000,44,6,+37.453,+19.620
0 days 02:03:00.229000,44,6,+37.416,+19.604
0 days 02:03:03.977000,44,6,+37.412,+19.610
0 days 02:03:12.323000,44,6,+37.345,+19.555
0 days 02:03:16.265000,44,6,+37.337,+19.537
0 days 02:03:17.060000,44,6,+37.358,+19.559
0 days 02:03:21.520000,44,6,+37.407,+19.565
0 days 02:03:25.776000,44,6,+37.372,+19.557
0 days 02:03:27.001000,44,6,+37.355,+19.556
0 days 02:03:29.198000,44,6,+37.384,+19.657
0 days 02:03:34.239000,44,6,+37.454,+19.623
0 days 02:03:39.513000,44,6,+37.341,+19.406
0 days 02:03:43.708000,44,6,+37.262,+19.292
0 days 02:03:46.639000,44,6,+37.230,+19.277
0 days 02:03:53.540000,44,6,+37.120,+19.161
0 days 02:03:57.286000,44,6,+37.104,+19.138
0 days 02:04:01.194000,44,6,+37.124,+19.218
0 days 02:04:06.668000,44,6,+37.105,+19.114
0 days 02:04:11.319000,44,6,+36.992,+18.951
0 days 02:04:15.243000,44,6,+36.967,+18.896
0 days 02:04:21.413000,44,6,+36.947,+18.846
0 days 02:04:26.592000,44,6,+36.900,+18.704
0 days 02:04:30.842000,44,6,+36.854,+18.671
0 days 02:04:35.665000,44,6,+36.804,+18.643
0 days 02:04:39.421000,44,6,+36.773,+18.624
0 days 02:04:47.640000,44,6,+36.700,+18.454
0 days 02:04:51.555000,44,6,+36.656,+18.411
0 days 02:04:52.388000,44,6,+36.670,+18.445
0 days 02:04:56.976000,44,6,+36.885,+18.612
0 days 02:05:01.310000,44,6,+36.872,+18.627
0 days 02:05:02.529000,44,6,+36.867,+18.639
0 days 02:05:04.666000,44,6,+36.855,+18.636
0 days 02:05:09.692000,44,6,+36.836,+18.593
0 days 02:05:14.930000,44,6,+36.688,+18.434
0 days 02:05:19.196000,44,6,+36.684,+18.353
0 days 02:05:22.066000,44,6,+36.664,+18.337
0 days 02:05:28.968000,44,6,+36.569,+18.179
0 days 02:05:32.666000,44,6,+36.541,+18.151
0 days 02:05:36.468000,44,6,+36.472,+18.079
0 days 02:05:42.010000,44,6,+36.441,+17.994
0 days 02:05:46.614000,44,6,+36.376,+17.904
0 days 02:05:50.522000,44,6,+36.324,+17.864
0 days 02:05:56.640000,44,6,+36.357,+17.837
0 days 02:06:01.788000,44,6,+36.188,+17.681
0 days 02:06:06.047000,44,6,+36.128,+17.651
0 days 02:06:10.862000,44,6,+36.069,+17.613
0 days 02:06:14.742000,44,6,+36.027,+17.584
0 days 02:06:22.867000,44,6,+35.901,+17.460
0 days 02:06:26.762000,44,6,+35.868,+17.452
0 days 02:06:27.617000,44,6,+35.900,+17.520
0 days 02:06:32.032000,44,6,+35.926,+17.544
0 days 02:06:36.356000,44,6,+35.880,+17.534
0 days 02:06:37.540000,44,6,+35.882,+17.557
0 days 02:06:39.759000,44,6,+35.857,+17.599
0 days 02:06:44.694000,44,6,+35.921,+17.608
0 days 02:06:50.043000,44,6,+35.663,+17.424
0 days 02:06:54.257000,44,6,+35.665,+17.419
0 days 02:06:57.167000,44,6,+35.656,+17.421
0 days 02:07:04.097000,44,6,+35.573,+17.297
0 days 02:07:07.811000,44,6,+35.555,+17.298
0 days 02:07:11.662000,44,6,+35.501,+17.243
0 days 02:07:17.217000,44,6,+35.422,+17.146
0 days 02:07:21.943000,44,6,+35.371,+17.033
0 days 02:07:25.842000,44,6,+35.363,+17.007
0 days 02:07:32.106000,44,6,+35.459,+17.058
0 days 02:07:37.269000,44,6,+35.370,+16.939
0 days 02:07:41.531000,44,6,+35.307,+16.911
0 days 02:07:46.268000,44,6,+35.243,+16.880
0 days 02:07:50.058000,44,6,+35.209,+16.863
0 days 02:07:58.435000,44,6,+35.172,+16.812
0 days 02:08:02.315000,44,6,+35.156,+16.807
0 days 02:08:03.209000,44,6,+35.147,+16.840
0 days 02:08:07.567000,44,6,+35.176,+16.897
0 days 02:08:11.943000,44,6,+35.134,+16.893
0 days 02:08:13.130000,44,6,+35.119,+16.898
0 days 02:08:15.210000,44,6,+35.039,+16.840
0 days 02:08:20.293000,44,6,+35.068,+16.943
0 days 02:08:25.663000,44,6,+34.904,+16.805
0 days 02:08:29.867000,44,6,+34.847,+16.727
0 days 02:08:32.755000,44,6,+34.818,+16.712
0 days 02:08:39.932000,44,6,+34.730,+16.605
0 days 02:08:43.456000,44,6,+34.697,+16.578
0 days 02:08:47.312000,44,6,+34.667,+16.569
0 days 02:08:52.809000,44,6,+34.643,+16.402
0 days 02:08:57.546000,44,6,+34.559,+16.310
0 days 02:09:01.417000,44,6,+34.503,+16.295
0 days 02:09:07.493000,44,6,+34.422,+16.221
0 days 02:09:12.796000,44,6,+34.444,+16.168
0 days 02:09:17.067000,44,6,+34.397,+16.119
0 days 02:09:21.942000,44,6,+34.338,+16.081
0 days 02:09:25.568000,44,6,+34.299,+16.052
0 days 02:09:33.920000,44,6,+34.256,+16.047
0 days 02:09:37.841000,44,6,+34.225,+16.034
0 days 02:09:38.631000,44,6,+34.236,+16.078
0 days 02:09:43.195000,44,6,+34.336,+16.181
0 days 02:09:47.453000,44,6,+34.302,+16.193
0 days 02:09:48.706000,44,6,+34.299,+16.217
0 days 02:09:50.797000,44,6,+34.237,+16.251
0 days 02:09:55.832000,44,6,+34.214,+16.261
0 days 02:10:01.192000,44,6,+34.007,+16.161
0 days 02:10:05.443000,44,6,+33.967,+16.126
0 days 02:10:08.365000,44,6,+33.945,+16.121
0 days 02:10:15.341000,44,6,+33.899,+16.059
0 days 02:10:19.112000,44,6,+33.862,+16.036
0 days 02:10:22.890000,44,6,+33.791,+16.004
0 days 02:10:28.368000,44,6,+33.795,+15.964
0 days 02:10:33.164000,44,6,+33.728,+15.896
0 days 02:10:37.115000,44,6,+33.720,+15.875
0 days 02:10:43.312000,44,6,+33.704,+15.805
0 days 02:10:48.590000,44,6,+33.732,+15.767
0 days 02:10:52.868000,44,6,+33.703,+15.756
0 days 02:10:57.643000,44,6,+33.651,+15.728
0 days 02:11:01.395000,44,6,+33.602,+15.697
0 days 02:11:09.768000,44,6,+33.608,+15.690
0 days 02:11:13.706000,44,6,+33.609,+15.705
0 days 02:11:14.563000,44,6,+33.620,+15.739
0 days 02:11:19.027000,44,6,+33.665,+15.822
0 days 02:11:23.308000,44,6,+33.609,+15.819
0 days 02:11:24.496000,44,6,+33.584,+15.821
0 days 02:11:26.623000,44,6,+33.512,+15.842
0 days 02:11:31.614000,44,6,+33.365,+15.769
0 days 02:11:36.965000,44,6,+33.244,+15.726
0 days 02:11:41.242000,44,6,+33.259,+15.682
0 days 02:11:44.261000,44,6,+33.238,+15.673
0 days 02:11:51.311000,44,6,+33.084,+15.504
0 days 02:11:54.898000,44,6,+33.068,+15.496
0 days 02:11:58.628000,44,6,+32.855,+15.417
0 days 02:12:03.995000,44,6,+32.669,+15.281
0 days 02:12:08.726000,44,6,+32.596,+15.223
0 days 02:12:12.632000,44,6,+32.556,+15.188
0 days 02:12:18.726000,44,6,+32.545,+15.130
0 days 02:12:24.016000,44,6,+32.502,+15.078
0 days 02:12:28.315000,44,6,+32.469,+15.043
0 days 02:12:33.054000,44,6,+32.406,+15.002
0 days 02:12:36.873000,44,6,+32.363,+14.972
0 days 02:12:45.122000,44,6,+32.233,+14.917
0 days 02:12:49.029000,44,6,+32.201,+14.879
0 days 02:12:49.895000,44,6,+32.224,+14.899
0 days 02:12:54.353000,44,6,+32.340,+14.989
0 days 02:12:58.669000,44,6,+32.297,+14.989
0 days 02:12:59.874000,44,6,+32.287,+15.000
0 days 02:13:02.118000,44,6,+32.242,+15.003
0 days 02:13:06.894000,44,6,+32.160,+15.014
0 days 02:13:12.272000,44,6,+32.022,+14.846
0 days 02:13:16.689000,44,6,+31.994,+14.832
0 days 02:13:19.443000,44,6,+31.973,+14.823
0 days 02:13:26.532000,44,6,+31.942,+14.712
0 days 02:13:30.145000,44,6,+31.924,+14.680
0 days 02:13:33.958000,44,6,+31.757,+14.612
0 days 02:13:39.369000,44,6,+31.661,+14.464
0 days 02:13:44.175000,44,6,+31.577,+14.410
0 days 02:13:48.077000,44,6,+31.513,+14.382
0 days 02:13:54.195000,44,6,+31.489,+14.366
0 days 02:13:59.496000,44,6,+31.459,+14.277
0 days 02:14:03.787000,44,6,+31.443,+14.270
0 days 02:14:08.543000,44,6,+31.375,+14.233
0 days 02:14:12.272000,44,6,+31.326,+14.202
0 days 02:14:20.629000,44,6,+31.297,+14.136
0 days 02:14:24.530000,44,6,+31.298,+14.152
0 days 02:14:25.411000,44,6,+31.333,+14.223
0 days 02:14:29.887000,44,6,+31.413,+14.334
0 days 02:14:34.189000,44,6,+31.386,+14.338
0 days 02:14:35.443000,44,6,+31.386,+14.354
0 days 02:14:37.499000,44,6,+31.345,+14.343
0 days 02:14:42.514000,44,6,+31.304,+14.402
0 days 02:14:47.963000,44,6,+31.191,+14.258
0 days 02:14:52.170000,44,6,+31.198,+14.253
0 days 02:14:55.073000,44,6,+31.176,+14.250
0 days 02:15:02.058000,44,6,+31.123,+14.134
0 days 02:15:05.798000,44,6,+31.107,+14.126
0 days 02:15:09.543000,44,6,+30.979,+14.067
0 days 02:15:14.959000,44,6,+30.848,+13.955
0 days 02:15:19.772000,44,6,+30.880,+13.998
0 days 02:15:23.727000,44,6,+30.893,+14.013
0 days 02:15:29.870000,44,6,+30.899,+14.009
0 days 02:15:35.190000,44,6,+30.926,+14.008
0 days 02:15:39.466000,44,6,+30.911,+14.005
0 days 02:15:44.243000,44,6,+30.848,+13.975
0 days 02:15:48.066000,44,6,+30.803,+13.956
0 days 02:15:56.426000,44,6,+30.897,+13.916
0 days 02:16:00.391000,44,6,+30.907,+13.927
0 days 02:16:01.196000,44,6,+30.956,+13.973
0 days 02:16:05.660000,44,6,+31.044,+13.969
0 days 02:16:09.996000,44,6,+31.011,+13.949
0 days 02:16:11.121000,44,6,+30.991,+13.950
0 days 02:16:13.263000,44,6,+30.924,+13.924
0 days 02:16:18.100000,44,6,+30.823,+13.928
0 days 02:16:23.459000,44,6,+30.640,+13.745
0 days 02:16:27.767000,44,6,+30.658,+13.767
0 days 02:16:30.691000,44,6,+30.630,+13.757
0 days 02:16:37.663000,44,6,+30.591,+13.679
0 days 02:16:41.373000,44,6,+30.565,+13.650
0 days 02:16:45.130000,44,6,+30.490,+13.592
0 days 02:16:50.572000,44,6,+30.434,+13.446
0 days 02:16:55.387000,44,6,+30.452,+13.437
0 days 02:16:59.298000,44,6,+30.461,+13.431
0 days 02:17:05.537000,44,6,+30.457,+13.440
0 days 02:17:10.844000,44,6,+30.432,+13.348
0 days 02:17:15.019000,44,6,+30.392,+13.309
0 days 02:17:19.761000,44,6,+30.330,+13.277
0 days 02:17:23.471000,44,6,+30.278,+13.248
0 days 02:17:31.760000,44,6,+30.302,+13.167
0 days 02:17:35.659000,44,6,+30.253,+13.133
0 days 02:17:36.504000,44,6,+30.247,+13.171
0 days 02:17:40.879000,44,6,+30.302,+13.206
0 days 02:17:45.192000,44,6,+30.275,+13.192
0 days 02:17:46.370000,44,6,+30.265,+13.195
0 days 02:17:48.417000,44,6,+30.205,+13.155
0 days 02:17:53.421000,44,6,+30.135,+13.170
0 days 02:17:58.816000,44,6,+29.954,+13.029
0 days 02:18:03.066000,44,6,+29.966,+12.999
0 days 02:18:06.045000,44,6,+29.953,+12.989
0 days 02:18:12.960000,44,6,+29.825,+12.891
0 days 02:18:16.650000,44,6,+29.806,+12.883
0 days 02:18:20.462000,44,6,+29.711,+12.819
0 days 02:18:25.697000,44,6,+29.537,+12.613
0 days 02:18:30.497000,44,6,+29.443,+12.610
0 days 02:18:34.493000,44,6,+29.438,+12.615
0 days 02:18:40.495000,44,6,+29.318,+12.489
0 days 02:18:45.709000,44,6,+29.137,+12.401
0 days 02:18:50.014000,44,6,+29.091,+12.375
0 days 02:18:54.769000,44,6,+29.087,+12.344
0 days 02:18:58.491000,44,6,+29.219,+12.320
0 days 02:19:06.875000,44,6,+29.342,+12.339
0 days 02:19:10.744000,44,6,+29.333,+12.316
0 days 02:19:11.591000,44,6,+29.356,+12.360
0 days 02:19:15.989000,44,6,+29.411,+12.385
0 days 02:19:20.293000,44,6,+29.377,+12.378
0 days 02:19:21.473000,44,6,+29.381,+12.394
0 days 02:19:23.521000,44,6,+29.296,+12.388
0 days 02:19:28.449000,44,6,+29.359,+12.523
0 days 02:19:33.791000,44,6,+29.180,+12.286
0 days 02:19:38.089000,44,6,+29.208,+12.262
0 days 02:19:40.998000,44,6,+29.187,+12.255
0 days 02:19:47.961000,44,6,+29.134,+12.136
0 days 02:19:51.691000,44,6,+29.133,+12.128
0 days 02:19:55.385000,44,6,+28.996,+12.024
0 days 02:20:00.800000,44,6,+28.926,+11.891
0 days 02:20:05.565000,44,6,+28.900,+11.851
0 days 02:20:09.497000,44,6,+28.897,+11.847
0 days 02:20:15.590000,44,6,+28.922,+11.847
0 days 02:20:20.819000,44,6,+28.896,+11.771
0 days 02:20:25.060000,44,6,+28.861,+11.761
0 days 02:20:29.898000,44,6,+28.802,+11.731
0 days 02:20:33.561000,44,6,+28.756,+11.709
0 days 02:20:41.996000,44,6,+28.850,+11.785
0 days 02:20:45.934000,44,6,+28.863,+11.819
0 days 02:20:46.800000,44,6,+28.916,+11.890
0 days 02:20:51.226000,44,6,+29.031,+11.930
0 days 02:20:55.526000,44,6,+29.014,+11.934
0 days 02:20:56.772000,44,6,+29.015,+11.952
0 days 02:20:58.853000,44,6,+29.037,+12.005
0 days 02:21:03.864000,44,6,+29.006,+12.062
0 days 02:21:09.268000,44,6,+28.852,+11.961
0 days 02:21:13.671000,44,6,+28.858,+11.913
0 days 02:21:16.546000,44,6,+28.852,+11.908
0 days 02:21:23.408000,44,6,+28.810,+11.822
0 days 02:21:27.117000,44,6,+28.808,+11.823
0 days 02:21:30.899000,44,6,+28.706,+11.750
0 days 02:21:36.346000,44,6,+28.625,+11.535
0 days 02:21:41.047000,44,6,+28.543,+11.503
0 days 02:21:45.036000,44,6,+28.555,+11.513
0 days 02:21:51.064000,44,6,+28.437,+11.439
0 days 02:21:56.419000,44,6,+28.437,+11.326
0 days 02:22:00.599000,44,6,+28.409,+11.301
0 days 02:22:05.347000,44,6,+28.362,+11.343
0 days 02:22:09.120000,44,6,+28.311,+11.518
0 days 02:22:17.466000,44,6,+28.287,+11.597
0 days 02:22:21.349000,44,6,+28.252,+11.597
0 days 02:22:22.220000,44,6,+28.272,+11.604
0 days 02:22:26.696000,44,6,+28.389,+11.685
0 days 02:22:31.029000,44,6,+28.340,+11.880
0 days 02:22:32.201000,44,6,+28.339,+11.963
0 days 02:22:34.301000,44,6,+28.282,+11.792
0 days 02:22:39.140000,44,6,+28.168,+11.426
0 days 02:22:44.610000,44,6,+28.068,+11.302
0 days 02:22:48.821000,44,6,+28.041,+11.269
0 days 02:22:51.746000,44,6,+28.010,+11.284
0 days 02:22:58.682000,44,6,+27.927,+11.067
0 days 02:23:02.389000,44,6,+27.914,+11.054
0 days 02:23:06.146000,44,6,+27.785,+10.936
0 days 02:23:11.462000,44,6,+27.638,+10.616
0 days 02:23:16.232000,44,6,+27.676,+10.441
0 days 02:23:20.191000,44,6,+27.679,+10.431
0 days 02:23:26.279000,44,6,+27.687,+10.237
0 days 02:23:31.573000,44,6,+27.738,+10.128
0 days 02:23:35.821000,44,6,+27.706,+10.107
0 days 02:23:40.674000,44,6,+27.638,+10.165
0 days 02:23:44.300000,44,6,+27.593,+10.365
0 days 02:23:52.695000,44,6,+27.665,+10.370
0 days 02:23:56.620000,44,6,+27.672,+10.376
0 days 02:23:57.448000,44,6,+27.713,+10.375
0 days 02:24:01.895000,44,6,+27.820,+10.333
0 days 02:24:06.166000,44,6,+27.761,+10.495
0 days 02:24:07.401000,44,6,+27.736,+10.568
0 days 02:24:09.469000,44,6,+27.675,+10.372
0 days 02:24:14.425000,44,6,+27.684,+10.587
0 days 02:24:19.876000,44,6,+27.715,+9.926
0 days 02:24:24.296000,44,6,+27.763,+9.994
0 days 02:24:27.091000,44,6,+27.738,+10.025
0 days 02:24:34.069000,44,6,+27.778,+9.619
0 days 02:24:37.769000,44,6,+27.783,+9.653
0 days 02:24:41.520000,44,6,+27.662,+9.195
0 days 02:24:46.850000,44,6,+27.544,+8.709
0 days 02:24:51.679000,44,6,+27.552,+8.471
0 days 02:24:55.600000,44,6,+27.560,+8.463
0 days 02:25:01.674000,44,6,+27.540,+8.329
0 days 02:25:07.021000,44,6,+27.613,+8.253
0 days 02:25:11.374000,44,6,+27.599,+8.260
0 days 02:25:15.987000,44,6,+27.542,+8.265
0 days 02:25:19.848000,44,6,+27.492,+8.254
0 days 02:25:28.170000,44,6,+27.604,+8.195
0 days 02:25:32.091000,44,6,+27.606,+8.173
0 days 02:25:32.900000,44,6,+27.644,+8.174
0 days 02:25:37.351000,44,6,+27.762,+8.109
0 days 02:25:41.706000,44,6,+27.710,+8.121
0 days 02:25:42.824000,44,6,+27.687,+8.113
0 days 02:25:44.963000,44,6,+27.628,+8.081
0 days 02:25:49.731000,44,6,+27.468,+7.892
0 days 02:25:55.430000,44,6,+27.545,+7.608
0 days 02:25:59.621000,44,6,+27.529,+7.592
0 days 02:26:02.534000,44,6,+27.502,+7.602
0 days 02:26:09.442000,44,6,+27.441,+7.037
0 days 02:26:13.203000,44,6,+27.421,+7.089
0 days 02:26:16.855000,44,6,+27.308,+6.915
0 days 02:26:22.319000,44,6,+27.339,+6.615
0 days 02:26:27.007000,44,6,+27.309,+6.391
0 days 02:26:31.060000,44,6,+27.303,+6.401
0 days 02:26:37.102000,44,6,+27.265,+6.205
0 days 02:26:42.392000,44,6,+27.425,+5.998
0 days 02:26:46.649000,44,6,+27.409,+5.965
0 days 02:26:51.523000,44,6,+27.350,+5.961
0 days 02:26:55.149000,44,6,+27.297,+5.957
0 days 02:27:03.413000,44,6,+27.236,+5.792
0 days 02:27:07.319000,44,6,+27.207,+5.752
0 days 02:27:08.180000,44,6,+27.245,+5.701
0 days 02:27:12.652000,44,6,+27.378,+5.688
0 days 02:27:16.901000,44,6,+27.334,+5.708
0 days 02:27:18.075000,44,6,+27.313,+5.702
0 days 02:27:20.344000,44,6,+27.212,+5.578
0 days 02:27:25.037000,44,6,+27.062,+5.466
0 days 02:27:30.504000,44,6,+27.057,+5.173
0 days 02:27:34.765000,44,6,+27.092,+5.172
0 days 02:27:37.648000,44,6,+27.069,+5.170
0 days 02:27:44.601000,44,6,+27.080,+4.990
0 days 02:27:48.323000,44,6,+27.068,+4.989
0 days 02:27:52.149000,44,6,+26.977,+4.832
0 days 02:27:57.396000,44,6,+26.938,+4.468
0 days 02:28:02.303000,44,6,+26.955,+4.210
0 days 02:28:06.121000,44,6,+26.966,+4.212
0 days 02:28:12.351000,44,6,+26.900,+4.147
0 days 02:28:17.614000,44,6,+26.886,+4.054
0 days 02:28:21.901000,44,6,+26.876,+4.045
0 days 02:28:26.754000,44,6,+26.810,+4.046
0 days 02:28:30.549000,44,6,+26.766,+4.041
0 days 02:28:38.896000,44,6,+26.669,+3.941
0 days 02:28:42.586000,44,6,+26.625,+3.893
0 days 02:28:43.468000,44,6,+26.622,+3.861
0 days 02:28:47.853000,44,6,+26.634,+3.804
0 days 02:28:52.122000,44,6,+26.541,+3.780
0 days 02:28:53.295000,44,6,+26.506,+3.765
0 days 02:28:55.396000,44,6,+26.367,+3.647
0 days 02:29:00.311000,44,6,+26.263,+3.670
0 days 02:29:05.760000,44,6,+26.372,+3.352
0 days 02:29:10.096000,44,6,+26.424,+3.424
0 days 02:29:13.029000,44,6,+26.397,+3.421
0 days 02:29:19.977000,44,6,+26.234,+3.262
0 days 02:29:23.629000,44,6,+26.213,+3.288
0 days 02:29:27.409000,44,6,+25.973,+3.104
0 days 02:29:32.804000,44,6,+25.870,+2.839
0 days 02:29:37.702000,44,6,+25.861,+2.633
0 days 02:29:41.622000,44,6,+25.876,+2.645
0 days 02:29:47.731000,44,6,+25.767,+2.523
0 days 02:29:53.151000,44,6,+25.907,+2.517
0 days 02:29:57.399000,44,6,+25.880,+2.498
0 days 02:30:02.120000,44,6,+25.803,+2.483
0 days 02:30:05.854000,44,6,+25.713,+2.439
0 days 02:30:14.176000,44,6,+25.451,+2.212
0 days 02:30:18.112000,44,6,+25.383,+2.186
0 days 02:30:18.954000,44,6,+25.365,+2.172
0 days 02:30:23.547000,44,6,+25.381,+2.170
0 days 00:00:03.711000,16,6,,
0 days 00:59:09.917000,16,6,+0.652,+0.172
0 days 00:59:10.812000,16,6,+0.527,+0.131
0 days 00:59:13.496000,16,7,+0.527,+0.131
0 days 00:59:13.638000,16,7,+0.770,+0.040
0 days 00:59:18.711000,16,5,+0.770,+0.040
0 days 00:59:18.788000,16,5,+0.971,+0.159
0 days 00:59:24.765000,16,5,+1.532,+0.515
0 days 00:59:28.971000,16,5,+1.585,+0.623
0 days 00:59:31.970000,16,5,+1.530,+0.622
0 days 00:59:39.964000,16,5,+1.854,+0.792
0 days 00:59:43.226000,16,5,+1.832,+0.797
0 days 00:59:47.264000,16,5,+2.033,+0.978
0 days 00:59:53.238000,16,5,+2.429,+0.954
0 days 00:59:58.283000,16,5,+2.949,+0.980
0 days 01:00:02.333000,16,5,+3.044,+0.941
0 days 01:00:08.680000,16,5,+3.386,+0.940
0 days 01:00:14.012000,16,5,+3.526,+1.030
0 days 01:00:18.364000,16,5,+3.536,+1.038
0 days 01:00:23.181000,16,5,+3.457,+1.026
0 days 01:00:27.026000,16,5,+3.410,+1.058
0 days 01:00:35.489000,16,5,+3.499,+1.055
0 days 01:00:39.505000,16,5,+3.443,+1.073
0 days 01:00:40.319000,16,5,+3.405,+1.041
0 days 01:00:44.898000,16,5,+3.419,+0.971
0 days 01:00:49.321000,16,5,+3.182,+0.996
0 days 01:00:50.633000,16,5,+3.108,+1.016
0 days 01:00:52.835000,16,5,+3.055,+0.902
0 days 01:00:58.159000,16,5,+3.220,+0.821
0 days 01:01:03.599000,16,5,+3.426,+0.988
0 days 01:01:07.952000,16,5,+3.603,+1.073
0 days 01:01:10.915000,16,5,+3.593,+1.084
0 days 01:01:18.041000,16,5,+3.627,+1.014
0 days 01:01:21.759000,16,5,+3.596,+1.002
0 days 01:01:26.028000,16,5,+3.729,+1.038
0 days 01:01:31.810000,16,5,+3.934,+1.039
0 days 01:01:36.608000,16,5,+4.016,+1.031
0 days 01:01:40.637000,16,5,+4.037,+1.032
0 days 01:01:46.812000,16,5,+4.146,+0.939
0 days 01:01:52.283000,16,5,+4.271,+1.004
0 days 01:01:56.679000,16,5,+4.236,+1.005
0 days 01:02:01.468000,16,5,+4.135,+0.957
0 days 01:02:05.128000,16,5,+3.935,+0.800
0 days 01:02:13.666000,16,5,+4.064,+0.999
0 days 01:02:17.783000,16,5,+4.075,+1.046
0 days 01:02:18.488000,16,5,+4.059,+1.005
0 days 01:02:23.091000,16,5,+4.052,+0.983
0 days 01:02:27.500000,16,5,+3.962,+1.013
0 days 01:02:28.721000,16,5,+3.951,+1.033
0 days 01:02:30.965000,16,5,+3.933,+0.996
0 days 01:02:35.994000,16,5,+4.017,+0.975
0 days 01:02:41.665000,16,5,+4.166,+1.121
0 days 01:02:45.983000,16,5,+4.284,+1.185
0 days 01:02:48.952000,16,5,+4.271,+1.209
0 days 01:02:56.112000,16,5,+4.192,+1.207
0 days 01:02:59.915000,16,5,+4.172,+1.211
0 days 01:03:04.039000,16,5,+4.177,+1.157
0 days 01:03:09.787000,16,5,+4.263,+1.146
0 days 01:03:14.634000,16,5,+4.447,+1.202
0 days 01:03:18.660000,16,5,+4.489,+1.219
0 days 01:03:24.865000,16,5,+4.544,+1.228
0 days 01:03:30.328000,16,5,+4.560,+1.151
0 days 01:03:34.737000,16,5,+4.530,+1.129
0 days 01:03:39.543000,16,5,+4.476,+1.118
0 days 01:03:43.315000,16,5,+4.435,+1.134
0 days 01:03:51.862000,16,5,+4.413,+1.218
0 days 01:03:55.768000,16,5,+4.415,+1.259
0 days 01:03:56.735000,16,5,+4.436,+1.245
0 days 01:04:01.157000,16,5,+4.450,+1.217
0 days 01:04:05.570000,16,5,+4.361,+1.260
0 days 01:04:06.770000,16,5,+4.353,+1.287
0 days 01:04:09.035000,16,5,+4.328,+1.254
0 days 01:04:14.091000,16,5,+4.181,+1.118
0 days 01:04:19.716000,16,5,+4.247,+1.202
0 days 01:04:24.037000,16,5,+4.342,+1.241
0 days 01:04:27.028000,16,5,+4.322,+1.259
0 days 01:04:34.224000,16,5,+4.393,+1.333
0 days 01:04:37.985000,16,5,+4.399,+1.339
0 days 01:04:42.035000,16,5,+4.279,+1.220
0 days 01:04:47.722000,16,5,+4.268,+1.267
0 days 01:04:52.569000,16,5,+4.448,+0.978
0 days 01:04:56.573000,16,5,+4.443,+0.911
0 days 01:05:02.815000,16,5,+4.556,+0.932
0 days 01:05:08.240000,16,5,+4.603,+0.920
0 days 01:05:12.640000,16,5,+4.573,+0.912
0 days 01:05:17.376000,16,5,+4.471,+0.862
0 days 01:05:21.036000,16,5,+4.276,+0.717
0 days 01:05:29.341000,16,5,+4.279,+0.729
0 days 01:05:33.419000,16,5,+4.273,+0.788
0 days 01:05:34.216000,16,5,+4.256,+0.772
0 days 01:05:38.814000,16,5,+4.294,+0.778
0 days 01:05:43.060000,16,5,+4.079,+0.649
0 days 01:05:44.226000,16,5,+4.004,+0.596
0 days 01:05:46.496000,16,5,+3.925,+0.498
0 days 01:05:51.640000,16,5,+3.904,+0.588
0 days 01:05:57.347000,16,5,+4.120,+0.731
0 days 01:06:01.806000,16,5,+4.282,+0.850
0 days 01:06:04.741000,16,5,+4.273,+0.867
0 days 01:06:12.014000,16,5,+4.323,+0.976
0 days 01:06:15.866000,16,5,+4.295,+0.977
0 days 01:06:19.929000,16,5,+4.261,+1.014
0 days 01:06:25.678000,16,5,+4.302,+1.133
0 days 01:06:30.615000,16,5,+4.400,+1.107
0 days 01:06:34.613000,16,5,+4.390,+1.100
0 days 01:06:40.882000,16,5,+4.527,+1.094
0 days 01:06:46.241000,16,5,+4.576,+1.070
0 days 01:06:50.641000,16,5,+4.560,+1.060
0 days 01:06:55.441000,16,5,+4.502,+1.053
0 days 01:06:59.227000,16,5,+4.475,+1.074
0 days 01:07:07.634000,16,5,+4.425,+1.115
0 days 01:07:11.614000,16,5,+4.395,+1.163
0 days 01:07:12.466000,16,5,+4.389,+1.175
0 days 01:07:17.060000,16,5,+4.465,+1.229
0 days 01:07:21.472000,16,5,+4.384,+1.278
0 days 01:07:22.643000,16,5,+4.373,+1.314
0 days 01:07:24.881000,16,5,+4.277,+1.283
0 days 01:07:29.989000,16,5,+4.284,+1.287
0 days 01:07:35.630000,16,5,+4.467,+1.312
0 days 01:07:39.999000,16,5,+4.605,+1.410
0 days 01:07:43.067000,16,5,+4.606,+1.432
0 days 01:07:50.230000,16,5,+4.605,+1.484
0 days 01:07:54.037000,16,5,+4.600,+1.483
0 days 01:07:58.052000,16,5,+4.656,+1.461
0 days 01:08:03.944000,16,5,+4.848,+1.519
0 days 01:08:08.947000,16,5,+5.067,+1.554
0 days 01:08:12.968000,16,5,+5.095,+1.570
0 days 01:08:19.219000,16,5,+5.180,+1.375
0 days 01:08:24.644000,16,5,+5.303,+1.328
0 days 01:08:29.015000,16,5,+5.279,+1.309
0 days 01:08:33.869000,16,5,+5.207,+1.288
0 days 01:08:37.567000,16,5,+5.171,+1.293
0 days 01:08:45.902000,16,5,+5.165,+1.236
0 days 01:08:49.949000,16,5,+5.170,+1.301
0 days 01:08:50.771000,16,5,+5.184,+1.309
0 days 01:08:55.338000,16,5,+5.212,+1.294
0 days 01:08:59.770000,16,5,+5.134,+1.305
0 days 01:09:00.920000,16,5,+5.117,+1.314
0 days 01:09:03.328000,16,5,+5.042,+1.237
0 days 01:09:08.337000,16,5,+5.110,+1.221
0 days 01:09:14.068000,16,5,+5.223,+1.186
0 days 01:09:18.404000,16,5,+5.283,+1.225
0 days 01:09:21.381000,16,5,+5.266,+1.234
0 days 01:09:28.520000,16,5,+5.275,+1.192
0 days 01:09:32.282000,16,5,+5.272,+1.190
0 days 01:09:36.358000,16,5,+5.151,+1.114
0 days 01:09:42.268000,16,5,+5.342,+1.203
0 days 01:09:47.268000,16,5,+5.479,+1.273
0 days 01:09:51.300000,16,5,+5.480,+1.268
0 days 01:09:57.596000,16,5,+5.604,+1.160
0 days 01:10:03.094000,16,5,+5.710,+1.074
0 days 01:10:07.444000,16,5,+5.708,+1.048
0 days 01:10:12.216000,16,5,+5.647,+1.027
0 days 01:10:15.973000,16,5,+5.608,+1.025
0 days 01:10:24.370000,16,5,+5.688,+1.014
0 days 01:10:28.392000,16,5,+5.691,+1.050
0 days 01:10:29.220000,16,5,+5.715,+1.075
0 days 01:10:33.816000,16,5,+5.772,+0.886
0 days 01:10:38.242000,16,5,+5.693,+0.855
0 days 01:10:39.390000,16,5,+5.680,+0.849
0 days 01:10:41.642000,16,5,+5.618,+0.839
0 days 01:10:46.816000,16,5,+5.644,+0.869
0 days 01:10:52.581000,16,5,+5.862,+0.920
0 days 01:10:56.869000,16,5,+5.880,+0.884
0 days 01:10:59.883000,16,5,+5.855,+0.883
0 days 01:11:07.102000,16,5,+5.867,+0.866
0 days 01:11:10.910000,16,5,+5.884,+0.872
0 days 01:11:14.943000,16,5,+5.806,+0.878
0 days 01:11:20.811000,16,5,+6.015,+0.968
0 days 01:11:25.898000,16,5,+6.215,+1.048
0 days 01:11:29.951000,16,5,+6.255,+1.072
0 days 01:11:36.195000,16,5,+6.283,+0.884
0 days 01:11:41.789000,16,5,+6.384,+0.953
0 days 01:11:46.172000,16,5,+6.349,+0.937
0 days 01:11:50.886000,16,5,+6.245,+0.885
0 days 01:11:54.543000,16,5,+6.046,+0.726
0 days 01:12:02.888000,16,5,+6.013,+0.680
0 days 01:12:06.866000,16,5,+5.988,+0.683
0 days 01:12:07.846000,16,5,+6.013,+0.693
0 days 01:12:12.290000,16,5,+6.057,+0.712
0 days 01:12:16.512000,16,5,+5.833,+0.580
0 days 01:12:17.793000,16,5,+5.757,+0.533
0 days 01:12:19.906000,16,5,+5.662,+0.492
0 days 01:12:25.148000,16,5,+5.584,+0.446
0 days 01:12:30.885000,16,5,+5.879,+0.622
0 days 01:12:35.286000,16,5,+5.923,+0.614
0 days 01:12:38.275000,16,5,+5.902,+0.624
0 days 01:12:45.518000,16,5,+5.939,+0.637
0 days 01:12:49.287000,16,5,+5.955,+0.651
0 days 01:12:53.424000,16,5,+5.981,+0.691
0 days 01:12:59.417000,16,5,+6.275,+0.829
0 days 01:13:04.511000,16,5,+6.520,+0.945
0 days 01:13:08.617000,16,5,+6.553,+0.975
0 days 01:13:14.833000,16,5,+6.641,+0.855
0 days 01:13:20.346000,16,5,+6.710,+0.913
0 days 01:13:24.722000,16,5,+6.694,+0.917
0 days 01:13:29.461000,16,5,+6.598,+0.870
0 days 01:13:33.085000,16,5,+6.415,+0.724
0 days 01:13:41.436000,16,5,+6.347,+0.678
0 days 01:13:45.470000,16,5,+6.358,+0.752
0 days 01:13:46.444000,16,5,+6.386,+0.763
0 days 01:13:50.852000,16,5,+6.450,+0.744
0 days 01:13:55.088000,16,5,+6.226,+0.602
0 days 01:13:56.270000,16,5,+6.133,+0.557
0 days 01:13:58.465000,16,5,+6.031,+0.433
0 days 01:14:03.676000,16,5,+6.140,+0.572
0 days 01:14:09.540000,16,5,+6.422,+0.640
0 days 01:14:13.920000,16,5,+6.534,+0.727
0 days 01:14:16.923000,16,5,+6.497,+0.726
0 days 01:14:24.118000,16,5,+6.505,+0.818
0 days 01:14:27.911000,16,5,+6.506,+0.854
0 days 01:14:32.018000,16,5,+6.524,+0.920
0 days 01:14:38.064000,16,5,+6.731,+0.940
0 days 01:14:43.018000,16,5,+6.888,+0.951
0 days 01:14:47.065000,16,5,+6.885,+0.948
0 days 01:14:53.344000,16,5,+7.080,+0.847
0 days 01:14:58.939000,16,5,+7.253,+0.928
0 days 01:15:03.371000,16,5,+7.259,+0.944
0 days 01:15:08.077000,16,5,+7.155,+0.891
0 days 01:15:11.686000,16,5,+6.961,+0.739
0 days 01:15:20.084000,16,5,+6.898,+0.680
0 days 01:15:24.012000,16,5,+6.898,+0.726
0 days 01:15:24.939000,16,5,+6.932,+0.719
0 days 01:15:29.419000,16,5,+7.017,+0.739
0 days 01:15:33.671000,16,5,+6.781,+0.590
0 days 01:15:34.791000,16,5,+6.686,+0.525
0 days 01:15:37.051000,16,5,+6.651,+0.475
0 days 01:15:42.189000,16,5,+6.693,+0.473
0 days 01:15:48.073000,16,5,+7.012,+0.665
0 days 01:15:52.471000,16,5,+7.080,+0.737
0 days 01:15:55.418000,16,5,+7.028,+0.725
0 days 01:16:02.650000,16,5,+7.039,+0.770
0 days 01:16:06.490000,16,5,+7.040,+0.775
0 days 01:16:10.590000,16,5,+7.115,+0.893
0 days 01:16:16.619000,16,5,+7.357,+0.987
0 days 01:16:21.606000,16,5,+7.534,+1.045
0 days 01:16:25.619000,16,5,+7.531,+1.047
0 days 01:16:31.773000,16,5,+7.581,+0.894
0 days 01:16:37.345000,16,5,+7.704,+0.998
0 days 01:16:41.768000,16,5,+7.695,+1.004
0 days 01:16:46.471000,16,5,+7.591,+0.952
0 days 01:16:50.081000,16,5,+7.397,+0.796
0 days 01:16:58.453000,16,5,+7.258,+0.659
0 days 01:17:02.471000,16,5,+7.270,+0.693
0 days 01:17:03.303000,16,5,+7.289,+0.686
0 days 01:17:07.831000,16,5,+7.315,+0.656
0 days 01:17:12.163000,16,5,+7.083,+0.513
0 days 01:17:13.234000,16,5,+7.006,+0.461
0 days 01:17:15.549000,16,5,+6.999,+0.501
0 days 01:17:20.765000,16,5,+7.064,+0.590
0 days 01:17:26.511000,16,5,+7.258,+0.671
0 days 01:17:30.993000,16,5,+7.418,+0.767
0 days 01:17:33.932000,16,5,+7.402,+0.783
0 days 01:17:41.222000,16,5,+7.461,+0.730
0 days 01:17:44.988000,16,5,+7.428,+0.709
0 days 01:17:49.134000,16,5,+7.517,+0.758
0 days 01:17:55.061000,16,5,+7.659,+0.766
0 days 01:18:00.104000,16,5,+7.817,+0.867
0 days 01:18:04.146000,16,5,+7.835,+0.887
0 days 01:18:10.403000,16,5,+7.972,+0.852
0 days 01:18:15.988000,16,5,+8.115,+0.892
0 days 01:18:20.363000,16,5,+8.081,+0.853
0 days 01:18:25.101000,16,5,+7.968,+0.797
0 days 01:18:28.703000,16,5,+7.771,+0.634
0 days 01:18:37.072000,16,5,+7.793,+0.559
0 days 01:18:41.110000,16,5,+7.787,+0.583
0 days 01:18:42.047000,16,5,+7.811,+0.573
0 days 01:18:46.508000,16,5,+7.884,+0.608
0 days 01:18:50.768000,16,5,+7.675,+0.465
0 days 01:18:51.923000,16,5,+7.592,+0.413
0 days 01:18:54.143000,16,5,+7.549,+0.419
0 days 01:18:59.343000,16,5,+7.662,+0.545
0 days 01:19:05.165000,16,5,+7.926,+0.636
0 days 01:19:09.493000,16,5,+8.011,+0.648
0 days 01:19:12.492000,16,5,+7.985,+0.654
0 days 01:19:19.791000,16,5,+8.075,+0.681
0 days 01:19:23.546000,16,5,+8.070,+0.687
0 days 01:19:27.640000,16,5,+8.160,+0.809
0 days 01:19:33.620000,16,5,+8.389,+0.833
0 days 01:19:38.625000,16,5,+8.494,+0.851
0 days 01:19:42.649000,16,5,+8.468,+0.850
0 days 01:19:48.891000,16,5,+8.512,+0.731
0 days 01:19:54.473000,16,5,+8.676,+0.840
0 days 01:19:58.840000,16,5,+8.624,+0.801
0 days 01:20:03.570000,16,5,+8.510,+0.740
0 days 01:20:07.176000,16,5,+8.294,+0.560
0 days 01:20:15.648000,16,5,+8.345,+0.583
0 days 01:20:19.687000,16,5,+8.369,+0.697
0 days 01:20:20.547000,16,5,+8.398,+1.001
0 days 01:20:25.095000,16,4,+8.398,+1.001
0 days 01:20:25.097000,16,4,+8.443,+3.331
0 days 01:20:29.305000,16,4,+8.255,+3.211
0 days 01:20:30.457000,16,4,+8.195,+3.165
0 days 01:20:32.593000,16,4,+8.030,+2.978
0 days 01:20:37.702000,16,4,+8.107,+2.866
0 days 01:20:43.339000,16,4,+8.097,+2.872
0 days 01:20:47.833000,16,4,+8.192,+2.894
0 days 01:20:50.688000,16,4,+8.182,+2.908
0 days 01:20:57.894000,16,4,+8.175,+2.933
0 days 01:21:01.673000,16,4,+8.164,+2.927
0 days 01:21:05.685000,16,4,+8.259,+2.906
0 days 01:21:11.598000,16,4,+8.423,+2.992
0 days 01:21:16.584000,16,4,+8.597,+3.059
0 days 01:21:20.589000,16,4,+8.604,+3.037
0 days 01:21:26.824000,16,4,+8.737,+3.015
0 days 01:21:32.410000,16,4,+8.917,+3.187
0 days 01:21:36.821000,16,4,+8.897,+3.179
0 days 01:21:41.565000,16,4,+8.843,+3.168
0 days 01:21:45.362000,16,4,+8.818,+3.182
0 days 01:21:53.837000,16,4,+8.879,+3.146
0 days 01:21:57.787000,16,4,+5.553,+3.221
0 days 01:21:58.613000,16,4,+5.546,+3.519
0 days 01:22:03.177000,16,3,+5.546,+3.519
0 days 01:22:03.208000,16,3,+5.626,+3.929
0 days 01:22:07.469000,16,2,+5.626,+3.929
0 days 01:22:07.548000,16,2,+5.571,+5.571
0 days 01:22:08.749000,16,2,+5.548,+5.548
0 days 01:22:10.965000,16,2,+5.569,+5.569
0 days 01:22:15.997000,16,2,+5.477,+5.477
0 days 01:22:21.648000,16,2,+5.541,+5.541
0 days 01:22:26.049000,16,2,+5.568,+5.568
0 days 01:22:28.982000,16,2,+5.541,+5.541
0 days 01:22:36.175000,16,2,+5.422,+5.422
0 days 01:22:39.968000,16,2,+5.399,+5.399
0 days 01:22:43.977000,16,2,+5.458,+5.458
0 days 01:22:49.839000,16,2,+5.567,+5.567
0 days 01:22:54.824000,16,2,+5.581,+5.581
0 days 01:22:58.843000,16,2,+5.578,+5.578
0 days 01:23:05.081000,16,2,+5.367,+5.367
0 days 01:23:10.648000,16,2,+5.593,+5.593
0 days 01:23:15.006000,16,2,+5.597,+5.597
0 days 01:23:19.776000,16,2,+5.555,+5.555
0 days 01:23:23.548000,16,2,+5.526,+5.526
0 days 01:23:31.848000,16,2,+5.428,+5.428
0 days 01:23:35.769000,16,2,+5.411,+5.411
0 days 01:23:36.355000,16,2,+5.383,+5.383
0 days 01:23:58.408000,16,3,+5.383,+5.383
0 days 01:24:01.178000,16,4,+5.383,+5.383
0 days 01:24:02.948000,16,5,+5.383,+5.383
0 days 01:24:03.138000,16,6,+5.383,+5.383
0 days 01:24:03.910000,16,7,+5.383,+5.383
0 days 01:24:07.577000,16,8,+5.383,+5.383
0 days 01:24:07.994000,16,9,+5.383,+5.383
0 days 01:24:08.629000,16,10,+5.383,+5.383
0 days 01:24:09.149000,16,10,+9.384,+0.424
0 days 01:24:11.891000,16,10,+9.763,+0.786
0 days 01:24:17.071000,16,10,+9.755,+0.786
0 days 01:24:22.556000,16,10,+9.703,+0.436
0 days 01:24:26.777000,16,10,+9.553,+0.279
0 days 01:24:29.773000,16,10,+9.495,+0.231
0 days 01:24:36.729000,16,9,+9.495,+0.231
0 days 01:24:36.801000,16,9,+9.442,+1.133
0 days 01:24:40.577000,16,9,+9.423,+1.144
0 days 01:24:44.777000,16,9,+9.539,+1.163
0 days 01:24:50.596000,16,9,+9.539,+1.013
0 days 01:24:55.413000,16,9,+9.405,+0.681
0 days 01:24:59.275000,16,9,+9.340,+0.597
0 days 01:25:05.523000,16,9,+9.310,+0.380
0 days 01:25:10.936000,16,9,+9.129,+0.397
0 days 01:25:15.175000,16,9,+9.033,+0.355
0 days 01:25:19.849000,16,9,+8.848,+0.293
0 days 01:25:23.359000,16,9,+8.538,+0.235
0 days 01:25:31.745000,16,8,+8.538,+0.235
0 days 01:25:31.824000,16,8,+8.559,+0.466
0 days 01:25:35.777000,16,8,+8.554,+0.489
0 days 01:25:36.680000,16,8,+8.573,+0.534
0 days 01:25:41.179000,16,8,+8.607,+0.478
0 days 01:25:45.349000,16,8,+8.373,+0.310
0 days 01:25:46.477000,16,8,+8.285,+0.256
0 days 01:25:48.801000,16,8,+8.257,+0.352
0 days 01:25:53.967000,16,8,+7.988,+0.414
0 days 01:25:59.449000,16,8,+8.193,+0.494
0 days 01:26:03.694000,16,8,+8.034,+0.371
0 days 01:26:06.706000,16,8,+7.987,+0.355
0 days 01:26:13.875000,16,8,+8.033,+0.472
0 days 01:26:17.614000,16,8,+7.965,+0.432
0 days 01:26:21.724000,16,8,+8.050,+0.442
0 days 01:26:27.576000,16,8,+8.037,+0.491
0 days 01:26:32.376000,16,8,+7.994,+0.422
0 days 01:26:36.326000,16,8,+7.912,+0.382
0 days 01:26:42.777000,16,8,+8.063,+0.358
0 days 01:26:48.050000,16,8,+7.847,+0.290
0 days 01:26:52.376000,16,8,+7.777,+0.260
0 days 01:26:56.977000,16,8,+7.532,+0.145
0 days 01:27:00.520000,16,8,+7.175,+0.026
0 days 01:27:09.102000,16,7,+7.175,+0.026
0 days 01:27:09.194000,16,7,+7.313,+0.290
0 days 01:27:13.150000,16,7,+7.331,+0.331
0 days 01:27:14.070000,16,7,+7.439,+0.383
0 days 01:27:18.588000,16,7,+7.524,+0.373
0 days 01:27:22.820000,16,7,+7.316,+0.227
0 days 01:27:24.108000,16,7,+7.235,+0.172
0 days 01:27:26.236000,16,7,+7.250,+0.253
0 days 01:27:31.286000,16,7,+7.257,+0.258
0 days 01:27:37.246000,16,7,+7.550,+0.416
0 days 01:27:41.352000,16,7,+7.499,+0.356
0 days 01:27:44.298000,16,7,+7.442,+0.360
0 days 01:27:51.544000,16,7,+7.574,+0.390
0 days 01:27:55.250000,16,7,+7.526,+0.303
0 days 01:27:59.445000,16,7,+7.711,+0.381
0 days 01:28:05.373000,16,7,+7.918,+0.497
0 days 01:28:10.226000,16,7,+7.996,+0.427
0 days 01:28:14.303000,16,7,+7.984,+0.421
0 days 01:28:20.677000,16,7,+8.373,+0.402
0 days 01:28:26.109000,16,7,+8.444,+0.439
0 days 01:28:30.510000,16,7,+8.465,+0.433
0 days 01:28:35.176000,16,7,+8.340,+0.410
0 days 01:28:38.797000,16,7,+8.110,+0.404
0 days 01:28:47.247000,16,7,+8.246,+0.078
0 days 01:28:51.379000,16,7,+8.355,+0.136
0 days 01:28:52.350000,16,7,+8.546,+0.214
0 days 01:28:57.077000,16,7,+8.733,+0.086
0 days 01:29:01.101000,16,6,+8.733,+0.086
0 days 01:29:01.177000,16,6,+8.507,+0.768
0 days 01:29:02.314000,16,6,+8.415,+0.733
0 days 01:29:04.615000,16,6,+8.415,+0.819
0 days 01:29:09.717000,16,6,+8.518,+0.956
0 days 01:29:15.444000,16,6,+8.754,+1.065
0 days 01:29:19.690000,16,6,+8.780,+0.986
0 days 01:29:22.651000,16,6,+8.777,+1.021
0 days 01:29:29.806000,16,6,+8.731,+1.132
0 days 01:29:33.557000,16,6,+8.701,+1.104
0 days 01:29:37.557000,16,6,+8.603,+1.011
0 days 01:29:43.183000,16,6,+8.607,+0.970
0 days 01:29:48.084000,16,6,+8.714,+0.983
0 days 01:29:52.031000,16,6,+8.702,+0.984
0 days 01:29:58.152000,16,6,+8.649,+0.909
0 days 01:30:03.551000,16,6,+8.717,+0.857
0 days 01:30:07.925000,16,6,+8.694,+0.855
0 days 01:30:12.595000,16,6,+8.587,+0.782
0 days 01:30:16.288000,16,6,+8.431,+0.658
0 days 01:30:24.541000,16,6,+8.324,+0.683
0 days 01:30:28.540000,16,6,+8.320,+0.732
0 days 01:30:29.451000,16,6,+8.364,+0.745
0 days 01:30:33.919000,16,6,+8.429,+0.751
0 days 01:30:38.128000,16,6,+8.249,+0.668
0 days 01:30:39.299000,16,6,+8.173,+0.633
0 days 01:30:41.577000,16,6,+8.096,+0.649
0 days 01:30:46.529000,16,6,+7.922,+0.636
0 days 01:30:52.255000,16,6,+8.202,+0.698
0 days 01:30:56.469000,16,6,+8.139,+0.622
0 days 01:30:59.451000,16,6,+8.136,+0.649
0 days 01:31:06.578000,16,6,+8.135,+0.636
0 days 01:31:10.295000,16,6,+8.131,+0.621
0 days 01:31:14.433000,16,6,+8.116,+0.621
0 days 01:31:20.178000,16,6,+8.071,+0.645
0 days 01:31:25.094000,16,6,+8.214,+0.693
0 days 01:31:29.085000,16,6,+8.230,+0.716
0 days 01:31:35.325000,16,6,+8.363,+0.648
0 days 01:31:40.717000,16,6,+8.445,+0.696
0 days 01:31:45.053000,16,6,+8.416,+0.696
0 days 01:31:49.796000,16,6,+8.304,+0.637
0 days 01:31:53.431000,16,6,+8.157,+0.545
0 days 01:32:01.792000,16,6,+8.149,+0.535
0 days 01:32:05.852000,16,6,+8.199,+0.595
0 days 01:32:06.652000,16,6,+8.259,+0.611
0 days 01:32:11.247000,16,5,+8.259,+0.611
0 days 01:32:11.252000,16,5,+8.320,+0.581
0 days 01:32:15.471000,16,5,+8.094,+0.449
0 days 01:32:16.600000,16,5,+8.026,+0.401
0 days 01:32:18.853000,16,5,+8.034,+0.166
0 days 01:32:23.930000,16,4,+8.034,+0.166
0 days 01:32:24.014000,16,4,+8.073,+1.949
0 days 01:32:29.553000,16,4,+8.056,+1.902
0 days 01:32:33.880000,16,4,+8.094,+1.908
0 days 01:32:36.881000,16,4,+8.084,+1.925
0 days 01:32:43.981000,16,4,+8.041,+1.878
0 days 01:32:47.656000,16,4,+8.001,+1.826
0 days 01:32:51.703000,16,4,+7.868,+1.802
0 days 01:32:57.516000,16,4,+7.902,+1.793
0 days 01:33:02.352000,16,4,+7.871,+1.772
0 days 01:33:06.352000,16,4,+7.853,+1.734
0 days 01:33:12.468000,16,4,+7.849,+1.649
0 days 01:33:17.912000,16,4,+7.771,+1.693
0 days 01:33:22.234000,16,4,+7.713,+1.666
0 days 01:33:26.983000,16,4,+7.641,+1.653
0 days 01:33:30.748000,16,4,+7.608,+1.667
0 days 01:33:39.123000,16,4,+7.516,+1.480
0 days 01:33:43.036000,16,4,+7.486,+1.471
0 days 01:33:43.927000,16,4,+7.483,+1.454
0 days 01:33:48.353000,16,4,+7.495,+1.438
0 days 01:33:52.674000,16,4,+7.389,+1.384
0 days 01:33:53.879000,16,4,+7.372,+1.372
0 days 01:33:56.145000,16,4,+7.297,+1.280
0 days 01:34:01.162000,16,4,+7.083,+1.200
0 days 01:34:06.880000,16,4,+7.266,+1.277
0 days 01:34:11.069000,16,4,+7.275,+1.230
0 days 01:34:14.005000,16,4,+7.237,+1.219
0 days 01:34:21.126000,16,4,+7.168,+1.255
0 days 01:34:24.821000,16,4,+7.143,+1.232
0 days 01:34:28.853000,16,4,+7.004,+1.308
0 days 01:34:34.579000,16,4,+6.969,+1.293
0 days 01:34:39.456000,16,4,+7.027,+1.301
0 days 01:34:43.495000,16,4,+7.012,+1.296
0 days 01:34:49.573000,16,4,+6.959,+1.242
0 days 01:34:54.928000,16,4,+6.923,+1.255
0 days 01:34:59.279000,16,4,+6.886,+1.247
0 days 01:35:04.005000,16,4,+6.819,+1.241
0 days 01:35:07.754000,16,4,+6.770,+1.239
0 days 01:35:16.054000,16,4,+6.659,+1.114
0 days 01:35:20.025000,16,4,+6.621,+1.082
0 days 01:35:20.818000,16,4,+6.642,+1.044
0 days 01:35:25.301000,16,4,+6.732,+1.078
0 days 01:35:29.663000,16,4,+6.641,+1.051
0 days 01:35:30.827000,16,4,+6.621,+1.046
0 days 01:35:33.102000,16,4,+6.598,+1.000
0 days 01:35:38.134000,16,4,+6.463,+0.920
0 days 01:35:43.827000,16,4,+6.594,+1.057
0 days 01:35:48.149000,16,4,+6.643,+1.062
0 days 01:35:51.080000,16,4,+6.621,+1.068
0 days 01:35:58.158000,16,4,+6.675,+1.081
0 days 01:36:01.954000,16,4,+6.676,+1.051
0 days 01:36:05.929000,16,4,+6.534,+1.080
0 days 01:36:11.711000,16,4,+6.592,+1.190
0 days 01:36:16.659000,16,4,+6.807,+1.273
0 days 01:36:20.582000,16,4,+6.811,+1.262
0 days 01:36:26.731000,16,4,+6.737,+1.186
0 days 01:36:32.149000,16,4,+6.746,+1.224
0 days 01:36:36.481000,16,4,+6.740,+1.230
0 days 01:36:41.238000,16,4,+6.683,+1.226
0 days 01:36:44.966000,16,4,+6.635,+1.228
0 days 01:36:53.200000,16,4,+6.577,+1.084
0 days 01:36:57.193000,16,4,+6.567,+1.085
0 days 01:36:57.978000,16,4,+6.569,+1.062
0 days 01:37:02.535000,16,4,+6.712,+1.135
0 days 01:37:06.852000,16,4,+6.644,+1.124
0 days 01:37:08.196000,16,4,+6.634,+1.125
0 days 01:37:10.306000,16,4,+6.612,+1.075
0 days 01:37:15.454000,16,4,+6.687,+1.131
0 days 01:37:21.054000,16,4,+6.891,+1.173
0 days 01:37:25.376000,16,4,+7.003,+1.241
0 days 01:37:28.388000,16,4,+6.988,+1.253
0 days 01:37:35.449000,16,4,+6.907,+1.243
0 days 01:37:39.236000,16,4,+6.889,+1.211
0 days 01:37:43.148000,16,4,+6.721,+1.154
0 days 01:37:48.859000,16,4,+6.772,+1.132
0 days 01:37:53.783000,16,4,+6.972,+1.239
0 days 01:37:57.806000,16,4,+6.986,+1.257
0 days 01:38:03.855000,16,4,+6.939,+1.204
0 days 01:38:09.415000,16,4,+7.056,+1.231
0 days 01:38:13.721000,16,4,+7.073,+1.209
0 days 01:38:18.455000,16,4,+7.020,+1.201
0 days 01:38:22.265000,16,4,+6.996,+1.219
0 days 01:38:30.572000,16,4,+7.031,+1.077
0 days 01:38:34.559000,16,4,+7.032,+1.097
0 days 01:38:35.350000,16,4,+7.055,+1.099
0 days 01:38:39.881000,16,4,+7.102,+1.161
0 days 01:38:44.199000,16,4,+7.000,+1.127
0 days 01:38:45.485000,16,4,+6.976,+1.118
0 days 01:38:47.616000,16,4,+6.955,+1.006
0 days 01:38:52.630000,16,4,+6.792,+0.842
0 days 01:38:58.396000,16,4,+7.047,+0.994
0 days 01:39:02.603000,16,4,+7.091,+0.934
0 days 01:39:05.581000,16,4,+7.058,+0.921
0 days 01:39:12.683000,16,4,+7.082,+0.956
0 days 01:39:16.438000,16,4,+7.066,+0.927
0 days 01:39:20.432000,16,4,+6.912,+0.889
0 days 01:39:26.135000,16,4,+6.924,+0.828
0 days 01:39:31.106000,16,4,+7.106,+0.904
0 days 01:39:35.022000,16,4,+7.120,+0.908
0 days 01:39:41.185000,16,4,+7.121,+0.858
0 days 01:39:46.609000,16,4,+7.222,+1.016
0 days 01:39:50.960000,16,4,+7.220,+1.033
0 days 01:39:55.721000,16,4,+7.125,+1.008
0 days 01:39:59.282000,16,4,+6.919,+0.843
0 days 01:40:07.481000,16,4,+6.730,+0.664
0 days 01:40:11.482000,16,4,+6.754,+0.682
0 days 01:40:12.386000,16,4,+6.799,+0.681
0 days 01:40:16.760000,16,4,+6.818,+0.663
0 days 01:40:20.938000,16,4,+6.565,+0.459
0 days 01:40:22.081000,16,4,+6.464,+0.361
0 days 01:40:24.382000,16,4,+6.546,+0.366
0 days 01:40:29.476000,16,4,+6.365,+0.324
0 days 01:40:35.233000,16,4,+6.795,+0.541
0 days 01:40:39.558000,16,4,+6.813,+0.551
0 days 01:40:42.482000,16,4,+6.777,+0.533
0 days 01:40:49.634000,16,4,+6.843,+0.560
0 days 01:40:53.356000,16,4,+6.793,+0.490
0 days 01:40:57.382000,16,4,+6.708,+0.576
0 days 01:41:03.321000,16,4,+6.972,+0.770
0 days 01:41:08.273000,16,4,+7.116,+0.893
0 days 01:41:12.245000,16,4,+7.098,+0.876
0 days 01:41:18.430000,16,4,+7.150,+0.898
0 days 01:41:23.929000,16,4,+7.306,+1.036
0 days 01:41:28.255000,16,4,+7.299,+1.033
0 days 01:41:32.982000,16,4,+7.208,+0.984
0 days 01:41:36.582000,16,4,+7.012,+0.826
0 days 01:41:44.836000,16,4,+6.943,+0.736
0 days 01:41:48.882000,16,4,+6.933,+0.727
0 days 01:41:49.630000,16,4,+6.956,+0.698
0 days 01:41:54.157000,16,4,+6.996,+0.743
0 days 01:41:58.376000,16,4,+6.754,+0.551
0 days 01:41:59.507000,16,4,+6.669,+0.473
0 days 01:42:01.756000,16,4,+6.634,+0.456
0 days 01:42:06.821000,16,4,+6.548,+0.458
0 days 01:42:12.598000,16,4,+6.892,+0.620
0 days 01:42:16.924000,16,4,+6.990,+0.646
0 days 01:42:19.885000,16,4,+6.970,+0.644
0 days 01:42:27.034000,16,4,+6.992,+0.727
0 days 01:42:30.719000,16,4,+6.987,+0.706
0 days 01:42:34.785000,16,4,+6.924,+0.752
0 days 01:42:40.546000,16,4,+6.975,+0.825
0 days 01:42:45.457000,16,4,+7.097,+0.953
0 days 01:42:49.390000,16,4,+7.088,+0.945
0 days 01:42:55.583000,16,4,+7.159,+0.931
0 days 01:43:01.051000,16,4,+7.277,+1.059
0 days 01:43:05.383000,16,4,+7.270,+1.053
0 days 01:43:10.109000,16,4,+7.172,+1.004
0 days 01:43:13.716000,16,4,+6.970,+0.843
0 days 01:43:21.983000,16,4,+6.914,+0.701
0 days 01:43:25.976000,16,4,+6.905,+0.693
0 days 01:43:26.787000,16,4,+6.930,+0.712
0 days 01:43:31.243000,16,4,+6.971,+0.773
0 days 01:43:35.430000,16,4,+6.720,+0.583
0 days 01:43:36.575000,16,4,+6.629,+0.499
0 days 01:43:38.820000,16,4,+6.522,+0.416
0 days 01:43:43.822000,16,4,+6.484,+0.496
0 days 01:43:49.606000,16,4,+6.875,+0.694
0 days 01:43:53.932000,16,4,+6.959,+0.780
0 days 01:43:56.921000,16,4,+6.930,+0.779
0 days 01:44:04.133000,16,4,+6.915,+0.811
0 days 01:44:07.729000,16,4,+6.899,+0.768
0 days 01:44:11.668000,16,4,+6.793,+0.775
0 days 01:44:17.506000,16,4,+6.923,+0.864
0 days 01:44:22.416000,16,4,+7.113,+0.986
0 days 01:44:26.384000,16,4,+7.092,+0.988
0 days 01:44:32.558000,16,4,+7.139,+0.988
0 days 01:44:38.015000,16,4,+7.288,+1.117
0 days 01:44:42.353000,16,4,+7.270,+1.097
0 days 01:44:47.083000,16,4,+7.168,+1.041
0 days 01:44:50.679000,16,4,+6.976,+0.884
0 days 01:44:58.984000,16,4,+6.886,+0.827
0 days 01:45:02.944000,16,4,+6.902,+0.830
0 days 01:45:03.747000,16,4,+6.920,+0.817
0 days 01:45:08.212000,16,4,+6.962,+0.857
0 days 01:45:12.442000,16,4,+6.716,+0.671
0 days 01:45:13.500000,16,4,+6.626,+0.591
0 days 01:45:15.751000,16,4,+6.619,+0.550
0 days 01:45:20.821000,16,4,+6.662,+0.695
0 days 01:45:26.623000,16,4,+6.964,+0.921
0 days 01:45:30.956000,16,4,+7.085,+0.948
0 days 01:45:33.920000,16,4,+7.063,+0.939
0 days 01:45:41.004000,16,4,+7.095,+0.958
0 days 01:45:44.732000,16,4,+7.076,+0.929
0 days 01:45:48.701000,16,4,+7.019,+0.988
0 days 01:45:54.384000,16,4,+7.084,+1.053
0 days 01:45:59.286000,16,4,+7.270,+1.155
0 days 01:46:03.258000,16,4,+7.274,+1.153
0 days 01:46:09.310000,16,4,+7.276,+1.129
0 days 01:46:14.807000,16,4,+7.396,+1.229
0 days 01:46:19.084000,16,4,+7.359,+1.188
0 days 01:46:23.858000,16,4,+7.287,+1.170
0 days 01:46:27.607000,16,4,+7.230,+1.153
0 days 01:46:36.376000,16,4,+7.731,+1.518
0 days 01:46:40.358000,16,4,+7.743,+1.548
0 days 01:46:41.259000,16,4,+7.802,+1.595
0 days 01:46:45.686000,16,4,+7.890,+1.657
0 days 01:46:49.987000,16,4,+7.808,+1.625
0 days 01:46:51.190000,16,4,+7.786,+1.611
0 days 01:46:53.358000,16,4,+7.737,+1.506
0 days 01:46:58.505000,16,4,+7.851,+1.694
0 days 01:47:04.192000,16,4,+8.050,+1.840
0 days 01:47:08.547000,16,4,+8.162,+1.879
0 days 01:47:11.543000,16,4,+8.138,+1.879
0 days 01:47:18.616000,16,4,+8.127,+1.863
0 days 01:47:22.347000,16,4,+8.101,+1.809
0 days 01:47:26.234000,16,4,+7.951,+1.758
0 days 01:47:32.079000,16,4,+8.192,+1.951
0 days 01:47:37.032000,16,4,+8.339,+1.896
0 days 01:47:40.969000,16,4,+8.329,+1.848
0 days 01:47:47.133000,16,4,+8.338,+1.761
0 days 01:47:52.748000,16,4,+8.616,+1.955
0 days 01:47:57.159000,16,4,+8.620,+1.959
0 days 01:48:01.825000,16,4,+8.565,+1.947
0 days 01:48:05.606000,16,4,+8.520,+1.946
0 days 01:48:13.885000,16,4,+8.530,+1.847
0 days 01:48:17.856000,16,4,+8.534,+1.839
0 days 01:48:18.708000,16,4,+8.577,+1.863
0 days 01:48:23.133000,16,4,+8.554,+1.941
0 days 01:48:27.501000,16,4,+8.449,+1.901
0 days 01:48:28.712000,16,4,+8.414,+1.877
0 days 01:48:30.805000,16,4,+8.305,+1.739
0 days 01:48:35.902000,16,4,+8.416,+1.815
0 days 01:48:41.633000,16,4,+8.714,+2.049
0 days 01:48:45.947000,16,4,+8.806,+2.072
0 days 01:48:48.886000,16,4,+8.780,+2.061
0 days 01:48:56.059000,16,4,+8.805,+2.118
0 days 01:48:59.768000,16,4,+8.782,+2.066
0 days 01:49:03.764000,16,4,+8.736,+2.055
0 days 01:49:09.459000,16,4,+8.873,+2.075
0 days 01:49:14.409000,16,4,+9.054,+2.188
0 days 01:49:18.356000,16,4,+9.045,+2.175
0 days 01:49:24.535000,16,4,+9.017,+2.093
0 days 01:49:30.013000,16,4,+9.234,+2.237
0 days 01:49:34.334000,16,4,+9.233,+2.218
0 days 01:49:39.161000,16,4,+9.189,+2.215
0 days 01:49:42.934000,16,4,+9.153,+2.215
0 days 01:49:51.086000,16,4,+9.086,+2.070
0 days 01:49:55.060000,16,4,+9.052,+2.072
0 days 01:49:55.886000,16,4,+9.052,+2.083
0 days 01:50:00.333000,16,4,+9.072,+2.138
0 days 01:50:04.681000,16,4,+8.987,+2.114
0 days 01:50:05.877000,16,4,+8.955,+2.098
0 days 01:50:08.034000,16,4,+8.903,+1.941
0 days 01:50:13.069000,16,4,+8.878,+1.874
0 days 01:50:18.690000,16,4,+8.969,+2.024
0 days 01:50:23.207000,16,4,+9.037,+2.036
0 days 01:50:25.993000,16,4,+9.015,+2.026
0 days 01:50:33.099000,16,4,+9.067,+2.028
0 days 01:50:36.839000,16,4,+9.073,+2.015
0 days 01:50:40.863000,16,4,+9.061,+2.030
0 days 01:50:46.639000,16,4,+9.155,+2.040
0 days 01:50:51.560000,16,4,+9.352,+2.187
0 days 01:50:55.486000,16,4,+9.376,+2.196
0 days 01:51:01.663000,16,4,+9.397,+2.152
0 days 01:51:07.124000,16,4,+9.567,+2.206
0 days 01:51:11.443000,16,4,+9.579,+2.183
0 days 01:51:16.186000,16,4,+9.522,+2.163
0 days 01:51:20.028000,16,4,+9.489,+2.163
0 days 01:51:28.249000,16,4,+9.449,+2.053
0 days 01:51:32.203000,16,4,+9.450,+2.067
0 days 01:51:32.993000,16,4,+9.470,+2.065
0 days 01:51:37.534000,16,4,+9.558,+2.122
0 days 01:51:41.880000,16,4,+9.499,+2.103
0 days 01:51:43.086000,16,4,+9.495,+2.103
0 days 01:51:45.278000,16,4,+9.475,+1.997
0 days 01:51:50.386000,16,4,+9.451,+1.953
0 days 01:51:55.958000,16,4,+9.541,+2.070
0 days 01:52:00.354000,16,4,+9.700,+2.148
0 days 01:52:03.278000,16,4,+9.693,+2.151
0 days 01:52:10.413000,16,4,+9.746,+2.202
0 days 01:52:14.140000,16,4,+9.745,+2.180
0 days 01:52:18.178000,16,4,+9.725,+2.145
0 days 01:52:23.799000,16,4,+9.901,+2.144
0 days 01:52:28.812000,16,4,+10.096,+2.298
0 days 01:52:32.734000,16,4,+10.123,+2.305
0 days 01:52:38.924000,16,4,+10.150,+2.362
0 days 01:52:44.377000,16,4,+10.351,+2.327
0 days 01:52:48.663000,16,4,+10.343,+2.286
0 days 01:52:53.461000,16,4,+10.294,+2.271
0 days 01:52:57.272000,16,4,+10.264,+2.275
0 days 01:53:05.535000,16,4,+10.261,+2.167
0 days 01:53:09.487000,16,4,+10.270,+2.183
0 days 01:53:10.306000,16,4,+10.317,+2.220
0 days 01:53:14.835000,16,4,+10.392,+2.305
0 days 01:53:19.180000,16,4,+10.318,+2.278
0 days 01:53:20.356000,16,4,+10.305,+2.275
0 days 01:53:22.484000,16,4,+10.242,+2.137
0 days 01:53:27.549000,16,4,+10.241,+2.148
0 days 01:53:33.209000,16,4,+10.336,+2.279
0 days 01:53:37.542000,16,4,+10.336,+2.312
0 days 01:53:40.461000,16,4,+10.310,+2.306
0 days 01:53:47.603000,16,4,+10.403,+2.331
0 days 01:53:51.287000,16,4,+10.396,+2.312
0 days 01:53:55.335000,16,4,+10.364,+2.350
0 days 01:54:01.031000,16,4,+10.542,+2.396
0 days 01:54:05.979000,16,4,+10.726,+2.565
0 days 01:54:09.965000,16,4,+10.739,+2.569
0 days 01:54:16.090000,16,4,+10.688,+2.503
0 days 01:54:21.524000,16,4,+10.812,+2.627
0 days 01:54:25.826000,16,4,+10.799,+2.584
0 days 01:54:30.661000,16,4,+10.744,+2.564
0 days 01:54:34.341000,16,4,+10.710,+2.563
0 days 01:54:42.661000,16,4,+10.643,+2.451
0 days 01:54:46.608000,16,4,+10.638,+2.474
0 days 01:54:47.432000,16,4,+10.663,+2.498
0 days 01:54:51.884000,16,4,+10.682,+2.546
0 days 01:54:56.235000,16,4,+10.615,+2.529
0 days 01:54:57.420000,16,4,+10.606,+2.529
0 days 01:54:59.570000,16,4,+10.556,+2.382
0 days 01:55:04.587000,16,4,+10.519,+2.448
0 days 01:55:10.213000,16,4,+10.661,+2.654
0 days 01:55:14.711000,16,4,+10.774,+2.743
0 days 01:55:17.662000,16,4,+10.759,+2.749
0 days 01:55:24.657000,16,4,+10.827,+2.791
0 days 01:55:28.398000,16,4,+10.821,+2.758
0 days 01:55:32.393000,16,4,+10.744,+2.751
0 days 01:55:38.011000,16,4,+10.784,+2.685
0 days 01:55:42.929000,16,4,+10.924,+2.809
0 days 01:55:46.894000,16,4,+10.921,+2.808
0 days 01:55:52.995000,16,4,+10.905,+2.789
0 days 01:55:58.514000,16,4,+11.062,+2.878
0 days 01:56:02.784000,16,4,+11.012,+2.828
0 days 01:56:07.535000,16,4,+10.965,+2.816
0 days 01:56:11.337000,16,4,+10.941,+2.824
0 days 01:56:19.788000,16,4,+11.009,+2.810
0 days 01:56:23.653000,16,4,+11.005,+2.837
0 days 01:56:24.436000,16,4,+11.003,+2.848
0 days 01:56:29.060000,16,4,+11.211,+3.051
0 days 01:56:33.451000,16,4,+11.192,+3.081
0 days 01:56:34.689000,16,4,+11.182,+3.083
0 days 01:56:36.790000,16,4,+11.126,+2.964
0 days 01:56:41.841000,16,4,+11.072,+2.982
0 days 01:56:47.439000,16,4,+11.198,+3.124
0 days 01:56:51.758000,16,4,+11.219,+3.154
0 days 01:56:54.702000,16,4,+11.190,+3.156
0 days 01:57:01.975000,16,4,+11.380,+3.297
0 days 01:57:05.613000,16,4,+11.355,+3.266
0 days 01:57:09.538000,16,4,+11.259,+3.208
0 days 01:57:15.314000,16,4,+11.412,+3.348
0 days 01:57:20.263000,16,4,+11.583,+3.560
0 days 01:57:24.309000,16,4,+11.590,+3.575
0 days 01:57:30.383000,16,4,+11.598,+3.564
0 days 01:57:35.836000,16,4,+11.715,+3.570
0 days 01:57:40.141000,16,4,+11.695,+3.525
0 days 01:57:44.873000,16,4,+11.637,+3.509
0 days 01:57:48.690000,16,4,+11.607,+3.516
0 days 01:57:56.963000,16,4,+11.477,+3.374
0 days 01:58:00.923000,16,4,+11.455,+3.399
0 days 01:58:01.712000,16,4,+11.455,+3.407
0 days 01:58:06.243000,16,4,+11.583,+3.530
0 days 01:58:10.563000,16,4,+11.524,+3.514
0 days 01:58:11.758000,16,4,+11.505,+3.499
0 days 01:58:13.858000,16,4,+11.439,+3.343
0 days 01:58:18.892000,16,4,+11.413,+3.328
0 days 01:58:24.510000,16,4,+11.516,+3.516
0 days 01:58:28.822000,16,4,+11.535,+3.568
0 days 01:58:31.783000,16,4,+11.498,+3.554
0 days 01:58:38.841000,16,4,+11.546,+3.539
0 days 01:58:42.563000,16,4,+11.542,+3.525
0 days 01:58:46.507000,16,4,+11.459,+3.516
0 days 01:58:52.309000,16,4,+11.576,+3.677
0 days 01:58:57.340000,16,4,+11.839,+3.918
0 days 01:59:01.352000,16,4,+11.886,+3.957
0 days 01:59:07.489000,16,4,+11.953,+3.929
0 days 01:59:12.974000,16,4,+12.087,+4.005
0 days 01:59:17.308000,16,4,+12.078,+3.975
0 days 01:59:22.059000,16,4,+12.024,+3.957
0 days 01:59:25.837000,16,4,+11.986,+3.955
0 days 01:59:34.164000,16,4,+11.876,+3.792
0 days 01:59:38.069000,16,4,+11.856,+3.781
0 days 01:59:38.818000,16,4,+11.871,+3.770
0 days 01:59:43.359000,16,4,+12.001,+3.899
0 days 01:59:47.639000,16,4,+11.947,+3.892
0 days 01:59:48.893000,16,4,+11.938,+3.883
0 days 01:59:51.052000,16,4,+11.860,+3.757
0 days 01:59:56.373000,16,4,+11.967,+3.771
0 days 02:00:01.744000,16,4,+12.064,+3.931
0 days 02:00:06.010000,16,4,+12.122,+3.952
0 days 02:00:08.962000,16,4,+12.098,+3.951
0 days 02:00:16.032000,16,4,+12.104,+3.947
0 days 02:00:19.760000,16,4,+12.071,+3.930
0 days 02:00:23.657000,16,4,+12.021,+3.857
0 days 02:00:29.337000,16,4,+12.042,+3.927
0 days 02:00:34.364000,16,4,+12.276,+4.163
0 days 02:00:38.291000,16,4,+12.304,+4.177
0 days 02:00:44.508000,16,4,+12.360,+4.258
0 days 02:00:49.900000,16,4,+12.478,+4.256
0 days 02:00:54.186000,16,4,+12.453,+4.217
0 days 02:00:58.952000,16,4,+12.400,+4.207
0 days 02:01:02.793000,16,4,+12.363,+4.206
0 days 02:01:10.980000,16,4,+12.234,+4.073
0 days 02:01:14.940000,16,4,+12.219,+4.076
0 days 02:01:15.738000,16,4,+12.245,+4.101
0 days 02:01:20.327000,16,4,+12.351,+4.195
0 days 02:01:24.524000,16,4,+12.296,+4.183
0 days 02:01:25.753000,16,4,+12.289,+4.181
0 days 02:01:27.890000,16,4,+12.308,+4.071
0 days 02:01:32.853000,16,4,+12.177,+3.958
0 days 02:01:38.465000,16,4,+12.345,+4.127
0 days 02:01:42.795000,16,4,+12.428,+4.195
0 days 02:01:45.691000,16,4,+12.408,+4.193
0 days 02:01:52.860000,16,4,+12.500,+4.264
0 days 02:01:56.526000,16,4,+12.497,+4.263
0 days 02:02:00.497000,16,4,+12.536,+4.259
0 days 02:02:06.221000,16,4,+12.686,+4.299
0 days 02:02:11.141000,16,4,+12.785,+4.428
0 days 02:02:15.042000,16,4,+12.781,+4.421
0 days 02:02:21.198000,16,4,+12.802,+4.433
0 days 02:02:26.591000,16,4,+12.934,+4.440
0 days 02:02:30.907000,16,4,+12.945,+4.433
0 days 02:02:35.680000,16,4,+12.890,+4.424
0 days 02:02:39.466000,16,4,+12.859,+4.431
0 days 02:02:47.865000,16,4,+12.913,+4.424
0 days 02:02:51.865000,16,4,+12.956,+4.474
0 days 02:02:52.758000,16,4,+12.996,+4.505
0 days 02:02:57.145000,16,4,+13.073,+4.569
0 days 02:03:01.460000,16,4,+13.023,+4.551
0 days 02:03:02.646000,16,4,+13.013,+4.547
0 days 02:03:04.791000,16,4,+12.959,+4.411
0 days 02:03:09.854000,16,4,+13.047,+4.378
0 days 02:03:15.460000,16,4,+13.254,+4.495
0 days 02:03:19.814000,16,4,+13.321,+4.553
0 days 02:03:22.722000,16,4,+13.298,+4.554
0 days 02:03:29.782000,16,4,+13.366,+4.629
0 days 02:03:33.491000,16,4,+13.347,+4.604
0 days 02:03:37.433000,16,4,+13.337,+4.517
0 days 02:03:43.053000,16,4,+13.422,+4.495
0 days 02:03:47.888000,16,4,+13.556,+4.672
0 days 02:03:51.840000,16,4,+13.561,+4.671
0 days 02:03:58.006000,16,4,+13.620,+4.710
0 days 02:04:03.401000,16,4,+13.726,+4.733
0 days 02:04:07.732000,16,4,+13.690,+4.683
0 days 02:04:12.436000,16,4,+13.628,+4.664
0 days 02:04:16.240000,16,4,+13.591,+4.663
0 days 02:04:24.611000,16,4,+13.649,+4.645
0 days 02:04:28.539000,16,4,+13.649,+4.669
0 days 02:04:29.366000,16,4,+13.683,+4.700
0 days 02:04:33.846000,16,4,+13.742,+4.759
0 days 02:04:38.164000,16,4,+13.692,+4.753
0 days 02:04:39.336000,16,4,+13.681,+4.748
0 days 02:04:41.439000,16,4,+13.643,+4.600
0 days 02:04:46.425000,16,4,+13.623,+4.610
0 days 02:04:52.026000,16,4,+13.786,+4.777
0 days 02:04:56.302000,16,4,+13.834,+4.805
0 days 02:04:59.202000,16,4,+13.811,+4.801
0 days 02:05:06.226000,16,4,+13.860,+4.794
0 days 02:05:09.955000,16,4,+13.854,+4.784
0 days 02:05:13.886000,16,4,+13.895,+4.676
0 days 02:05:19.508000,16,4,+14.011,+4.574
0 days 02:05:24.409000,16,4,+14.177,+4.767
0 days 02:05:28.330000,16,4,+14.157,+4.776
0 days 02:05:34.440000,16,4,+14.192,+4.783
0 days 02:05:39.846000,16,4,+14.231,+4.751
0 days 02:05:44.140000,16,4,+14.208,+4.720
0 days 02:05:48.882000,16,4,+14.154,+4.701
0 days 02:05:52.689000,16,4,+14.115,+4.696
0 days 02:06:01.039000,16,4,+14.073,+4.599
0 days 02:06:04.942000,16,4,+14.046,+4.602
0 days 02:06:05.766000,16,4,+14.033,+4.573
0 days 02:06:10.331000,16,4,+14.231,+4.805
0 days 02:06:14.837000,16,4,+14.200,+4.815
0 days 02:06:15.843000,16,4,+14.193,+4.811
0 days 02:06:17.960000,16,4,+14.120,+4.662
0 days 02:06:22.926000,16,4,+14.149,+4.581
0 days 02:06:28.615000,16,4,+14.245,+4.837
0 days 02:06:32.846000,16,4,+14.280,+4.859
0 days 02:06:35.787000,16,4,+14.255,+4.853
0 days 02:06:42.934000,16,4,+14.266,+4.859
0 days 02:06:46.508000,16,4,+14.237,+4.830
0 days 02:06:50.519000,16,4,+14.253,+4.766
0 days 02:06:56.206000,16,4,+14.323,+4.695
0 days 02:07:01.012000,16,4,+14.473,+4.877
0 days 02:07:04.947000,16,4,+14.469,+4.878
0 days 02:07:11.069000,16,4,+14.479,+4.841
0 days 02:07:16.462000,16,4,+14.576,+4.905
0 days 02:07:20.840000,16,4,+14.542,+4.895
0 days 02:07:25.490000,16,4,+14.480,+4.891
0 days 02:07:29.282000,16,4,+14.441,+4.894
0 days 02:07:37.646000,16,4,+14.412,+4.885
0 days 02:07:41.618000,16,4,+14.401,+4.905
0 days 02:07:42.424000,16,4,+14.385,+4.919
0 days 02:07:46.818000,16,4,+14.413,+4.969
0 days 02:07:51.177000,16,4,+14.354,+4.953
0 days 02:07:52.343000,16,4,+14.345,+4.951
0 days 02:07:54.469000,16,4,+14.292,+4.804
0 days 02:07:59.486000,16,4,+14.279,+4.803
0 days 02:08:05.193000,16,4,+14.344,+4.978
0 days 02:08:09.349000,16,4,+14.383,+4.977
0 days 02:08:12.286000,16,4,+14.361,+4.978
0 days 02:08:19.334000,16,4,+14.355,+5.028
0 days 02:08:23.118000,16,4,+14.343,+5.029
0 days 02:08:27.043000,16,4,+14.336,+4.942
0 days 02:08:32.693000,16,4,+14.498,+4.882
0 days 02:08:37.668000,16,4,+14.687,+5.072
0 days 02:08:41.567000,16,4,+14.677,+5.086
0 days 02:08:47.627000,16,4,+14.566,+5.039
0 days 02:08:53.028000,16,4,+14.678,+5.081
0 days 02:08:57.287000,16,4,+14.660,+5.033
0 days 02:09:02.061000,16,4,+14.599,+5.014
0 days 02:09:05.816000,16,4,+14.564,+5.006
0 days 02:09:14.187000,16,4,+14.496,+4.900
0 days 02:09:18.070000,16,4,+14.487,+4.911
0 days 02:09:19.041000,16,4,+14.497,+4.924
0 days 02:09:23.326000,16,4,+14.543,+5.006
0 days 02:09:27.631000,16,4,+14.481,+4.995
0 days 02:09:28.871000,16,4,+14.461,+4.985
0 days 02:09:31.001000,16,4,+14.376,+4.823
0 days 02:09:35.897000,16,4,+14.349,+4.776
0 days 02:09:41.618000,16,4,+14.383,+4.900
0 days 02:09:45.873000,16,4,+14.408,+4.939
0 days 02:09:48.787000,16,4,+14.379,+4.934
0 days 02:09:55.796000,16,4,+14.339,+4.900
0 days 02:09:59.563000,16,4,+14.290,+4.853
0 days 02:10:03.391000,16,4,+14.247,+4.695
0 days 02:10:08.955000,16,4,+14.320,+4.580
0 days 02:10:13.875000,16,4,+14.414,+4.746
0 days 02:10:17.817000,16,4,+14.430,+4.767
0 days 02:10:23.942000,16,4,+14.420,+4.740
0 days 02:10:29.516000,16,4,+14.621,+4.876
0 days 02:10:33.768000,16,4,+14.610,+4.841
0 days 02:10:38.594000,16,4,+14.553,+4.821
0 days 02:10:42.301000,16,4,+14.511,+4.815
0 days 02:10:50.734000,16,4,+14.429,+4.731
0 days 02:10:54.494000,16,4,+14.411,+4.735
0 days 02:10:55.340000,16,4,+14.433,+4.769
0 days 02:10:59.796000,16,4,+14.472,+4.892
0 days 02:11:04.115000,16,4,+14.401,+4.885
0 days 02:11:05.294000,16,4,+14.383,+4.876
0 days 02:11:07.422000,16,4,+14.321,+4.717
0 days 02:11:12.421000,16,4,+14.222,+4.703
0 days 02:11:17.963000,16,4,+14.282,+4.853
0 days 02:11:22.336000,16,4,+14.332,+4.895
0 days 02:11:25.246000,16,4,+14.300,+4.889
0 days 02:11:32.366000,16,4,+14.311,+4.919
0 days 02:11:36.086000,16,4,+14.299,+4.906
0 days 02:11:40.013000,16,4,+14.199,+4.767
0 days 02:11:45.595000,16,4,+14.200,+4.669
0 days 02:11:50.468000,16,4,+14.332,+4.852
0 days 02:11:54.457000,16,4,+14.313,+4.835
0 days 02:12:00.468000,16,4,+14.232,+4.717
0 days 02:12:05.812000,16,4,+14.309,+4.717
0 days 02:12:10.119000,16,4,+14.292,+4.670
0 days 02:12:14.896000,16,4,+14.235,+4.652
0 days 02:12:18.668000,16,4,+14.194,+4.646
0 days 02:12:26.988000,16,4,+14.075,+4.550
0 days 02:12:30.869000,16,4,+14.051,+4.551
0 days 02:12:31.698000,16,4,+14.073,+4.561
0 days 02:12:36.246000,16,4,+14.233,+4.753
0 days 02:12:40.709000,16,4,+14.197,+4.765
0 days 02:12:41.776000,16,4,+14.193,+4.765
0 days 02:12:43.864000,16,4,+14.130,+4.593
0 days 02:12:48.769000,16,4,+14.019,+4.481
0 days 02:12:54.364000,16,4,+14.094,+4.604
0 days 02:12:58.752000,16,4,+14.108,+4.624
0 days 02:13:01.613000,16,4,+14.080,+4.615
0 days 02:13:08.709000,16,4,+14.106,+4.619
0 days 02:13:12.344000,16,4,+14.111,+4.612
0 days 02:13:16.258000,16,4,+14.069,+4.507
0 days 02:13:21.902000,16,4,+14.144,+4.475
0 days 02:13:26.797000,16,4,+14.232,+4.682
0 days 02:13:30.710000,16,4,+14.170,+4.684
0 days 02:13:36.816000,16,4,+14.090,+4.592
0 days 02:13:42.261000,16,4,+14.219,+4.732
0 days 02:13:46.500000,16,4,+14.187,+4.703
0 days 02:13:51.264000,16,4,+14.122,+4.688
0 days 02:13:55.108000,16,4,+14.080,+4.681
0 days 02:14:03.332000,16,4,+14.028,+4.582
0 days 02:14:07.246000,16,4,+14.029,+4.601
0 days 02:14:08.159000,16,4,+14.077,+4.667
0 days 02:14:12.603000,16,4,+14.091,+4.771
0 days 02:14:16.862000,16,4,+14.049,+4.771
0 days 02:14:18.068000,16,4,+14.054,+4.776
0 days 02:14:20.185000,16,4,+14.009,+4.612
0 days 02:14:25.099000,16,4,+13.920,+4.458
0 days 02:14:30.745000,16,4,+14.059,+4.744
0 days 02:14:34.955000,16,4,+14.008,+4.735
0 days 02:14:37.891000,16,4,+13.974,+4.730
0 days 02:14:44.967000,16,4,+14.051,+4.770
0 days 02:14:48.669000,16,4,+14.031,+4.750
0 days 02:14:52.573000,16,4,+13.979,+4.649
0 days 02:14:58.117000,16,4,+14.026,+4.515
0 days 02:15:03.200000,16,4,+14.132,+4.657
0 days 02:15:06.998000,16,4,+14.117,+4.654
0 days 02:15:13.079000,16,4,+14.058,+4.650
0 days 02:15:18.470000,16,4,+14.189,+4.703
0 days 02:15:22.725000,16,4,+14.179,+4.696
0 days 02:15:27.476000,16,4,+14.115,+4.674
0 days 02:15:31.245000,16,4,+14.074,+4.673
0 days 02:15:39.647000,16,4,+14.100,+4.580
0 days 02:15:43.531000,16,4,+14.115,+4.627
0 days 02:15:44.463000,16,4,+14.141,+4.651
0 days 02:15:48.846000,16,4,+14.263,+4.799
0 days 02:15:53.170000,16,4,+14.233,+4.803
0 days 02:15:54.372000,16,4,+14.222,+4.797
0 days 02:15:56.486000,16,4,+14.197,+4.626
0 days 02:16:01.545000,16,4,+14.238,+4.660
0 days 02:16:07.346000,16,4,+14.425,+4.962
0 days 02:16:11.491000,16,4,+14.382,+4.956
0 days 02:16:14.465000,16,4,+14.349,+4.949
0 days 02:16:21.460000,16,4,+14.367,+4.976
0 days 02:16:25.196000,16,4,+14.334,+4.949
0 days 02:16:28.979000,16,4,+14.330,+4.810
0 days 02:16:34.616000,16,4,+14.473,+4.770
0 days 02:16:39.566000,16,4,+14.636,+4.973
0 days 02:16:43.535000,16,4,+14.663,+4.974
0 days 02:16:49.661000,16,4,+14.615,+4.958
0 days 02:16:55.045000,16,4,+14.757,+5.030
0 days 02:16:59.369000,16,4,+14.750,+5.029
0 days 02:17:04.059000,16,4,+14.686,+5.006
0 days 02:17:07.837000,16,4,+14.641,+4.996
0 days 02:17:16.170000,16,4,+14.661,+4.936
0 days 02:17:20.086000,16,4,+14.660,+4.954
0 days 02:17:20.914000,16,4,+14.681,+4.981
0 days 02:17:25.444000,16,4,+14.802,+5.148
0 days 02:17:29.692000,16,4,+14.779,+5.145
0 days 02:17:30.874000,16,4,+14.774,+5.135
0 days 02:17:32.960000,16,4,+14.735,+4.933
0 days 02:17:37.799000,16,4,+14.620,+4.739
0 days 02:17:43.571000,16,4,+14.747,+5.106
0 days 02:17:47.859000,16,4,+14.752,+5.074
0 days 02:17:50.728000,16,4,+14.730,+5.061
0 days 02:17:57.768000,16,4,+14.694,+5.098
0 days 02:18:01.488000,16,4,+14.684,+5.071
0 days 02:18:05.327000,16,4,+14.685,+4.946
0 days 02:18:10.857000,16,4,+14.691,+4.872
0 days 02:18:15.776000,16,4,+14.725,+5.049
0 days 02:18:19.760000,16,4,+14.703,+5.037
0 days 02:18:25.897000,16,4,+14.711,+5.063
0 days 02:18:31.323000,16,4,+14.746,+5.180
0 days 02:18:35.571000,16,4,+14.706,+5.160
0 days 02:18:40.338000,16,4,+14.704,+5.142
0 days 02:18:44.097000,16,4,+14.835,+5.132
0 days 02:18:52.336000,16,4,+14.828,+5.009
0 days 02:18:56.250000,16,4,+14.830,+5.012
0 days 02:18:57.065000,16,4,+14.882,+5.051
0 days 02:19:01.550000,16,4,+14.991,+5.199
0 days 02:19:05.846000,16,4,+14.946,+5.190
0 days 02:19:07.081000,16,4,+14.945,+5.185
0 days 02:19:09.167000,16,4,+14.893,+4.990
0 days 02:19:13.958000,16,4,+14.827,+4.823
0 days 02:19:19.645000,16,4,+14.985,+5.097
0 days 02:19:23.860000,16,4,+15.005,+5.035
0 days 02:19:26.800000,16,4,+14.973,+5.012
0 days 02:19:33.915000,16,4,+15.072,+5.068
0 days 02:19:37.598000,16,4,+15.062,+5.041
0 days 02:19:41.542000,16,4,+15.088,+4.977
0 days 02:19:47.145000,16,4,+15.262,+4.992
0 days 02:19:52.048000,16,4,+15.404,+5.192
0 days 02:19:56.019000,16,4,+15.391,+5.170
0 days 02:20:02.148000,16,4,+15.451,+5.162
0 days 02:20:07.519000,16,4,+15.589,+5.235
0 days 02:20:11.774000,16,4,+15.574,+5.213
0 days 02:20:16.519000,16,4,+15.523,+5.188
0 days 02:20:20.349000,16,4,+15.483,+5.173
0 days 02:20:28.599000,16,4,+15.480,+5.144
0 days 02:20:32.548000,16,4,+15.479,+5.159
0 days 02:20:33.372000,16,4,+15.531,+5.192
0 days 02:20:37.800000,16,4,+15.630,+5.296
0 days 02:20:42.105000,16,4,+15.593,+5.284
0 days 02:20:43.298000,16,4,+15.584,+5.269
0 days 02:20:45.427000,16,4,+15.561,+5.063
0 days 02:20:50.273000,16,4,+15.468,+4.954
0 days 02:20:56.130000,16,4,+15.626,+5.224
0 days 02:21:00.318000,16,4,+15.652,+5.247
0 days 02:21:03.232000,16,4,+15.642,+5.234
0 days 02:21:10.357000,16,4,+15.756,+5.322
0 days 02:21:14.020000,16,4,+15.744,+5.292
0 days 02:21:17.922000,16,4,+15.745,+5.182
0 days 02:21:23.573000,16,4,+15.960,+5.176
0 days 02:21:28.634000,16,4,+16.116,+5.462
0 days 02:21:32.548000,16,4,+16.124,+5.475
0 days 02:21:38.723000,16,4,+16.081,+5.502
0 days 02:21:44.207000,16,4,+16.298,+5.712
0 days 02:21:48.498000,16,4,+16.282,+5.696
0 days 02:21:53.233000,16,4,+16.223,+5.663
0 days 02:21:56.992000,16,4,+16.171,+5.642
0 days 02:22:05.300000,16,4,+16.176,+5.577
0 days 02:22:09.246000,16,4,+16.145,+5.611
0 days 02:22:10.099000,16,4,+16.191,+5.715
0 days 02:22:14.573000,16,4,+16.279,+5.844
0 days 02:22:18.917000,16,4,+16.208,+5.836
0 days 02:22:20.018000,16,4,+16.180,+5.813
0 days 02:22:22.182000,16,4,+16.157,+5.682
0 days 02:22:27.261000,16,4,+16.299,+5.704
0 days 02:22:32.973000,16,4,+16.464,+5.945
0 days 02:22:37.244000,16,4,+16.461,+5.946
0 days 02:22:40.173000,16,4,+16.422,+5.942
0 days 02:22:47.150000,16,4,+16.373,+5.958
0 days 02:22:50.822000,16,4,+16.361,+5.928
0 days 02:22:54.729000,16,4,+16.377,+5.786
0 days 02:23:00.370000,16,4,+16.522,+5.719
0 days 02:23:05.304000,16,4,+16.768,+5.901
0 days 02:23:09.246000,16,4,+16.775,+5.884
0 days 02:23:15.565000,16,4,+16.969,+6.070
0 days 02:23:20.873000,16,4,+17.034,+5.986
0 days 02:23:25.102000,16,4,+16.995,+5.925
0 days 02:23:29.833000,16,4,+16.923,+5.889
0 days 02:23:33.621000,16,4,+16.869,+5.868
0 days 02:23:41.917000,16,4,+16.894,+5.816
0 days 02:23:45.829000,16,4,+16.913,+5.856
0 days 02:23:46.750000,16,4,+16.978,+5.929
0 days 02:23:51.177000,16,4,+17.082,+6.042
0 days 02:23:55.455000,16,4,+17.036,+6.063
0 days 02:23:56.689000,16,4,+17.038,+6.080
0 days 02:23:58.917000,16,4,+17.150,+6.025
0 days 02:24:03.890000,16,4,+17.097,+5.924
0 days 02:24:09.686000,16,5,+17.097,+5.924
0 days 02:24:09.962000,16,5,+17.789,+0.229
0 days 02:24:14.170000,16,5,+17.769,+0.276
0 days 02:24:17.016000,16,5,+17.713,+0.239
0 days 02:24:24.510000,16,5,+18.159,+0.199
0 days 02:24:28.151000,16,5,+18.130,+0.162
0 days 02:24:32.327000,16,5,+18.467,+0.583
0 days 02:24:38.130000,16,5,+18.835,+0.922
0 days 02:24:43.160000,16,5,+19.081,+1.125
0 days 02:24:47.101000,16,5,+19.097,+1.131
0 days 02:24:53.378000,16,5,+19.211,+1.286
0 days 02:24:58.822000,16,5,+19.360,+1.326
0 days 02:25:02.993000,16,5,+19.339,+1.284
0 days 02:25:07.741000,16,5,+19.277,+1.236
0 days 02:25:11.500000,16,5,+19.238,+1.207
0 days 02:25:20.001000,16,5,+19.409,+1.272
0 days 02:25:23.889000,16,5,+19.433,+1.288
0 days 02:25:24.750000,16,5,+19.470,+1.351
0 days 02:25:29.259000,16,5,+19.653,+1.511
0 days 02:25:33.564000,16,5,+19.589,+1.473
0 days 02:25:34.701000,16,5,+19.574,+1.470
0 days 02:25:36.818000,16,5,+19.547,+1.487
0 days 02:25:41.854000,16,5,+19.576,+1.569
0 days 02:25:47.821000,16,5,+19.937,+1.964
0 days 02:25:52.055000,16,5,+19.937,+1.961
0 days 02:25:54.946000,16,5,+19.900,+1.941
0 days 02:26:02.397000,16,5,+20.404,+2.370
0 days 02:26:06.032000,16,5,+20.332,+2.309
0 days 02:26:09.953000,16,5,+20.393,+2.386
0 days 02:26:15.642000,16,5,+20.724,+2.630
0 days 02:26:20.639000,16,5,+20.918,+2.803
0 days 02:26:24.585000,16,5,+20.902,+2.801
0 days 02:26:30.874000,16,5,+21.060,+2.960
0 days 02:26:36.415000,16,5,+21.427,+3.144
0 days 02:26:40.674000,16,5,+21.444,+3.162
0 days 02:26:45.502000,16,5,+21.389,+3.124
0 days 02:26:49.175000,16,5,+21.340,+3.085
0 days 02:26:57.695000,16,5,+21.444,+3.160
0 days 02:27:01.541000,16,5,+21.455,+3.192
0 days 02:27:02.439000,16,5,+21.544,+3.288
0 days 02:27:06.949000,16,5,+21.690,+3.409
0 days 02:27:11.263000,16,5,+21.626,+3.372
0 days 02:27:12.388000,16,5,+21.611,+3.365
0 days 02:27:14.549000,16,5,+21.634,+3.451
0 days 02:27:19.520000,16,5,+21.596,+3.474
0 days 02:27:25.294000,16,5,+21.884,+3.837
0 days 02:27:29.588000,16,5,+21.920,+3.805
0 days 02:27:32.461000,16,5,+21.899,+3.795
0 days 02:27:39.841000,16,5,+22.090,+3.951
0 days 02:27:43.317000,16,5,+22.079,+3.926
0 days 02:27:47.301000,16,5,+22.145,+4.004
0 days 02:27:52.952000,16,5,+22.470,+4.222
0 days 02:27:57.993000,16,5,+22.745,+4.469
0 days 02:28:01.914000,16,5,+22.754,+4.468
0 days 02:28:08.180000,16,5,+22.753,+4.586
0 days 02:28:13.614000,16,5,+22.832,+4.631
0 days 02:28:17.823000,16,5,+22.831,+4.614
0 days 02:28:22.564000,16,5,+22.764,+4.592
0 days 02:28:26.338000,16,5,+22.725,+4.577
0 days 02:28:34.800000,16,5,+22.728,+4.559
0 days 02:28:38.875000,16,5,+22.732,+4.594
0 days 02:28:39.580000,16,5,+22.761,+4.663
0 days 02:28:44.062000,16,5,+22.830,+4.728
0 days 02:28:48.371000,16,5,+22.761,+4.702
0 days 02:28:49.602000,16,5,+22.741,+4.697
0 days 02:28:51.719000,16,5,+22.720,+4.789
0 days 02:28:56.875000,16,5,+22.593,+4.923
0 days 02:29:02.421000,16,5,+23.020,+5.273
0 days 02:29:06.626000,16,5,+23.000,+5.234
0 days 02:29:09.607000,16,5,+22.976,+5.215
0 days 02:29:16.718000,16,5,+22.972,+5.329
0 days 02:29:20.367000,16,5,+22.925,+5.302
0 days 02:29:24.293000,16,5,+22.869,+5.423
0 days 02:29:29.943000,16,5,+23.031,+5.663
0 days 02:29:34.996000,16,5,+23.228,+5.922
0 days 02:29:38.902000,16,5,+23.231,+5.923
0 days 02:29:45.249000,16,5,+23.244,+6.061
0 days 02:29:50.627000,16,5,+23.390,+6.135
0 days 02:29:54.915000,16,5,+23.382,+6.148
0 days 02:29:59.681000,16,5,+23.320,+6.109
0 days 02:30:03.402000,16,5,+23.274,+6.081
0 days 02:30:11.943000,16,5,+23.239,+6.158
0 days 02:30:15.949000,16,5,+23.197,+6.234
0 days 02:30:16.824000,16,5,+23.193,+6.349
0 days 02:30:21.371000,16,5,+23.211,+6.555
0 days 00:00:03.711000,6,7,,
0 days 00:59:09.984000,6,7,+0.708,+0.056
0 days 00:59:10.963000,6,7,+0.608,+0.081
0 days 00:59:13.496000,6,6,+0.608,+0.081
0 days 00:59:13.586000,6,6,+0.730,+0.229
0 days 00:59:18.711000,6,7,+0.730,+0.229
0 days 00:59:19.287000,6,7,+1.507,+0.427
0 days 00:59:25.254000,6,8,+1.507,+0.427
0 days 00:59:25.390000,6,8,+2.181,+0.078
0 days 00:59:29.633000,6,8,+2.238,+0.115
0 days 00:59:32.601000,6,8,+2.230,+0.156
0 days 00:59:40.368000,6,8,+2.674,+0.211
0 days 00:59:43.990000,6,8,+2.618,+0.141
0 days 00:59:48.074000,6,8,+2.832,+0.189
0 days 00:59:54.399000,6,8,+3.503,+0.204
0 days 00:59:59.538000,6,9,+3.503,+0.204
0 days 00:59:59.738000,6,9,+4.389,+0.126
0 days 01:00:03.826000,6,9,+4.555,+0.036
0 days 01:00:10.767000,6,9,+5.335,+0.346
0 days 01:00:15.966000,6,9,+5.506,+0.481
0 days 01:00:20.381000,6,9,+5.553,+0.477
0 days 01:00:25.184000,6,9,+5.489,+0.484
0 days 01:00:28.969000,6,9,+5.407,+0.489
0 days 01:00:37.743000,6,9,+5.667,+0.442
0 days 01:00:41.776000,6,9,+5.731,+0.444
0 days 01:00:42.800000,6,9,+5.828,+0.478
0 days 01:00:47.315000,6,9,+5.852,+0.540
0 days 01:00:51.755000,6,9,+5.611,+0.548
0 days 01:00:52.905000,6,9,+5.513,+0.538
0 days 01:00:55.286000,6,9,+5.511,+0.419
0 days 01:01:00.781000,6,9,+5.927,+0.602
0 days 01:01:06.400000,6,9,+6.197,+0.718
0 days 01:01:10.638000,6,9,+6.283,+0.751
0 days 01:01:13.613000,6,9,+6.296,+0.761
0 days 01:01:20.902000,6,9,+6.525,+0.765
0 days 01:01:24.688000,6,9,+6.534,+0.768
0 days 01:01:28.974000,6,9,+6.719,+0.721
0 days 01:01:34.915000,6,9,+7.063,+0.620
0 days 01:01:39.744000,6,9,+7.141,+0.694
0 days 01:01:43.738000,6,9,+7.168,+0.698
0 days 01:01:50.198000,6,9,+7.463,+0.810
0 days 01:01:55.512000,6,9,+7.532,+0.860
0 days 01:01:59.975000,6,9,+7.552,+0.901
0 days 01:02:04.796000,6,9,+7.478,+0.906
0 days 01:02:08.439000,6,9,+7.258,+0.895
0 days 01:02:16.964000,6,9,+7.351,+0.908
0 days 01:02:21.087000,6,9,+7.459,+0.903
0 days 01:02:21.988000,6,9,+7.544,+0.946
0 days 01:02:26.565000,6,9,+7.562,+1.053
0 days 01:02:30.943000,6,9,+7.319,+0.943
0 days 01:02:31.980000,6,9,+7.225,+0.884
0 days 01:02:34.269000,6,9,+7.279,+0.762
0 days 01:02:39.570000,6,9,+7.599,+0.862
0 days 01:02:45.169000,6,9,+7.708,+0.971
0 days 01:02:49.410000,6,9,+7.751,+0.973
0 days 01:02:52.456000,6,9,+7.746,+0.968
0 days 01:02:59.894000,6,9,+7.859,+0.883
0 days 01:03:03.551000,6,9,+7.861,+0.879
0 days 01:03:07.836000,6,9,+8.005,+0.909
0 days 01:03:13.761000,6,9,+8.227,+0.841
0 days 01:03:18.555000,6,9,+8.371,+0.908
0 days 01:03:22.598000,6,9,+8.423,+0.926
0 days 01:03:29.034000,6,9,+8.656,+1.049
0 days 01:03:34.392000,6,9,+8.638,+1.036
0 days 01:03:38.813000,6,9,+8.643,+1.023
0 days 01:03:43.661000,6,9,+8.624,+1.035
0 days 01:03:47.486000,6,9,+8.584,+1.050
0 days 01:03:56.079000,6,9,+8.724,+1.042
0 days 01:04:00.162000,6,9,+8.805,+1.062
0 days 01:04:01.126000,6,9,+8.892,+1.102
0 days 01:04:05.640000,6,9,+8.923,+1.160
0 days 01:04:10.056000,6,9,+8.837,+1.185
0 days 01:04:11.201000,6,9,+8.800,+1.180
0 days 01:04:13.507000,6,9,+8.787,+1.040
0 days 01:04:18.768000,6,9,+8.870,+1.150
0 days 01:04:24.339000,6,9,+8.911,+1.229
0 days 01:04:28.566000,6,9,+8.886,+1.141
0 days 01:04:31.635000,6,9,+8.884,+1.149
0 days 01:04:38.840000,6,9,+9.041,+1.132
0 days 01:04:42.626000,6,9,+9.066,+1.122
0 days 01:04:46.736000,6,9,+9.037,+0.972
0 days 01:04:52.728000,6,9,+9.210,+0.932
0 days 01:04:57.519000,6,9,+9.355,+1.021
0 days 01:05:01.532000,6,9,+9.402,+1.048
0 days 01:05:07.914000,6,9,+9.603,+1.131
0 days 01:05:13.313000,6,9,+9.677,+1.126
0 days 01:05:17.697000,6,9,+9.665,+1.111
0 days 01:05:22.566000,6,9,+9.646,+1.125
0 days 01:05:26.366000,6,9,+9.622,+1.137
0 days 01:05:35.076000,6,9,+9.878,+1.148
0 days 01:05:39.071000,6,9,+9.962,+1.194
0 days 01:05:39.973000,6,9,+10.022,+1.241
0 days 01:05:44.567000,6,9,+10.014,+1.293
0 days 01:05:48.941000,6,9,+9.944,+1.304
0 days 01:05:50.134000,6,9,+9.903,+1.297
0 days 01:05:52.442000,6,9,+9.830,+1.190
0 days 01:05:57.484000,6,9,+9.697,+0.975
0 days 01:06:03.135000,6,9,+9.897,+1.113
0 days 01:06:07.366000,6,9,+9.921,+1.059
0 days 01:06:10.450000,6,9,+9.937,+1.073
0 days 01:06:17.614000,6,9,+9.955,+1.064
0 days 01:06:21.500000,6,9,+9.926,+1.085
0 days 01:06:25.544000,6,9,+9.951,+0.943
0 days 01:06:31.573000,6,9,+10.186,+0.955
0 days 01:06:36.467000,6,9,+10.319,+1.052
0 days 01:06:40.567000,6,9,+10.344,+1.076
0 days 01:06:46.919000,6,9,+10.541,+1.138
0 days 01:06:52.217000,6,9,+10.557,+1.074
0 days 01:06:56.667000,6,9,+10.566,+1.044
0 days 01:07:01.486000,6,9,+10.555,+1.042
0 days 01:07:05.277000,6,9,+10.535,+1.041
0 days 01:07:13.730000,6,9,+10.568,+1.056
0 days 01:07:17.845000,6,9,+10.637,+1.096
0 days 01:07:18.837000,6,9,+10.685,+1.133
0 days 01:07:23.267000,6,9,+10.678,+1.184
0 days 01:07:27.680000,6,9,+10.608,+1.191
0 days 01:07:28.883000,6,9,+10.575,+1.183
0 days 01:07:31.148000,6,9,+10.544,+1.079
0 days 01:07:36.438000,6,9,+10.802,+1.069
0 days 01:07:42.015000,6,9,+10.850,+1.070
0 days 01:07:46.252000,6,9,+10.858,+1.050
0 days 01:07:49.293000,6,9,+10.865,+1.062
0 days 01:07:56.584000,6,9,+10.911,+1.079
0 days 01:08:00.335000,6,9,+10.922,+1.076
0 days 01:08:04.386000,6,9,+11.014,+0.915
0 days 01:08:10.313000,6,9,+11.260,+0.860
0 days 01:08:15.304000,6,9,+11.419,+0.955
0 days 01:08:19.387000,6,9,+11.463,+0.967
0 days 01:08:25.730000,6,9,+11.660,+1.047
0 days 01:08:31.105000,6,9,+11.781,+1.026
0 days 01:08:35.519000,6,9,+11.794,+1.011
0 days 01:08:40.372000,6,9,+11.767,+1.002
0 days 01:08:44.160000,6,9,+11.740,+0.996
0 days 01:08:52.559000,6,9,+11.817,+0.974
0 days 01:08:56.659000,6,9,+11.867,+0.970
0 days 01:08:57.542000,6,9,+11.919,+0.960
0 days 01:09:02.068000,6,9,+11.953,+0.943
0 days 01:09:06.341000,6,9,+11.738,+0.793
0 days 01:09:07.442000,6,9,+11.639,+0.729
0 days 01:09:09.770000,6,9,+11.596,+0.620
0 days 01:09:15.190000,6,9,+11.946,+0.869
0 days 01:09:20.842000,6,9,+11.984,+0.908
0 days 01:09:25.137000,6,9,+12.029,+0.896
0 days 01:09:28.268000,6,9,+12.101,+0.966
0 days 01:09:35.520000,6,9,+12.235,+0.948
0 days 01:09:39.261000,6,9,+12.254,+0.951
0 days 01:09:43.436000,6,9,+12.271,+0.755
0 days 01:09:49.497000,6,9,+12.611,+0.859
0 days 01:09:54.468000,6,9,+12.684,+0.976
0 days 01:09:58.519000,6,9,+12.679,+1.008
0 days 01:10:04.904000,6,9,+12.914,+1.117
0 days 01:10:10.297000,6,9,+12.878,+1.033
0 days 01:10:14.640000,6,9,+12.902,+1.023
0 days 01:10:19.436000,6,9,+12.884,+1.018
0 days 01:10:23.242000,6,9,+12.869,+1.018
0 days 01:10:31.738000,6,9,+13.080,+1.159
0 days 01:10:35.901000,6,9,+13.221,+1.237
0 days 01:10:36.899000,6,9,+13.311,+1.279
0 days 01:10:41.333000,6,9,+13.307,+1.302
0 days 01:10:45.716000,6,9,+13.246,+1.311
0 days 01:10:46.961000,6,9,+13.226,+1.318
0 days 01:10:49.216000,6,9,+13.163,+1.165
0 days 01:10:54.589000,6,9,+13.425,+1.180
0 days 01:11:00.193000,6,9,+13.512,+1.192
0 days 01:11:04.517000,6,9,+13.547,+1.198
0 days 01:11:07.579000,6,9,+13.562,+1.224
0 days 01:11:14.843000,6,9,+13.590,+1.214
0 days 01:11:18.586000,6,9,+13.609,+1.213
0 days 01:11:22.789000,6,9,+13.702,+1.138
0 days 01:11:28.797000,6,9,+13.934,+1.108
0 days 01:11:33.727000,6,9,+14.040,+1.173
0 days 01:11:37.773000,6,9,+14.059,+1.177
0 days 01:11:44.263000,6,9,+14.335,+1.293
0 days 01:11:49.733000,6,9,+14.325,+1.284
0 days 01:11:54.107000,6,9,+14.311,+1.265
0 days 01:11:58.906000,6,9,+14.289,+1.256
0 days 01:12:02.716000,6,9,+14.272,+1.257
0 days 01:12:11.176000,6,9,+14.330,+1.236
0 days 01:12:15.270000,6,9,+14.384,+1.215
0 days 01:12:16.243000,6,9,+14.421,+1.221
0 days 01:12:20.674000,6,9,+14.475,+1.264
0 days 01:12:25.117000,6,9,+14.407,+1.265
0 days 01:12:26.310000,6,9,+14.372,+1.264
0 days 01:12:28.592000,6,9,+14.353,+1.168
0 days 01:12:34,6,9,+14.548,+1.238
0 days 01:12:39.584000,6,9,+14.605,+1.312
0 days 01:12:43.976000,6,9,+14.648,+1.294
0 days 01:12:46.991000,6,9,+14.653,+1.311
0 days 01:12:54.270000,6,9,+14.713,+1.301
0 days 01:12:58.063000,6,9,+14.733,+1.303
0 days 01:13:02.269000,6,9,+14.851,+1.294
0 days 01:13:08.212000,6,9,+15.036,+1.292
0 days 01:13:13.154000,6,9,+15.139,+1.330
0 days 01:13:17.194000,6,9,+15.147,+1.329
0 days 01:13:23.645000,6,9,+15.420,+1.408
0 days 01:13:29.047000,6,9,+15.458,+1.262
0 days 01:13:33.487000,6,9,+15.452,+1.230
0 days 01:13:38.291000,6,9,+15.443,+1.221
0 days 01:13:42.084000,6,9,+15.435,+1.221
0 days 01:13:50.471000,6,9,+15.410,+1.159
0 days 01:13:54.521000,6,9,+15.435,+1.141
0 days 01:13:55.493000,6,9,+15.488,+1.178
0 days 01:13:59.933000,6,9,+15.525,+1.220
0 days 01:14:04.372000,6,9,+15.471,+1.219
0 days 01:14:05.544000,6,9,+15.425,+1.212
0 days 01:14:07.844000,6,9,+15.416,+1.129
0 days 01:14:13.244000,6,9,+15.582,+1.002
0 days 01:14:18.745000,6,9,+15.681,+1.055
0 days 01:14:23.091000,6,9,+15.730,+1.006
0 days 01:14:26.144000,6,9,+15.742,+1.028
0 days 01:14:33.293000,6,9,+15.727,+1.004
0 days 01:14:37.144000,6,9,+15.714,+0.999
0 days 01:14:41.271000,6,9,+15.775,+1.001
0 days 01:14:47.188000,6,9,+15.928,+1.058
0 days 01:14:52.144000,6,9,+16.009,+1.106
0 days 01:14:56.175000,6,9,+16.015,+1.113
0 days 01:15:02.609000,6,9,+16.314,+1.116
0 days 01:15:07.975000,6,9,+16.302,+1.061
0 days 01:15:12.370000,6,9,+16.300,+1.031
0 days 01:15:17.194000,6,9,+16.281,+1.027
0 days 01:15:20.977000,6,9,+16.269,+1.026
0 days 01:15:29.372000,6,9,+16.320,+0.995
0 days 01:15:33.471000,6,9,+16.380,+1.018
0 days 01:15:34.370000,6,9,+16.444,+1.051
0 days 01:15:38.865000,6,9,+16.468,+1.050
0 days 01:15:43.280000,6,9,+16.397,+1.040
0 days 01:15:44.471000,6,9,+16.356,+1.037
0 days 01:15:46.719000,6,9,+16.329,+0.934
0 days 01:15:52.071000,6,9,+16.569,+0.873
0 days 01:15:57.672000,6,9,+16.621,+0.903
0 days 01:16:02.012000,6,9,+16.656,+0.889
0 days 01:16:05.085000,6,9,+16.725,+0.974
0 days 01:16:12.346000,6,9,+16.758,+0.988
0 days 01:16:16.168000,6,9,+16.783,+1.003
0 days 01:16:20.298000,6,9,+16.863,+0.924
0 days 01:16:26.285000,6,9,+17.004,+1.011
0 days 01:16:31.171000,6,9,+17.090,+1.059
0 days 01:16:35.199000,6,9,+17.103,+1.069
0 days 01:16:41.683000,6,9,+17.433,+1.251
0 days 01:16:47.062000,6,9,+17.398,+1.166
0 days 01:16:51.476000,6,9,+17.399,+1.144
0 days 01:16:56.248000,6,9,+17.380,+1.140
0 days 01:17:00.072000,6,9,+17.367,+1.142
0 days 01:17:08.571000,6,9,+17.357,+1.078
0 days 01:17:12.696000,6,9,+17.488,+1.224
0 days 01:17:13.672000,6,9,+17.560,+1.572
0 days 01:17:18.112000,6,8,+17.560,+1.572
0 days 01:17:18.112000,6,8,+17.579,+2.828
0 days 01:17:22.569000,6,8,+17.535,+2.842
0 days 01:17:23.724000,6,8,+17.510,+2.848
0 days 01:17:25.934000,6,8,+17.430,+2.838
0 days 01:17:31.246000,6,8,+17.597,+2.683
0 days 01:17:36.699000,6,8,+17.492,+2.681
0 days 01:17:41.084000,6,8,+17.542,+2.627
0 days 01:17:44.101000,6,8,+17.578,+2.664
0 days 01:17:51.277000,6,8,+17.538,+2.514
0 days 01:17:55.093000,6,8,+17.534,+2.458
0 days 01:17:59.073000,6,8,+17.465,+2.331
0 days 01:18:04.819000,6,8,+17.488,+2.283
0 days 01:18:09.826000,6,8,+17.559,+2.261
0 days 01:18:13.909000,6,8,+17.583,+2.253
0 days 01:18:20.286000,6,8,+17.857,+2.383
0 days 01:18:25.716000,6,8,+17.827,+2.150
0 days 01:18:30.065000,6,8,+17.820,+2.123
0 days 01:18:34.958000,6,8,+17.804,+2.142
0 days 01:18:38.872000,6,8,+17.801,+2.168
0 days 01:18:47.078000,6,8,+17.808,+2.023
0 days 01:18:51.109000,6,8,+17.799,+2.086
0 days 01:18:51.704000,6,8,+17.540,+2.093
0 days 01:18:58.571000,6,9,+17.540,+2.093
0 days 01:19:00.803000,6,10,+17.540,+2.093
0 days 01:19:06.279000,6,11,+17.540,+2.093
0 days 01:19:08.247000,6,12,+17.540,+2.093
0 days 01:19:10.019000,6,13,+17.540,+2.093
0 days 01:19:16.064000,6,14,+17.540,+2.093
0 days 01:19:22.382000,6,15,+17.540,+2.093
0 days 01:19:24.683000,6,16,+17.540,+2.093
0 days 01:19:25.089000,6,17,+17.540,+2.093
0 days 01:19:25.542000,6,17,+41.214,+0.376
0 days 01:19:28.395000,6,17,+41.814,+1.030
0 days 01:19:33.807000,6,17,+42.112,+0.972
0 days 01:19:39.273000,6,17,+42.044,+0.890
0 days 01:19:43.439000,6,17,+41.960,+0.725
0 days 01:19:46.472000,6,17,+41.998,+0.745
0 days 01:19:53.722000,6,17,+42.039,+0.739
0 days 01:19:57.464000,6,17,+42.029,+0.720
0 days 01:20:01.687000,6,17,+42.223,+0.985
0 days 01:20:07.647000,6,17,+42.420,+1.101
0 days 01:20:12.420000,6,17,+42.307,+0.958
0 days 01:20:16.427000,6,17,+42.277,+0.917
0 days 01:20:22.851000,6,17,+42.413,+0.960
0 days 01:20:28.124000,6,17,+42.337,+0.955
0 days 01:20:32.622000,6,17,+42.387,+0.992
0 days 01:20:37.403000,6,17,+42.350,+1.020
0 days 01:20:41.023000,6,17,+42.131,+0.967
0 days 01:20:49.335000,6,17,+41.944,+0.659
0 days 01:20:53.338000,6,17,+42.049,+0.729
0 days 01:20:54.304000,6,17,+42.126,+0.804
0 days 01:20:58.749000,6,17,+42.101,+0.743
0 days 01:21:02.877000,6,17,+41.811,+0.652
0 days 01:21:03.992000,6,17,+41.693,+0.599
0 days 01:21:06.275000,6,17,+41.707,+0.745
0 days 01:21:11.703000,6,17,+42.097,+0.894
0 days 01:21:17.194000,6,17,+41.958,+0.666
0 days 01:21:21.451000,6,17,+41.951,+0.570
0 days 01:21:24.509000,6,17,+41.994,+0.594
0 days 01:21:31.770000,6,17,+42.056,+0.521
0 days 01:21:35.489000,6,17,+42.013,+0.481
0 days 01:21:39.808000,6,17,+42.340,+0.736
0 days 01:21:45.689000,6,17,+42.542,+0.629
0 days 01:21:50.493000,6,17,+42.526,+0.481
0 days 01:21:54.495000,6,17,+42.482,+0.414
0 days 01:22:00.947000,6,17,+39.778,+0.475
0 days 01:22:06.146000,6,17,+39.442,+0.202
0 days 01:22:10.548000,6,17,+39.421,+0.156
0 days 01:22:15.221000,6,17,+39.260,+0.045
0 days 01:22:18.686000,6,16,+39.260,+0.045
0 days 01:22:18.771000,6,16,+39.015,+1.301
0 days 01:22:27.065000,6,16,+38.787,+0.784
0 days 01:22:31.174000,6,16,+38.928,+0.904
0 days 01:22:32.083000,6,16,+39.030,+0.917
0 days 01:22:36.595000,6,16,+39.043,+0.785
0 days 01:22:40.769000,6,16,+38.792,+0.825
0 days 01:22:41.999000,6,16,+38.683,+0.781
0 days 01:22:44.322000,6,16,+38.913,+0.541
0 days 01:22:49.689000,6,16,+39.132,+0.614
0 days 01:22:55.356000,6,16,+39.209,+0.504
0 days 01:22:59.499000,6,16,+39.048,+0.362
0 days 01:23:02.549000,6,16,+39.057,+0.382
0 days 01:23:09.844000,6,16,+39.075,+0.371
0 days 01:23:13.574000,6,16,+39.037,+0.345
0 days 01:23:17.873000,6,16,+39.404,+0.540
0 days 01:23:23.937000,6,16,+39.634,+0.686
0 days 01:23:28.776000,6,16,+39.541,+0.629
0 days 01:23:32.797000,6,16,+39.506,+0.606
0 days 01:23:39.248000,6,16,+39.510,+0.643
0 days 01:23:44.574000,6,16,+39.546,+0.653
0 days 01:23:48.974000,6,16,+39.591,+0.640
0 days 01:23:53.777000,6,16,+39.509,+0.672
0 days 01:23:57.327000,6,16,+39.286,+0.692
0 days 01:24:06.005000,6,16,+21.370,+0.854
0 days 01:24:10.191000,6,16,+21.478,+0.975
0 days 01:24:11.107000,6,16,+21.500,+1.025
0 days 01:24:15.549000,6,16,+34.744,+0.974
0 days 01:24:19.779000,6,16,+21.254,+0.991
0 days 01:24:20.842000,6,16,+21.131,+0.993
0 days 01:24:23.116000,6,16,+21.024,+0.890
0 days 01:24:28.620000,6,16,+21.289,+0.948
0 days 01:24:34.082000,6,16,+21.244,+0.824
0 days 01:24:38.349000,6,16,+21.155,+0.774
0 days 01:24:41.379000,6,16,+21.184,+0.819
0 days 01:24:48.552000,6,16,+21.196,+0.704
0 days 01:24:52.305000,6,16,+21.190,+0.680
0 days 01:24:56.537000,6,16,+21.313,+0.774
0 days 01:25:02.486000,6,16,+21.458,+0.826
0 days 01:25:07.322000,6,16,+21.437,+0.727
0 days 01:25:11.325000,6,16,+21.398,+0.697
0 days 01:25:17.823000,6,16,+21.579,+0.709
0 days 01:25:23.264000,6,16,+21.515,+0.689
0 days 01:25:27.623000,6,16,+21.486,+0.634
0 days 01:25:32.378000,6,16,+21.388,+0.645
0 days 01:25:36.091000,6,16,+21.233,+0.728
0 days 01:25:44.600000,6,16,+21.276,+0.550
0 days 01:25:48.645000,6,16,+21.385,+0.498
0 days 01:25:49.675000,6,16,+21.488,+0.479
0 days 01:25:54.149000,6,16,+21.616,+0.416
0 days 01:25:58.303000,6,16,+21.335,+0.421
0 days 01:25:59.408000,6,16,+21.207,+0.398
0 days 01:26:01.841000,6,16,+21.266,+0.266
0 days 01:26:07.638000,6,16,+21.669,+0.334
0 days 01:26:13.323000,6,16,+22.062,+0.333
0 days 01:26:17.523000,6,16,+21.830,+0.179
0 days 01:26:20.468000,6,16,+21.746,+0.114
0 days 01:26:28.097000,6,16,+22.277,+0.237
0 days 01:26:31.888000,6,16,+22.276,+0.216
0 days 01:26:36.477000,6,16,+22.742,+0.576
0 days 01:26:42.576000,6,16,+23.047,+0.739
0 days 01:26:47.550000,6,16,+23.136,+0.686
0 days 01:26:51.514000,6,16,+23.125,+0.696
0 days 01:26:58.084000,6,16,+23.376,+0.753
0 days 01:27:03.429000,6,16,+22.499,+0.611
0 days 01:27:07.798000,6,16,+22.522,+0.519
0 days 01:27:12.499000,6,16,+22.495,+0.498
0 days 01:27:16.039000,6,16,+22.435,+0.470
0 days 01:27:24.687000,6,16,+22.859,+0.441
0 days 01:27:28.776000,6,16,+22.953,+0.426
0 days 01:27:29.695000,6,16,+23.067,+0.437
0 days 01:27:34.255000,6,16,+23.210,+0.290
0 days 01:27:38.307000,6,15,+23.210,+0.290
0 days 01:27:38.384000,6,15,+22.906,+0.259
0 days 01:27:39.479000,6,15,+22.772,+0.250
0 days 01:27:41.918000,6,15,+22.941,+0.287
0 days 01:27:47.676000,6,15,+23.573,+0.448
0 days 01:27:53.518000,6,15,+23.913,+0.406
0 days 01:27:57.688000,6,15,+23.840,+0.347
0 days 01:28:00.750000,6,15,+23.816,+0.294
0 days 01:28:08.329000,6,15,+24.352,+0.145
0 days 01:28:12.073000,6,15,+24.366,+0.126
0 days 01:28:16.430000,6,15,+24.696,+0.220
0 days 01:28:22.708000,6,15,+25.291,+0.453
0 days 01:28:27.778000,6,15,+25.531,+0.278
0 days 01:28:31.801000,6,15,+25.568,+0.263
0 days 01:28:38.550000,6,15,+26.182,+0.419
0 days 01:28:43.850000,6,15,+26.134,+0.219
0 days 01:28:48.176000,6,15,+26.131,+0.138
0 days 01:28:52.795000,6,15,+25.919,+0.056
0 days 01:28:56.453000,6,15,+25.676,+0.034
0 days 01:29:04.940000,6,14,+25.676,+0.034
0 days 01:29:05.010000,6,14,+26.044,+0.238
0 days 01:29:09.125000,6,14,+26.152,+0.326
0 days 01:29:10.198000,6,14,+26.322,+0.456
0 days 01:29:14.691000,6,14,+26.430,+0.451
0 days 01:29:18.800000,6,13,+26.430,+0.451
0 days 01:29:18.873000,6,13,+26.210,+0.287
0 days 01:29:20.027000,6,13,+26.114,+0.250
0 days 01:29:22.525000,6,13,+26.294,+0.432
0 days 01:29:27.694000,6,13,+26.429,+0.341
0 days 01:29:33.406000,6,13,+26.755,+0.563
0 days 01:29:37.677000,6,13,+26.827,+0.501
0 days 01:29:40.713000,6,13,+26.835,+0.514
0 days 01:29:48.116000,6,13,+27.077,+0.668
0 days 01:29:51.914000,6,13,+27.095,+0.673
0 days 01:29:56.129000,6,13,+27.166,+0.849
0 days 01:30:01.852000,6,13,+27.257,+0.687
0 days 01:30:06.692000,6,13,+27.381,+0.648
0 days 01:30:10.725000,6,13,+27.377,+0.612
0 days 01:30:16.980000,6,13,+27.519,+0.738
0 days 01:30:22.259000,6,13,+27.428,+0.647
0 days 01:30:26.627000,6,13,+27.422,+0.620
0 days 01:30:31.378000,6,13,+27.345,+0.556
0 days 01:30:34.979000,6,13,+27.203,+0.430
0 days 01:30:43.386000,6,13,+27.193,+0.492
0 days 01:30:47.440000,6,13,+27.245,+0.545
0 days 01:30:48.378000,6,13,+27.357,+0.644
0 days 01:30:52.907000,6,13,+27.437,+0.637
0 days 01:30:57.062000,6,13,+27.196,+0.468
0 days 01:30:58.198000,6,13,+27.081,+0.406
0 days 01:31:00.515000,6,13,+27.065,+0.513
0 days 01:31:05.800000,6,13,+27.166,+0.505
0 days 01:31:11.425000,6,13,+27.374,+0.618
0 days 01:31:15.606000,6,13,+27.345,+0.571
0 days 01:31:18.669000,6,13,+27.343,+0.576
0 days 01:31:25.840000,6,13,+27.420,+0.566
0 days 01:31:29.577000,6,13,+27.414,+0.522
0 days 01:31:33.652000,6,13,+27.359,+0.551
0 days 01:31:39.447000,6,13,+27.386,+0.526
0 days 01:31:44.566000,6,13,+27.498,+0.519
0 days 01:31:48.371000,6,13,+27.492,+0.487
0 days 01:31:54.764000,6,13,+27.814,+0.602
0 days 01:32:00.003000,6,13,+27.762,+0.519
0 days 01:32:04.369000,6,13,+27.723,+0.455
0 days 01:32:09.116000,6,13,+27.595,+0.352
0 days 01:32:12.627000,6,13,+27.376,+0.149
0 days 01:32:21.300000,6,13,+27.650,+0.276
0 days 01:32:25.345000,6,13,+27.742,+0.341
0 days 01:32:26.383000,6,13,+27.896,+0.453
0 days 01:32:30.841000,6,13,+27.981,+0.452
0 days 01:32:35.078000,6,12,+27.981,+0.452
0 days 01:32:35.173000,6,12,+27.729,+0.264
0 days 01:32:36.167000,6,12,+27.637,+0.200
0 days 01:32:38.599000,6,12,+27.780,+0.365
0 days 01:32:43.930000,6,12,+27.990,+0.618
0 days 01:32:49.584000,6,12,+28.073,+0.661
0 days 01:32:53.780000,6,12,+27.992,+0.529
0 days 01:32:56.801000,6,12,+28.016,+0.565
0 days 01:33:03.955000,6,12,+28.060,+0.549
0 days 01:33:07.723000,6,12,+28.037,+0.522
0 days 01:33:11.805000,6,12,+27.970,+0.575
0 days 01:33:17.601000,6,12,+28.008,+0.677
0 days 01:33:22.511000,6,12,+28.037,+0.750
0 days 01:33:26.553000,6,12,+28.037,+0.748
0 days 01:33:32.880000,6,12,+28.258,+0.864
0 days 01:33:38.212000,6,12,+28.056,+0.810
0 days 01:33:42.542000,6,12,+28.025,+0.796
0 days 01:33:47.292000,6,12,+27.943,+0.761
0 days 01:33:50.913000,6,12,+27.754,+0.587
0 days 01:33:59.275000,6,12,+27.710,+0.553
0 days 01:34:03.342000,6,12,+27.796,+0.625
0 days 01:34:04.227000,6,12,+27.870,+0.691
0 days 01:34:08.706000,6,12,+27.871,+0.670
0 days 01:34:12.879000,6,12,+27.615,+0.484
0 days 01:34:14.050000,6,12,+27.526,+0.423
0 days 01:34:16.363000,6,12,+27.547,+0.526
0 days 01:34:21.892000,6,12,+27.768,+0.747
0 days 01:34:27.362000,6,12,+27.827,+0.789
0 days 01:34:31.627000,6,12,+27.865,+0.779
0 days 01:34:34.653000,6,12,+27.888,+0.810
0 days 01:34:41.844000,6,12,+27.932,+0.858
0 days 01:34:45.579000,6,12,+27.939,+0.836
0 days 01:34:49.753000,6,12,+27.887,+0.938
0 days 01:34:55.559000,6,12,+27.896,+0.924
0 days 01:35:00.475000,6,12,+28.025,+0.966
0 days 01:35:04.514000,6,12,+28.075,+0.960
0 days 01:35:10.917000,6,12,+28.313,+1.053
0 days 01:35:16.240000,6,12,+28.178,+0.931
0 days 01:35:20.542000,6,12,+28.143,+0.891
0 days 01:35:25.327000,6,12,+28.105,+0.891
0 days 01:35:29.120000,6,12,+28.072,+0.890
0 days 01:35:37.390000,6,12,+28.022,+0.778
0 days 01:35:41.476000,6,12,+28.077,+0.820
0 days 01:35:42.402000,6,12,+28.158,+0.889
0 days 01:35:46.781000,6,12,+28.206,+0.868
0 days 01:35:51.001000,6,12,+27.973,+0.697
0 days 01:35:52.217000,6,12,+27.887,+0.644
0 days 01:35:54.418000,6,12,+27.936,+0.780
0 days 01:35:59.928000,6,12,+28.089,+0.859
0 days 01:36:05.265000,6,12,+28.101,+0.977
0 days 01:36:09.556000,6,12,+28.152,+0.958
0 days 01:36:12.630000,6,12,+28.166,+0.981
0 days 01:36:19.835000,6,12,+28.264,+0.950
0 days 01:36:23.528000,6,12,+28.268,+0.924
0 days 01:36:27.610000,6,12,+28.231,+0.994
0 days 01:36:33.473000,6,12,+28.347,+1.142
0 days 01:36:38.343000,6,12,+28.512,+1.104
0 days 01:36:42.328000,6,12,+28.537,+1.081
0 days 01:36:48.692000,6,12,+28.718,+1.156
0 days 01:36:54.037000,6,12,+28.616,+0.962
0 days 01:36:58.354000,6,12,+28.616,+0.906
0 days 01:37:03.134000,6,12,+28.598,+0.903
0 days 01:37:06.921000,6,12,+28.577,+0.895
0 days 01:37:15.321000,6,12,+28.671,+0.925
0 days 01:37:19.383000,6,12,+28.746,+0.970
0 days 01:37:20.321000,6,12,+28.817,+1.025
0 days 01:37:24.680000,6,12,+28.864,+0.976
0 days 01:37:28.870000,6,12,+28.641,+0.805
0 days 01:37:29.959000,6,12,+28.546,+0.742
0 days 01:37:32.280000,6,12,+28.534,+0.760
0 days 01:37:37.601000,6,12,+28.891,+0.811
0 days 01:37:43.130000,6,12,+29.001,+0.968
0 days 01:37:47.502000,6,12,+29.115,+0.916
0 days 01:37:50.528000,6,12,+29.124,+0.931
0 days 01:37:57.705000,6,12,+29.214,+0.909
0 days 01:38:01.510000,6,12,+29.251,+0.894
0 days 01:38:05.656000,6,12,+29.255,+1.035
0 days 01:38:11.517000,6,12,+29.408,+1.086
0 days 01:38:16.402000,6,12,+29.598,+1.056
0 days 01:38:20.455000,6,12,+29.631,+1.044
0 days 01:38:26.783000,6,12,+29.855,+1.183
0 days 01:38:32.145000,6,12,+29.842,+1.029
0 days 01:38:36.529000,6,12,+29.861,+1.000
0 days 01:38:41.281000,6,12,+29.840,+1.007
0 days 01:38:45.083000,6,12,+29.823,+1.005
0 days 01:38:53.408000,6,12,+29.874,+0.884
0 days 01:38:57.572000,6,12,+29.908,+0.910
0 days 01:38:58.265000,6,12,+29.932,+0.929
0 days 01:39:02.710000,6,12,+29.950,+0.898
0 days 01:39:06.910000,6,12,+29.710,+0.715
0 days 01:39:08.086000,6,12,+29.613,+0.649
0 days 01:39:10.281000,6,12,+29.611,+0.704
0 days 01:39:15.738000,6,12,+29.847,+0.914
0 days 01:39:21.199000,6,12,+29.937,+0.895
0 days 01:39:25.537000,6,12,+30.032,+0.857
0 days 01:39:28.555000,6,12,+30.056,+0.877
0 days 01:39:35.818000,6,12,+30.222,+0.927
0 days 01:39:39.602000,6,12,+30.252,+0.926
0 days 01:39:43.776000,6,12,+30.272,+1.033
0 days 01:39:49.575000,6,12,+30.373,+1.057
0 days 01:39:54.473000,6,12,+30.559,+1.061
0 days 01:39:58.485000,6,12,+30.585,+1.051
0 days 01:40:04.899000,6,12,+30.840,+1.103
0 days 01:40:10.186000,6,12,+30.826,+1.007
0 days 01:40:14.558000,6,12,+30.830,+0.972
0 days 01:40:19.357000,6,12,+30.827,+0.984
0 days 01:40:23.206000,6,12,+30.812,+0.989
0 days 01:40:31.563000,6,12,+30.811,+0.944
0 days 01:40:35.696000,6,12,+30.933,+1.012
0 days 01:40:36.602000,6,12,+30.996,+1.047
0 days 01:40:41.006000,6,12,+31.028,+0.998
0 days 01:40:45.349000,6,12,+30.954,+0.977
0 days 01:40:46.556000,6,12,+30.925,+0.972
0 days 01:40:48.808000,6,12,+30.940,+1.019
0 days 01:40:54.076000,6,12,+30.985,+1.169
0 days 01:40:59.578000,6,12,+31.118,+1.134
0 days 01:41:03.883000,6,12,+31.163,+1.068
0 days 01:41:06.882000,6,12,+31.190,+1.095
0 days 01:41:14.052000,6,12,+31.272,+1.029
0 days 01:41:17.840000,6,12,+31.280,+0.982
0 days 01:41:21.975000,6,12,+31.278,+1.061
0 days 01:41:27.809000,6,12,+31.443,+1.088
0 days 01:41:32.656000,6,12,+31.524,+1.035
0 days 01:41:36.683000,6,12,+31.536,+1.014
0 days 01:41:43.017000,6,12,+31.716,+1.054
0 days 01:41:48.382000,6,12,+31.771,+0.968
0 days 01:41:52.730000,6,12,+31.764,+0.942
0 days 01:41:57.519000,6,12,+31.758,+0.957
0 days 01:42:01.360000,6,12,+31.745,+0.960
0 days 01:42:09.783000,6,12,+31.840,+0.822
0 days 01:42:13.941000,6,12,+32.024,+1.002
0 days 01:42:14.845000,6,12,+32.109,+1.074
0 days 01:42:19.234000,6,12,+32.110,+1.040
0 days 01:42:23.360000,6,11,+32.110,+1.040
0 days 01:42:23.452000,6,11,+31.870,+0.872
0 days 01:42:24.603000,6,11,+31.769,+0.810
0 days 01:42:26.812000,6,11,+31.680,+0.820
0 days 01:42:32.137000,6,11,+31.848,+0.893
0 days 01:42:37.693000,6,11,+32.022,+1.026
0 days 01:42:42.007000,6,11,+32.109,+0.990
0 days 01:42:45.057000,6,11,+32.127,+1.014
0 days 01:42:52.239000,6,11,+32.220,+0.997
0 days 01:42:55.941000,6,11,+32.211,+0.947
0 days 01:43:00.057000,6,11,+32.215,+0.986
0 days 01:43:05.857000,6,11,+32.332,+1.014
0 days 01:43:10.785000,6,11,+32.459,+1.025
0 days 01:43:14.823000,6,11,+32.502,+1.023
0 days 01:43:21.107000,6,11,+32.708,+1.055
0 days 01:43:26.473000,6,11,+32.698,+0.970
0 days 01:43:30.811000,6,11,+32.687,+0.936
0 days 01:43:35.586000,6,11,+32.668,+0.945
0 days 01:43:39.383000,6,11,+32.653,+0.955
0 days 01:43:47.879000,6,11,+32.815,+1.028
0 days 01:43:51.966000,6,11,+32.887,+1.054
0 days 01:43:52.875000,6,11,+32.955,+1.110
0 days 01:43:57.284000,6,11,+33.032,+1.109
0 days 01:44:01.675000,6,11,+32.983,+1.100
0 days 01:44:02.884000,6,11,+32.952,+1.100
0 days 01:44:05.146000,6,11,+32.932,+1.168
0 days 01:44:10.375000,6,11,+33.008,+1.132
0 days 01:44:15.866000,6,11,+33.145,+1.095
0 days 01:44:20.205000,6,11,+33.188,+1.036
0 days 01:44:23.169000,6,11,+33.202,+1.056
0 days 01:44:30.316000,6,11,+33.230,+0.994
0 days 01:44:34.077000,6,11,+33.235,+0.954
0 days 01:44:38.088000,6,11,+33.197,+0.971
0 days 01:44:43.885000,6,11,+33.359,+1.014
0 days 01:44:48.751000,6,11,+33.449,+0.973
0 days 01:44:52.753000,6,11,+33.427,+0.953
0 days 01:44:59.067000,6,11,+33.674,+1.033
0 days 01:45:04.406000,6,11,+33.661,+0.993
0 days 01:45:08.755000,6,11,+33.660,+0.967
0 days 01:45:13.547000,6,11,+33.648,+0.980
0 days 01:45:17.325000,6,11,+33.640,+0.984
0 days 01:45:25.696000,6,11,+33.639,+0.880
0 days 01:45:29.725000,6,11,+33.688,+0.916
0 days 01:45:30.555000,6,11,+33.731,+0.969
0 days 01:45:34.960000,6,11,+33.706,+0.890
0 days 01:45:39.159000,6,11,+33.467,+0.711
0 days 01:45:40.278000,6,11,+33.368,+0.649
0 days 01:45:42.484000,6,11,+33.351,+0.708
0 days 01:45:47.821000,6,11,+33.652,+0.744
0 days 01:45:53.439000,6,11,+33.789,+0.744
0 days 01:45:57.720000,6,11,+33.850,+0.666
0 days 01:46:00.700000,6,11,+33.901,+0.720
0 days 01:46:07.922000,6,11,+34.046,+0.761
0 days 01:46:11.660000,6,11,+34.035,+0.715
0 days 01:46:15.772000,6,11,+34.095,+0.835
0 days 01:46:21.519000,6,11,+34.264,+0.903
0 days 01:46:26.489000,6,11,+34.430,+0.907
0 days 01:46:30.480000,6,11,+34.474,+0.909
0 days 01:46:36.786000,6,11,+34.729,+0.869
0 days 01:46:42.165000,6,11,+34.765,+0.848
0 days 01:46:46.509000,6,11,+34.765,+0.827
0 days 01:46:51.285000,6,11,+34.698,+0.792
0 days 01:46:54.904000,6,11,+34.507,+0.628
0 days 01:47:03.285000,6,11,+34.605,+0.557
0 days 01:47:07.333000,6,11,+34.715,+0.663
0 days 01:47:08.212000,6,11,+34.796,+0.732
0 days 01:47:12.660000,6,11,+34.871,+0.721
0 days 01:47:16.879000,6,11,+34.668,+0.549
0 days 01:47:18.006000,6,11,+34.583,+0.491
0 days 01:47:20.275000,6,11,+34.617,+0.584
0 days 01:47:25.604000,6,11,+34.903,+0.749
0 days 01:47:31.156000,6,11,+34.970,+0.747
0 days 01:47:35.405000,6,11,+35.022,+0.650
0 days 01:47:38.392000,6,11,+35.044,+0.665
0 days 01:47:45.596000,6,11,+35.122,+0.686
0 days 01:47:49.359000,6,11,+35.121,+0.654
0 days 01:47:53.459000,6,11,+35.195,+0.808
0 days 01:47:59.370000,6,11,+35.496,+0.986
0 days 01:48:04.285000,6,11,+35.607,+0.989
0 days 01:48:08.328000,6,11,+35.622,+0.990
0 days 01:48:14.778000,6,11,+35.886,+1.099
0 days 01:48:20.061000,6,11,+35.970,+1.090
0 days 01:48:24.416000,6,11,+35.976,+1.077
0 days 01:48:29.236000,6,11,+35.967,+1.096
0 days 01:48:33.041000,6,11,+35.958,+1.109
0 days 01:48:41.406000,6,11,+36.073,+0.961
0 days 01:48:45.435000,6,11,+36.135,+0.996
0 days 01:48:46.281000,6,11,+36.198,+1.051
0 days 01:48:50.686000,6,11,+36.110,+1.011
0 days 01:48:54.904000,6,11,+35.881,+0.842
0 days 01:48:56.059000,6,11,+35.785,+0.775
0 days 01:48:58.323000,6,11,+35.781,+0.817
0 days 01:49:03.679000,6,11,+36.178,+0.935
0 days 01:49:09.128000,6,11,+36.253,+0.931
0 days 01:49:13.460000,6,11,+36.332,+0.896
0 days 01:49:16.485000,6,11,+36.346,+0.915
0 days 01:49:23.655000,6,11,+36.445,+0.940
0 days 01:49:27.433000,6,11,+36.456,+0.895
0 days 01:49:31.577000,6,11,+36.550,+0.955
0 days 01:49:37.387000,6,11,+36.815,+1.029
0 days 01:49:42.309000,6,11,+36.948,+1.048
0 days 01:49:46.303000,6,11,+36.979,+1.062
0 days 01:49:52.611000,6,11,+37.135,+1.110
0 days 01:49:58.033000,6,11,+37.204,+1.073
0 days 01:50:02.333000,6,11,+37.231,+1.058
0 days 01:50:07.162000,6,11,+37.223,+1.077
0 days 01:50:10.949000,6,11,+37.212,+1.084
0 days 01:50:19.422000,6,11,+37.368,+1.087
0 days 01:50:23.439000,6,11,+37.433,+1.141
0 days 01:50:24.279000,6,11,+37.468,+1.194
0 days 01:50:28.701000,6,11,+37.450,+1.158
0 days 01:50:33.060000,6,11,+37.385,+1.142
0 days 01:50:34.304000,6,11,+37.347,+1.141
0 days 01:50:36.506000,6,11,+37.377,+1.207
0 days 01:50:41.866000,6,11,+37.636,+1.292
0 days 01:50:47.288000,6,11,+37.589,+1.292
0 days 01:50:51.621000,6,11,+37.636,+1.263
0 days 01:50:54.649000,6,11,+37.674,+1.307
0 days 01:51:01.788000,6,11,+37.794,+1.314
0 days 01:51:05.538000,6,11,+37.805,+1.277
0 days 01:51:09.716000,6,11,+37.917,+1.406
0 days 01:51:15.478000,6,11,+38.064,+1.453
0 days 01:51:20.335000,6,11,+38.160,+1.381
0 days 01:51:24.305000,6,11,+38.184,+1.368
0 days 01:51:30.788000,6,11,+38.547,+1.590
0 days 01:51:36.160000,6,11,+38.589,+1.527
0 days 01:51:40.560000,6,11,+38.606,+1.505
0 days 01:51:45.311000,6,11,+38.605,+1.536
0 days 01:51:49.149000,6,11,+38.615,+1.568
0 days 01:51:57.534000,6,11,+38.746,+1.588
0 days 01:52:01.539000,6,11,+38.765,+1.580
0 days 01:52:02.334000,6,11,+38.811,+1.617
0 days 01:52:06.836000,6,11,+38.830,+1.617
0 days 01:52:11.176000,6,11,+38.781,+1.621
0 days 01:52:12.335000,6,11,+38.756,+1.626
0 days 01:52:14.507000,6,11,+38.738,+1.631
0 days 01:52:20.002000,6,11,+38.929,+1.689
0 days 01:52:25.327000,6,11,+38.925,+1.619
0 days 01:52:29.634000,6,11,+38.994,+1.643
0 days 01:52:32.587000,6,11,+39.002,+1.657
0 days 01:52:39.698000,6,11,+39.016,+1.536
0 days 01:52:43.406000,6,11,+39.019,+1.499
0 days 01:52:47.509000,6,11,+39.089,+1.546
0 days 01:52:53.193000,6,11,+39.288,+1.519
0 days 01:52:58.036000,6,11,+39.385,+1.487
0 days 01:53:02.035000,6,11,+39.409,+1.483
0 days 01:53:08.374000,6,11,+39.618,+1.504
0 days 01:53:13.746000,6,11,+39.735,+1.438
0 days 01:53:18.097000,6,11,+39.749,+1.410
0 days 01:53:22.929000,6,11,+39.742,+1.432
0 days 01:53:26.732000,6,11,+39.733,+1.452
0 days 01:53:35.088000,6,11,+39.866,+1.375
0 days 01:53:39.209000,6,11,+39.820,+1.277
0 days 01:53:39.614000,6,11,+39.570,+1.015
0 days 01:53:47.287000,6,12,+39.570,+1.015
0 days 01:53:54.288000,6,13,+39.570,+1.015
0 days 01:53:55.835000,6,14,+39.570,+1.015
0 days 01:53:57.327000,6,15,+39.570,+1.015
0 days 01:53:58.969000,6,16,+39.570,+1.015
0 days 01:54:12.781000,6,16,+62.710,+12.467
0 days 01:54:15.507000,6,16,+63.268,+13.039
0 days 01:54:20.761000,6,16,+63.399,+12.851
0 days 01:54:25.929000,6,16,+63.088,+12.699
0 days 01:54:30.075000,6,16,+62.938,+12.521
0 days 01:54:33.057000,6,16,+62.941,+12.478
0 days 01:54:40.080000,6,16,+62.911,+12.277
0 days 01:54:43.789000,6,16,+62.898,+12.240
0 days 01:54:47.826000,6,16,+62.902,+12.381
0 days 01:54:53.281000,6,16,+62.829,+12.082
0 days 01:54:57.791000,6,16,+62.544,+11.661
0 days 01:55:01.703000,6,16,+62.512,+11.550
0 days 01:55:07.830000,6,16,+62.436,+11.381
0 days 01:55:12.924000,6,16,+62.194,+11.103
0 days 01:55:17.253000,6,16,+62.180,+11.057
0 days 01:55:22.057000,6,16,+62.189,+11.048
0 days 01:55:25.883000,6,16,+62.209,+10.972
0 days 01:55:34.052000,6,16,+62.074,+10.666
0 days 01:55:38.112000,6,16,+62.069,+10.585
0 days 01:55:38.926000,6,16,+62.102,+10.602
0 days 01:55:43.389000,6,16,+62.106,+10.586
0 days 01:55:47.688000,6,16,+62.091,+10.556
0 days 01:55:48.908000,6,16,+62.081,+10.518
0 days 01:55:51.098000,6,16,+62.079,+10.502
0 days 01:55:56.188000,6,16,+62.091,+10.205
0 days 01:56:01.338000,6,16,+61.779,+9.528
0 days 01:56:05.582000,6,16,+61.725,+9.450
0 days 01:56:08.588000,6,16,+61.729,+9.389
0 days 01:56:15.532000,6,16,+61.666,+9.050
0 days 01:56:19.198000,6,16,+61.638,+9.001
0 days 01:56:23.336000,6,16,+61.713,+9.222
0 days 01:56:28.812000,6,16,+61.577,+8.984
0 days 01:56:33.398000,6,16,+61.429,+8.680
0 days 01:56:37.343000,6,16,+61.374,+8.568
0 days 01:56:43.563000,6,16,+61.446,+8.472
0 days 01:56:48.683000,6,16,+61.264,+8.246
0 days 01:56:53.062000,6,16,+61.234,+8.224
0 days 01:56:57.903000,6,16,+61.236,+8.206
0 days 01:57:01.644000,6,16,+61.266,+8.129
0 days 01:57:09.937000,6,16,+61.265,+7.858
0 days 01:57:13.926000,6,16,+61.294,+7.819
0 days 01:57:14.780000,6,16,+61.349,+7.859
0 days 01:57:19.163000,6,16,+61.334,+7.827
0 days 01:57:23.562000,6,16,+61.306,+7.827
0 days 01:57:24.784000,6,16,+61.282,+1.692
0 days 01:57:26.992000,6,16,+61.297,+1.220
0 days 01:57:31.993000,6,16,+61.191,+1.044
0 days 01:57:37.410000,6,16,+61.124,+1.034
0 days 01:57:41.620000,6,16,+61.073,+1.068
0 days 01:57:44.576000,6,16,+61.067,+1.071
0 days 01:57:51.659000,6,16,+61.148,+1.132
0 days 01:57:55.390000,6,16,+61.165,+1.147
0 days 01:57:59.563000,6,16,+61.295,+1.134
0 days 01:58:05.347000,6,16,+61.426,+1.152
0 days 01:58:10.057000,6,16,+61.377,+1.286
0 days 01:58:14.088000,6,16,+61.418,+1.352
0 days 01:58:20.419000,6,16,+61.629,+1.562
0 days 01:58:25.699000,6,16,+61.602,+1.693
0 days 01:58:30.087000,6,16,+61.615,+1.701
0 days 01:58:34.863000,6,16,+61.624,+1.695
0 days 01:58:38.663000,6,16,+61.617,+1.682
0 days 01:58:47.010000,6,16,+61.524,+1.599
0 days 01:58:51.008000,6,16,+61.540,+1.611
0 days 01:58:51.839000,6,16,+61.582,+1.630
0 days 01:58:56.349000,6,16,+61.650,+1.698
0 days 01:59:00.689000,6,16,+61.626,+1.697
0 days 01:59:01.842000,6,16,+61.610,+1.692
0 days 01:59:04.067000,6,16,+61.643,+1.629
0 days 01:59:09.285000,6,16,+61.774,+1.551
0 days 01:59:14.757000,6,16,+61.704,+1.739
0 days 01:59:19.006000,6,16,+61.717,+1.720
0 days 01:59:21.981000,6,16,+61.716,+1.727
0 days 01:59:29.109000,6,16,+61.753,+1.755
0 days 01:59:32.765000,6,16,+61.769,+1.779
0 days 01:59:36.865000,6,16,+61.836,+1.670
0 days 01:59:42.546000,6,16,+61.836,+1.614
0 days 01:59:47.459000,6,16,+61.943,+1.904
0 days 01:59:51.452000,6,16,+61.991,+1.966
0 days 01:59:57.906000,6,16,+62.343,+2.208
0 days 02:00:03.124000,6,16,+62.278,+2.262
0 days 02:00:07.474000,6,16,+62.297,+2.252
0 days 02:00:12.312000,6,16,+62.288,+2.248
0 days 02:00:16.122000,6,16,+62.285,+2.246
0 days 02:00:24.538000,6,16,+62.302,+2.108
0 days 02:00:28.491000,6,16,+62.360,+2.128
0 days 02:00:29.429000,6,16,+62.440,+2.164
0 days 02:00:33.795000,6,16,+62.466,+2.199
0 days 02:00:38.157000,6,16,+62.430,+2.208
0 days 02:00:39.324000,6,16,+62.410,+2.203
0 days 02:00:41.517000,6,16,+62.397,+2.136
0 days 02:00:46.743000,6,16,+62.576,+2.064
0 days 02:00:52.053000,6,16,+62.420,+2.153
0 days 02:00:56.346000,6,16,+62.464,+2.145
0 days 02:00:59.364000,6,16,+62.471,+2.163
0 days 02:01:06.428000,6,16,+62.505,+2.265
0 days 02:01:10.138000,6,16,+62.491,+2.277
0 days 02:01:14.216000,6,16,+62.570,+2.240
0 days 02:01:19.986000,6,16,+62.472,+2.143
0 days 02:01:24.610000,6,16,+62.554,+2.289
0 days 02:01:28.610000,6,16,+62.586,+2.294
0 days 02:01:34.991000,6,16,+62.804,+2.493
0 days 02:01:40.273000,6,16,+62.791,+2.461
0 days 02:01:44.558000,6,16,+62.791,+2.450
0 days 02:01:49.333000,6,16,+62.795,+2.440
0 days 02:01:53.291000,6,16,+62.798,+2.438
0 days 02:02:01.455000,6,16,+62.690,+2.272
0 days 02:02:05.386000,6,16,+62.694,+2.254
0 days 02:02:06.265000,6,16,+62.729,+2.263
0 days 02:02:10.630000,6,16,+62.771,+2.306
0 days 02:02:14.974000,6,16,+62.729,+2.308
0 days 02:02:16.220000,6,16,+62.705,+2.303
0 days 02:02:18.365000,6,16,+62.790,+2.329
0 days 02:02:23.554000,6,16,+62.893,+2.409
0 days 02:02:28.908000,6,16,+62.839,+2.410
0 days 02:02:33.191000,6,16,+62.881,+2.407
0 days 02:02:36.186000,6,16,+62.891,+2.420
0 days 02:02:43.209000,6,16,+62.904,+2.393
0 days 02:02:46.941000,6,16,+62.907,+2.390
0 days 02:02:51.039000,6,16,+63.030,+2.340
0 days 02:02:56.656000,6,16,+63.143,+2.315
0 days 02:03:01.391000,6,16,+63.101,+2.430
0 days 02:03:05.384000,6,16,+63.116,+2.457
0 days 02:03:11.644000,6,16,+63.237,+2.507
0 days 02:03:16.891000,6,16,+63.242,+2.508
0 days 02:03:21.208000,6,16,+63.254,+2.489
0 days 02:03:26.082000,6,16,+63.248,+2.484
0 days 02:03:29.832000,6,16,+63.251,+2.488
0 days 02:03:38.191000,6,16,+63.188,+2.458
0 days 02:03:42.312000,6,16,+63.214,+2.462
0 days 02:03:42.973000,6,16,+63.252,+2.472
0 days 02:03:47.360000,6,16,+63.279,+2.515
0 days 02:03:51.692000,6,16,+63.246,+2.535
0 days 02:03:52.867000,6,16,+63.218,+2.535
0 days 02:03:55.054000,6,16,+63.221,+2.480
0 days 02:04:00.178000,6,16,+63.429,+2.467
0 days 02:04:05.555000,6,16,+63.379,+2.455
0 days 02:04:09.911000,6,16,+63.417,+2.449
0 days 02:04:12.811000,6,16,+63.415,+2.457
0 days 02:04:19.867000,6,16,+63.455,+2.424
0 days 02:04:23.594000,6,16,+63.474,+2.434
0 days 02:04:27.692000,6,16,+63.621,+2.483
0 days 02:04:33.288000,6,16,+63.724,+2.438
0 days 02:04:38.058000,6,16,+63.706,+2.462
0 days 02:04:42.042000,6,16,+63.730,+2.483
0 days 02:04:48.433000,6,16,+63.994,+2.628
0 days 02:04:53.637000,6,16,+63.984,+2.530
0 days 02:04:57.980000,6,16,+63.970,+2.477
0 days 02:05:02.741000,6,16,+63.962,+2.475
0 days 02:05:06.592000,6,16,+63.958,+2.480
0 days 02:05:14.905000,6,16,+63.916,+2.242
0 days 02:05:18.840000,6,16,+63.942,+2.236
0 days 02:05:19.721000,6,16,+63.970,+2.239
0 days 02:05:24.061000,6,16,+64.000,+2.269
0 days 02:05:28.411000,6,16,+63.974,+2.286
0 days 02:05:29.588000,6,16,+63.953,+2.281
0 days 02:05:31.767000,6,16,+63.974,+2.193
0 days 02:05:36.966000,6,16,+64.216,+2.254
0 days 02:05:42.365000,6,16,+64.106,+2.205
0 days 02:05:46.684000,6,16,+64.181,+2.233
0 days 02:05:49.566000,6,16,+64.198,+2.254
0 days 02:05:56.685000,6,16,+64.250,+2.221
0 days 02:06:00.389000,6,16,+64.257,+2.231
0 days 02:06:04.466000,6,16,+64.470,+2.302
0 days 02:06:09.997000,6,16,+64.497,+2.157
0 days 02:06:14.840000,6,16,+64.475,+2.121
0 days 02:06:18.704000,6,16,+64.460,+2.121
0 days 02:06:24.889000,6,16,+64.637,+2.142
0 days 02:06:30.112000,6,16,+64.539,+1.974
0 days 02:06:34.423000,6,16,+64.506,+1.928
0 days 02:06:39.240000,6,16,+64.493,+1.976
0 days 02:06:43.040000,6,16,+64.484,+2.164
0 days 02:06:51.392000,6,16,+64.444,+2.056
0 days 02:06:55.342000,6,16,+64.462,+2.035
0 days 02:06:56.294000,6,16,+64.494,+2.014
0 days 02:07:00.640000,6,16,+64.474,+2.037
0 days 02:07:04.904000,6,16,+64.423,+2.197
0 days 02:07:06.129000,6,16,+64.402,+2.260
0 days 02:07:08.267000,6,16,+64.395,+2.084
0 days 02:07:13.498000,6,16,+64.668,+2.349
0 days 02:07:18.857000,6,16,+64.468,+1.894
0 days 02:07:23.094000,6,16,+64.516,+1.919
0 days 02:07:26.048000,6,16,+64.524,+1.924
0 days 02:07:33.182000,6,16,+64.579,+1.773
0 days 02:07:36.841000,6,16,+64.561,+1.757
0 days 02:07:40.893000,6,16,+64.734,+1.783
0 days 02:07:46.521000,6,16,+64.742,+1.720
0 days 02:07:51.256000,6,16,+64.727,+1.717
0 days 02:07:55.228000,6,16,+64.732,+1.731
0 days 02:08:01.519000,6,16,+64.919,+1.732
0 days 02:08:06.710000,6,16,+64.849,+1.616
0 days 02:08:11.024000,6,16,+64.819,+1.572
0 days 02:08:15.795000,6,16,+64.773,+1.592
0 days 02:08:19.521000,6,16,+64.702,+1.714
0 days 02:08:27.906000,6,16,+64.685,+1.576
0 days 02:08:31.897000,6,16,+64.704,+1.561
0 days 02:08:32.712000,6,16,+64.723,+1.546
0 days 02:08:37.136000,6,16,+64.727,+1.576
0 days 02:08:41.456000,6,16,+64.662,+1.724
0 days 02:08:42.800000,6,16,+64.624,+1.770
0 days 02:08:44.797000,6,16,+64.604,+1.544
0 days 02:08:50.142000,6,16,+64.881,+1.771
0 days 02:08:55.467000,6,16,+64.764,+1.553
0 days 02:08:59.767000,6,16,+64.785,+1.613
0 days 02:09:02.704000,6,16,+64.786,+1.630
0 days 02:09:09.860000,6,16,+64.868,+1.501
0 days 02:09:13.716000,6,16,+64.863,+1.534
0 days 02:09:17.746000,6,16,+65.089,+1.652
0 days 02:09:23.656000,6,16,+65.288,+1.723
0 days 02:09:28.267000,6,16,+65.272,+1.641
0 days 02:09:32.169000,6,16,+65.264,+1.656
0 days 02:09:38.513000,6,16,+65.431,+1.561
0 days 02:09:43.811000,6,16,+65.450,+1.680
0 days 02:09:48.117000,6,16,+65.476,+1.683
0 days 02:09:52.912000,6,16,+65.468,+1.782
0 days 02:09:56.724000,6,16,+65.453,+1.868
0 days 02:10:05.168000,6,16,+65.524,+1.417
0 days 02:10:09.286000,6,16,+65.561,+1.379
0 days 02:10:09.985000,6,16,+65.606,+1.354
0 days 02:10:14.594000,6,16,+65.643,+1.268
0 days 02:10:18.777000,6,16,+65.585,+1.349
0 days 02:10:19.927000,6,16,+65.557,+1.370
0 days 02:10:22.164000,6,16,+65.607,+1.321
0 days 02:10:27.384000,6,16,+65.788,+1.190
0 days 02:10:32.723000,6,16,+65.507,+1.004
0 days 02:10:36.987000,6,16,+65.538,+1.034
0 days 02:10:40.017000,6,16,+65.557,+1.008
0 days 02:10:47.070000,6,16,+65.591,+0.884
0 days 02:10:50.788000,6,16,+65.560,+0.838
0 days 02:10:54.824000,6,16,+65.743,+1.042
0 days 02:11:00.615000,6,16,+66.004,+1.111
0 days 02:11:05.394000,6,16,+65.964,+0.969
0 days 02:11:09.390000,6,16,+65.977,+0.924
0 days 02:11:15.699000,6,16,+66.143,+0.982
0 days 02:11:21.031000,6,16,+66.201,+0.926
0 days 02:11:25.366000,6,16,+66.202,+0.899
0 days 02:11:30.112000,6,16,+66.150,+0.842
0 days 02:11:33.868000,6,16,+66.079,+0.701
0 days 02:11:42.315000,6,16,+66.119,+0.507
0 days 02:11:46.277000,6,16,+66.171,+0.460
0 days 02:11:47.171000,6,16,+66.261,+0.499
0 days 02:11:51.595000,6,16,+66.219,+0.522
0 days 02:11:55.772000,6,16,+65.981,+0.279
0 days 02:11:56.813000,6,16,+65.892,+0.166
0 days 02:11:59.195000,6,16,+66.106,+0.339
0 days 02:12:04.390000,6,16,+66.179,+0.560
0 days 02:12:09.988000,6,16,+66.283,+0.582
0 days 02:12:14.405000,6,16,+66.323,+0.605
0 days 02:12:17.252000,6,16,+66.316,+0.564
0 days 02:12:24.321000,6,16,+66.328,+0.452
0 days 02:12:28.095000,6,16,+66.308,+0.426
0 days 02:12:32.115000,6,16,+66.352,+0.609
0 days 02:12:37.743000,6,16,+66.411,+0.625
0 days 02:12:42.587000,6,16,+66.453,+0.592
0 days 02:12:46.536000,6,16,+66.449,+0.563
0 days 02:12:52.911000,6,16,+66.651,+0.594
0 days 02:12:58.129000,6,16,+66.595,+0.506
0 days 02:13:02.400000,6,16,+66.575,+0.453
0 days 02:13:07.082000,6,16,+66.441,+0.318
0 days 02:13:10.689000,6,16,+66.199,+0.050
0 days 02:13:20.344000,6,16,+67.443,+0.394
0 days 02:13:24.495000,6,16,+67.647,+0.450
0 days 02:13:25.395000,6,16,+67.769,+0.473
0 days 02:13:30.122000,6,16,+68.145,+0.777
0 days 02:13:34.358000,6,16,+67.994,+0.618
0 days 02:13:35.528000,6,16,+67.948,+0.551
0 days 02:13:37.877000,6,16,+68.144,+0.709
0 days 02:13:43.070000,6,16,+68.326,+0.783
0 days 02:13:48.616000,6,16,+68.315,+0.883
0 days 02:13:52.996000,6,16,+68.338,+0.964
0 days 02:13:55.899000,6,16,+68.345,+0.931
0 days 02:14:02.998000,6,16,+68.491,+0.821
0 days 02:14:06.770000,6,16,+68.499,+0.779
0 days 02:14:10.696000,6,16,+68.507,+0.907
0 days 02:14:16.300000,6,16,+68.573,+0.827
0 days 02:14:21.091000,6,16,+68.478,+0.750
0 days 02:14:24.947000,6,16,+68.412,+0.718
0 days 02:14:31.343000,6,16,+68.621,+0.733
0 days 02:14:36.590000,6,16,+68.592,+0.440
0 days 02:14:40.944000,6,16,+68.621,+0.433
0 days 02:14:45.798000,6,16,+68.496,+0.380
0 days 02:14:49.170000,6,16,+68.218,+0.097
0 days 02:14:57.735000,6,15,+68.218,+0.097
0 days 02:14:57.837000,6,15,+68.505,+0.363
0 days 02:15:01.808000,6,15,+68.590,+0.377
0 days 02:15:02.873000,6,15,+68.748,+0.509
0 days 02:15:07.224000,6,15,+68.781,+0.585
0 days 02:15:11.445000,6,15,+68.642,+0.409
0 days 02:15:12.646000,6,15,+68.610,+0.345
0 days 02:15:14.930000,6,15,+68.763,+0.440
0 days 02:15:20.048000,6,15,+68.906,+0.552
0 days 02:15:25.660000,6,15,+68.932,+0.624
0 days 02:15:29.930000,6,15,+68.958,+0.738
0 days 02:15:32.836000,6,15,+68.950,+0.681
0 days 02:15:39.992000,6,15,+69.040,+0.653
0 days 02:15:43.690000,6,15,+69.049,+0.660
0 days 02:15:47.616000,6,15,+69.063,+0.793
0 days 02:15:53.198000,6,15,+69.102,+0.795
0 days 02:15:57.989000,6,15,+69.116,+0.756
0 days 02:16:01.911000,6,15,+69.112,+0.695
0 days 02:16:08.207000,6,15,+69.225,+0.839
0 days 02:16:13.470000,6,15,+69.206,+0.761
0 days 02:16:17.771000,6,15,+69.230,+0.752
0 days 02:16:22.579000,6,15,+69.177,+0.687
0 days 02:16:26.316000,6,15,+69.113,+0.593
0 days 02:16:34.691000,6,15,+69.163,+0.532
0 days 02:16:38.621000,6,15,+69.202,+0.509
0 days 02:16:39.554000,6,15,+69.278,+0.559
0 days 02:16:43.945000,6,15,+69.314,+0.615
0 days 02:16:48.138000,6,15,+69.195,+0.447
0 days 02:16:49.287000,6,15,+69.157,+0.373
0 days 02:16:51.571000,6,15,+69.290,+0.446
0 days 02:16:56.801000,6,15,+69.511,+0.725
0 days 02:17:02.172000,6,15,+69.336,+0.634
0 days 02:17:06.471000,6,15,+69.345,+0.690
0 days 02:17:09.347000,6,15,+69.327,+0.616
0 days 02:17:16.493000,6,15,+69.417,+0.536
0 days 02:17:20.199000,6,15,+69.390,+0.505
0 days 02:17:24.018000,6,15,+69.353,+0.511
0 days 02:17:29.771000,6,15,+69.682,+0.765
0 days 02:17:34.607000,6,15,+69.696,+0.740
0 days 02:17:38.545000,6,15,+69.717,+0.688
0 days 02:17:44.887000,6,15,+69.871,+0.791
0 days 02:17:50.183000,6,15,+69.898,+0.727
0 days 02:17:54.497000,6,15,+69.927,+0.589
0 days 02:17:59.215000,6,15,+69.841,+0.454
0 days 02:18:02.810000,6,15,+69.625,+0.204
0 days 02:18:11.567000,6,15,+70.079,+0.193
0 days 02:18:15.690000,6,15,+70.247,+0.238
0 days 02:18:16.656000,6,15,+70.378,+0.361
0 days 02:18:21.191000,6,15,+70.506,+0.492
0 days 02:18:25.249000,6,15,+70.322,+0.230
0 days 02:18:26.345000,6,15,+70.248,+0.109
0 days 02:18:28.771000,6,15,+70.535,+0.102
0 days 02:18:34.016000,6,15,+70.816,+0.361
0 days 02:18:39.720000,6,15,+70.898,+0.403
0 days 02:18:44.025000,6,15,+70.966,+0.493
0 days 02:18:47.026000,6,15,+71.010,+0.443
0 days 02:18:54.123000,6,15,+71.069,+0.381
0 days 02:18:57.843000,6,15,+71.041,+0.347
0 days 02:19:01.867000,6,15,+71.077,+0.385
0 days 02:19:07.475000,6,15,+71.335,+0.508
0 days 02:19:12.331000,6,15,+71.226,+0.457
0 days 02:19:16.493000,6,15,+71.204,+0.394
0 days 02:19:22.618000,6,15,+71.433,+0.429
0 days 02:19:27.982000,6,15,+71.360,+0.565
0 days 02:19:32.261000,6,15,+71.354,+0.544
0 days 02:19:36.952000,6,15,+71.317,+0.430
0 days 02:19:40.620000,6,15,+71.294,+0.191
0 days 02:19:49.231000,6,15,+71.661,+0.132
0 days 02:19:53.200000,6,15,+71.796,+0.175
0 days 02:19:54.160000,6,15,+71.954,+0.262
0 days 02:19:58.873000,6,15,+72.291,+0.497
0 days 02:20:03.067000,6,15,+72.179,+0.297
0 days 02:20:04.235000,6,15,+72.118,+0.177
0 days 02:20:06.616000,6,15,+72.390,+0.378
0 days 02:20:12.110000,6,15,+72.988,+0.840
0 days 02:20:17.636000,6,15,+72.949,+0.807
0 days 02:20:21.861000,6,15,+72.974,+0.825
0 days 02:20:24.798000,6,15,+72.999,+0.762
0 days 02:20:31.911000,6,15,+73.113,+0.683
0 days 02:20:35.647000,6,15,+73.117,+0.678
0 days 02:20:39.598000,6,15,+73.216,+0.819
0 days 02:20:45.246000,6,15,+73.391,+0.946
0 days 02:20:49.972000,6,15,+73.344,+0.876
0 days 02:20:53.950000,6,15,+73.353,+0.822
0 days 02:21:00.361000,6,15,+73.662,+1.032
0 days 02:21:05.673000,6,15,+73.690,+1.033
0 days 02:21:09.918000,6,15,+73.693,+1.025
0 days 02:21:14.668000,6,15,+73.671,+0.983
0 days 02:21:18.472000,6,15,+73.653,+0.853
0 days 02:21:27.007000,6,15,+73.814,+0.869
0 days 02:21:30.936000,6,15,+73.861,+0.789
0 days 02:21:31.773000,6,15,+73.925,+0.817
0 days 02:21:36.188000,6,15,+73.960,+0.800
0 days 02:21:40.464000,6,15,+73.946,+0.690
0 days 02:21:41.716000,6,15,+73.931,+0.619
0 days 02:21:43.940000,6,15,+74.099,+0.688
0 days 02:21:48.978000,6,15,+74.193,+0.669
0 days 02:21:54.516000,6,15,+74.105,+0.747
0 days 02:21:58.820000,6,15,+74.146,+0.807
0 days 02:22:01.792000,6,15,+74.176,+0.729
0 days 02:22:08.928000,6,15,+74.253,+0.703
0 days 02:22:12.562000,6,15,+74.238,+0.676
0 days 02:22:16.392000,6,15,+74.232,+0.733
0 days 02:22:22.073000,6,15,+74.444,+0.915
0 days 02:22:26.873000,6,15,+74.356,+0.960
0 days 02:22:30.818000,6,15,+74.355,+0.900
0 days 02:22:37.094000,6,15,+74.450,+0.980
0 days 02:22:42.418000,6,15,+74.455,+0.973
0 days 02:22:46.653000,6,15,+74.453,+0.961
0 days 02:22:51.402000,6,15,+74.412,+0.889
0 days 02:22:55.062000,6,15,+74.271,+0.644
0 days 02:23:03.499000,6,15,+74.288,+0.617
0 days 02:23:07.390000,6,15,+74.314,+0.542
0 days 02:23:08.428000,6,15,+74.377,+0.593
0 days 02:23:12.647000,6,15,+74.356,+0.599
0 days 02:23:16.877000,6,15,+74.135,+0.373
0 days 02:23:17.947000,6,15,+74.049,+0.253
0 days 02:23:20.216000,6,15,+74.176,+0.372
0 days 02:23:25.293000,6,15,+74.374,+0.472
0 days 02:23:30.801000,6,15,+74.287,+0.535
0 days 02:23:35.062000,6,15,+74.286,+0.560
0 days 02:23:38.020000,6,15,+74.277,+0.497
0 days 02:23:45.114000,6,15,+74.342,+0.434
0 days 02:23:48.805000,6,15,+74.322,+0.399
0 days 02:23:52.599000,6,15,+74.258,+0.422
0 days 02:23:58.262000,6,15,+74.442,+0.572
0 days 02:24:03.022000,6,15,+74.451,+0.552
0 days 02:24:06.969000,6,15,+74.458,+0.506
0 days 02:24:13.247000,6,15,+74.661,+0.540
0 days 02:24:18.593000,6,15,+74.767,+0.702
0 days 02:24:22.867000,6,15,+74.754,+0.681
0 days 02:24:27.530000,6,15,+74.635,+0.561
0 days 02:24:31.175000,6,15,+74.483,+0.340
0 days 02:24:39.851000,6,15,+74.664,+0.370
0 days 02:24:43.649000,6,15,+74.702,+0.321
0 days 02:24:44.552000,6,15,+74.805,+0.409
0 days 02:24:48.988000,6,15,+74.911,+0.510
0 days 02:24:53.148000,6,15,+74.718,+0.285
0 days 02:24:54.330000,6,15,+74.632,+0.159
0 days 02:24:56.675000,6,15,+74.916,+0.402
0 days 02:25:01.900000,6,15,+75.177,+0.461
0 days 02:25:07.551000,6,15,+75.374,+0.582
0 days 02:25:11.774000,6,15,+75.405,+0.568
0 days 02:25:14.775000,6,15,+75.468,+0.577
0 days 02:25:21.993000,6,15,+75.652,+0.554
0 days 02:25:25.674000,6,15,+75.672,+0.544
0 days 02:25:29.574000,6,15,+75.623,+0.581
0 days 02:25:35.094000,6,15,+75.752,+0.679
0 days 02:25:39.810000,6,15,+75.689,+0.687
0 days 02:25:43.712000,6,15,+75.700,+0.632
0 days 02:25:49.980000,6,15,+75.828,+0.710
0 days 02:25:55.417000,6,15,+75.927,+0.762
0 days 02:25:59.586000,6,15,+75.930,+0.744
0 days 02:26:04.324000,6,15,+75.848,+0.653
0 days 02:26:07.914000,6,15,+75.648,+0.398
0 days 02:26:16.370000,6,15,+75.758,+0.308
0 days 02:26:20.324000,6,15,+75.847,+0.318
0 days 02:26:21.278000,6,15,+75.983,+0.440
0 days 02:26:25.752000,6,15,+76.073,+0.463
0 days 02:26:29.823000,6,15,+75.871,+0.230
0 days 02:26:30.969000,6,15,+75.783,+0.107
0 days 02:26:33.231000,6,15,+75.879,+0.047
0 days 02:26:38.400000,6,15,+76.097,+0.279
0 days 02:26:44.217000,6,15,+76.434,+0.413
0 days 02:26:48.455000,6,15,+76.380,+0.435
0 days 02:26:51.548000,6,15,+76.499,+0.496
0 days 02:26:58.794000,6,15,+76.759,+0.543
0 days 02:27:02.488000,6,15,+76.753,+0.545
0 days 02:27:06.324000,6,15,+76.769,+0.578
0 days 02:27:11.901000,6,15,+77.003,+0.662
0 days 02:27:16.634000,6,15,+76.946,+0.622
0 days 02:27:20.616000,6,15,+76.937,+0.588
0 days 02:27:26.875000,6,15,+77.061,+0.544
0 days 02:27:32.222000,6,15,+77.242,+0.566
0 days 02:27:36.521000,6,15,+77.244,+0.503
0 days 02:27:41.170000,6,15,+77.148,+0.391
0 days 02:27:44.853000,6,15,+76.936,+0.139
0 days 02:27:53.476000,6,15,+77.284,+0.218
0 days 02:27:57.522000,6,15,+77.380,+0.276
0 days 02:27:58.450000,6,15,+77.537,+0.417
0 days 02:28:02.915000,6,15,+77.662,+0.501
0 days 02:28:07.084000,6,15,+77.478,+0.295
0 days 02:28:08.201000,6,15,+77.418,+0.209
0 days 02:28:10.495000,6,15,+77.591,+0.376
0 days 02:28:15.675000,6,15,+77.727,+0.519
0 days 02:28:21.165000,6,15,+77.727,+0.482
0 days 02:28:25.460000,6,15,+77.801,+0.534
0 days 02:28:28.377000,6,15,+77.819,+0.519
0 days 02:28:35.482000,6,15,+77.964,+0.533
0 days 02:28:39.235000,6,15,+77.947,+0.527
0 days 02:28:43.001000,6,15,+77.922,+0.531
0 days 02:28:48.503000,6,15,+78.023,+0.560
0 days 02:28:53.376000,6,15,+78.056,+0.548
0 days 02:28:57.293000,6,15,+78.050,+0.500
0 days 02:29:03.520000,6,15,+78.096,+0.630
0 days 02:29:08.865000,6,15,+78.091,+0.602
0 days 02:29:13.113000,6,15,+78.091,+0.587
0 days 02:29:17.839000,6,15,+78.020,+0.499
0 days 02:29:21.550000,6,15,+77.815,+0.256
0 days 02:29:29.755000,6,15,+77.743,+0.087
0 days 02:29:33.806000,6,15,+77.845,+0.167
0 days 02:29:34.740000,6,15,+77.925,+0.226
0 days 02:29:39.517000,6,15,+78.114,+0.301
0 days 02:29:43.502000,6,15,+77.906,+0.075
0 days 02:29:44.598000,6,14,+77.906,+0.075
0 days 02:29:44.676000,6,14,+77.833,+1.840
0 days 02:29:46.767000,6,14,+77.804,+1.701
0 days 02:29:51.620000,6,15,+77.804,+1.701
0 days 02:29:51.827000,6,15,+77.839,+0.192
0 days 02:29:57.980000,6,15,+78.543,+0.220
0 days 02:30:02.049000,6,15,+78.427,+0.246
0 days 02:30:05.065000,6,15,+78.501,+0.287
0 days 02:30:12.318000,6,15,+78.614,+0.239
0 days 02:30:16.004000,6,15,+78.543,+0.154
0 days 02:30:19.917000,6,15,+78.501,+0.243
0 days 02:30:25.579000,6,15,+78.672,+0.459
0 days 02:30:30.429000,6,15,+78.651,+0.476
0 days 02:30:34.377000,6,15,+78.666,+0.471
0 days 02:30:40.696000,6,15,+78.729,+0.549
0 days 02:30:45.915000,6,15,+78.671,+0.552
0 days 02:30:50.220000,6,15,+78.661,+0.525
0 days 02:30:54.902000,6,15,+78.561,+0.429
0 days 02:30:58.476000,6,15,+78.344,+0.186
0 days 02:31:07.176000,6,15,+78.469,+0.191
0 days 02:31:11.108000,6,15,+78.413,+0.193
0 days 02:31:12.140000,6,15,+78.544,+0.308
0 days 02:31:17.050000,6,15,+78.875,+2.488
0 days 02:31:19.308000,6,14,+78.875,+2.488
0 days 00:00:03.711000,12,8,,
0 days 00:59:10,12,8,+0.802,+0.094
0 days 00:59:11.137000,12,8,+0.697,+0.089
0 days 00:59:13.864000,12,8,+1.020,+0.250
0 days 00:59:19.547000,12,8,+1.718,+0.211
0 days 00:59:25.254000,12,7,+1.718,+0.211
0 days 00:59:25.338000,12,7,+2.103,+0.396
0 days 00:59:29.498000,12,7,+2.123,+0.404
0 days 00:59:32.501000,12,7,+2.074,+0.330
0 days 00:59:40.039000,12,7,+2.463,+0.214
0 days 00:59:43.974000,12,7,+2.477,+0.257
0 days 00:59:47.870000,12,7,+2.643,+0.316
0 days 00:59:54.164000,12,7,+3.299,+0.419
0 days 00:59:59.026000,12,7,+3.726,+0.472
0 days 01:00:03.058000,12,7,+3.807,+0.465
0 days 01:00:09.567000,12,7,+4.225,+0.530
0 days 01:00:14.916000,12,7,+4.431,+0.598
0 days 01:00:19.256000,12,7,+4.461,+0.636
0 days 01:00:24.064000,12,7,+4.367,+0.637
0 days 01:00:27.893000,12,7,+4.282,+0.640
0 days 01:00:36.638000,12,7,+4.542,+0.647
0 days 01:00:40.599000,12,7,+4.552,+0.726
0 days 01:00:41.601000,12,7,+4.584,+0.739
0 days 01:00:46.102000,12,7,+4.664,+0.759
0 days 01:00:50.660000,12,7,+4.436,+0.756
0 days 01:00:51.739000,12,7,+4.335,+0.731
0 days 01:00:54.123000,12,7,+4.373,+0.561
0 days 01:00:59.564000,12,7,+4.716,+0.833
0 days 01:01:04.855000,12,7,+4.688,+0.670
0 days 01:01:09.112000,12,7,+4.765,+0.620
0 days 01:01:12.053000,12,7,+4.740,+0.626
0 days 01:01:19.354000,12,7,+4.946,+0.697
0 days 01:01:23.164000,12,7,+4.957,+0.722
0 days 01:01:27.284000,12,7,+5.027,+0.596
0 days 01:01:33.283000,12,7,+5.347,+0.630
0 days 01:01:38.049000,12,7,+5.457,+0.666
0 days 01:01:42.065000,12,7,+5.494,+0.680
0 days 01:01:48.433000,12,7,+5.723,+0.774
0 days 01:01:53.767000,12,7,+5.779,+0.783
0 days 01:01:58.158000,12,7,+5.745,+0.797
0 days 01:02:02.958000,12,7,+5.650,+0.808
0 days 01:02:06.583000,12,7,+5.430,+0.822
0 days 01:02:14.987000,12,7,+5.440,+0.795
0 days 01:02:19.232000,12,7,+5.436,+0.787
0 days 01:02:19.966000,12,7,+5.447,+0.783
0 days 01:02:24.491000,12,7,+5.460,+0.802
0 days 01:02:28.732000,12,7,+5.210,+0.806
0 days 01:02:29.856000,12,7,+5.125,+0.720
0 days 01:02:32.216000,12,7,+5.225,+0.506
0 days 01:02:37.675000,12,7,+5.693,+0.776
0 days 01:02:43.175000,12,7,+5.686,+0.788
0 days 01:02:47.463000,12,7,+5.781,+0.774
0 days 01:02:50.527000,12,7,+5.767,+0.783
0 days 01:02:57.724000,12,7,+5.812,+0.822
0 days 01:03:01.489000,12,7,+5.820,+0.833
0 days 01:03:05.634000,12,7,+5.789,+0.684
0 days 01:03:11.642000,12,7,+6.058,+0.739
0 days 01:03:16.439000,12,7,+6.254,+0.795
0 days 01:03:20.499000,12,7,+6.314,+0.829
0 days 01:03:26.908000,12,7,+6.476,+0.978
0 days 01:03:32.321000,12,7,+6.567,+1.005
0 days 01:03:36.739000,12,7,+6.569,+1.022
0 days 01:03:41.528000,12,7,+6.489,+1.017
0 days 01:03:45.189000,12,7,+6.289,+1.027
0 days 01:03:53.576000,12,7,+6.260,+0.976
0 days 01:03:57.627000,12,7,+6.261,+1.007
0 days 01:03:58.439000,12,7,+6.265,+1.034
0 days 01:04:02.932000,12,7,+6.274,+1.003
0 days 01:04:07.231000,12,7,+6.031,+1.006
0 days 01:04:08.366000,12,7,+5.941,+0.947
0 days 01:04:10.695000,12,7,+5.983,+0.729
0 days 01:04:16.128000,12,7,+6.244,+0.912
0 days 01:04:21.586000,12,7,+6.217,+0.941
0 days 01:04:25.967000,12,7,+6.299,+0.954
0 days 01:04:29.019000,12,7,+6.306,+0.996
0 days 01:04:36.265000,12,7,+6.454,+1.063
0 days 01:04:40.076000,12,7,+6.500,+1.091
0 days 01:04:44.186000,12,7,+6.474,+0.857
0 days 01:04:50.145000,12,7,+6.652,+0.884
0 days 01:04:54.982000,12,7,+6.849,+0.944
0 days 01:04:59.059000,12,7,+6.930,+1.009
0 days 01:05:05.417000,12,7,+7.139,+1.108
0 days 01:05:10.840000,12,7,+7.198,+1.090
0 days 01:05:15.231000,12,7,+7.193,+1.122
0 days 01:05:20.079000,12,7,+7.152,+1.115
0 days 01:05:23.848000,12,7,+7.119,+1.105
0 days 01:05:32.418000,12,7,+7.323,+1.225
0 days 01:05:36.466000,12,7,+7.329,+1.267
0 days 01:05:37.340000,12,7,+7.304,+1.282
0 days 01:05:41.795000,12,7,+7.294,+1.213
0 days 01:05:46.215000,12,7,+7.223,+1.209
0 days 01:05:47.436000,12,7,+7.208,+1.217
0 days 01:05:49.831000,12,7,+7.161,+1.060
0 days 01:05:55.099000,12,7,+7.347,+1.129
0 days 01:06:00.562000,12,7,+7.364,+1.082
0 days 01:06:04.918000,12,7,+7.457,+1.069
0 days 01:06:04.920000,12,7,+7.364,+1.082
0 days 01:06:04.920000,12,7,+7.457,+1.069
0 days 01:06:07.907000,12,7,+7.444,+1.067
0 days 01:06:15.204000,12,7,+7.535,+1.142
0 days 01:06:18.998000,12,7,+7.522,+1.170
0 days 01:06:23.314000,12,7,+7.535,+1.002
0 days 01:06:29.071000,12,7,+7.636,+0.950
0 days 01:06:33.971000,12,7,+7.793,+0.988
0 days 01:06:38.010000,12,7,+7.801,+0.987
0 days 01:06:44.345000,12,7,+7.975,+1.026
0 days 01:06:49.769000,12,7,+8.054,+1.059
0 days 01:06:54.146000,12,7,+8.076,+1.090
0 days 01:06:58.983000,12,7,+8.046,+1.080
0 days 01:07:02.744000,12,7,+8.010,+1.059
0 days 01:07:11.241000,12,7,+8.031,+1.056
0 days 01:07:15.260000,12,7,+8.008,+1.075
0 days 01:07:16.038000,12,7,+7.974,+1.073
0 days 01:07:20.588000,12,7,+8.009,+1.115
0 days 01:07:24.989000,12,7,+7.934,+1.112
0 days 01:07:26.168000,12,7,+7.898,+1.099
0 days 01:07:28.467000,12,7,+7.906,+0.939
0 days 01:07:33.882000,12,7,+8.210,+1.052
0 days 01:07:39.459000,12,7,+8.339,+1.105
0 days 01:07:43.800000,12,7,+8.406,+1.132
0 days 01:07:46.825000,12,7,+8.397,+1.142
0 days 01:07:54.063000,12,7,+8.444,+1.194
0 days 01:07:57.869000,12,7,+8.465,+1.219
0 days 01:08:01.985000,12,7,+8.603,+1.083
0 days 01:08:07.909000,12,7,+8.762,+0.970
0 days 01:08:12.797000,12,7,+8.936,+1.054
0 days 01:08:16.869000,12,7,+8.989,+1.076
0 days 01:08:23.194000,12,7,+9.187,+1.149
0 days 01:08:28.661000,12,7,+9.322,+1.207
0 days 01:08:33.068000,12,7,+9.329,+1.215
0 days 01:08:37.867000,12,7,+9.281,+1.190
0 days 01:08:41.642000,12,7,+9.229,+1.154
0 days 01:08:50.121000,12,7,+9.362,+1.185
0 days 01:08:54.242000,12,7,+9.392,+1.231
0 days 01:08:55.070000,12,7,+9.386,+1.260
0 days 01:08:59.477000,12,7,+9.381,+1.247
0 days 01:09:03.938000,12,7,+9.303,+1.222
0 days 01:09:05.086000,12,7,+9.267,+1.207
0 days 01:09:07.316000,12,7,+9.191,+1.016
0 days 01:09:12.719000,12,7,+9.495,+1.235
0 days 01:09:18.349000,12,7,+9.510,+1.267
0 days 01:09:22.743000,12,7,+9.643,+1.348
0 days 01:09:25.770000,12,7,+9.638,+1.359
0 days 01:09:32.994000,12,7,+9.788,+1.474
0 days 01:09:36.868000,12,7,+9.826,+1.511
0 days 01:09:40.961000,12,7,+9.787,+1.296
0 days 01:09:46.726000,12,7,+9.836,+1.085
0 days 01:09:51.759000,12,7,+9.919,+1.170
0 days 01:09:55.770000,12,7,+9.926,+1.203
0 days 01:10:02.178000,12,7,+10.183,+1.317
0 days 01:10:07.632000,12,7,+10.278,+1.379
0 days 01:10:12.042000,12,7,+10.313,+1.398
0 days 01:10:16.817000,12,7,+10.283,+1.381
0 days 01:10:20.594000,12,7,+10.253,+1.360
0 days 01:10:29.098000,12,7,+10.435,+1.461
0 days 01:10:33.143000,12,7,+10.453,+1.490
0 days 01:10:34.001000,12,7,+10.450,+1.500
0 days 01:10:38.442000,12,7,+10.448,+1.520
0 days 01:10:42.988000,12,7,+10.386,+1.509
0 days 01:10:44.108000,12,7,+10.355,+1.494
0 days 01:10:46.331000,12,7,+10.295,+1.306
0 days 01:10:51.796000,12,7,+10.612,+1.509
0 days 01:10:57.287000,12,7,+10.630,+1.490
0 days 01:11:01.700000,12,7,+10.722,+1.549
0 days 01:11:04.738000,12,7,+10.708,+1.557
0 days 01:11:11.997000,12,7,+10.772,+1.637
0 days 01:11:15.778000,12,7,+10.806,+1.661
0 days 01:11:19.853000,12,7,+10.742,+1.421
0 days 01:11:25.731000,12,7,+10.872,+1.277
0 days 01:11:30.733000,12,7,+11.060,+1.393
0 days 01:11:34.869000,12,7,+11.144,+1.438
0 days 01:11:41.288000,12,7,+11.346,+1.545
0 days 01:11:46.770000,12,7,+11.393,+1.556
0 days 01:11:51.262000,12,7,+11.408,+1.591
0 days 01:11:55.993000,12,7,+11.382,+1.586
0 days 01:11:59.932000,12,7,+11.350,+1.576
0 days 01:12:08.169000,12,7,+11.348,+1.587
0 days 01:12:12.244000,12,7,+11.358,+1.639
0 days 01:12:13.044000,12,7,+11.347,+1.681
0 days 01:12:17.591000,12,7,+11.373,+1.554
0 days 01:12:21.974000,12,7,+11.295,+1.517
0 days 01:12:23.284000,12,7,+11.257,+1.497
0 days 01:12:25.443000,12,7,+11.225,+1.300
0 days 01:12:30.912000,12,7,+11.455,+1.449
0 days 01:12:36.487000,12,7,+11.493,+1.453
0 days 01:12:40.887000,12,7,+11.589,+1.487
0 days 01:12:43.929000,12,7,+11.577,+1.500
0 days 01:12:51.217000,12,7,+11.693,+1.686
0 days 01:12:55.086000,12,7,+11.733,+1.728
0 days 01:12:59.185000,12,7,+11.748,+1.571
0 days 01:13:05.162000,12,7,+11.917,+1.473
0 days 01:13:10.073000,12,7,+12.073,+1.528
0 days 01:13:14.139000,12,7,+12.109,+1.545
0 days 01:13:20.499000,12,7,+12.350,+1.552
0 days 01:13:26.094000,12,7,+12.463,+1.588
0 days 01:13:30.503000,12,7,+12.480,+1.632
0 days 01:13:35.291000,12,7,+12.454,+1.625
0 days 01:13:39.070000,12,7,+12.424,+1.611
0 days 01:13:47.538000,12,7,+12.486,+1.642
0 days 01:13:51.580000,12,7,+12.475,+1.664
0 days 01:13:52.396000,12,7,+12.468,+1.675
0 days 01:13:56.870000,12,7,+12.458,+1.609
0 days 01:14:01.270000,12,7,+12.390,+1.576
0 days 01:14:02.544000,12,7,+12.344,+1.562
0 days 01:14:04.744000,12,7,+12.339,+1.468
0 days 01:14:10.270000,12,7,+12.722,+1.526
0 days 01:14:15.796000,12,7,+12.762,+1.663
0 days 01:14:20.256000,12,7,+12.865,+1.728
0 days 01:14:23.246000,12,7,+12.864,+1.744
0 days 01:14:30.493000,12,7,+12.896,+1.801
0 days 01:14:34.294000,12,7,+12.899,+1.829
0 days 01:14:38.423000,12,7,+12.928,+1.624
0 days 01:14:44.344000,12,7,+12.980,+1.557
0 days 01:14:49.245000,12,7,+13.132,+1.614
0 days 01:14:53.344000,12,7,+13.176,+1.638
0 days 01:14:59.774000,12,7,+13.440,+1.674
0 days 01:15:05.293000,12,7,+13.552,+1.692
0 days 01:15:09.640000,12,7,+13.566,+1.712
0 days 01:15:14.444000,12,7,+13.528,+1.693
0 days 01:15:18.221000,12,7,+13.495,+1.673
0 days 01:15:26.695000,12,7,+13.636,+1.758
0 days 01:15:30.745000,12,7,+13.639,+1.762
0 days 01:15:31.686000,12,7,+13.652,+1.770
0 days 01:15:36.071000,12,7,+13.662,+1.743
0 days 01:15:40.470000,12,7,+13.590,+1.724
0 days 01:15:41.673000,12,7,+13.552,+1.707
0 days 01:15:43.912000,12,7,+13.545,+1.492
0 days 01:15:49.345000,12,7,+13.844,+1.577
0 days 01:15:54.909000,12,7,+13.863,+1.540
0 days 01:15:59.289000,12,7,+13.943,+1.591
0 days 01:16:02.311000,12,7,+13.931,+1.608
0 days 01:16:09.547000,12,7,+13.970,+1.751
0 days 01:16:13.374000,12,7,+13.995,+1.773
0 days 01:16:17.566000,12,7,+14.136,+1.677
0 days 01:16:23.535000,12,7,+14.253,+1.564
0 days 01:16:28.472000,12,7,+14.414,+1.666
0 days 01:16:32.561000,12,7,+14.444,+1.681
0 days 01:16:38.921000,12,7,+14.647,+1.746
0 days 01:16:44.381000,12,7,+14.744,+1.803
0 days 01:16:48.823000,12,7,+14.755,+1.840
0 days 01:16:53.574000,12,7,+14.721,+1.824
0 days 01:16:57.388000,12,7,+14.691,+1.804
0 days 01:17:05.909000,12,7,+14.740,+1.721
0 days 01:17:09.961000,12,7,+14.748,+1.763
0 days 01:17:10.747000,12,7,+14.727,+1.779
0 days 01:17:15.314000,12,7,+14.751,+1.802
0 days 01:17:19.682000,12,7,+14.693,+1.789
0 days 01:17:20.885000,12,7,+14.662,+1.775
0 days 01:17:23.116000,12,7,+14.592,+1.565
0 days 01:17:28.566000,12,7,+14.914,+1.658
0 days 01:17:33.991000,12,7,+14.811,+1.712
0 days 01:17:38.438000,12,7,+14.915,+1.760
0 days 01:17:41.446000,12,7,+14.914,+1.773
0 days 01:17:48.771000,12,7,+15.024,+1.877
0 days 01:17:52.646000,12,7,+15.076,+1.961
0 days 01:17:56.774000,12,7,+15.134,+2.001
0 days 01:18:02.646000,12,7,+15.205,+1.992
0 days 01:18:07.596000,12,7,+15.298,+2.064
0 days 01:18:11.643000,12,7,+15.330,+2.075
0 days 01:18:17.957000,12,7,+15.474,+2.117
0 days 01:18:23.566000,12,7,+15.677,+2.291
0 days 01:18:27.958000,12,7,+15.697,+2.330
0 days 01:18:32.775000,12,7,+15.662,+2.322
0 days 01:18:36.572000,12,7,+15.633,+2.307
0 days 01:18:45.049000,12,7,+15.785,+2.284
0 days 01:18:49.069000,12,7,+15.713,+2.247
0 days 01:18:49.668000,12,7,+15.447,+2.005
0 days 01:18:58.571000,12,8,+15.447,+2.005
0 days 01:19:05.149000,12,9,+15.447,+2.005
0 days 01:19:06.279000,12,10,+15.447,+2.005
0 days 01:19:08.247000,12,11,+15.447,+2.005
0 days 01:19:10.019000,12,12,+15.447,+2.005
0 days 01:19:16.064000,12,13,+15.447,+2.005
0 days 01:19:23.338000,12,13,+39.007,+5.982
0 days 01:19:25.902000,12,14,+39.007,+5.982
0 days 01:19:26.343000,12,14,+39.758,+0.385
0 days 01:19:31.613000,12,14,+39.896,+0.422
0 days 01:19:37.157000,12,14,+39.970,+0.597
0 days 01:19:41.472000,12,14,+39.973,+0.544
0 days 01:19:44.417000,12,14,+39.936,+0.519
0 days 01:19:51.530000,12,14,+39.906,+0.561
0 days 01:19:55.367000,12,14,+39.891,+0.559
0 days 01:19:59.523000,12,14,+40.058,+0.360
0 days 01:20:05.646000,12,14,+40.366,+0.364
0 days 01:20:10.472000,12,14,+40.332,+0.556
0 days 01:20:14.473000,12,14,+40.294,+0.588
0 days 01:20:20.821000,12,14,+40.417,+0.731
0 days 01:20:25.995000,12,14,+40.217,+0.741
0 days 01:20:30.356000,12,14,+40.144,+0.695
0 days 01:20:35.073000,12,14,+40.022,+0.577
0 days 01:20:38.702000,12,14,+39.815,+0.367
0 days 01:20:47.108000,12,14,+39.816,+0.340
0 days 01:20:51.165000,12,14,+39.843,+0.302
0 days 01:20:52.103000,12,14,+39.898,+0.334
0 days 01:20:56.522000,12,14,+39.961,+0.422
0 days 01:21:00.823000,12,14,+39.776,+0.265
0 days 01:21:01.982000,12,14,+39.710,+0.212
0 days 01:21:04.447000,12,14,+39.929,+0.245
0 days 01:21:09.943000,12,14,+40.311,+0.367
0 days 01:21:15.548000,12,14,+40.323,+0.505
0 days 01:21:19.843000,12,14,+40.319,+0.486
0 days 01:21:22.836000,12,14,+40.294,+0.451
0 days 01:21:30.049000,12,14,+40.351,+0.547
0 days 01:21:33.807000,12,14,+40.334,+0.479
0 days 01:21:38.042000,12,14,+40.591,+0.298
0 days 01:21:44.081000,12,14,+40.908,+0.333
0 days 01:21:49.002000,12,14,+41.042,+0.585
0 days 01:21:53.009000,12,14,+41.026,+0.608
0 days 01:21:59.370000,12,14,+38.112,+0.634
0 days 01:22:04.670000,12,14,+37.943,+0.679
0 days 01:22:09.036000,12,14,+37.919,+0.672
0 days 01:22:13.775000,12,14,+37.846,+0.582
0 days 01:22:17.399000,12,14,+37.662,+0.400
0 days 01:22:25.911000,12,15,+37.662,+0.400
0 days 01:22:26.249000,12,15,+38.003,+0.282
0 days 01:22:30.294000,12,15,+38.024,+0.247
0 days 01:22:31.175000,12,15,+38.113,+0.264
0 days 01:22:35.748000,12,15,+38.258,+0.281
0 days 01:22:40.025000,12,15,+37.967,+0.105
0 days 01:22:41.121000,12,15,+37.902,+0.089
0 days 01:22:43.723000,12,15,+38.372,+0.338
0 days 01:22:49.055000,12,15,+38.518,+0.442
0 days 01:22:54.858000,12,15,+38.705,+0.476
0 days 01:22:59.174000,12,15,+38.686,+0.556
0 days 01:23:02.207000,12,15,+38.675,+0.436
0 days 01:23:09.484000,12,15,+38.704,+0.595
0 days 01:23:13.237000,12,15,+38.692,+0.604
0 days 01:23:17.341000,12,15,+38.864,+0.585
0 days 01:23:23.274000,12,15,+38.948,+0.642
0 days 01:23:28.105000,12,15,+38.912,+0.652
0 days 01:23:32.189000,12,15,+38.900,+0.639
0 days 01:23:38.578000,12,15,+38.867,+0.664
0 days 01:23:43.922000,12,15,+38.893,+0.645
0 days 01:23:48.338000,12,15,+38.951,+0.649
0 days 01:23:53.076000,12,15,+38.837,+0.593
0 days 01:23:56.628000,12,15,+38.594,+0.460
0 days 01:24:05.167000,12,15,+20.516,+0.463
0 days 01:24:09.224000,12,15,+20.503,+0.467
0 days 01:24:10.137000,12,15,+20.475,+0.480
0 days 01:24:14.571000,12,15,+33.770,+0.494
0 days 01:24:18.748000,12,15,+20.263,+0.440
0 days 01:24:19.876000,12,15,+20.138,+0.410
0 days 01:24:22.227000,12,15,+20.134,+0.482
0 days 01:24:27.668000,12,15,+20.341,+0.612
0 days 01:24:33.348000,12,15,+20.420,+0.546
0 days 01:24:37.593000,12,15,+20.381,+0.615
0 days 01:24:40.577000,12,15,+20.365,+0.611
0 days 01:24:47.818000,12,15,+20.492,+0.667
0 days 01:24:51.626000,12,15,+20.510,+0.708
0 days 01:24:55.823000,12,15,+20.539,+0.666
0 days 01:25:01.650000,12,15,+20.632,+0.632
0 days 01:25:06.603000,12,15,+20.710,+0.653
0 days 01:25:10.624000,12,15,+20.701,+0.678
0 days 01:25:17.144000,12,15,+20.870,+0.640
0 days 01:25:22.545000,12,15,+20.826,+0.753
0 days 01:25:26.976000,12,15,+20.852,+0.783
0 days 01:25:31.745000,12,15,+20.743,+0.831
0 days 01:25:35.298000,12,15,+20.505,+0.881
0 days 01:25:44.031000,12,15,+20.726,+0.604
0 days 01:25:48.186000,12,15,+20.887,+0.415
0 days 01:25:49.171000,12,15,+21.009,+0.333
0 days 01:25:53.775000,12,15,+21.200,+0.261
0 days 01:25:57.916000,12,15,+20.914,+0.233
0 days 01:25:58.982000,12,15,+20.809,+0.196
0 days 01:26:01.549000,12,15,+21.000,+0.223
0 days 01:26:07.193000,12,15,+21.335,+0.384
0 days 01:26:13.003000,12,15,+21.729,+0.441
0 days 01:26:17.373000,12,15,+21.651,+0.509
0 days 01:26:20.310000,12,15,+21.632,+0.507
0 days 01:26:27.894000,12,15,+22.040,+0.677
0 days 01:26:31.705000,12,15,+22.060,+0.725
0 days 01:26:35.849000,12,15,+22.166,+0.701
0 days 01:26:41.823000,12,15,+22.308,+0.612
0 days 01:26:46.847000,12,15,+22.450,+0.596
0 days 01:26:50.827000,12,15,+22.429,+0.585
0 days 01:26:57.413000,12,15,+22.623,+0.450
0 days 01:27:02.849000,12,15,+21.888,+0.768
0 days 01:27:07.276000,12,15,+22.003,+0.827
0 days 01:27:12.008000,12,15,+21.997,+0.884
0 days 01:27:15.556000,12,15,+21.965,+0.887
0 days 01:27:24.276000,12,15,+22.418,+0.406
0 days 01:27:28.371000,12,15,+22.527,+0.382
0 days 01:27:29.252000,12,15,+22.630,+0.297
0 days 01:27:33.917000,12,15,+22.920,+0.310
0 days 01:27:38.144000,12,14,+22.920,+0.310
0 days 01:27:38.193000,12,14,+22.647,+0.275
0 days 01:27:39.245000,12,14,+22.522,+0.255
0 days 01:27:41.645000,12,14,+22.654,+0.303
0 days 01:27:47.260000,12,14,+23.125,+0.367
0 days 01:27:53.066000,12,14,+23.507,+0.234
0 days 01:27:57.402000,12,14,+23.493,+0.025
0 days 01:28:00.376000,12,14,+23.522,+0.075
0 days 01:28:08.174000,12,14,+24.207,+0.221
0 days 01:28:11.977000,12,14,+24.240,+0.202
0 days 01:28:16.195000,12,14,+24.476,+0.343
0 days 01:28:22.249000,12,14,+24.838,+0.245
0 days 01:28:27.476000,12,14,+25.253,+0.303
0 days 01:28:31.551000,12,14,+25.305,+0.300
0 days 01:28:38.051000,12,14,+25.763,+0.400
0 days 01:28:43.617000,12,14,+25.915,+0.323
0 days 01:28:48.024000,12,14,+25.993,+0.337
0 days 01:28:52.763000,12,14,+25.863,+0.206
0 days 01:28:56.243000,12,13,+25.863,+0.206
0 days 01:28:56.330000,12,13,+25.621,+2.711
0 days 01:29:04.779000,12,13,+25.806,+2.751
0 days 01:29:08.839000,12,13,+25.826,+2.766
0 days 01:29:09.751000,12,13,+25.866,+2.754
0 days 01:29:14.213000,12,13,+25.979,+2.801
0 days 01:29:18.525000,12,12,+25.979,+2.801
0 days 01:29:18.605000,12,12,+25.923,+2.909
0 days 01:29:19.795000,12,12,+25.864,+2.928
0 days 01:29:22.124000,12,12,+25.862,+2.852
0 days 01:29:27.278000,12,12,+26.088,+2.988
0 days 01:29:32.806000,12,12,+26.192,+2.749
0 days 01:29:37.227000,12,12,+26.326,+2.822
0 days 01:29:40.207000,12,12,+26.321,+2.832
0 days 01:29:47.451000,12,12,+26.409,+2.814
0 days 01:29:51.225000,12,12,+26.422,+2.839
0 days 01:29:55.259000,12,12,+26.317,+2.881
0 days 01:30:01.177000,12,12,+26.570,+2.991
0 days 01:30:06.055000,12,12,+26.733,+3.006
0 days 01:30:10.085000,12,12,+26.765,+3.033
0 days 01:30:16.288000,12,12,+26.781,+2.853
0 days 01:30:21.631000,12,12,+26.781,+2.988
0 days 01:30:26.046000,12,12,+26.802,+3.016
0 days 01:30:30.781000,12,12,+26.789,+3.025
0 days 01:30:34.572000,12,12,+26.773,+3.018
0 days 01:30:42.906000,12,12,+26.701,+2.830
0 days 01:30:46.915000,12,12,+26.700,+2.838
0 days 01:30:47.741000,12,12,+26.713,+2.786
0 days 01:30:52.255000,12,12,+26.800,+2.792
0 days 01:30:56.653000,12,12,+26.728,+2.861
0 days 01:30:57.801000,12,12,+26.675,+2.860
0 days 01:30:59.982000,12,12,+26.552,+2.777
0 days 01:31:05.301000,12,12,+26.661,+2.913
0 days 01:31:10.728000,12,12,+26.756,+2.693
0 days 01:31:15.068000,12,12,+26.774,+2.740
0 days 01:31:18.049000,12,12,+26.767,+2.711
0 days 01:31:25.278000,12,12,+26.854,+2.707
0 days 01:31:29.043000,12,12,+26.892,+2.714
0 days 01:31:33.194000,12,12,+26.808,+2.744
0 days 01:31:38.894000,12,12,+26.860,+2.793
0 days 01:31:43.852000,12,12,+26.979,+2.754
0 days 01:31:47.878000,12,12,+27.005,+2.724
0 days 01:31:54.171000,12,12,+27.212,+2.721
0 days 01:31:59.552000,12,12,+27.243,+2.820
0 days 01:32:03.916000,12,12,+27.268,+2.856
0 days 01:32:08.696000,12,12,+27.243,+2.852
0 days 01:32:12.528000,12,12,+27.227,+2.789
0 days 01:32:21.023000,12,12,+27.374,+2.807
0 days 01:32:25.026000,12,12,+27.401,+2.800
0 days 01:32:25.978000,12,12,+27.443,+2.797
0 days 01:32:30.382000,12,12,+27.529,+2.843
0 days 01:32:34.690000,12,11,+27.529,+2.843
0 days 01:32:34.769000,12,11,+27.465,+2.841
0 days 01:32:36.128000,12,11,+27.437,+2.817
0 days 01:32:38.252000,12,11,+27.415,+2.822
0 days 01:32:43.297000,12,11,+27.372,+2.791
0 days 01:32:48.907000,12,11,+27.412,+2.746
0 days 01:32:53.258000,12,11,+27.463,+2.782
0 days 01:32:56.229000,12,11,+27.451,+2.773
0 days 01:33:03.426000,12,11,+27.511,+2.739
0 days 01:33:07.248000,12,11,+27.515,+2.759
0 days 01:33:11.237000,12,11,+27.395,+2.814
0 days 01:33:16.946000,12,11,+27.331,+2.816
0 days 01:33:21.783000,12,11,+27.287,+2.730
0 days 01:33:25.804000,12,11,+27.289,+2.719
0 days 01:33:31.983000,12,11,+27.394,+2.623
0 days 01:33:37.383000,12,11,+27.246,+2.707
0 days 01:33:41.731000,12,11,+27.229,+2.713
0 days 01:33:46.553000,12,11,+27.182,+2.692
0 days 01:33:50.327000,12,11,+27.167,+2.661
0 days 01:33:58.702000,12,11,+27.157,+2.534
0 days 01:34:02.726000,12,11,+27.171,+2.540
0 days 01:34:03.549000,12,11,+27.179,+2.536
0 days 01:34:08.081000,12,11,+27.201,+2.582
0 days 01:34:12.414000,12,11,+27.131,+2.581
0 days 01:34:13.631000,12,11,+27.103,+2.553
0 days 01:34:15.853000,12,11,+27.021,+2.537
0 days 01:34:21.155000,12,11,+27.021,+2.662
0 days 01:34:26.548000,12,11,+27.038,+2.461
0 days 01:34:30.831000,12,11,+27.086,+2.448
0 days 01:34:33.848000,12,11,+27.078,+2.442
0 days 01:34:40.992000,12,11,+27.074,+2.404
0 days 01:34:44.798000,12,11,+27.103,+2.447
0 days 01:34:48.798000,12,11,+26.949,+2.403
0 days 01:34:54.635000,12,11,+26.972,+2.439
0 days 01:34:59.479000,12,11,+27.059,+2.385
0 days 01:35:03.542000,12,11,+27.115,+2.382
0 days 01:35:09.862000,12,11,+27.260,+2.330
0 days 01:35:15.258000,12,11,+27.247,+2.457
0 days 01:35:19.631000,12,11,+27.252,+2.473
0 days 01:35:24.469000,12,11,+27.214,+2.454
0 days 01:35:28.179000,12,11,+27.182,+2.415
0 days 01:35:36.601000,12,11,+27.244,+2.336
0 days 01:35:40.632000,12,11,+27.257,+2.330
0 days 01:35:41.426000,12,11,+27.269,+2.313
0 days 01:35:45.920000,12,11,+27.338,+2.297
0 days 01:35:50.272000,12,11,+27.276,+2.283
0 days 01:35:51.556000,12,11,+27.243,+2.248
0 days 01:35:53.669000,12,11,+27.156,+2.247
0 days 01:35:58.943000,12,11,+27.230,+2.333
0 days 01:36:04.279000,12,11,+27.124,+2.175
0 days 01:36:08.654000,12,11,+27.194,+2.163
0 days 01:36:11.643000,12,11,+27.185,+2.150
0 days 01:36:18.782000,12,11,+27.314,+2.221
0 days 01:36:22.613000,12,11,+27.344,+2.227
0 days 01:36:26.611000,12,11,+27.237,+2.246
0 days 01:36:32.299000,12,11,+27.205,+2.300
0 days 01:36:37.209000,12,11,+27.408,+2.248
0 days 01:36:41.254000,12,11,+27.456,+2.241
0 days 01:36:47.546000,12,11,+27.562,+2.317
0 days 01:36:53.101000,12,11,+27.654,+2.492
0 days 01:36:57.443000,12,11,+27.710,+2.529
0 days 01:37:02.250000,12,11,+27.695,+2.527
0 days 01:37:06.002000,12,11,+27.682,+2.502
0 days 01:37:14.380000,12,11,+27.746,+2.400
0 days 01:37:18.419000,12,11,+27.776,+2.404
0 days 01:37:19.200000,12,11,+27.792,+2.385
0 days 01:37:23.681000,12,11,+27.888,+2.349
0 days 01:37:28.065000,12,11,+27.836,+2.336
0 days 01:37:29.228000,12,11,+27.804,+2.308
0 days 01:37:31.454000,12,11,+27.774,+2.284
0 days 01:37:36.869000,12,11,+28.080,+2.543
0 days 01:37:42.144000,12,11,+28.033,+2.321
0 days 01:37:46.574000,12,11,+28.199,+2.352
0 days 01:37:49.587000,12,11,+28.193,+2.340
0 days 01:37:56.799000,12,11,+28.305,+2.439
0 days 01:38:00.654000,12,11,+28.357,+2.463
0 days 01:38:04.631000,12,11,+28.220,+2.519
0 days 01:38:10.382000,12,11,+28.322,+2.528
0 days 01:38:15.362000,12,11,+28.542,+2.500
0 days 01:38:19.395000,12,11,+28.587,+2.499
0 days 01:38:25.598000,12,11,+28.672,+2.476
0 days 01:38:31.160000,12,11,+28.813,+2.633
0 days 01:38:35.497000,12,11,+28.861,+2.661
0 days 01:38:40.274000,12,11,+28.833,+2.649
0 days 01:38:44.085000,12,11,+28.818,+2.629
0 days 01:38:52.528000,12,11,+28.990,+2.563
0 days 01:38:56.555000,12,11,+28.998,+2.562
0 days 01:38:57.364000,12,11,+29.003,+2.541
0 days 01:39:01.800000,12,11,+29.052,+2.618
0 days 01:39:06.216000,12,11,+28.995,+2.638
0 days 01:39:07.452000,12,11,+28.964,+2.619
0 days 01:39:09.629000,12,11,+28.907,+2.598
0 days 01:39:14.786000,12,11,+28.933,+2.546
0 days 01:39:20.382000,12,11,+29.042,+2.568
0 days 01:39:24.663000,12,11,+29.175,+2.615
0 days 01:39:27.673000,12,11,+29.179,+2.618
0 days 01:39:34.967000,12,11,+29.295,+2.570
0 days 01:39:38.655000,12,11,+29.326,+2.581
0 days 01:39:42.711000,12,11,+29.239,+2.562
0 days 01:39:48.502000,12,11,+29.316,+2.622
0 days 01:39:53.455000,12,11,+29.498,+2.598
0 days 01:39:57.482000,12,11,+29.534,+2.582
0 days 01:40:03.829000,12,11,+29.737,+2.553
0 days 01:40:09.218000,12,11,+29.819,+2.652
0 days 01:40:13.693000,12,11,+29.858,+2.678
0 days 01:40:18.379000,12,11,+29.843,+2.662
0 days 01:40:22.155000,12,11,+29.823,+2.635
0 days 01:40:30.656000,12,11,+29.867,+2.597
0 days 01:40:34.687000,12,11,+29.921,+2.609
0 days 01:40:35.548000,12,11,+29.949,+2.622
0 days 01:40:39.970000,12,11,+30.030,+2.682
0 days 01:40:44.384000,12,11,+29.977,+2.696
0 days 01:40:45.584000,12,11,+29.953,+2.674
0 days 01:40:47.759000,12,11,+29.921,+2.652
0 days 01:40:52.918000,12,11,+29.816,+2.601
0 days 01:40:58.444000,12,11,+29.984,+2.526
0 days 01:41:02.806000,12,11,+30.095,+2.563
0 days 01:41:05.837000,12,11,+30.095,+2.559
0 days 01:41:13.038000,12,11,+30.243,+2.621
0 days 01:41:16.857000,12,11,+30.298,+2.676
0 days 01:41:20.919000,12,11,+30.217,+2.652
0 days 01:41:26.784000,12,11,+30.355,+2.783
0 days 01:41:31.606000,12,11,+30.489,+2.712
0 days 01:41:35.651000,12,11,+30.522,+2.702
0 days 01:41:42.013000,12,11,+30.662,+2.633
0 days 01:41:47.452000,12,11,+30.803,+2.631
0 days 01:41:51.789000,12,11,+30.822,+2.622
0 days 01:41:56.582000,12,11,+30.801,+2.593
0 days 01:42:00.407000,12,11,+30.785,+2.567
0 days 01:42:08.952000,12,11,+31.018,+2.603
0 days 01:42:12.945000,12,11,+31.022,+2.603
0 days 01:42:13.788000,12,11,+31.035,+2.578
0 days 01:42:18.187000,12,11,+31.070,+2.527
0 days 01:42:22.502000,12,10,+31.070,+2.527
0 days 01:42:22.584000,12,10,+30.998,+2.503
0 days 01:42:23.806000,12,10,+30.959,+2.470
0 days 01:42:25.967000,12,10,+30.860,+2.469
0 days 01:42:31.231000,12,10,+30.955,+2.582
0 days 01:42:36.711000,12,10,+30.996,+2.536
0 days 01:42:41.057000,12,10,+31.119,+2.563
0 days 01:42:44.006000,12,10,+31.113,+2.556
0 days 01:42:51.283000,12,10,+31.223,+2.647
0 days 01:42:55.001000,12,10,+31.264,+2.694
0 days 01:42:59.077000,12,10,+31.229,+2.693
0 days 01:43:04.809000,12,10,+31.318,+2.821
0 days 01:43:09.739000,12,10,+31.434,+2.767
0 days 01:43:13.837000,12,10,+31.479,+2.742
0 days 01:43:20.105000,12,10,+31.653,+2.755
0 days 01:43:25.514000,12,10,+31.728,+2.851
0 days 01:43:29.897000,12,10,+31.751,+2.847
0 days 01:43:34.657000,12,10,+31.723,+2.820
0 days 01:43:38.455000,12,10,+31.698,+2.785
0 days 01:43:46.874000,12,10,+31.787,+2.722
0 days 01:43:50.880000,12,10,+31.833,+2.718
0 days 01:43:51.678000,12,10,+31.845,+2.705
0 days 01:43:56.186000,12,10,+31.923,+2.686
0 days 01:44:00.595000,12,10,+31.883,+2.679
0 days 01:44:01.757000,12,10,+31.852,+2.656
0 days 01:44:04.057000,12,10,+31.764,+2.640
0 days 01:44:09.203000,12,10,+31.876,+2.619
0 days 01:44:14.775000,12,10,+32.050,+2.520
0 days 01:44:19.131000,12,10,+32.152,+2.496
0 days 01:44:22.084000,12,10,+32.146,+2.490
0 days 01:44:29.288000,12,10,+32.236,+2.617
0 days 01:44:33.073000,12,10,+32.281,+2.642
0 days 01:44:37.156000,12,10,+32.226,+2.634
0 days 01:44:42.841000,12,10,+32.345,+2.673
0 days 01:44:47.804000,12,10,+32.476,+2.636
0 days 01:44:51.757000,12,10,+32.474,+2.631
0 days 01:44:57.989000,12,10,+32.641,+2.673
0 days 01:45:03.419000,12,10,+32.668,+2.683
0 days 01:45:07.786000,12,10,+32.693,+2.666
0 days 01:45:12.541000,12,10,+32.668,+2.639
0 days 01:45:16.381000,12,10,+32.656,+2.609
0 days 01:45:24.808000,12,10,+32.759,+2.658
0 days 01:45:29.020000,12,10,+32.772,+2.659
0 days 01:45:29.600000,12,10,+32.762,+2.645
0 days 01:45:34.058000,12,10,+32.816,+2.664
0 days 01:45:38.458000,12,10,+32.756,+2.660
0 days 01:45:39.632000,12,10,+32.719,+2.632
0 days 01:45:41.804000,12,10,+32.643,+2.605
0 days 01:45:47.094000,12,10,+32.908,+2.753
0 days 01:45:52.700000,12,10,+33.045,+2.709
0 days 01:45:57.023000,12,10,+33.184,+2.790
0 days 01:45:59.986000,12,10,+33.181,+2.792
0 days 01:46:07.213000,12,10,+33.285,+2.915
0 days 01:46:10.984000,12,10,+33.320,+2.960
0 days 01:46:14.968000,12,10,+33.260,+2.908
0 days 01:46:20.626000,12,10,+33.361,+2.981
0 days 01:46:25.558000,12,10,+33.523,+2.948
0 days 01:46:29.610000,12,10,+33.565,+2.940
0 days 01:46:35.972000,12,10,+33.860,+3.044
0 days 01:46:41.333000,12,10,+33.917,+3.043
0 days 01:46:45.699000,12,10,+33.938,+3.055
0 days 01:46:50.459000,12,10,+33.906,+3.037
0 days 01:46:54.267000,12,10,+33.879,+3.010
0 days 01:47:02.721000,12,10,+34.048,+2.954
0 days 01:47:06.688000,12,10,+34.052,+2.949
0 days 01:47:07.479000,12,10,+34.064,+2.948
0 days 01:47:11.933000,12,10,+34.150,+2.961
0 days 01:47:16.306000,12,10,+34.119,+2.965
0 days 01:47:17.509000,12,10,+34.092,+2.948
0 days 01:47:19.686000,12,10,+34.033,+2.939
0 days 01:47:24.859000,12,10,+34.154,+2.864
0 days 01:47:30.401000,12,10,+34.223,+2.858
0 days 01:47:34.759000,12,10,+34.372,+2.915
0 days 01:47:37.733000,12,10,+34.379,+2.927
0 days 01:47:44.911000,12,10,+34.436,+2.949
0 days 01:47:48.660000,12,10,+34.467,+2.967
0 days 01:47:52.702000,12,10,+34.387,+2.859
0 days 01:47:58.350000,12,10,+34.510,+2.822
0 days 01:48:03.301000,12,10,+34.618,+2.807
0 days 01:48:07.285000,12,10,+34.632,+2.792
0 days 01:48:13.559000,12,10,+34.787,+2.776
0 days 01:48:19.006000,12,10,+34.880,+2.832
0 days 01:48:23.359000,12,10,+34.899,+2.834
0 days 01:48:28.168000,12,10,+34.871,+2.813
0 days 01:48:31.932000,12,10,+34.849,+2.786
0 days 01:48:40.459000,12,10,+35.112,+2.763
0 days 01:48:44.479000,12,10,+35.139,+2.758
0 days 01:48:45.248000,12,10,+35.147,+2.729
0 days 01:48:49.700000,12,10,+35.099,+2.703
0 days 01:48:54.133000,12,10,+35.039,+2.697
0 days 01:48:55.285000,12,10,+35.010,+2.685
0 days 01:48:57.477000,12,10,+34.964,+2.698
0 days 01:49:02.748000,12,10,+35.243,+2.842
0 days 01:49:08.249000,12,10,+35.322,+2.659
0 days 01:49:12.586000,12,10,+35.436,+2.673
0 days 01:49:15.548000,12,10,+35.431,+2.676
0 days 01:49:22.715000,12,10,+35.505,+2.734
0 days 01:49:26.522000,12,10,+35.561,+2.764
0 days 01:49:30.622000,12,10,+35.595,+2.785
0 days 01:49:36.355000,12,10,+35.786,+2.864
0 days 01:49:41.280000,12,10,+35.900,+2.798
0 days 01:49:45.260000,12,10,+35.917,+2.779
0 days 01:49:51.541000,12,10,+36.025,+2.735
0 days 01:49:56.960000,12,10,+36.131,+2.745
0 days 01:50:01.286000,12,10,+36.173,+2.729
0 days 01:50:06.089000,12,10,+36.146,+2.710
0 days 01:50:09.861000,12,10,+36.128,+2.682
0 days 01:50:18.334000,12,10,+36.281,+2.587
0 days 01:50:22.356000,12,10,+36.292,+2.616
0 days 01:50:23.226000,12,10,+36.274,+2.600
0 days 01:50:27.534000,12,10,+36.292,+2.553
0 days 01:50:31.978000,12,10,+36.243,+2.541
0 days 01:50:33.157000,12,10,+36.206,+2.512
0 days 01:50:35.307000,12,10,+36.170,+2.486
0 days 01:50:40.560000,12,10,+36.344,+2.656
0 days 01:50:46.034000,12,10,+36.297,+2.532
0 days 01:50:50.386000,12,10,+36.373,+2.595
0 days 01:50:53.319000,12,10,+36.367,+2.608
0 days 01:51:00.535000,12,10,+36.480,+2.670
0 days 01:51:04.317000,12,10,+36.528,+2.698
0 days 01:51:08.305000,12,10,+36.511,+2.635
0 days 01:51:14.039000,12,10,+36.611,+2.674
0 days 01:51:18.936000,12,10,+36.779,+2.556
0 days 01:51:22.946000,12,10,+36.816,+2.543
0 days 01:51:29.134000,12,10,+36.957,+2.436
0 days 01:51:34.606000,12,10,+37.062,+2.494
0 days 01:51:38.990000,12,10,+37.101,+2.492
0 days 01:51:43.726000,12,10,+37.069,+2.469
0 days 01:51:47.542000,12,10,+37.047,+2.449
0 days 01:51:55.988000,12,10,+37.158,+2.301
0 days 01:51:59.938000,12,10,+37.185,+2.315
0 days 01:52:00.717000,12,10,+37.194,+2.311
0 days 01:52:05.161000,12,10,+37.213,+2.302
0 days 01:52:09.534000,12,10,+37.160,+2.298
0 days 01:52:10.747000,12,10,+37.130,+2.277
0 days 01:52:12.883000,12,10,+37.107,+2.247
0 days 01:52:18.091000,12,10,+37.240,+2.415
0 days 01:52:23.636000,12,10,+37.306,+2.247
0 days 01:52:27.961000,12,10,+37.351,+2.261
0 days 01:52:30.938000,12,10,+37.345,+2.260
0 days 01:52:38.192000,12,10,+37.480,+2.319
0 days 01:52:41.939000,12,10,+37.520,+2.354
0 days 01:52:45.966000,12,10,+37.543,+2.369
0 days 01:52:51.680000,12,10,+37.769,+2.432
0 days 01:52:56.555000,12,10,+37.898,+2.365
0 days 01:53:00.522000,12,10,+37.926,+2.331
0 days 01:53:06.888000,12,10,+38.114,+2.332
0 days 01:53:12.320000,12,10,+38.297,+2.385
0 days 01:53:16.681000,12,10,+38.339,+2.393
0 days 01:53:21.457000,12,10,+38.310,+2.369
0 days 01:53:25.258000,12,10,+38.281,+2.341
0 days 01:53:33.721000,12,10,+38.491,+2.311
0 days 01:53:37.761000,12,10,+38.543,+2.359
0 days 01:53:38.561000,12,10,+38.555,+2.353
0 days 01:53:42.980000,12,10,+38.583,+2.366
0 days 01:53:47.555000,12,10,+38.532,+2.366
0 days 01:53:48.500000,12,10,+38.500,+2.352
0 days 01:53:50.715000,12,10,+38.465,+2.315
0 days 01:53:55.990000,12,10,+38.635,+2.391
0 days 01:54:01.481000,12,10,+38.648,+2.306
0 days 01:54:05.887000,12,10,+38.700,+2.361
0 days 01:54:08.844000,12,10,+38.693,+2.364
0 days 01:54:16.088000,12,10,+38.905,+2.469
0 days 01:54:19.938000,12,10,+38.980,+2.541
0 days 01:54:23.935000,12,10,+39.006,+2.536
0 days 01:54:29.619000,12,10,+39.198,+2.618
0 days 01:54:34.532000,12,10,+39.278,+2.487
0 days 01:54:38.524000,12,10,+39.304,+2.465
0 days 01:54:44.791000,12,10,+39.387,+2.404
0 days 01:54:50.286000,12,10,+39.530,+2.490
0 days 01:54:54.582000,12,10,+39.569,+2.510
0 days 01:54:59.379000,12,10,+39.546,+2.496
0 days 01:55:03.162000,12,10,+39.525,+2.477
0 days 01:55:11.669000,12,10,+39.595,+2.409
0 days 01:55:15.565000,12,10,+39.622,+2.449
0 days 01:55:16.481000,12,10,+39.624,+2.448
0 days 01:55:20.929000,12,10,+39.642,+2.465
0 days 01:55:25.188000,12,10,+39.590,+2.466
0 days 01:55:26.400000,12,10,+39.561,+2.453
0 days 01:55:28.557000,12,10,+39.538,+2.468
0 days 01:55:33.862000,12,10,+39.721,+2.626
0 days 01:55:39.315000,12,10,+39.699,+2.402
0 days 01:55:43.672000,12,10,+39.815,+2.474
0 days 01:55:46.638000,12,10,+39.813,+2.480
0 days 01:55:53.820000,12,10,+40.011,+2.558
0 days 01:55:57.625000,12,10,+40.063,+2.589
0 days 01:56:01.658000,12,10,+40.050,+2.613
0 days 01:56:07.354000,12,10,+40.144,+2.593
0 days 01:56:12.283000,12,10,+40.274,+2.533
0 days 01:56:16.237000,12,10,+40.280,+2.517
0 days 01:56:22.539000,12,10,+40.442,+2.456
0 days 01:56:27.936000,12,10,+40.494,+2.540
0 days 01:56:32.288000,12,10,+40.517,+2.565
0 days 01:56:37.071000,12,10,+40.494,+2.550
0 days 01:56:40.880000,12,10,+40.475,+2.531
0 days 01:56:49.262000,12,10,+40.545,+2.365
0 days 01:56:53.241000,12,10,+40.601,+2.429
0 days 01:56:54.089000,12,10,+40.623,+2.412
0 days 01:56:58.623000,12,9,+40.623,+2.412
0 days 01:56:58.623000,12,9,+40.710,+2.445
0 days 01:57:02.906000,12,9,+40.668,+2.429
0 days 01:57:04.089000,12,9,+40.632,+2.403
0 days 01:57:06.282000,12,9,+40.558,+2.345
0 days 01:57:11.580000,12,9,+40.706,+2.444
0 days 01:57:17.062000,12,9,+40.739,+2.334
0 days 01:57:21.333000,12,9,+40.796,+2.362
0 days 01:57:24.309000,12,9,+40.782,+2.357
0 days 01:57:31.464000,12,9,+40.940,+2.445
0 days 01:57:35.252000,12,9,+40.998,+2.482
0 days 01:57:39.264000,12,9,+41.001,+2.447
0 days 01:57:45.026000,12,9,+41.071,+2.538
0 days 01:57:49.863000,12,9,+41.172,+2.479
0 days 01:57:53.858000,12,9,+41.188,+2.469
0 days 01:58:00.137000,12,9,+41.283,+2.443
0 days 01:58:05.490000,12,9,+41.405,+2.567
0 days 01:58:09.921000,12,9,+41.443,+2.599
0 days 01:58:14.638000,12,9,+41.411,+2.574
0 days 01:58:18.460000,12,9,+41.380,+2.545
0 days 01:58:26.880000,12,9,+41.401,+2.471
0 days 01:58:30.902000,12,9,+41.429,+2.505
0 days 01:58:31.682000,12,9,+41.428,+2.483
0 days 01:58:36.113000,12,9,+41.461,+0.986
0 days 01:58:40.352000,12,8,+41.461,+0.986
0 days 01:58:40.428000,12,8,+41.417,+2.430
0 days 01:58:41.607000,12,8,+41.393,+2.403
0 days 01:58:43.793000,12,8,+41.346,+2.323
0 days 01:58:48.994000,12,8,+41.462,+2.442
0 days 01:58:54.559000,12,8,+41.494,+2.377
0 days 01:58:58.829000,12,8,+41.524,+2.389
0 days 01:59:01.822000,12,8,+41.508,+2.377
0 days 01:59:08.890000,12,8,+41.607,+2.502
0 days 01:59:12.664000,12,8,+41.645,+2.522
0 days 01:59:16.741000,12,8,+41.613,+2.504
0 days 01:59:22.302000,12,8,+41.630,+2.570
0 days 01:59:27.229000,12,8,+41.700,+2.559
0 days 01:59:31.191000,12,8,+41.730,+2.557
0 days 01:59:37.463000,12,8,+41.907,+2.546
0 days 01:59:42.864000,12,8,+42.009,+2.640
0 days 01:59:47.240000,12,8,+42.070,+2.638
0 days 01:59:52.059000,12,8,+42.040,+2.613
0 days 01:59:55.842000,12,8,+42.014,+2.587
0 days 02:00:04.264000,12,8,+42.051,+2.532
0 days 02:00:08.260000,12,8,+42.099,+2.583
0 days 02:00:09.053000,12,8,+42.120,+2.573
0 days 02:00:13.541000,12,8,+42.185,+2.545
0 days 02:00:17.937000,12,8,+42.150,+2.509
0 days 02:00:19.038000,12,8,+42.132,+2.487
0 days 02:00:21.324000,12,8,+42.169,+2.431
0 days 02:00:26.583000,12,8,+42.479,+2.428
0 days 02:00:32.200000,12,8,+42.480,+2.352
0 days 02:00:36.486000,12,8,+42.616,+2.410
0 days 02:00:39.586000,12,8,+42.609,+2.407
0 days 02:00:46.655000,12,8,+42.749,+2.439
0 days 02:00:50.440000,12,8,+42.794,+2.493
0 days 02:00:54.420000,12,8,+42.816,+2.469
0 days 02:01:00.090000,12,8,+42.824,+2.521
0 days 02:01:04.973000,12,8,+42.904,+2.449
0 days 02:01:08.920000,12,8,+42.929,+2.434
0 days 02:01:15.226000,12,8,+43.106,+2.478
0 days 02:01:20.664000,12,8,+43.242,+2.524
0 days 02:01:25.012000,12,8,+43.280,+2.542
0 days 02:01:29.795000,12,8,+43.254,+2.520
0 days 02:01:33.593000,12,8,+43.226,+2.491
0 days 02:01:42.005000,12,8,+43.275,+2.391
0 days 02:01:46.019000,12,8,+43.331,+2.454
0 days 02:01:46.815000,12,8,+43.334,+2.422
0 days 02:01:51.309000,12,8,+43.376,+2.415
0 days 02:01:55.564000,12,8,+43.329,+2.391
0 days 02:01:56.755000,12,8,+43.300,+2.366
0 days 02:01:58.886000,12,8,+43.299,+2.293
0 days 02:02:04.181000,12,8,+43.325,+2.276
0 days 02:02:09.460000,12,8,+43.384,+2.243
0 days 02:02:13.904000,12,8,+43.538,+2.339
0 days 02:02:16.816000,12,8,+43.536,+2.342
0 days 02:02:23.977000,12,8,+43.645,+2.392
0 days 02:02:27.707000,12,8,+43.682,+2.424
0 days 02:02:31.725000,12,8,+43.740,+2.439
0 days 02:02:37.365000,12,8,+43.875,+2.521
0 days 02:02:42.221000,12,8,+43.939,+2.538
0 days 02:02:46.248000,12,8,+43.966,+2.540
0 days 02:02:52.439000,12,8,+44.058,+2.484
0 days 02:02:57.865000,12,8,+44.175,+2.542
0 days 02:03:02.238000,12,8,+44.230,+2.577
0 days 02:03:06.942000,12,8,+44.191,+2.551
0 days 02:03:10.756000,12,8,+44.163,+2.518
0 days 02:03:19.177000,12,8,+44.176,+2.522
0 days 02:03:23.165000,12,8,+44.213,+2.551
0 days 02:03:23.892000,12,8,+44.218,+2.533
0 days 02:03:28.319000,12,8,+44.260,+2.519
0 days 02:03:32.656000,12,8,+44.230,+2.507
0 days 02:03:33.841000,12,8,+44.200,+2.487
0 days 02:03:35.980000,12,8,+44.164,+2.477
0 days 02:03:41.262000,12,8,+44.426,+2.552
0 days 02:03:46.681000,12,8,+44.482,+2.450
0 days 02:03:51.023000,12,8,+44.581,+2.500
0 days 02:03:53.974000,12,8,+44.565,+2.490
0 days 02:04:01.093000,12,8,+44.695,+2.566
0 days 02:04:04.892000,12,8,+44.733,+2.581
0 days 02:04:08.907000,12,8,+44.789,+2.457
0 days 02:04:14.515000,12,8,+44.927,+2.506
0 days 02:04:19.335000,12,8,+44.996,+2.412
0 days 02:04:23.311000,12,8,+45.019,+2.399
0 days 02:04:29.469000,12,8,+45.103,+2.381
0 days 02:04:34.895000,12,8,+45.233,+2.437
0 days 02:04:39.241000,12,8,+45.266,+2.458
0 days 02:04:44.026000,12,8,+45.227,+2.426
0 days 02:04:47.822000,12,8,+45.195,+2.395
0 days 02:04:56.255000,12,8,+45.287,+2.399
0 days 02:05:00.220000,12,8,+45.313,+2.419
0 days 02:05:00.966000,12,8,+45.298,+2.391
0 days 02:05:05.461000,12,8,+45.396,+2.395
0 days 02:05:09.830000,12,8,+45.374,+2.373
0 days 02:05:10.992000,12,8,+45.348,+2.350
0 days 02:05:13.118000,12,8,+45.349,+2.297
0 days 02:05:18.255000,12,8,+45.490,+2.244
0 days 02:05:23.832000,12,8,+45.570,+2.142
0 days 02:05:28.154000,12,8,+45.711,+2.197
0 days 02:05:31.099000,12,8,+45.711,+2.188
0 days 02:05:38.232000,12,8,+45.869,+2.312
0 days 02:05:42.092000,12,8,+45.910,+2.355
0 days 02:05:46.021000,12,8,+46.051,+2.413
0 days 02:05:51.628000,12,8,+46.171,+2.358
0 days 02:05:56.522000,12,8,+46.281,+2.329
0 days 02:06:00.479000,12,8,+46.288,+2.336
0 days 02:06:06.675000,12,8,+46.439,+2.354
0 days 02:06:12.150000,12,8,+46.522,+2.458
0 days 02:06:16.584000,12,8,+46.540,+2.461
0 days 02:06:21.260000,12,8,+46.494,+2.425
0 days 02:06:25.026000,12,8,+46.459,+2.386
0 days 02:06:33.493000,12,8,+46.539,+2.447
0 days 02:06:37.455000,12,8,+46.543,+2.446
0 days 02:06:38.258000,12,8,+46.539,+2.417
0 days 02:06:42.667000,12,8,+46.586,+2.472
0 days 02:06:47.017000,12,8,+46.548,+2.451
0 days 02:06:48.227000,12,8,+46.526,+2.421
0 days 02:06:50.411000,12,8,+46.505,+2.375
0 days 02:06:55.569000,12,8,+46.740,+2.404
0 days 02:07:01.055000,12,8,+46.703,+2.392
0 days 02:07:05.419000,12,8,+46.826,+2.441
0 days 02:07:08.351000,12,8,+46.838,+2.440
0 days 02:07:15.467000,12,8,+46.979,+2.533
0 days 02:07:19.258000,12,8,+47.003,+2.568
0 days 02:07:23.295000,12,8,+47.134,+2.524
0 days 02:07:28.906000,12,8,+47.187,+2.554
0 days 02:07:33.795000,12,8,+47.233,+2.507
0 days 02:07:37.710000,12,8,+47.238,+2.481
0 days 02:07:43.963000,12,8,+47.346,+2.418
0 days 02:07:49.335000,12,8,+47.451,+2.556
0 days 02:07:53.667000,12,8,+47.491,+2.578
0 days 02:07:58.490000,12,8,+47.452,+2.548
0 days 02:08:02.249000,12,8,+47.421,+2.514
0 days 02:08:10.695000,12,8,+47.471,+2.551
0 days 02:08:14.795000,12,8,+47.558,+2.656
0 days 02:08:15.534000,12,8,+47.542,+2.673
0 days 02:08:19.906000,12,8,+47.502,+2.574
0 days 02:08:24.241000,12,8,+47.465,+2.530
0 days 02:08:25.467000,12,8,+47.438,+2.506
0 days 02:08:27.588000,12,8,+47.402,+2.436
0 days 02:08:32.796000,12,8,+47.611,+2.494
0 days 02:08:38.398000,12,8,+47.631,+2.483
0 days 02:08:42.816000,12,8,+47.712,+2.553
0 days 02:08:45.628000,12,8,+47.705,+2.550
0 days 02:08:52.731000,12,8,+47.754,+2.667
0 days 02:08:56.525000,12,8,+47.790,+2.691
0 days 02:09:00.546000,12,8,+47.860,+2.707
0 days 02:09:06.114000,12,8,+47.962,+2.731
0 days 02:09:10.975000,12,8,+48.049,+2.728
0 days 02:09:14.983000,12,8,+48.071,+2.742
0 days 02:09:21.268000,12,8,+48.099,+2.727
0 days 02:09:26.638000,12,8,+48.212,+2.693
0 days 02:09:30.987000,12,8,+48.267,+2.714
0 days 02:09:35.676000,12,8,+48.231,+2.685
0 days 02:09:39.539000,12,8,+48.206,+2.654
0 days 02:09:47.891000,12,8,+48.256,+2.619
0 days 02:09:51.841000,12,8,+48.259,+2.635
0 days 02:09:52.756000,12,8,+48.248,+2.606
0 days 02:09:57.021000,12,8,+48.250,+2.601
0 days 02:10:01.368000,12,8,+48.208,+2.567
0 days 02:10:02.542000,12,8,+48.180,+2.535
0 days 02:10:04.685000,12,8,+48.136,+2.474
0 days 02:10:09.768000,12,8,+48.196,+2.506
0 days 02:10:15.242000,12,8,+48.076,+2.388
0 days 02:10:19.612000,12,8,+48.137,+2.426
0 days 02:10:22.522000,12,8,+48.132,+2.427
0 days 02:10:29.746000,12,8,+48.223,+2.482
0 days 02:10:33.441000,12,8,+48.237,+2.507
0 days 02:10:37.468000,12,8,+48.318,+2.525
0 days 02:10:42.985000,12,8,+48.399,+2.511
0 days 02:10:47.908000,12,8,+48.448,+2.478
0 days 02:10:51.845000,12,8,+48.471,+2.475
0 days 02:10:58.014000,12,8,+48.469,+2.382
0 days 02:11:03.463000,12,8,+48.604,+2.462
0 days 02:11:07.869000,12,8,+48.645,+2.478
0 days 02:11:12.594000,12,8,+48.619,+2.458
0 days 02:11:16.361000,12,8,+48.585,+2.433
0 days 02:11:24.764000,12,8,+48.607,+2.321
0 days 02:11:28.725000,12,8,+48.640,+2.363
0 days 02:11:29.519000,12,8,+48.628,+2.338
0 days 02:11:33.935000,12,8,+48.599,+2.315
0 days 02:11:38.284000,12,8,+48.544,+2.280
0 days 02:11:39.468000,12,8,+48.513,+2.246
0 days 02:11:41.582000,12,8,+48.471,+2.187
0 days 02:11:46.757000,12,8,+48.509,+2.141
0 days 02:11:52.242000,12,8,+48.538,+2.113
0 days 02:11:56.642000,12,8,+48.646,+2.222
0 days 02:11:59.569000,12,8,+48.639,+2.222
0 days 02:12:06.668000,12,8,+48.662,+2.254
0 days 02:12:10.448000,12,8,+48.683,+2.303
0 days 02:12:14.456000,12,8,+48.653,+2.402
0 days 02:12:20.043000,12,8,+48.680,+2.432
0 days 02:12:24.895000,12,8,+48.747,+2.437
0 days 02:12:28.861000,12,8,+48.770,+2.457
0 days 02:12:35.023000,12,8,+48.809,+2.445
0 days 02:12:40.612000,12,8,+48.880,+2.458
0 days 02:12:44.771000,12,8,+48.916,+2.483
0 days 02:12:49.506000,12,8,+48.871,+2.456
0 days 02:12:53.295000,12,8,+48.842,+2.421
0 days 02:13:01.746000,12,8,+48.835,+2.385
0 days 02:13:05.669000,12,8,+48.851,+2.398
0 days 02:13:06.486000,12,8,+48.858,+2.373
0 days 02:13:10.872000,12,8,+48.885,+2.346
0 days 02:13:15.191000,12,8,+48.834,+2.302
0 days 02:13:16.580000,12,8,+48.807,+2.268
0 days 02:13:18.525000,12,8,+48.788,+2.143
0 days 02:13:23.657000,12,8,+48.893,+2.096
0 days 02:13:29.169000,12,8,+48.899,+2.015
0 days 02:13:33.520000,12,8,+48.965,+2.105
0 days 02:13:36.461000,12,8,+48.955,+2.097
0 days 02:13:43.534000,12,8,+49.035,+2.194
0 days 02:13:47.295000,12,8,+49.073,+2.240
0 days 02:13:51.336000,12,8,+49.120,+2.368
0 days 02:13:56.899000,12,8,+49.221,+2.350
0 days 02:14:01.778000,12,8,+49.194,+2.277
0 days 02:14:05.670000,12,8,+49.141,+2.254
0 days 02:14:11.873000,12,8,+49.170,+2.152
0 days 02:14:17.269000,12,8,+49.206,+2.202
0 days 02:14:21.559000,12,8,+49.252,+2.220
0 days 02:14:26.330000,12,8,+49.207,+2.194
0 days 02:14:30.145000,12,8,+49.167,+2.160
0 days 02:14:38.445000,12,8,+49.156,+2.052
0 days 02:14:42.389000,12,8,+49.169,+2.078
0 days 02:14:43.171000,12,8,+49.156,+2.064
0 days 02:14:47.591000,12,8,+49.150,+2.078
0 days 02:14:51.931000,12,8,+49.116,+2.043
0 days 02:14:53.115000,12,8,+49.093,+2.005
0 days 02:14:55.243000,12,8,+49.096,+1.952
0 days 02:15:00.470000,12,8,+49.261,+1.996
0 days 02:15:05.930000,12,8,+49.240,+1.958
0 days 02:15:10.359000,12,8,+49.276,+2.016
0 days 02:15:13.197000,12,8,+49.268,+2.010
0 days 02:15:20.325000,12,8,+49.388,+2.082
0 days 02:15:24.058000,12,8,+49.424,+2.123
0 days 02:15:28.044000,12,8,+49.493,+2.225
0 days 02:15:33.616000,12,8,+49.491,+2.199
0 days 02:15:38.596000,12,8,+49.599,+2.185
0 days 02:15:42.445000,12,8,+49.642,+2.184
0 days 02:15:48.708000,12,8,+49.685,+2.178
0 days 02:15:54.043000,12,8,+49.777,+2.203
0 days 02:15:58.393000,12,8,+49.824,+2.225
0 days 02:16:03.189000,12,8,+49.787,+2.201
0 days 02:16:06.934000,12,8,+49.753,+2.166
0 days 02:16:15.346000,12,8,+49.829,+2.150
0 days 02:16:19.266000,12,8,+49.842,+2.146
0 days 02:16:20.066000,12,8,+49.841,+2.116
0 days 02:16:24.499000,12,8,+49.862,+2.088
0 days 02:16:28.808000,12,8,+49.832,+2.055
0 days 02:16:29.944000,12,8,+49.804,+2.033
0 days 02:16:32.102000,12,8,+49.781,+1.999
0 days 02:16:37.138000,12,8,+49.857,+2.039
0 days 02:16:42.670000,12,8,+49.848,+2.025
0 days 02:16:46.997000,12,8,+49.893,+2.047
0 days 02:16:49.937000,12,8,+49.882,+2.041
0 days 02:16:56.997000,12,8,+49.948,+2.161
0 days 02:17:00.728000,12,8,+49.950,+2.168
0 days 02:17:04.714000,12,8,+50.065,+2.259
0 days 02:17:10.269000,12,8,+50.116,+2.240
0 days 02:17:15.072000,12,8,+50.163,+2.208
0 days 02:17:19.025000,12,8,+50.194,+2.213
0 days 02:17:25.303000,12,8,+50.217,+2.219
0 days 02:17:30.671000,12,8,+50.312,+2.244
0 days 02:17:34.965000,12,8,+50.363,+2.265
0 days 02:17:39.749000,12,8,+50.324,+2.242
0 days 02:17:43.464000,12,8,+50.287,+2.214
0 days 02:17:51.821000,12,8,+50.349,+2.133
0 days 02:17:55.716000,12,8,+50.321,+2.130
0 days 02:17:56.518000,12,8,+50.288,+2.102
0 days 02:18:00.915000,12,8,+50.291,+2.087
0 days 02:18:05.176000,12,8,+50.263,+2.041
0 days 02:18:06.408000,12,8,+50.244,+2.006
0 days 02:18:08.466000,12,8,+50.246,+1.957
0 days 02:18:13.518000,12,8,+50.324,+1.961
0 days 02:18:19.117000,12,8,+50.286,+2.024
0 days 02:18:23.528000,12,8,+50.394,+2.073
0 days 02:18:26.430000,12,8,+50.404,+2.063
0 days 02:18:33.522000,12,8,+50.452,+2.109
0 days 02:18:37.247000,12,8,+50.455,+2.125
0 days 02:18:41.178000,12,8,+50.526,+2.146
0 days 02:18:46.754000,12,8,+50.520,+2.142
0 days 02:18:51.552000,12,8,+50.472,+2.167
0 days 02:18:55.497000,12,8,+50.495,+2.163
0 days 02:19:01.867000,12,8,+50.480,+2.108
0 days 02:19:06.980000,12,8,+50.362,+2.089
0 days 02:19:11.272000,12,8,+50.386,+2.099
0 days 02:19:16.271000,12,8,+50.407,+2.068
0 days 02:19:19.804000,12,8,+50.549,+2.025
0 days 02:19:28.198000,12,8,+50.614,+1.912
0 days 02:19:32.018000,12,8,+50.616,+1.901
0 days 02:19:32.822000,12,8,+50.618,+1.891
0 days 02:19:37.260000,12,8,+50.665,+1.920
0 days 02:19:41.542000,12,8,+50.640,+1.888
0 days 02:19:42.713000,12,8,+50.626,+1.860
0 days 02:19:44.826000,12,8,+50.602,+1.862
0 days 02:19:49.849000,12,8,+50.718,+1.875
0 days 02:19:55.467000,12,8,+50.820,+1.902
0 days 02:20:00.018000,12,8,+50.912,+1.901
0 days 02:20:02.711000,12,8,+50.908,+1.891
0 days 02:20:09.801000,12,8,+51.001,+1.994
0 days 02:20:13.524000,12,8,+51.021,+2.014
0 days 02:20:17.503000,12,8,+51.088,+2.070
0 days 02:20:22.984000,12,8,+51.112,+2.042
0 days 02:20:27.827000,12,8,+51.160,+1.993
0 days 02:20:31.802000,12,8,+51.156,+1.979
0 days 02:20:38.146000,12,8,+51.291,+2.061
0 days 02:20:43.198000,12,8,+51.300,+1.980
0 days 02:20:47.515000,12,8,+51.324,+1.988
0 days 02:20:52.293000,12,8,+51.291,+1.957
0 days 02:20:56.072000,12,8,+51.258,+1.923
0 days 02:21:04.370000,12,8,+51.216,+1.813
0 days 02:21:08.294000,12,8,+51.226,+1.839
0 days 02:21:09.105000,12,8,+51.242,+1.839
0 days 02:21:13.475000,12,8,+51.281,+1.843
0 days 02:21:17.773000,12,8,+51.261,+1.805
0 days 02:21:18.972000,12,8,+51.242,+1.772
0 days 02:21:21.061000,12,8,+51.265,+1.764
0 days 02:21:26.034000,12,8,+51.248,+1.633
0 days 02:21:31.711000,12,8,+51.254,+1.745
0 days 02:21:36.015000,12,8,+51.327,+1.811
0 days 02:21:38.998000,12,8,+51.333,+1.800
0 days 02:21:46.076000,12,8,+51.414,+1.932
0 days 02:21:49.746000,12,8,+51.432,+1.947
0 days 02:21:53.651000,12,8,+51.488,+2.015
0 days 02:21:59.099000,12,8,+51.507,+2.012
0 days 02:22:03.983000,12,8,+51.496,+2.042
0 days 02:22:07.914000,12,8,+51.507,+2.047
0 days 02:22:14.154000,12,8,+51.518,+2.058
0 days 02:22:19.575000,12,8,+51.544,+2.059
0 days 02:22:23.790000,12,8,+51.573,+2.064
0 days 02:22:28.533000,12,8,+51.552,+2.037
0 days 02:22:32.321000,12,8,+51.518,+2.013
0 days 02:22:40.781000,12,8,+51.611,+2.058
0 days 02:22:44.673000,12,8,+51.587,+2.062
0 days 02:22:45.504000,12,8,+51.579,+2.061
0 days 02:22:49.916000,12,8,+51.610,+2.058
0 days 02:22:54.199000,12,8,+51.558,+2.020
0 days 02:22:55.400000,12,8,+51.535,+1.983
0 days 02:22:57.577000,12,8,+51.544,+1.999
0 days 02:23:02.651000,12,8,+51.666,+1.992
0 days 02:23:08.347000,12,8,+51.591,+2.007
0 days 02:23:12.447000,12,8,+51.643,+2.053
0 days 02:23:15.362000,12,8,+51.633,+2.049
0 days 02:23:22.448000,12,8,+51.675,+2.149
0 days 02:23:26.173000,12,8,+51.710,+2.187
0 days 02:23:30.202000,12,8,+51.824,+2.279
0 days 02:23:35.691000,12,8,+51.858,+2.321
0 days 02:23:40.732000,12,8,+52.024,+2.383
0 days 02:23:44.500000,12,8,+52.039,+2.381
0 days 02:23:50.747000,12,8,+52.098,+2.346
0 days 02:23:55.992000,12,8,+52.141,+2.382
0 days 02:24:00.317000,12,8,+52.183,+2.400
0 days 02:24:05.100000,12,8,+52.147,+2.377
0 days 02:24:08.833000,12,8,+52.109,+2.343
0 days 02:24:17.103000,12,8,+52.116,+2.249
0 days 02:24:21.055000,12,8,+52.118,+2.230
0 days 02:24:21.871000,12,8,+52.109,+2.205
0 days 02:24:26.272000,12,8,+52.200,+2.261
0 days 02:24:30.595000,12,8,+52.166,+2.236
0 days 02:24:31.774000,12,8,+52.140,+2.206
0 days 02:24:33.914000,12,8,+52.132,+2.159
0 days 02:24:38.929000,12,8,+52.200,+2.278
0 days 02:24:44.618000,12,8,+52.431,+2.256
0 days 02:24:48.849000,12,8,+52.474,+2.239
0 days 02:24:51.774000,12,8,+52.463,+2.224
0 days 02:24:58.913000,12,8,+52.551,+2.189
0 days 02:25:02.563000,12,8,+52.578,+2.205
0 days 02:25:06.463000,12,8,+52.598,+2.263
0 days 02:25:11.913000,12,8,+52.629,+2.202
0 days 02:25:16.802000,12,8,+52.714,+2.245
0 days 02:25:20.819000,12,8,+52.747,+2.250
0 days 02:25:27.101000,12,8,+52.943,+2.407
0 days 02:25:32.416000,12,8,+53.026,+2.408
0 days 02:25:36.728000,12,8,+53.077,+2.418
0 days 02:25:41.517000,12,8,+53.038,+2.387
0 days 02:25:45.267000,12,8,+53.008,+2.364
0 days 02:25:53.734000,12,8,+53.189,+2.493
0 days 02:25:57.622000,12,8,+53.196,+2.475
0 days 02:25:58.422000,12,8,+53.193,+2.459
0 days 02:26:02.969000,12,8,+53.262,+2.462
0 days 02:26:07.248000,12,8,+53.237,+2.430
0 days 02:26:08.365000,12,8,+53.217,+2.408
0 days 02:26:10.494000,12,8,+53.206,+2.418
0 days 02:26:15.537000,12,8,+53.281,+2.510
0 days 02:26:21.200000,12,8,+53.367,+2.646
0 days 02:26:25.633000,12,8,+53.407,+2.699
0 days 02:26:28.650000,12,8,+53.399,+2.692
0 days 02:26:35.519000,12,8,+53.511,+2.796
0 days 02:26:39.232000,12,8,+53.529,+2.809
0 days 02:26:43.158000,12,8,+53.609,+2.916
0 days 02:26:48.667000,12,8,+53.759,+2.910
0 days 02:26:53.550000,12,8,+53.834,+3.003
0 days 02:26:57.477000,12,8,+53.839,+2.990
0 days 02:27:03.760000,12,8,+53.929,+3.028
0 days 02:27:09.108000,12,8,+54.103,+3.073
0 days 02:27:13.375000,12,8,+54.151,+3.085
0 days 02:27:18.170000,12,8,+54.122,+3.059
0 days 02:27:21.943000,12,8,+54.098,+3.038
0 days 02:27:30.317000,12,8,+54.148,+3.022
0 days 02:27:34.244000,12,8,+54.147,+3.022
0 days 02:27:35.022000,12,8,+54.150,+3.000
0 days 02:27:39.624000,12,8,+54.259,+3.098
0 days 02:27:43.852000,12,8,+54.251,+3.087
0 days 02:27:45.018000,12,8,+54.239,+3.053
0 days 02:27:47.194000,12,8,+54.253,+3.094
0 days 02:27:52.353000,12,8,+54.381,+3.269
0 days 02:27:57.775000,12,8,+54.337,+3.224
0 days 02:28:02.117000,12,8,+54.462,+3.285
0 days 02:28:05.024000,12,8,+54.464,+3.274
0 days 02:28:12.101000,12,8,+54.546,+3.295
0 days 02:28:15.792000,12,8,+54.554,+3.307
0 days 02:28:19.717000,12,8,+54.647,+3.389
0 days 02:28:25.148000,12,8,+54.685,+3.405
0 days 02:28:29.971000,12,8,+54.729,+3.371
0 days 02:28:34.007000,12,8,+54.744,+3.355
0 days 02:28:40.175000,12,8,+54.725,+3.412
0 days 02:28:45.471000,12,8,+54.739,+3.393
0 days 02:28:49.780000,12,8,+54.783,+3.413
0 days 02:28:54.533000,12,8,+54.744,+3.389
0 days 02:28:58.324000,12,8,+54.722,+3.364
0 days 02:29:06.702000,12,8,+54.690,+3.398
0 days 02:29:10.675000,12,8,+54.659,+3.385
0 days 02:29:11.433000,12,8,+54.605,+3.360
0 days 02:29:15.942000,12,8,+54.636,+3.473
0 days 02:29:20.205000,12,8,+54.597,+3.462
0 days 02:29:21.454000,12,8,+54.578,+3.426
0 days 02:29:23.475000,12,8,+54.514,+3.445
0 days 02:29:28.540000,12,8,+54.505,+3.457
0 days 02:29:34.012000,12,8,+54.601,+3.555
0 days 02:29:38.276000,12,8,+54.646,+3.636
0 days 02:29:41.237000,12,8,+54.648,+3.634
0 days 02:29:48.293000,12,8,+54.575,+3.679
0 days 02:29:51.994000,12,8,+54.556,+3.685
0 days 02:29:55.915000,12,8,+54.514,+3.810
0 days 02:30:01.442000,12,8,+54.530,+3.840
0 days 02:30:06.302000,12,8,+54.540,+3.879
0 days 02:30:10.280000,12,8,+54.548,+3.834
0 days 02:30:16.379000,12,8,+54.403,+3.873
0 days 02:30:21.676000,12,8,+54.414,+3.874
0 days 02:30:25.963000,12,8,+54.431,+3.885
0 days 02:30:30.716000,12,8,+54.391,+3.862
0 days 02:30:34.502000,12,8,+54.364,+3.833
0 days 02:30:42.826000,12,8,+54.107,+3.825
0 days 02:30:46.713000,12,8,+54.026,+3.809
0 days 02:30:47.498000,12,8,+53.940,+3.803
0 days 02:30:51.906000,12,8,+53.748,+3.779
0 days 00:00:03.711000,22,9,,
0 days 00:59:10.230000,22,9,+0.927,+0.125
0 days 00:59:11.304000,22,9,+0.806,+0.109
0 days 00:59:14.111000,22,9,+1.229,+0.209
0 days 00:59:19.940000,22,9,+1.924,+0.206
0 days 00:59:25.789000,22,9,+2.505,+0.324
0 days 00:59:29.816000,22,9,+2.465,+0.227
0 days 00:59:32.746000,22,9,+2.404,+0.174
0 days 00:59:40.368000,22,9,+2.754,+0.080
0 days 00:59:44.016000,22,9,+2.687,+0.069
0 days 00:59:48.152000,22,9,+2.886,+0.054
0 days 00:59:54.453000,22,9,+3.604,+0.101
0 days 00:59:59.538000,22,8,+3.604,+0.101
0 days 00:59:59.626000,22,8,+4.263,+0.537
0 days 01:00:03.786000,22,8,+4.519,+0.712
0 days 01:00:10.312000,22,8,+4.989,+0.764
0 days 01:00:15.484000,22,8,+5.025,+0.594
0 days 01:00:19.905000,22,8,+5.076,+0.615
0 days 01:00:24.714000,22,8,+5.005,+0.638
0 days 01:00:28.481000,22,8,+4.918,+0.636
0 days 01:00:37.194000,22,8,+5.225,+0.683
0 days 01:00:41.362000,22,8,+5.287,+0.735
0 days 01:00:42.338000,22,8,+5.350,+0.766
0 days 01:00:46.783000,22,8,+5.312,+0.648
0 days 01:00:51.177000,22,8,+5.063,+0.627
0 days 01:00:52.340000,22,8,+4.975,+0.640
0 days 01:00:54.864000,22,8,+5.092,+0.719
0 days 01:01:00.234000,22,8,+5.325,+0.609
0 days 01:01:05.670000,22,8,+5.479,+0.791
0 days 01:01:09.867000,22,8,+5.532,+0.767
0 days 01:01:12.856000,22,8,+5.535,+0.795
0 days 01:01:20.164000,22,8,+5.760,+0.814
0 days 01:01:23.925000,22,8,+5.766,+0.809
0 days 01:01:28.238000,22,8,+5.998,+0.971
0 days 01:01:34.317000,22,8,+6.443,+1.096
0 days 01:01:39.012000,22,8,+6.447,+0.990
0 days 01:01:43.047000,22,8,+6.470,+0.976
0 days 01:01:49.365000,22,8,+6.653,+0.930
0 days 01:01:54.667000,22,8,+6.672,+0.893
0 days 01:01:59.086000,22,8,+6.651,+0.906
0 days 01:02:03.902000,22,8,+6.572,+0.922
0 days 01:02:07.534000,22,8,+6.363,+0.933
0 days 01:02:16.015000,22,8,+6.443,+1.003
0 days 01:02:20.288000,22,8,+6.556,+1.120
0 days 01:02:21.150000,22,8,+6.598,+1.151
0 days 01:02:25.565000,22,8,+6.509,+1.049
0 days 01:02:29.902000,22,8,+6.376,+1.166
0 days 01:02:31.068000,22,8,+6.341,+1.216
0 days 01:02:33.518000,22,8,+6.517,+1.292
0 days 01:02:38.712000,22,8,+6.737,+1.044
0 days 01:02:44.211000,22,8,+6.737,+1.051
0 days 01:02:48.439000,22,8,+6.778,+0.997
0 days 01:02:51.465000,22,8,+6.778,+1.011
0 days 01:02:58.837000,22,8,+6.976,+1.164
0 days 01:03:02.639000,22,8,+6.982,+1.162
0 days 01:03:06.928000,22,8,+7.096,+1.307
0 days 01:03:12.968000,22,8,+7.386,+1.328
0 days 01:03:17.631000,22,8,+7.463,+1.209
0 days 01:03:21.696000,22,8,+7.497,+1.183
0 days 01:03:27.982000,22,8,+7.607,+1.131
0 days 01:03:33.365000,22,8,+7.602,+1.035
0 days 01:03:37.798000,22,8,+7.620,+1.051
0 days 01:03:42.617000,22,8,+7.589,+1.100
0 days 01:03:46.436000,22,8,+7.534,+1.245
0 days 01:03:54.991000,22,8,+7.682,+1.422
0 days 01:03:59.104000,22,8,+7.743,+1.482
0 days 01:03:59.970000,22,8,+7.790,+1.525
0 days 01:04:04.440000,22,8,+7.763,+1.489
0 days 01:04:08.929000,22,8,+7.652,+1.621
0 days 01:04:10.057000,22,8,+7.620,+1.679
0 days 01:04:12.437000,22,8,+7.747,+1.764
0 days 01:04:17.679000,22,8,+7.720,+1.476
0 days 01:04:23.128000,22,8,+7.682,+1.465
0 days 01:04:27.430000,22,8,+7.745,+1.446
0 days 01:04:30.429000,22,8,+7.735,+1.429
0 days 01:04:37.735000,22,8,+7.909,+1.455
0 days 01:04:41.497000,22,8,+7.944,+1.444
0 days 01:04:45.783000,22,8,+8.065,+1.591
0 days 01:04:51.677000,22,8,+8.278,+1.626
0 days 01:04:56.466000,22,8,+8.334,+1.485
0 days 01:05:00.530000,22,8,+8.354,+1.424
0 days 01:05:06.768000,22,8,+8.472,+1.333
0 days 01:05:12.160000,22,8,+8.551,+1.353
0 days 01:05:16.630000,22,8,+8.554,+1.361
0 days 01:05:21.435000,22,8,+8.521,+1.369
0 days 01:05:25.230000,22,8,+8.485,+1.366
0 days 01:05:33.780000,22,8,+8.730,+1.407
0 days 01:05:37.907000,22,8,+8.768,+1.439
0 days 01:05:38.841000,22,8,+8.781,+1.477
0 days 01:05:43.217000,22,8,+8.721,+1.427
0 days 01:05:47.640000,22,8,+8.640,+1.417
0 days 01:05:48.832000,22,8,+8.606,+1.398
0 days 01:05:51.280000,22,8,+8.640,+1.479
0 days 01:05:56.501000,22,8,+8.722,+1.375
0 days 01:06:02.029000,22,8,+8.784,+1.420
0 days 01:06:06.295000,22,8,+8.862,+1.405
0 days 01:06:09.362000,22,8,+8.864,+1.420
0 days 01:06:16.561000,22,8,+8.891,+1.356
0 days 01:06:20.403000,22,8,+8.841,+1.319
0 days 01:06:24.614000,22,8,+9.008,+1.473
0 days 01:06:30.640000,22,8,+9.231,+1.595
0 days 01:06:35.437000,22,8,+9.267,+1.474
0 days 01:06:39.460000,22,8,+9.268,+1.467
0 days 01:06:45.789000,22,8,+9.403,+1.428
0 days 01:06:51.144000,22,8,+9.483,+1.429
0 days 01:06:55.616000,22,8,+9.522,+1.446
0 days 01:07:00.467000,22,8,+9.513,+1.467
0 days 01:07:04.250000,22,8,+9.494,+1.484
0 days 01:07:12.829000,22,8,+9.512,+1.481
0 days 01:07:16.769000,22,8,+9.541,+1.533
0 days 01:07:17.615000,22,8,+9.552,+1.578
0 days 01:07:22.077000,22,8,+9.494,+1.485
0 days 01:07:26.469000,22,8,+9.417,+1.483
0 days 01:07:27.707000,22,8,+9.392,+1.494
0 days 01:07:30.034000,22,8,+9.465,+1.559
0 days 01:07:35.442000,22,8,+9.733,+1.523
0 days 01:07:40.932000,22,8,+9.780,+1.441
0 days 01:07:45.208000,22,8,+9.808,+1.402
0 days 01:07:48.259000,22,8,+9.803,+1.406
0 days 01:07:55.486000,22,8,+9.832,+1.388
0 days 01:07:59.323000,22,8,+9.846,+1.381
0 days 01:08:03.486000,22,8,+10.099,+1.496
0 days 01:08:09.443000,22,8,+10.400,+1.638
0 days 01:08:14.341000,22,8,+10.464,+1.528
0 days 01:08:18.376000,22,8,+10.496,+1.507
0 days 01:08:24.607000,22,8,+10.613,+1.426
0 days 01:08:30.106000,22,8,+10.755,+1.433
0 days 01:08:34.514000,22,8,+10.783,+1.454
0 days 01:08:39.342000,22,8,+10.765,+1.484
0 days 01:08:43.162000,22,8,+10.744,+1.515
0 days 01:08:51.595000,22,8,+10.843,+1.481
0 days 01:08:55.742000,22,8,+10.897,+1.505
0 days 01:08:56.561000,22,8,+10.959,+1.573
0 days 01:09:01.097000,22,8,+11.010,+1.629
0 days 01:09:05.564000,22,8,+10.945,+1.642
0 days 01:09:06.717000,22,8,+10.910,+1.643
0 days 01:09:09.131000,22,8,+10.976,+1.785
0 days 01:09:14.337000,22,8,+11.077,+1.582
0 days 01:09:19.908000,22,8,+11.076,+1.566
0 days 01:09:24.215000,22,8,+11.133,+1.490
0 days 01:09:27.269000,22,8,+11.135,+1.497
0 days 01:09:34.504000,22,8,+11.287,+1.499
0 days 01:09:38.298000,22,8,+11.303,+1.477
0 days 01:09:42.742000,22,8,+11.516,+1.729
0 days 01:09:48.619000,22,8,+11.752,+1.916
0 days 01:09:53.470000,22,8,+11.708,+1.789
0 days 01:09:57.516000,22,8,+11.671,+1.745
0 days 01:10:03.770000,22,8,+11.797,+1.614
0 days 01:10:09.202000,22,8,+11.845,+1.567
0 days 01:10:13.642000,22,8,+11.879,+1.566
0 days 01:10:18.417000,22,8,+11.866,+1.583
0 days 01:10:22.197000,22,8,+11.851,+1.598
0 days 01:10:30.589000,22,8,+11.921,+1.486
0 days 01:10:34.670000,22,8,+11.984,+1.531
0 days 01:10:35.527000,22,8,+12.032,+1.582
0 days 01:10:40.020000,22,8,+12.005,+1.557
0 days 01:10:44.400000,22,8,+11.935,+1.549
0 days 01:10:45.639000,22,8,+11.908,+1.553
0 days 01:10:48.084000,22,8,+11.998,+1.703
0 days 01:10:53.462000,22,8,+12.245,+1.633
0 days 01:10:59.001000,22,8,+12.320,+1.690
0 days 01:11:03.332000,22,8,+12.349,+1.627
0 days 01:11:06.375000,22,8,+12.338,+1.630
0 days 01:11:13.592000,22,8,+12.376,+1.604
0 days 01:11:17.364000,22,8,+12.396,+1.590
0 days 01:11:21.643000,22,8,+12.564,+1.822
0 days 01:11:27.685000,22,8,+12.826,+1.954
0 days 01:11:32.533000,22,8,+12.867,+1.807
0 days 01:11:36.591000,22,8,+12.882,+1.738
0 days 01:11:42.958000,22,8,+13.042,+1.696
0 days 01:11:48.462000,22,8,+13.041,+1.648
0 days 01:11:52.817000,22,8,+13.046,+1.638
0 days 01:11:57.643000,22,8,+13.033,+1.651
0 days 01:12:01.443000,22,8,+13.015,+1.665
0 days 01:12:09.970000,22,8,+13.094,+1.746
0 days 01:12:14.047000,22,8,+13.169,+1.811
0 days 01:12:14.938000,22,8,+13.200,+1.853
0 days 01:12:19.461000,22,8,+13.211,+1.838
0 days 01:12:23.822000,22,8,+13.142,+1.847
0 days 01:12:25.043000,22,8,+13.108,+1.851
0 days 01:12:27.417000,22,8,+13.185,+1.960
0 days 01:12:32.772000,22,8,+13.310,+1.855
0 days 01:12:38.309000,22,8,+13.293,+1.800
0 days 01:12:42.639000,22,8,+13.354,+1.765
0 days 01:12:45.684000,22,8,+13.342,+1.765
0 days 01:12:52.955000,22,8,+13.412,+1.719
0 days 01:12:56.765000,22,8,+13.430,+1.697
0 days 01:13:01.019000,22,8,+13.557,+1.809
0 days 01:13:06.990000,22,8,+13.744,+1.827
0 days 01:13:11.827000,22,8,+13.809,+1.736
0 days 01:13:15.842000,22,8,+13.818,+1.709
0 days 01:13:22.260000,22,8,+14.012,+1.662
0 days 01:13:27.787000,22,8,+14.196,+1.733
0 days 01:13:32.233000,22,8,+14.222,+1.742
0 days 01:13:37.070000,22,8,+14.222,+1.768
0 days 01:13:40.870000,22,8,+14.214,+1.790
0 days 01:13:49.296000,22,8,+14.251,+1.765
0 days 01:13:53.417000,22,8,+14.294,+1.819
0 days 01:13:54.237000,22,8,+14.310,+1.842
0 days 01:13:58.715000,22,8,+14.305,+1.847
0 days 01:14:03.234000,22,8,+14.252,+1.862
0 days 01:14:04.333000,22,8,+14.213,+1.869
0 days 01:14:06.683000,22,8,+14.287,+1.948
0 days 01:14:12.163000,22,8,+14.580,+1.858
0 days 01:14:17.683000,22,8,+14.626,+1.864
0 days 01:14:22.074000,22,8,+14.724,+1.859
0 days 01:14:25.103000,22,8,+14.714,+1.850
0 days 01:14:32.333000,22,8,+14.723,+1.827
0 days 01:14:36.100000,22,8,+14.715,+1.816
0 days 01:14:40.272000,22,8,+14.774,+1.846
0 days 01:14:46.175000,22,8,+14.870,+1.890
0 days 01:14:51.044000,22,8,+14.903,+1.771
0 days 01:14:55.070000,22,8,+14.902,+1.726
0 days 01:15:01.526000,22,8,+15.198,+1.758
0 days 01:15:06.922000,22,8,+15.241,+1.689
0 days 01:15:11.371000,22,8,+15.269,+1.703
0 days 01:15:16.171000,22,8,+15.254,+1.726
0 days 01:15:20.084000,22,8,+15.243,+1.748
0 days 01:15:28.423000,22,8,+15.325,+1.689
0 days 01:15:32.464000,22,8,+15.362,+1.723
0 days 01:15:33.308000,22,8,+15.393,+1.741
0 days 01:15:37.800000,22,8,+15.418,+1.756
0 days 01:15:42.240000,22,8,+15.357,+1.767
0 days 01:15:43.535000,22,8,+15.319,+1.767
0 days 01:15:45.773000,22,8,+15.395,+1.850
0 days 01:15:51.211000,22,8,+15.696,+1.852
0 days 01:15:56.765000,22,8,+15.718,+1.855
0 days 01:16:01.147000,22,8,+15.767,+1.824
0 days 01:16:04.118000,22,8,+15.751,+1.820
0 days 01:16:11.330000,22,8,+15.770,+1.800
0 days 01:16:15.145000,22,8,+15.780,+1.785
0 days 01:16:19.426000,22,8,+15.939,+1.803
0 days 01:16:25.202000,22,8,+15.993,+1.740
0 days 01:16:30.121000,22,8,+16.031,+1.617
0 days 01:16:34.145000,22,8,+16.034,+1.590
0 days 01:16:40.440000,22,8,+16.182,+1.535
0 days 01:16:45.923000,22,8,+16.232,+1.488
0 days 01:16:50.304000,22,8,+16.255,+1.500
0 days 01:16:55.109000,22,8,+16.240,+1.519
0 days 01:16:58.909000,22,8,+16.225,+1.534
0 days 01:17:07.514000,22,8,+16.279,+1.539
0 days 01:17:11.466000,22,8,+16.264,+1.516
0 days 01:17:12.072000,22,8,+15.988,+1.261
0 days 01:17:18.112000,22,9,+15.988,+1.261
0 days 01:17:19.723000,22,10,+15.988,+1.261
0 days 01:17:21.541000,22,11,+15.988,+1.261
0 days 01:17:26.491000,22,12,+15.988,+1.261
0 days 01:17:28.983000,22,13,+15.988,+1.261
0 days 01:17:31.138000,22,14,+15.988,+1.261
0 days 01:17:36.641000,22,15,+15.988,+1.261
0 days 01:17:45.180000,22,15,+38.952,+7.263
0 days 01:17:48.034000,22,15,+39.525,+7.882
0 days 01:17:53.405000,22,15,+39.749,+7.943
0 days 01:17:58.846000,22,15,+39.589,+7.802
0 days 01:18:03.026000,22,15,+39.528,+7.590
0 days 01:18:06.035000,22,15,+39.513,+7.577
0 days 01:18:13.202000,22,15,+39.428,+7.434
0 days 01:18:16.948000,22,15,+39.420,+7.396
0 days 01:18:21.349000,22,15,+39.747,+7.671
0 days 01:18:27.346000,22,15,+39.967,+7.645
0 days 01:18:31.982000,22,15,+39.686,+7.306
0 days 01:18:35.942000,22,15,+39.626,+7.231
0 days 01:18:42.137000,22,15,+39.658,+7.025
0 days 01:18:47.372000,22,15,+39.480,+6.773
0 days 01:18:51.798000,22,15,+39.458,+6.765
0 days 01:18:56.578000,22,15,+39.454,+6.770
0 days 01:19:00.411000,22,15,+39.464,+6.781
0 days 01:19:08.645000,22,15,+39.376,+6.497
0 days 01:19:12.751000,22,15,+39.415,+6.534
0 days 01:19:13.572000,22,15,+39.438,+6.511
0 days 01:19:18.024000,22,15,+39.372,+6.301
0 days 01:19:22.382000,22,14,+39.372,+6.301
0 days 01:19:22.461000,22,14,+39.336,+6.301
0 days 01:19:23.621000,22,14,+39.307,+0.300
0 days 01:19:25.902000,22,13,+39.307,+0.300
0 days 01:19:25.977000,22,13,+39.373,+6.400
0 days 01:19:31.148000,22,13,+39.474,+6.313
0 days 01:19:36.585000,22,13,+39.373,+6.142
0 days 01:19:40.910000,22,13,+39.429,+6.058
0 days 01:19:43.889000,22,13,+39.417,+6.051
0 days 01:19:50.998000,22,13,+39.345,+5.825
0 days 01:19:54.772000,22,13,+39.332,+5.768
0 days 01:19:59.220000,22,13,+39.698,+6.038
0 days 01:20:05.203000,22,13,+40.002,+6.038
0 days 01:20:09.883000,22,13,+39.776,+5.681
0 days 01:20:13.889000,22,13,+39.706,+5.597
0 days 01:20:20.089000,22,13,+39.686,+5.376
0 days 01:20:25.372000,22,13,+39.476,+5.054
0 days 01:20:29.650000,22,13,+39.449,+5.021
0 days 01:20:34.503000,22,13,+39.445,+5.015
0 days 01:20:38.330000,22,13,+39.448,+5.021
0 days 01:20:46.801000,22,13,+39.476,+4.856
0 days 01:20:50.864000,22,13,+39.541,+4.911
0 days 01:20:51.738000,22,13,+39.564,+4.883
0 days 01:20:56.173000,22,13,+39.539,+4.651
0 days 01:21:00.573000,22,13,+39.511,+4.651
0 days 01:21:01.793000,22,13,+39.498,+3.656
0 days 01:21:04.201000,22,13,+39.684,+3.349
0 days 01:21:09.573000,22,13,+39.944,+3.534
0 days 01:21:15.029000,22,13,+39.818,+3.705
0 days 01:21:19.321000,22,13,+39.833,+3.769
0 days 01:21:22.348000,22,13,+39.843,+3.809
0 days 01:21:29.538000,22,13,+39.804,+3.928
0 days 01:21:33.392000,22,13,+39.855,+4.039
0 days 01:21:37.773000,22,13,+40.293,+4.400
0 days 01:21:43.740000,22,13,+40.575,+3.994
0 days 01:21:48.417000,22,13,+40.457,+3.603
0 days 01:21:52.396000,22,13,+40.418,+3.529
0 days 01:21:58.674000,22,13,+37.478,+3.178
0 days 01:22:03.980000,22,13,+37.264,+2.851
0 days 01:22:08.339000,22,13,+37.247,+2.835
0 days 01:22:13.193000,22,13,+37.264,+2.834
0 days 01:22:17.004000,22,13,+37.262,+2.841
0 days 01:22:25.477000,22,13,+37.226,+2.597
0 days 01:22:29.592000,22,13,+37.367,+2.682
0 days 01:22:30.583000,22,13,+37.401,+2.643
0 days 01:22:34.922000,22,13,+37.394,+2.437
0 days 01:22:39.304000,22,13,+37.330,+2.408
0 days 01:22:40.540000,22,13,+37.303,+2.407
0 days 01:22:43.001000,22,13,+37.632,+2.673
0 days 01:22:48.268000,22,13,+37.674,+2.534
0 days 01:22:53.723000,22,13,+37.584,+2.305
0 days 01:22:57.982000,22,13,+37.523,+2.208
0 days 01:23:00.985000,22,13,+37.522,+2.224
0 days 01:23:08.180000,22,13,+37.370,+2.068
0 days 01:23:11.950000,22,13,+37.421,+2.090
0 days 01:23:16.190000,22,13,+37.722,+2.227
0 days 01:23:22.097000,22,13,+37.853,+2.003
0 days 01:23:26.858000,22,13,+37.646,+1.785
0 days 01:23:30.871000,22,13,+37.601,+1.702
0 days 01:23:37.157000,22,13,+37.443,+1.562
0 days 01:23:42.467000,22,13,+37.406,+1.300
0 days 01:23:46.803000,22,13,+37.438,+1.275
0 days 01:23:51.624000,22,13,+37.431,+1.257
0 days 01:23:55.469000,22,13,+37.420,+1.239
0 days 01:24:03.938000,22,13,+19.274,+1.112
0 days 01:24:08.051000,22,13,+19.344,+1.195
0 days 01:24:08.875000,22,13,+19.317,+1.175
0 days 01:24:13.348000,22,13,+32.564,+1.053
0 days 01:24:17.753000,22,13,+19.241,+1.021
0 days 01:24:18.922000,22,13,+19.198,+1.018
0 days 01:24:21.371000,22,13,+19.274,+1.285
0 days 01:24:26.622000,22,13,+19.295,+1.222
0 days 01:24:32.095000,22,13,+19.276,+1.027
0 days 01:24:36.374000,22,13,+19.192,+0.888
0 days 01:24:39.385000,22,13,+19.203,+0.888
0 days 01:24:46.596000,22,13,+19.261,+0.725
0 days 01:24:50.404000,22,13,+19.291,+0.669
0 days 01:24:54.679000,22,13,+19.435,+0.850
0 days 01:25:00.649000,22,13,+19.579,+0.691
0 days 01:25:05.423000,22,13,+19.526,+0.480
0 days 01:25:09.397000,22,13,+19.492,+0.420
0 days 01:25:15.944000,22,13,+19.725,+0.485
0 days 01:25:21.569000,22,13,+19.810,+0.511
0 days 01:25:25.936000,22,13,+19.796,+0.484
0 days 01:25:30.678000,22,13,+19.707,+0.390
0 days 01:25:34.517000,22,13,+19.489,+0.170
0 days 01:25:43.276000,22,13,+20.017,+0.048
0 days 01:25:47.449000,22,13,+20.246,+0.249
0 days 01:25:48.593000,22,13,+20.424,+0.427
0 days 01:25:53.275000,22,13,+20.749,+0.462
0 days 01:25:57.549000,22,13,+20.556,+0.272
0 days 01:25:58.688000,22,13,+20.455,+0.191
0 days 01:26:01.050000,22,13,+20.504,+0.362
0 days 01:26:06.398000,22,13,+20.549,+0.532
0 days 01:26:12.108000,22,13,+20.814,+0.395
0 days 01:26:16.396000,22,13,+20.679,+0.258
0 days 01:26:19.340000,22,13,+20.663,+0.236
0 days 01:26:26.767000,22,13,+20.918,+0.316
0 days 01:26:30.507000,22,13,+20.903,+0.251
0 days 01:26:34.878000,22,13,+21.195,+0.485
0 days 01:26:40.960000,22,13,+21.385,+0.442
0 days 01:26:45.849000,22,13,+21.470,+0.376
0 days 01:26:49.917000,22,13,+21.480,+0.379
0 days 01:26:56.381000,22,13,+21.681,+0.490
0 days 01:27:01.893000,22,13,+20.900,+0.450
0 days 01:27:06.233000,22,13,+20.940,+0.270
0 days 01:27:10.969000,22,13,+20.923,+0.119
0 days 01:27:14.440000,22,12,+20.923,+0.119
0 days 01:27:14.539000,22,12,+20.917,+8.572
0 days 01:27:23.028000,22,12,+21.218,+8.547
0 days 01:27:27.182000,22,12,+21.360,+8.652
0 days 01:27:28.025000,22,12,+21.416,+8.646
0 days 01:27:32.524000,22,12,+21.470,+8.543
0 days 01:27:36.876000,22,11,+21.470,+8.543
0 days 01:27:36.950000,22,11,+21.438,+8.565
0 days 01:27:38.176000,22,11,+21.413,+8.567
0 days 01:27:40.599000,22,11,+21.606,+8.699
0 days 01:27:46.011000,22,11,+21.928,+8.760
0 days 01:27:51.498000,22,11,+21.917,+8.614
0 days 01:27:55.795000,22,11,+21.961,+8.572
0 days 01:27:58.869000,22,11,+21.978,+8.613
0 days 01:28:06.046000,22,11,+22.066,+8.548
0 days 01:28:09.816000,22,11,+22.086,+8.538
0 days 01:28:13.918000,22,11,+22.191,+8.596
0 days 01:28:19.724000,22,11,+22.228,+8.336
0 days 01:28:24.410000,22,11,+22.188,+8.092
0 days 01:28:28.439000,22,11,+22.191,+8.043
0 days 01:28:34.679000,22,11,+22.319,+7.853
0 days 01:28:39.939000,22,11,+22.244,+7.626
0 days 01:28:44.325000,22,11,+22.289,+7.583
0 days 01:28:49.133000,22,11,+22.292,+7.575
0 days 01:28:52.918000,22,11,+22.283,+7.568
0 days 01:29:01.298000,22,11,+22.368,+7.322
0 days 01:29:05.451000,22,11,+22.479,+7.512
0 days 01:29:06.298000,22,11,+22.520,+7.822
0 days 01:29:10.781000,22,11,+22.535,+3.009
0 days 01:29:15.125000,22,10,+22.535,+3.009
0 days 01:29:15.204000,22,10,+22.502,+11.115
0 days 01:29:16.351000,22,10,+22.459,+11.135
0 days 01:29:18.708000,22,10,+22.511,+10.987
0 days 01:29:23.963000,22,10,+22.737,+10.908
0 days 01:29:29.394000,22,10,+22.753,+10.502
0 days 01:29:33.667000,22,10,+22.813,+10.446
0 days 01:29:36.693000,22,10,+22.828,+10.499
0 days 01:29:43.862000,22,10,+22.790,+10.420
0 days 01:29:47.601000,22,10,+22.789,+10.438
0 days 01:29:51.695000,22,10,+22.751,+10.398
0 days 01:29:57.351000,22,10,+22.747,+10.057
0 days 01:30:02.099000,22,10,+22.784,+9.862
0 days 01:30:06.091000,22,10,+22.799,+9.838
0 days 01:30:12.407000,22,10,+22.912,+9.790
0 days 01:30:17.636000,22,10,+22.811,+9.537
0 days 01:30:22.031000,22,10,+22.809,+9.517
0 days 01:30:26.800000,22,10,+22.814,+9.540
0 days 01:30:30.692000,22,10,+22.815,+9.555
0 days 01:30:39.040000,22,10,+22.823,+9.547
0 days 01:30:43.177000,22,10,+22.950,+9.702
0 days 01:30:44.039000,22,10,+22.999,+9.721
0 days 01:30:48.452000,22,10,+23.003,+9.672
0 days 01:30:52.895000,22,10,+22.962,+9.715
0 days 01:30:54.105000,22,10,+22.930,+9.720
0 days 01:30:56.351000,22,10,+22.899,+9.740
0 days 01:31:01.625000,22,10,+23.037,+9.730
0 days 01:31:07.100000,22,10,+23.053,+9.522
0 days 01:31:11.378000,22,10,+23.085,+9.522
0 days 01:31:14.425000,22,10,+23.105,+9.566
0 days 01:31:21.517000,22,10,+23.120,+9.537
0 days 01:31:25.304000,22,10,+23.141,+9.553
0 days 01:31:29.400000,22,10,+23.095,+9.523
0 days 01:31:35.152000,22,10,+23.024,+9.366
0 days 01:31:39.894000,22,10,+23.013,+9.196
0 days 01:31:43.891000,22,10,+23.029,+9.185
0 days 01:31:50.069000,22,10,+23.132,+9.109
0 days 01:31:55.355000,22,10,+23.093,+8.966
0 days 01:31:59.752000,22,10,+23.094,+8.976
0 days 01:32:04.528000,22,10,+23.093,+8.988
0 days 01:32:08.352000,22,10,+23.097,+9.006
0 days 01:32:16.726000,22,10,+23.088,+8.883
0 days 01:32:20.802000,22,10,+23.192,+8.987
0 days 01:32:21.679000,22,10,+23.248,+17.117
0 days 01:32:26.078000,22,10,+23.241,+8.927
0 days 01:32:30.538000,22,9,+23.241,+8.927
0 days 01:32:30.610000,22,9,+23.189,+8.978
0 days 01:32:31.706000,22,9,+23.177,+9.006
0 days 01:32:34.063000,22,9,+23.254,+9.087
0 days 01:32:39.328000,22,9,+23.415,+9.070
0 days 01:32:44.854000,22,9,+23.325,+8.849
0 days 01:32:49.141000,22,9,+23.350,+8.884
0 days 01:32:52.141000,22,9,+23.350,+8.918
0 days 01:32:59.187000,22,9,+23.305,+8.803
0 days 01:33:02.957000,22,9,+23.300,+8.814
0 days 01:33:07.109000,22,9,+23.250,+8.843
0 days 01:33:12.762000,22,9,+23.118,+8.483
0 days 01:33:17.515000,22,9,+23.030,+8.262
0 days 01:33:21.538000,22,9,+23.021,+8.240
0 days 01:33:27.717000,22,9,+23.117,+8.111
0 days 01:33:33.053000,22,9,+22.924,+7.973
0 days 01:33:37.448000,22,9,+22.917,+7.948
0 days 01:33:42.253000,22,9,+22.905,+7.960
0 days 01:33:46.053000,22,9,+22.908,+7.980
0 days 01:33:54.490000,22,9,+22.939,+7.917
0 days 01:33:58.568000,22,9,+22.976,+7.978
0 days 01:33:59.353000,22,9,+22.994,+7.951
0 days 01:34:03.782000,22,9,+22.972,+7.856
0 days 01:34:08.327000,22,9,+22.924,+8.005
0 days 01:34:09.402000,22,9,+22.912,+8.054
0 days 01:34:11.697000,22,9,+22.902,+7.980
0 days 01:34:17.079000,22,9,+22.996,+8.050
0 days 01:34:22.499000,22,9,+22.989,+7.793
0 days 01:34:26.802000,22,9,+23.042,+7.806
0 days 01:34:29.803000,22,9,+23.039,+7.822
0 days 01:34:36.971000,22,9,+23.036,+7.773
0 days 01:34:40.707000,22,9,+23.044,+7.797
0 days 01:34:44.754000,22,9,+22.880,+7.764
0 days 01:34:50.463000,22,9,+22.845,+7.567
0 days 01:34:55.305000,22,9,+22.874,+7.493
0 days 01:34:59.349000,22,9,+22.904,+7.515
0 days 01:35:05.598000,22,9,+22.952,+7.321
0 days 01:35:10.952000,22,9,+22.949,+7.325
0 days 01:35:15.353000,22,9,+22.951,+7.339
0 days 01:35:20.138000,22,9,+22.945,+7.437
0 days 01:35:23.945000,22,9,+22.944,+7.626
0 days 01:35:32.343000,22,9,+22.985,+7.425
0 days 01:35:36.442000,22,9,+23.043,+7.484
0 days 01:35:37.283000,22,9,+23.106,+7.445
0 days 01:35:41.692000,22,9,+23.137,+7.388
0 days 01:35:46.127000,22,9,+23.098,+7.536
0 days 01:35:47.328000,22,9,+23.088,+7.589
0 days 01:35:49.596000,22,9,+23.093,+7.428
0 days 01:35:54.835000,22,9,+23.192,+7.390
0 days 01:36:00.527000,22,9,+23.130,+7.060
0 days 01:36:04.649000,22,9,+23.222,+7.070
0 days 01:36:07.654000,22,9,+23.227,+7.089
0 days 01:36:14.761000,22,9,+23.250,+6.914
0 days 01:36:18.554000,22,9,+23.277,+6.937
0 days 01:36:22.632000,22,9,+23.211,+6.933
0 days 01:36:28.296000,22,9,+23.193,+6.681
0 days 01:36:33.128000,22,9,+23.295,+6.552
0 days 01:36:37.173000,22,9,+23.333,+6.564
0 days 01:36:43.374000,22,9,+23.379,+6.375
0 days 01:36:48.707000,22,9,+23.302,+6.292
0 days 01:36:53.121000,22,9,+23.338,+6.284
0 days 01:36:57.874000,22,9,+23.343,+6.352
0 days 01:37:01.680000,22,9,+23.350,+6.519
0 days 01:37:10.080000,22,9,+23.429,+6.293
0 days 01:37:14.128000,22,9,+23.471,+6.316
0 days 01:37:14.952000,22,9,+23.513,+6.267
0 days 01:37:19.383000,22,9,+23.578,+6.188
0 days 01:37:23.939000,22,9,+23.541,+6.319
0 days 01:37:24.928000,22,9,+23.530,+6.366
0 days 01:37:27.232000,22,9,+23.554,+6.248
0 days 01:37:32.547000,22,9,+23.801,+6.421
0 days 01:37:37.964000,22,9,+23.853,+6.002
0 days 01:37:42.337000,22,9,+23.994,+6.045
0 days 01:37:45.360000,22,9,+24.001,+6.072
0 days 01:37:52.521000,22,9,+24.006,+5.993
0 days 01:37:56.328000,22,9,+24.022,+6.015
0 days 01:38:00.475000,22,9,+24.000,+6.082
0 days 01:38:06.158000,22,9,+24.105,+5.948
0 days 01:38:11.054000,22,9,+24.232,+5.881
0 days 01:38:15.048000,22,9,+24.252,+5.875
0 days 01:38:21.257000,22,9,+24.347,+5.658
0 days 01:38:26.583000,22,9,+24.281,+5.567
0 days 01:38:30.955000,22,9,+24.327,+5.555
0 days 01:38:35.772000,22,9,+24.326,+5.645
0 days 01:38:39.656000,22,9,+24.331,+5.835
0 days 01:38:48.046000,22,9,+24.498,+5.598
0 days 01:38:52.229000,22,9,+24.522,+5.594
0 days 01:38:52.922000,22,9,+24.576,+5.515
0 days 01:38:57.350000,22,9,+24.530,+5.348
0 days 01:39:01.655000,22,9,+24.470,+5.446
0 days 01:39:02.942000,22,9,+24.449,+5.476
0 days 01:39:05.157000,22,9,+24.501,+5.411
0 days 01:39:10.503000,22,9,+24.620,+5.554
0 days 01:39:15.915000,22,9,+24.670,+5.081
0 days 01:39:20.324000,22,9,+24.782,+5.163
0 days 01:39:23.264000,22,9,+24.790,+5.175
0 days 01:39:30.555000,22,9,+24.910,+5.115
0 days 01:39:34.258000,22,9,+24.918,+5.137
0 days 01:39:38.360000,22,9,+24.870,+5.149
0 days 01:39:44.129000,22,9,+24.930,+5.023
0 days 01:39:48.982000,22,9,+25.038,+4.832
0 days 01:39:53.008000,22,9,+25.091,+4.815
0 days 01:39:59.256000,22,9,+25.174,+4.515
0 days 01:40:04.556000,22,9,+25.156,+4.477
0 days 01:40:08.923000,22,9,+25.184,+4.468
0 days 01:40:13.814000,22,9,+25.191,+4.519
0 days 01:40:17.532000,22,9,+25.191,+4.658
0 days 01:40:26.017000,22,9,+25.247,+4.563
0 days 01:40:30.088000,22,9,+25.317,+4.587
0 days 01:40:31.107000,22,9,+25.380,+4.567
0 days 01:40:35.332000,22,9,+25.387,+4.457
0 days 01:40:39.762000,22,9,+25.338,+4.578
0 days 01:40:40.943000,22,9,+25.338,+4.626
0 days 01:40:43.218000,22,9,+25.390,+4.518
0 days 01:40:48.551000,22,9,+25.494,+4.574
0 days 01:40:54.012000,22,9,+25.497,+4.149
0 days 01:40:58.282000,22,9,+25.588,+4.209
0 days 01:41:01.282000,22,9,+25.597,+4.226
0 days 01:41:08.430000,22,9,+25.643,+4.054
0 days 01:41:12.235000,22,9,+25.660,+4.081
0 days 01:41:16.275000,22,9,+25.600,+4.016
0 days 01:41:21.984000,22,9,+25.604,+3.734
0 days 01:41:26.830000,22,9,+25.611,+3.622
0 days 01:41:30.756000,22,9,+25.635,+3.622
0 days 01:41:36.957000,22,9,+25.713,+3.411
0 days 01:41:42.382000,22,9,+25.737,+3.367
0 days 01:41:46.785000,22,9,+25.763,+3.355
0 days 01:41:51.561000,22,9,+25.776,+3.405
0 days 01:41:55.361000,22,9,+25.783,+3.544
0 days 01:42:03.845000,22,9,+25.931,+3.504
0 days 01:42:07.882000,22,9,+25.969,+3.538
0 days 01:42:08.704000,22,9,+26.021,+3.753
0 days 01:42:13.183000,22,8,+26.021,+3.753
0 days 01:42:13.183000,22,8,+26.045,+4.107
0 days 01:42:17.623000,22,8,+26.004,+3.939
0 days 01:42:18.831000,22,8,+25.986,+3.861
0 days 01:42:21.099000,22,8,+25.953,+3.879
0 days 01:42:26.505000,22,8,+26.115,+4.108
0 days 01:42:31.821000,22,8,+26.115,+3.870
0 days 01:42:36.130000,22,8,+26.239,+3.948
0 days 01:42:39.145000,22,8,+26.245,+3.931
0 days 01:42:46.260000,22,8,+26.277,+3.868
0 days 01:42:50.078000,22,8,+26.290,+3.872
0 days 01:42:54.145000,22,8,+26.310,+4.059
0 days 01:42:59.901000,22,8,+26.297,+4.036
0 days 01:43:04.631000,22,8,+26.298,+3.926
0 days 01:43:08.602000,22,8,+26.316,+3.886
0 days 01:43:14.917000,22,8,+26.467,+3.721
0 days 01:43:20.207000,22,8,+26.421,+3.569
0 days 01:43:24.577000,22,8,+26.450,+3.527
0 days 01:43:29.383000,22,8,+26.460,+3.501
0 days 01:43:33.205000,22,8,+26.465,+3.475
0 days 01:43:41.730000,22,8,+26.633,+3.464
0 days 01:43:45.723000,22,8,+26.682,+3.497
0 days 01:43:46.577000,22,8,+26.707,+3.476
0 days 01:43:50.969000,22,8,+26.735,+3.372
0 days 01:43:55.388000,22,8,+26.706,+3.317
0 days 01:43:56.605000,22,8,+26.694,+3.283
0 days 01:43:58.834000,22,8,+26.636,+3.332
0 days 01:44:04.151000,22,8,+26.703,+3.412
0 days 01:44:09.520000,22,8,+26.803,+3.224
0 days 01:44:13.897000,22,8,+26.918,+3.285
0 days 01:44:16.920000,22,8,+26.922,+3.268
0 days 01:44:23.994000,22,8,+26.939,+3.207
0 days 01:44:27.794000,22,8,+26.969,+3.218
0 days 01:44:31.883000,22,8,+26.988,+3.339
0 days 01:44:37.609000,22,8,+27.072,+3.295
0 days 01:44:42.401000,22,8,+27.097,+3.223
0 days 01:44:46.416000,22,8,+27.092,+3.191
0 days 01:44:52.690000,22,8,+27.254,+3.100
0 days 01:44:58.036000,22,8,+27.263,+3.072
0 days 01:45:02.384000,22,8,+27.289,+3.029
0 days 01:45:07.184000,22,8,+27.301,+2.995
0 days 01:45:11.050000,22,8,+27.320,+2.968
0 days 01:45:19.458000,22,8,+27.411,+2.973
0 days 01:45:23.475000,22,8,+27.447,+2.999
0 days 01:45:24.332000,22,8,+27.484,+3.004
0 days 01:45:28.724000,22,8,+27.489,+2.913
0 days 01:45:33.148000,22,8,+27.443,+2.852
0 days 01:45:34.441000,22,8,+27.427,+2.828
0 days 01:45:36.606000,22,8,+27.443,+2.900
0 days 01:45:41.826000,22,8,+27.656,+3.005
0 days 01:45:47.284000,22,8,+27.668,+2.837
0 days 01:45:51.618000,22,8,+27.763,+2.880
0 days 01:45:54.585000,22,8,+27.762,+2.849
0 days 01:46:01.735000,22,8,+27.861,+2.831
0 days 01:46:05.558000,22,8,+27.879,+2.849
0 days 01:46:09.632000,22,8,+27.969,+3.062
0 days 01:46:15.358000,22,8,+28.087,+3.083
0 days 01:46:20.223000,22,8,+28.192,+3.083
0 days 01:46:24.217000,22,8,+28.232,+3.080
0 days 01:46:30.533000,22,8,+28.438,+2.973
0 days 01:46:35.835000,22,8,+28.435,+2.832
0 days 01:46:40.197000,22,8,+28.452,+2.792
0 days 01:46:44.999000,22,8,+28.452,+2.764
0 days 01:46:48.849000,22,8,+28.453,+2.738
0 days 01:46:57.349000,22,8,+28.702,+2.774
0 days 01:47:01.384000,22,8,+28.740,+2.804
0 days 01:47:02.259000,22,8,+28.795,+2.801
0 days 01:47:06.678000,22,8,+28.861,+2.716
0 days 01:47:11.032000,22,8,+28.842,+2.656
0 days 01:47:12.233000,22,8,+28.826,+2.621
0 days 01:47:14.485000,22,8,+28.861,+2.706
0 days 01:47:19.833000,22,8,+29.067,+2.896
0 days 01:47:25.247000,22,8,+29.061,+2.689
0 days 01:47:29.582000,22,8,+29.199,+2.739
0 days 01:47:32.585000,22,8,+29.202,+2.725
0 days 01:47:39.850000,22,8,+29.275,+2.747
0 days 01:47:43.503000,22,8,+29.307,+2.766
0 days 01:47:47.661000,22,8,+29.371,+2.958
0 days 01:47:53.349000,22,8,+29.474,+2.926
0 days 01:47:58.159000,22,8,+29.476,+2.890
0 days 01:48:02.148000,22,8,+29.492,+2.872
0 days 01:48:08.433000,22,8,+29.664,+2.741
0 days 01:48:13.762000,22,8,+29.673,+2.663
0 days 01:48:18.139000,22,8,+29.690,+2.643
0 days 01:48:23.048000,22,8,+29.701,+2.625
0 days 01:48:26.780000,22,8,+29.708,+2.601
0 days 01:48:35.356000,22,8,+29.980,+2.602
0 days 01:48:39.359000,22,8,+30.039,+2.654
0 days 01:48:40.259000,22,8,+30.108,+2.639
0 days 01:48:44.635000,22,8,+30.046,+2.533
0 days 01:48:49.035000,22,8,+30.016,+2.478
0 days 01:48:50.211000,22,8,+30.008,+2.446
0 days 01:48:52.637000,22,8,+30.109,+2.613
0 days 01:48:57.989000,22,8,+30.501,+2.920
0 days 01:49:03.460000,22,8,+30.540,+2.669
0 days 01:49:07.810000,22,8,+30.648,+2.735
0 days 01:49:10.759000,22,8,+30.648,+2.719
0 days 01:49:17.987000,22,8,+30.738,+2.753
0 days 01:49:21.751000,22,8,+30.772,+2.765
0 days 01:49:25.835000,22,8,+30.814,+2.878
0 days 01:49:31.580000,22,8,+30.975,+2.939
0 days 01:49:36.407000,22,8,+31.028,+2.917
0 days 01:49:40.385000,22,8,+31.032,+2.908
0 days 01:49:46.660000,22,8,+31.165,+2.844
0 days 01:49:52.026000,22,8,+31.239,+2.764
0 days 01:49:56.405000,22,8,+31.290,+2.747
0 days 01:50:01.235000,22,8,+31.304,+2.722
0 days 01:50:05.055000,22,8,+31.312,+2.695
0 days 01:50:13.652000,22,8,+31.627,+2.784
0 days 01:50:17.665000,22,8,+31.672,+2.820
0 days 01:50:18.514000,22,8,+31.697,+2.789
0 days 01:50:22.980000,22,8,+31.715,+2.705
0 days 01:50:27.376000,22,8,+31.697,+2.648
0 days 01:50:28.580000,22,8,+31.685,+2.617
0 days 01:50:30.934000,22,8,+31.760,+2.749
0 days 01:50:36.291000,22,8,+32.073,+3.037
0 days 01:50:41.685000,22,8,+31.959,+2.784
0 days 01:50:45.993000,22,8,+32.008,+2.823
0 days 01:50:48.967000,22,8,+32.003,+2.803
0 days 01:50:56.160000,22,8,+32.147,+2.773
0 days 01:50:59.933000,22,8,+32.188,+2.783
0 days 01:51:04.080000,22,8,+32.253,+2.946
0 days 01:51:09.860000,22,8,+32.443,+3.161
0 days 01:51:14.716000,22,8,+32.571,+3.184
0 days 01:51:18.719000,22,8,+32.610,+3.171
0 days 01:51:25.012000,22,8,+32.816,+3.140
0 days 01:51:30.380000,22,8,+32.839,+2.977
0 days 01:51:34.780000,22,8,+32.874,+2.938
0 days 01:51:39.606000,22,8,+32.885,+2.908
0 days 01:51:43.391000,22,8,+32.891,+2.878
0 days 01:51:51.938000,22,8,+33.095,+2.856
0 days 01:51:55.921000,22,8,+33.130,+2.868
0 days 01:51:56.754000,22,8,+33.171,+2.856
0 days 01:52:01.156000,22,8,+33.210,+2.749
0 days 01:52:05.556000,22,8,+33.188,+2.682
0 days 01:52:06.769000,22,8,+33.181,+2.645
0 days 01:52:09.134000,22,8,+33.300,+2.809
0 days 01:52:14.362000,22,8,+33.527,+2.983
0 days 01:52:20.048000,22,8,+33.568,+2.840
0 days 01:52:24.286000,22,8,+33.651,+2.931
0 days 01:52:27.261000,22,8,+33.660,+2.920
0 days 01:52:34.361000,22,8,+33.697,+2.854
0 days 01:52:38.108000,22,8,+33.719,+2.851
0 days 01:52:42.206000,22,8,+33.834,+2.973
0 days 01:52:47.889000,22,8,+33.979,+2.964
0 days 01:52:52.730000,22,8,+34.052,+2.883
0 days 01:52:56.702000,22,8,+34.081,+2.837
0 days 01:53:03.009000,22,8,+34.190,+2.745
0 days 01:53:08.235000,22,8,+34.209,+2.589
0 days 01:53:12.703000,22,8,+34.231,+2.563
0 days 01:53:17.387000,22,8,+34.236,+2.540
0 days 01:53:21.194000,22,8,+34.237,+2.515
0 days 01:53:29.688000,22,8,+34.451,+2.483
0 days 01:53:33.680000,22,8,+34.491,+2.486
0 days 01:53:34.557000,22,8,+34.535,+2.450
0 days 01:53:38.948000,22,8,+34.568,+2.336
0 days 01:53:43.361000,22,8,+34.554,+2.280
0 days 01:53:44.575000,22,8,+34.541,+2.240
0 days 01:53:46.884000,22,8,+34.649,+2.418
0 days 01:53:52.161000,22,8,+34.861,+2.580
0 days 01:53:57.681000,22,8,+34.800,+2.384
0 days 01:54:02.036000,22,8,+34.866,+2.505
0 days 01:54:04.994000,22,8,+34.877,+2.500
0 days 01:54:12.135000,22,8,+35.003,+2.452
0 days 01:54:15.923000,22,8,+35.043,+2.470
0 days 01:54:20.021000,22,8,+35.102,+2.602
0 days 01:54:25.790000,22,8,+35.343,+2.752
0 days 01:54:30.718000,22,8,+35.400,+2.751
0 days 01:54:34.657000,22,8,+35.429,+2.741
0 days 01:54:40.885000,22,8,+35.523,+2.695
0 days 01:54:46.253000,22,8,+35.559,+2.551
0 days 01:54:50.657000,22,8,+35.599,+2.537
0 days 01:54:55.592000,22,8,+35.614,+2.516
0 days 01:54:59.271000,22,8,+35.617,+2.487
0 days 01:55:07.789000,22,8,+35.768,+2.482
0 days 01:55:11.781000,22,8,+35.813,+2.536
0 days 01:55:12.661000,22,8,+35.850,+2.558
0 days 01:55:17.058000,22,8,+35.859,+2.503
0 days 01:55:21.462000,22,8,+35.838,+2.448
0 days 01:55:22.653000,22,8,+35.828,+2.413
0 days 01:55:24.903000,22,8,+35.877,+2.500
0 days 01:55:30.300000,22,8,+36.091,+2.699
0 days 01:55:35.643000,22,8,+36.019,+2.484
0 days 01:55:39.980000,22,8,+36.115,+2.601
0 days 01:55:43.110000,22,8,+36.124,+2.592
0 days 01:55:50.107000,22,8,+36.266,+2.589
0 days 01:55:53.865000,22,8,+36.287,+2.594
0 days 01:55:57.998000,22,8,+36.384,+2.782
0 days 01:56:03.738000,22,8,+36.510,+2.863
0 days 01:56:08.588000,22,8,+36.576,+2.878
0 days 01:56:12.538000,22,8,+36.580,+2.869
0 days 01:56:18.791000,22,8,+36.680,+2.719
0 days 01:56:24.089000,22,8,+36.670,+2.615
0 days 01:56:28.436000,22,8,+36.681,+2.594
0 days 01:56:33.289000,22,8,+36.696,+2.577
0 days 01:56:37.138000,22,8,+36.712,+2.552
0 days 01:56:45.636000,22,8,+36.953,+2.531
0 days 01:56:49.542000,22,8,+36.907,+2.484
0 days 01:56:50.104000,22,8,+36.636,+2.155
0 days 01:56:56.091000,22,9,+36.636,+2.155
0 days 01:56:58.623000,22,10,+36.636,+2.155
0 days 01:57:06.383000,22,11,+36.636,+2.155
0 days 01:57:09.604000,22,12,+36.636,+2.155
0 days 01:57:12.148000,22,13,+36.636,+2.155
0 days 01:57:12.489000,22,14,+36.636,+2.155
0 days 01:57:15.663000,22,15,+36.636,+2.155
0 days 01:57:23.047000,22,15,+59.590,+6.057
0 days 01:57:25.741000,22,15,+60.077,+6.510
0 days 01:57:30.942000,22,15,+60.147,+6.523
0 days 01:57:36.387000,22,15,+60.090,+6.495
0 days 01:57:40.565000,22,15,+60.005,+6.363
0 days 01:57:43.540000,22,15,+59.996,+6.306
0 days 01:57:50.525000,22,15,+60.016,+6.145
0 days 01:57:54.310000,22,15,+60.018,+6.131
0 days 01:57:58.484000,22,15,+60.161,+6.423
0 days 01:58:04.184000,22,15,+60.274,+6.486
0 days 01:58:08.810000,22,15,+60.091,+6.175
0 days 01:58:12.719000,22,15,+60.066,+6.065
0 days 01:58:18.819000,22,15,+60.067,+5.930
0 days 01:58:24.014000,22,15,+59.909,+5.717
0 days 01:58:28.326000,22,15,+59.914,+5.692
0 days 01:58:33.163000,22,15,+59.929,+5.687
0 days 01:58:36.982000,22,15,+59.935,+5.627
0 days 01:58:45.472000,22,15,+59.925,+5.490
0 days 01:58:49.389000,22,15,+59.929,+5.426
0 days 01:58:50.212000,22,15,+59.952,+5.434
0 days 01:58:54.581000,22,15,+59.952,+5.403
0 days 01:58:58.941000,22,15,+59.929,+5.403
0 days 01:59:00.185000,22,15,+59.918,+1.088
0 days 01:59:02.410000,22,15,+60.014,+0.817
0 days 01:59:07.739000,22,15,+60.223,+1.166
0 days 01:59:13.039000,22,15,+59.965,+1.057
0 days 01:59:17.356000,22,15,+59.997,+1.186
0 days 01:59:20.252000,22,15,+59.989,+1.133
0 days 01:59:27.279000,22,15,+59.998,+1.234
0 days 01:59:31.013000,22,15,+59.990,+1.244
0 days 01:59:35.192000,22,15,+60.166,+1.444
0 days 01:59:40.922000,22,15,+60.222,+1.724
0 days 01:59:45.559000,22,15,+60.039,+1.804
0 days 01:59:49.508000,22,15,+60.025,+1.794
0 days 01:59:55.667000,22,15,+60.135,+1.831
0 days 02:00:00.868000,22,15,+60.016,+1.981
0 days 02:00:05.221000,22,15,+60.045,+2.011
0 days 02:00:10.012000,22,15,+60.040,+1.997
0 days 02:00:13.852000,22,15,+60.039,+1.970
0 days 02:00:22.438000,22,15,+60.194,+2.207
0 days 02:00:26.391000,22,15,+60.232,+2.265
0 days 02:00:27.264000,22,15,+60.276,+2.273
0 days 02:00:31.607000,22,15,+60.267,+2.240
0 days 02:00:35.931000,22,15,+60.222,+2.201
0 days 02:00:37.156000,22,15,+60.207,+2.168
0 days 02:00:39.512000,22,15,+60.261,+2.293
0 days 02:00:44.587000,22,15,+60.512,+2.432
0 days 02:00:49.947000,22,15,+60.267,+2.382
0 days 02:00:54.228000,22,15,+60.319,+2.511
0 days 02:00:57.147000,22,15,+60.308,+2.493
0 days 02:01:04.153000,22,15,+60.240,+2.408
0 days 02:01:07.882000,22,15,+60.214,+2.414
0 days 02:01:11.967000,22,15,+60.330,+2.314
0 days 02:01:17.593000,22,15,+60.329,+2.465
0 days 02:01:22.302000,22,15,+60.265,+2.526
0 days 02:01:26.284000,22,15,+60.292,+2.552
0 days 02:01:32.426000,22,15,+60.311,+2.510
0 days 02:01:37.740000,22,15,+60.330,+2.506
0 days 02:01:42.115000,22,15,+60.341,+2.504
0 days 02:01:46.951000,22,15,+60.355,+2.503
0 days 02:01:50.715000,22,15,+60.360,+2.500
0 days 02:01:59.165000,22,15,+60.418,+2.517
0 days 02:02:03.153000,22,15,+60.440,+2.547
0 days 02:02:04.065000,22,15,+60.466,+2.502
0 days 02:02:08.327000,22,15,+60.465,+2.398
0 days 02:02:12.644000,22,15,+60.421,+2.364
0 days 02:02:13.843000,22,15,+60.402,+2.344
0 days 02:02:16.085000,22,15,+60.461,+2.331
0 days 02:02:21.137000,22,15,+60.484,+2.444
0 days 02:02:26.509000,22,15,+60.429,+2.433
0 days 02:02:30.846000,22,15,+60.474,+2.554
0 days 02:02:33.756000,22,15,+60.471,+2.536
0 days 02:02:40.812000,22,15,+60.511,+2.554
0 days 02:02:44.561000,22,15,+60.517,+2.576
0 days 02:02:48.665000,22,15,+60.690,+2.525
0 days 02:02:54.317000,22,15,+60.828,+2.682
0 days 02:02:58.959000,22,15,+60.671,+2.663
0 days 02:03:02.924000,22,15,+60.659,+2.654
0 days 02:03:09.167000,22,15,+60.730,+2.620
0 days 02:03:14.391000,22,15,+60.734,+2.541
0 days 02:03:18.746000,22,15,+60.765,+2.569
0 days 02:03:23.522000,22,15,+60.764,+2.670
0 days 02:03:27.345000,22,15,+60.763,+2.872
0 days 02:03:35.702000,22,15,+60.730,+2.628
0 days 02:03:39.665000,22,15,+60.752,+2.577
0 days 02:03:40.465000,22,15,+60.780,+2.491
0 days 02:03:44.815000,22,15,+60.764,+2.373
0 days 02:03:49.151000,22,15,+60.711,+2.496
0 days 02:03:50.314000,22,15,+60.683,+2.531
0 days 02:03:52.561000,22,15,+60.741,+2.494
0 days 02:03:57.717000,22,15,+60.962,+2.133
0 days 02:04:03.090000,22,15,+60.924,+1.982
0 days 02:04:07.492000,22,15,+60.968,+2.086
0 days 02:04:10.339000,22,15,+60.958,+2.058
0 days 02:04:17.445000,22,15,+61.031,+1.902
0 days 02:04:21.165000,22,15,+61.040,+1.883
0 days 02:04:25.243000,22,15,+61.138,+1.972
0 days 02:04:30.929000,22,15,+61.286,+1.889
0 days 02:04:35.654000,22,15,+61.244,+1.718
0 days 02:04:39.531000,22,15,+61.247,+1.663
0 days 02:04:45.815000,22,15,+61.366,+1.585
0 days 02:04:51.123000,22,15,+61.454,+1.548
0 days 02:04:55.485000,22,15,+61.493,+1.555
0 days 02:05:00.296000,22,15,+61.487,+1.543
0 days 02:05:04.188000,22,15,+61.478,+1.489
0 days 02:05:12.628000,22,15,+61.674,+1.511
0 days 02:05:16.612000,22,15,+61.706,+1.488
0 days 02:05:17.455000,22,15,+61.731,+1.485
0 days 02:05:21.795000,22,15,+61.731,+1.459
0 days 02:05:26.114000,22,15,+61.688,+1.412
0 days 02:05:27.307000,22,15,+61.672,+1.379
0 days 02:05:29.592000,22,15,+61.781,+1.471
0 days 02:05:34.768000,22,15,+61.962,+1.264
0 days 02:05:40.156000,22,15,+61.901,+1.281
0 days 02:05:44.440000,22,15,+61.948,+1.246
0 days 02:05:47.340000,22,15,+61.944,+1.197
0 days 02:05:54.425000,22,15,+62.029,+1.010
0 days 02:05:58.162000,22,15,+62.026,+0.990
0 days 02:06:02.197000,22,15,+62.168,+1.159
0 days 02:06:07.799000,22,15,+62.340,+1.161
0 days 02:06:12.567000,22,15,+62.354,+1.025
0 days 02:06:16.587000,22,15,+62.339,+0.985
0 days 02:06:22.745000,22,15,+62.495,+0.954
0 days 02:06:28.162000,22,15,+62.565,+1.015
0 days 02:06:32.509000,22,15,+62.578,+1.042
0 days 02:06:37.255000,22,15,+62.517,+0.989
0 days 02:06:40.909000,22,15,+62.320,+0.776
0 days 02:06:49.317000,22,15,+62.388,+0.820
0 days 02:06:53.342000,22,15,+62.427,+0.803
0 days 02:06:54.162000,22,15,+62.480,+0.844
0 days 02:06:58.512000,22,15,+62.437,+0.828
0 days 02:07:02.686000,22,15,+62.226,+0.594
0 days 02:07:03.814000,22,15,+62.142,+0.481
0 days 02:07:06.240000,22,15,+62.311,+0.620
0 days 02:07:11.151000,22,15,+62.319,+0.401
0 days 02:07:16.853000,22,15,+62.574,+0.707
0 days 02:07:21.171000,22,15,+62.597,+0.668
0 days 02:07:24.093000,22,15,+62.600,+0.618
0 days 02:07:31.343000,22,15,+62.806,+0.617
0 days 02:07:35.055000,22,15,+62.804,+0.616
0 days 02:07:39.088000,22,15,+62.951,+0.792
0 days 02:07:44.741000,22,15,+63.022,+0.833
0 days 02:07:49.541000,22,15,+63.010,+0.762
0 days 02:07:53.493000,22,15,+63.001,+0.722
0 days 02:07:59.834000,22,15,+63.187,+0.795
0 days 02:08:05.241000,22,15,+63.233,+0.860
0 days 02:08:09.457000,22,15,+63.247,+0.870
0 days 02:08:14.193000,22,15,+63.181,+0.792
0 days 02:08:17.838000,22,15,+62.988,+0.570
0 days 02:08:26.332000,22,15,+63.109,+0.667
0 days 02:08:30.314000,22,15,+63.143,+0.658
0 days 02:08:31.161000,22,15,+63.177,+0.711
0 days 02:08:35.560000,22,15,+63.151,+0.698
0 days 02:08:39.980000,22,15,+62.938,+0.444
0 days 02:08:40.841000,22,15,+62.854,+0.329
0 days 02:08:43.241000,22,15,+63.060,+0.458
0 days 02:08:48.342000,22,15,+63.110,+0.495
0 days 02:08:53.934000,22,15,+63.211,+0.559
0 days 02:08:58.168000,22,15,+63.172,+0.446
0 days 02:09:01.083000,22,15,+63.156,+0.366
0 days 02:09:08.386000,22,15,+63.367,+0.455
0 days 02:09:12.068000,22,15,+63.329,+0.377
0 days 02:09:16.150000,22,15,+63.437,+0.486
0 days 02:09:21.863000,22,15,+63.565,+0.524
0 days 02:09:26.641000,22,15,+63.631,+0.516
0 days 02:09:30.568000,22,15,+63.608,+0.450
0 days 02:09:36.962000,22,15,+63.870,+0.565
0 days 02:09:42.093000,22,15,+63.770,+0.362
0 days 02:09:46.468000,22,15,+63.793,+0.311
0 days 02:09:51.131000,22,15,+63.686,+0.198
0 days 02:09:54.767000,22,14,+63.686,+0.198
0 days 02:09:54.817000,22,14,+63.466,+1.642
0 days 02:10:03.288000,22,14,+63.631,+1.660
0 days 02:10:07.312000,22,14,+63.670,+1.676
0 days 02:10:08.114000,22,14,+63.702,+1.680
0 days 02:10:12.527000,22,14,+63.718,+1.566
0 days 02:10:16.822000,22,14,+63.678,+1.469
0 days 02:10:18.049000,22,14,+63.666,+1.419
0 days 02:10:20.342000,22,14,+63.788,+1.474
0 days 02:10:25.513000,22,14,+63.952,+1.634
0 days 02:10:30.892000,22,14,+63.719,+1.409
0 days 02:10:35.214000,22,14,+63.745,+1.376
0 days 02:10:38.148000,22,14,+63.747,+1.356
0 days 02:10:45.200000,22,14,+63.762,+1.325
0 days 02:10:48.964000,22,14,+63.748,+1.309
0 days 02:10:52.935000,22,14,+63.844,+1.389
0 days 02:10:58.533000,22,14,+63.926,+1.339
0 days 02:11:03.420000,22,14,+63.823,+1.269
0 days 02:11:07.194000,22,14,+63.810,+1.252
0 days 02:11:13.464000,22,14,+63.898,+1.176
0 days 02:11:18.744000,22,14,+63.946,+1.112
0 days 02:11:23.142000,22,14,+63.975,+1.076
0 days 02:11:27.939000,22,14,+63.974,+1.055
0 days 02:11:31.842000,22,14,+63.956,+1.034
0 days 02:11:40.230000,22,14,+64.067,+1.010
0 days 02:11:44.261000,22,14,+64.103,+1.049
0 days 02:11:45.068000,22,14,+64.129,+1.058
0 days 02:11:49.395000,22,14,+64.074,+0.905
0 days 02:11:53.748000,22,14,+64.006,+0.831
0 days 02:11:54.898000,22,14,+63.977,+0.783
0 days 02:11:57.174000,22,14,+64.058,+0.844
0 days 02:12:02.224000,22,14,+63.954,+0.787
0 days 02:12:07.726000,22,14,+64.000,+0.768
0 days 02:12:12.034000,22,14,+64.038,+0.777
0 days 02:12:15.077000,22,14,+64.151,+0.888
0 days 02:12:22.298000,22,14,+64.217,+0.953
0 days 02:12:25.969000,22,14,+64.217,+0.946
0 days 02:12:29.934000,22,14,+64.175,+1.006
0 days 02:12:35.546000,22,14,+64.224,+1.015
0 days 02:12:40.534000,22,14,+64.189,+0.895
0 days 02:12:44.257000,22,14,+64.171,+0.874
0 days 02:12:50.512000,22,14,+64.291,+0.758
0 days 02:12:55.797000,22,14,+64.274,+0.791
0 days 02:13:00.130000,22,14,+64.297,+0.799
0 days 02:13:04.869000,22,14,+64.229,+0.734
0 days 02:13:08.520000,22,14,+64.035,+0.529
0 days 02:13:17.030000,22,14,+64.074,+0.513
0 days 02:13:21.040000,22,14,+64.099,+0.540
0 days 02:13:21.868000,22,14,+64.179,+0.583
0 days 02:13:26.227000,22,14,+64.183,+0.495
0 days 02:13:30.418000,22,14,+63.952,+0.275
0 days 02:13:31.456000,22,14,+63.866,+0.179
0 days 02:13:33.869000,22,14,+64.138,+0.361
0 days 02:13:39.411000,22,14,+64.603,+0.915
0 days 02:13:45.165000,22,14,+64.874,+1.013
0 days 02:13:49.569000,22,14,+65.004,+1.196
0 days 02:13:52.516000,22,14,+65.004,+1.187
0 days 02:13:59.797000,22,14,+65.255,+1.314
0 days 02:14:03.517000,22,14,+65.277,+1.312
0 days 02:14:08.002000,22,14,+65.665,+1.740
0 days 02:14:14.158000,22,14,+66.477,+2.488
0 days 02:14:19.451000,22,14,+66.926,+2.882
0 days 02:14:23.617000,22,14,+67.079,+3.079
0 days 02:14:30.239000,22,14,+67.534,+3.415
0 days 02:14:35.863000,22,14,+67.848,+3.566
0 days 02:14:40.437000,22,14,+68.095,+3.762
0 days 02:14:45.196000,22,15,+68.095,+3.762
0 days 02:14:45.320000,22,15,+68.116,+0.015
0 days 02:14:49.089000,22,15,+68.121,+0.147
0 days 02:14:57.735000,22,16,+68.121,+0.147
0 days 02:14:58.048000,22,16,+68.731,+0.226
0 days 02:15:02.070000,22,16,+68.826,+0.236
0 days 02:15:03.146000,22,16,+68.891,+0.143
0 days 02:15:10.150000,22,17,+68.891,+0.143
0 days 02:15:31.970000,22,18,+68.891,+0.143
0 days 02:15:34.286000,22,19,+68.891,+0.143
0 days 02:15:52.070000,22,19,1 L,+16.509
0 days 02:15:55.099000,22,19,1 L,+17.351
0 days 02:16:01.832000,22,19,1 L,+18.606
0 days 02:16:08.003000,22,19,1 L,+19.380
0 days 02:16:13.435000,22,19,1 L,+20.541
0 days 02:16:17.131000,22,19,1 L,+21.256
0 days 02:16:24.598000,22,19,1 L,+21.386
0 days 02:16:28.260000,22,19,1 L,+21.400
0 days 02:16:32.532000,22,19,1 L,+21.615
0 days 02:16:38.197000,22,19,1 L,+21.544
0 days 02:16:42.770000,22,19,1 L,+21.110
0 days 02:16:46.697000,22,19,1 L,+21.044
0 days 02:16:52.999000,22,19,1 L,+20.800
0 days 02:16:58.097000,22,19,1 L,+20.618
0 days 02:17:02.424000,22,19,1 L,+20.582
0 days 02:17:07.147000,22,19,1 L,+20.554
0 days 02:17:10.944000,22,19,1 L,+20.483
0 days 02:17:19.502000,22,19,1 L,+20.365
0 days 02:17:23.471000,22,19,1 L,+20.372
0 days 02:17:24.317000,22,19,1 L,+20.345
0 days 02:17:28.830000,22,19,1 L,+20.249
0 days 02:17:33.200000,22,19,1 L,+20.218
0 days 02:17:34.297000,22,19,1 L,+20.189
0 days 02:17:36.596000,22,19,1 L,+20.312
0 days 02:17:41.674000,22,19,1 L,+20.234
0 days 02:17:46.996000,22,19,1 L,+19.987
0 days 02:17:51.209000,22,19,1 L,+19.844
0 days 02:17:54.188000,22,19,1 L,+19.824
0 days 02:18:01.251000,22,19,1 L,+19.608
0 days 02:18:04.897000,22,19,1 L,+19.583
0 days 02:18:08.897000,22,19,1 L,+19.755
0 days 02:18:14.491000,22,19,1 L,+19.597
0 days 02:18:19.173000,22,19,1 L,+19.260
0 days 02:18:23.044000,22,19,1 L,+19.205
0 days 02:18:29.201000,22,19,1 L,+18.947
0 days 02:18:34.434000,22,19,1 L,+18.837
0 days 02:18:38.767000,22,19,1 L,+18.849
0 days 02:18:43.571000,22,19,1 L,+18.739
0 days 02:18:47.346000,22,19,1 L,+17.962
0 days 02:18:55.772000,22,19,1 L,+17.525
0 days 02:18:59.750000,22,19,1 L,+17.510
0 days 02:19:00.545000,22,19,1 L,+17.448
0 days 02:19:05.002000,22,19,1 L,+17.290
0 days 02:19:09.317000,22,19,1 L,+17.430
0 days 02:19:10.445000,22,19,1 L,+17.484
0 days 02:19:12.735000,22,19,1 L,+17.552
0 days 02:19:17.828000,22,19,1 L,+17.645
0 days 02:19:23.174000,22,19,1 L,+17.178
0 days 02:19:27.425000,22,19,1 L,+17.045
0 days 02:19:30.341000,22,19,1 L,+17.042
0 days 02:19:37.311000,22,19,1 L,+16.787
0 days 02:19:41.099000,22,19,1 L,+16.762
0 days 02:19:45.015000,22,19,1 L,+16.865
0 days 02:19:50.514000,22,19,1 L,+16.578
0 days 02:19:55.154000,22,19,1 L,+16.198
0 days 02:19:59.127000,22,19,1 L,+15.831
0 days 02:20:05.219000,22,19,1 L,+14.427
0 days 02:20:10.472000,22,19,1 L,+14.205
0 days 02:20:14.772000,22,19,1 L,+14.221
0 days 02:20:19.573000,22,19,1 L,+14.286
0 days 02:20:23.404000,22,19,1 L,+14.462
0 days 02:20:31.734000,22,19,1 L,+14.288
0 days 02:20:35.690000,22,19,1 L,+14.294
0 days 02:20:36.488000,22,19,1 L,+14.239
0 days 02:20:40.839000,22,19,1 L,+14.022
0 days 02:20:45.198000,22,19,1 L,+14.003
0 days 02:20:46.346000,22,19,1 L,+13.979
0 days 02:20:48.518000,22,19,1 L,+14.016
0 days 02:20:53.657000,22,19,1 L,+13.840
0 days 02:20:58.949000,22,19,1 L,+13.553
0 days 02:21:03.199000,22,19,1 L,+13.471
0 days 02:21:06.123000,22,19,1 L,+13.461
0 days 02:21:13.135000,22,19,1 L,+13.224
0 days 02:21:16.941000,22,19,1 L,+13.222
0 days 02:21:20.865000,22,19,1 L,+13.339
0 days 02:21:26.519000,22,19,1 L,+13.025
0 days 02:21:31.146000,22,19,1 L,+12.790
0 days 02:21:35.069000,22,19,1 L,+12.755
0 days 02:21:41.246000,22,19,1 L,+12.456
0 days 02:21:46.562000,22,19,1 L,+12.373
0 days 02:21:50.823000,22,19,1 L,+12.374
0 days 02:21:55.651000,22,19,1 L,+12.372
0 days 02:21:59.548000,22,19,1 L,+12.335
0 days 02:22:07.748000,22,19,1 L,+12.091
0 days 02:22:11.699000,22,19,1 L,+12.065
0 days 02:22:12.492000,22,19,1 L,+12.007
0 days 02:22:16.834000,22,19,1 L,+11.837
0 days 02:22:21.137000,22,19,1 L,+11.809
0 days 02:22:22.349000,22,19,1 L,+11.786
0 days 02:22:24.502000,22,19,1 L,+11.847
0 days 02:22:29.756000,22,19,1 L,+12.030
0 days 02:22:35.149000,22,19,1 L,+11.553
0 days 02:22:39.490000,22,19,1 L,+11.417
0 days 02:22:42.365000,22,19,1 L,+11.396
0 days 02:22:49.399000,22,19,1 L,+11.201
0 days 02:22:53.099000,22,19,1 L,+11.183
0 days 02:22:57.073000,22,19,1 L,+11.244
0 days 02:23:02.599000,22,19,1 L,+11.051
0 days 02:23:07.323000,22,19,1 L,+10.784
0 days 02:23:11.200000,22,19,1 L,+10.755
0 days 02:23:17.390000,22,19,1 L,+10.543
0 days 02:23:22.647000,22,19,1 L,+10.447
0 days 02:23:26.940000,22,19,1 L,+10.460
0 days 02:23:31.731000,22,19,1 L,+10.436
0 days 02:23:35.469000,22,19,1 L,+10.360
0 days 02:23:43.823000,22,19,1 L,+10.178
0 days 02:23:47.773000,22,19,1 L,+10.172
0 days 02:23:48.641000,22,19,1 L,+10.181
0 days 02:23:53.068000,22,19,1 L,+10.065
0 days 02:23:57.348000,22,19,1 L,+10.027
0 days 02:23:58.547000,22,19,1 L,+10.003
0 days 02:24:00.669000,22,19,1 L,+10.039
0 days 02:24:05.673000,22,19,1 L,+10.063
0 days 02:24:11.293000,22,19,1 L,+9.905
0 days 02:24:15.564000,22,19,1 L,+9.885
0 days 02:24:18.541000,22,19,1 L,+9.884
0 days 02:24:25.579000,22,19,1 L,+9.761
0 days 02:24:29.299000,22,19,1 L,+9.746
0 days 02:24:33.373000,22,19,1 L,+9.925
0 days 02:24:38.979000,22,19,1 L,+9.822
0 days 02:24:43.802000,22,19,1 L,+9.703
0 days 02:24:47.767000,22,19,1 L,+9.724
0 days 02:24:54.012000,22,19,1 L,+9.638
0 days 02:24:59.362000,22,19,1 L,+9.625
0 days 02:25:03.715000,22,19,1 L,+9.657
0 days 02:25:08.435000,22,19,1 L,+9.567
0 days 02:25:11.991000,22,19,1 L,+9.341
0 days 02:25:20.674000,22,19,1 L,+9.388
0 days 02:25:24.541000,22,19,1 L,+9.428
0 days 02:25:25.416000,22,19,1 L,+9.454
0 days 02:25:29.862000,22,19,1 L,+9.359
0 days 02:25:33.994000,22,19,1 L,+8.230
0 days 02:25:35.149000,22,19,1 L,+7.864
0 days 02:25:37.522000,22,19,1 L,+7.691
0 days 02:25:42.708000,22,19,1 L,+7.508
0 days 02:25:48.200000,22,19,1 L,+7.143
0 days 02:25:52.513000,22,19,1 L,+7.108
0 days 02:25:55.448000,22,19,1 L,+7.104
0 days 02:26:02.818000,22,19,1 L,+7.233
0 days 02:26:06.562000,22,19,1 L,+7.258
0 days 02:26:10.637000,22,19,1 L,+7.411
0 days 02:26:16.366000,22,19,1 L,+7.285
0 days 02:26:21.092000,22,19,1 L,+6.971
0 days 02:26:25.063000,22,19,1 L,+6.932
0 days 02:26:31.438000,22,19,1 L,+6.757
0 days 02:26:36.776000,22,19,1 L,+6.772
0 days 02:26:41.124000,22,19,1 L,+6.830
0 days 02:26:45.800000,22,19,1 L,+6.741
0 days 02:26:49.401000,22,19,1 L,+6.521
0 days 02:26:58.079000,22,19,1 L,+6.560
0 days 02:27:02,22,19,1 L,+6.595
0 days 02:27:07.327000,22,19,1 L,+6.492
0 days 02:27:11.554000,22,19,1 L,+6.421
0 days 02:27:12.716000,22,19,1 L,+6.384
0 days 02:27:15.060000,22,19,1 L,+6.552
0 days 02:27:20.441000,22,19,1 L,+6.684
0 days 02:27:25.763000,22,19,1 L,+6.570
0 days 02:27:29.942000,22,19,1 L,+6.451
0 days 02:27:32.966000,22,19,1 L,+6.432
0 days 02:27:39.975000,22,19,1 L,+6.339
0 days 02:27:43.675000,22,19,1 L,+6.320
0 days 02:27:47.749000,22,19,1 L,+6.550
0 days 02:27:53.375000,22,19,1 L,+6.434
0 days 02:27:58.314000,22,19,1 L,+6.395
0 days 02:28:02.475000,22,19,1 L,+6.436
0 days 02:28:08.680000,22,19,1 L,+6.413
0 days 02:28:14.008000,22,19,1 L,+6.373
0 days 02:28:18.302000,22,19,1 L,+6.386
0 days 02:28:23.016000,22,19,1 L,+6.290
0 days 02:28:26.636000,22,19,1 L,+6.058
0 days 02:28:35.065000,22,19,1 L,+5.958
0 days 02:28:39.168000,22,19,1 L,+6.029
0 days 02:28:39.975000,22,19,1 L,+6.074
0 days 02:28:44.358000,22,19,1 L,+5.728
0 days 02:28:48.525000,22,19,1 L,+4.919
0 days 02:28:49.699000,22,19,1 L,+4.624
0 days 02:28:52.189000,22,19,1 L,+4.575
0 days 02:28:57.336000,22,19,1 L,+4.672
0 days 02:29:02.771000,22,19,1 L,+4.305
0 days 02:29:07.016000,22,19,1 L,+4.234
0 days 02:29:10.037000,22,19,1 L,+4.238
0 days 02:29:17.021000,22,19,1 L,+4.117
0 days 02:29:20.714000,22,19,1 L,+4.056
0 days 02:29:24.732000,22,19,1 L,+4.185
0 days 02:29:30.402000,22,19,1 L,+4.024
0 days 02:29:35.278000,22,19,1 L,+3.808
0 days 02:29:39.420000,22,19,1 L,+3.839
0 days 02:29:45.570000,22,19,1 L,+3.819
0 days 02:29:50.968000,22,19,1 L,+3.758
0 days 02:29:55.269000,22,19,1 L,+3.778
0 days 02:29:59.988000,22,19,1 L,+3.665
0 days 02:30:03.602000,22,19,1 L,+3.425
0 days 02:30:12.236000,22,19,1 L,+3.464
0 days 02:30:16.257000,22,19,1 L,+3.515
0 days 02:30:17.179000,22,19,1 L,+3.493
0 days 02:30:21.702000,22,19,1 L,+3.285
0 days 02:34:01.493000,22,19,1L,+3.285
0 days 00:00:03.711000,23,10,,
0 days 00:59:10.528000,23,10,+1.095,+0.168
0 days 00:59:11.401000,23,10,+0.944,+0.138
0 days 00:59:14.137000,23,10,+1.267,+0.038
0 days 00:59:20.060000,23,10,+2.029,+0.105
0 days 00:59:26.039000,23,11,+2.029,+0.105
0 days 00:59:26.157000,23,11,+2.762,+0.021
0 days 00:59:30.163000,23,11,+2.787,+0.110
0 days 00:59:33.126000,23,11,+2.734,+0.147
0 days 00:59:40.951000,23,11,+3.513,+0.456
0 days 00:59:44.733000,23,11,+3.507,+0.469
0 days 00:59:48.897000,23,11,+3.659,+0.386
0 days 00:59:55.353000,23,12,+3.659,+0.386
0 days 00:59:55.538000,23,12,+4.642,+0.053
0 days 01:00:00.654000,23,12,+5.316,+0.107
0 days 01:00:04.955000,23,12,+5.645,+0.070
0 days 01:00:11.767000,23,11,+5.645,+0.070
0 days 01:00:12.638000,23,11,+6.336,+0.718
0 days 01:00:16.977000,23,11,+6.511,+0.507
0 days 01:00:21.526000,23,11,+6.615,+0.474
0 days 01:00:26.240000,23,11,+6.531,+0.407
0 days 01:00:29.990000,23,11,+6.404,+0.301
0 days 01:00:38.727000,23,11,+6.743,+0.339
0 days 01:00:42.812000,23,11,+6.751,+0.386
0 days 01:00:43.866000,23,11,+6.843,+0.435
0 days 01:00:48.376000,23,11,+6.929,+0.442
0 days 01:00:52.938000,23,11,+6.823,+0.559
0 days 01:00:54.151000,23,11,+6.774,+0.586
0 days 01:00:56.601000,23,11,+6.828,+0.683
0 days 01:01:01.933000,23,11,+7.100,+0.833
0 days 01:01:07.408000,23,11,+7.231,+0.587
0 days 01:01:11.615000,23,11,+7.279,+0.602
0 days 01:01:14.586000,23,11,+7.283,+0.598
0 days 01:01:22.039000,23,11,+7.642,+0.608
0 days 01:01:25.794000,23,11,+7.635,+0.632
0 days 01:01:30.080000,23,11,+7.829,+0.766
0 days 01:01:36.017000,23,11,+8.210,+0.751
0 days 01:01:40.883000,23,11,+8.306,+0.661
0 days 01:01:44.915000,23,11,+8.347,+0.646
0 days 01:01:51.439000,23,11,+8.720,+0.700
0 days 01:01:56.757000,23,11,+8.781,+0.730
0 days 01:02:01.282000,23,11,+8.862,+0.815
0 days 01:02:06.139000,23,11,+8.831,+0.878
0 days 01:02:09.813000,23,11,+8.654,+0.917
0 days 01:02:18.339000,23,11,+8.759,+0.767
0 days 01:02:22.416000,23,11,+8.795,+0.800
0 days 01:02:23.381000,23,11,+8.856,+0.803
0 days 01:02:27.829000,23,11,+8.821,+0.779
0 days 01:02:32.058000,23,11,+8.558,+0.732
0 days 01:02:33.230000,23,11,+8.478,+0.721
0 days 01:02:35.585000,23,11,+8.575,+0.800
0 days 01:02:40.776000,23,11,+8.815,+0.715
0 days 01:02:46.439000,23,11,+8.933,+0.722
0 days 01:02:50.631000,23,11,+8.959,+0.773
0 days 01:02:53.639000,23,11,+8.955,+0.770
0 days 01:03:01.037000,23,11,+9.171,+0.825
0 days 01:03:04.838000,23,11,+9.184,+0.856
0 days 01:03:09.086000,23,11,+9.245,+0.932
0 days 01:03:15.106000,23,11,+9.618,+0.877
0 days 01:03:20.004000,23,11,+9.799,+0.771
0 days 01:03:24.028000,23,11,+9.864,+0.786
0 days 01:03:30.441000,23,11,+10.038,+0.732
0 days 01:03:35.815000,23,11,+10.072,+0.734
0 days 01:03:40.314000,23,11,+10.121,+0.781
0 days 01:03:45.180000,23,11,+10.080,+0.798
0 days 01:03:48.757000,23,11,+9.884,+0.740
0 days 01:03:57.390000,23,11,+10.079,+0.719
0 days 01:04:01.559000,23,11,+10.176,+0.794
0 days 01:04:02.528000,23,11,+10.270,+0.832
0 days 01:04:06.926000,23,11,+10.227,+0.826
0 days 01:04:11.175000,23,11,+9.988,+0.809
0 days 01:04:12.340000,23,11,+9.915,+0.796
0 days 01:04:14.767000,23,11,+10.067,+0.901
0 days 01:04:20.040000,23,11,+10.090,+0.883
0 days 01:04:25.613000,23,11,+10.168,+0.688
0 days 01:04:29.986000,23,11,+10.283,+0.838
0 days 01:04:33.004000,23,11,+10.284,+0.867
0 days 01:04:40.466000,23,11,+10.619,+0.959
0 days 01:04:44.216000,23,11,+10.666,+0.995
0 days 01:04:48.436000,23,11,+10.712,+1.109
0 days 01:04:54.359000,23,11,+10.865,+1.143
0 days 01:04:59.134000,23,11,+11.009,+1.056
0 days 01:05:03.165000,23,11,+11.032,+1.048
0 days 01:05:09.560000,23,11,+11.260,+1.019
0 days 01:05:14.989000,23,11,+11.367,+1.076
0 days 01:05:19.440000,23,11,+11.390,+1.081
0 days 01:05:24.288000,23,11,+11.382,+1.157
0 days 01:05:28.097000,23,11,+11.373,+1.315
0 days 01:05:36.637000,23,11,+11.544,+1.153
0 days 01:05:40.770000,23,11,+11.534,+1.152
0 days 01:05:41.543000,23,11,+11.559,+1.123
0 days 01:05:45.972000,23,11,+11.469,+0.951
0 days 01:05:50.389000,23,11,+11.404,+1.059
0 days 01:05:51.595000,23,11,+11.394,+1.103
0 days 01:05:53.970000,23,11,+11.367,+1.113
0 days 01:05:59.103000,23,11,+11.325,+0.889
0 days 01:06:04.692000,23,11,+11.471,+0.864
0 days 01:06:08.989000,23,11,+11.531,+0.922
0 days 01:06:11.967000,23,11,+11.513,+0.910
0 days 01:06:19.267000,23,11,+11.646,+0.957
0 days 01:06:23.260000,23,11,+11.619,+0.970
0 days 01:06:27.236000,23,11,+11.613,+0.986
0 days 01:06:32.958000,23,11,+11.590,+0.792
0 days 01:06:37.917000,23,11,+11.726,+0.715
0 days 01:06:41.943000,23,11,+11.732,+0.702
0 days 01:06:48.298000,23,11,+12.022,+0.742
0 days 01:06:53.760000,23,11,+12.093,+0.735
0 days 01:06:58.207000,23,11,+12.127,+0.752
0 days 01:07:02.971000,23,11,+12.053,+0.729
0 days 01:07:06.591000,23,11,+11.853,+0.669
0 days 01:07:15.101000,23,11,+11.911,+0.609
0 days 01:07:19.167000,23,11,+11.909,+0.619
0 days 01:07:20.163000,23,11,+11.956,+0.632
0 days 01:07:24.515000,23,11,+11.933,+0.591
0 days 01:07:28.744000,23,11,+11.673,+0.516
0 days 01:07:29.896000,23,11,+11.598,+0.498
0 days 01:07:32.285000,23,11,+11.717,+0.658
0 days 01:07:37.466000,23,11,+11.794,+0.549
0 days 01:07:43.280000,23,11,+12.104,+0.569
0 days 01:07:47.536000,23,11,+12.105,+0.590
0 days 01:07:50.537000,23,11,+12.100,+0.590
0 days 01:07:57.983000,23,11,+12.333,+0.575
0 days 01:08:01.741000,23,11,+12.343,+0.576
0 days 01:08:05.896000,23,11,+12.508,+0.643
0 days 01:08:11.743000,23,11,+12.697,+0.658
0 days 01:08:16.775000,23,11,+12.875,+0.645
0 days 01:08:20.815000,23,11,+12.943,+0.682
0 days 01:08:27.342000,23,11,+13.321,+0.765
0 days 01:08:32.807000,23,11,+13.488,+0.762
0 days 01:08:37.298000,23,11,+13.538,+0.784
0 days 01:08:42.046000,23,11,+13.460,+0.760
0 days 01:08:45.684000,23,11,+13.258,+0.702
0 days 01:08:54.242000,23,11,+13.439,+0.670
0 days 01:08:58.301000,23,11,+13.504,+0.720
0 days 01:08:59.308000,23,11,+13.579,+0.756
0 days 01:09:03.699000,23,11,+13.517,+0.750
0 days 01:09:07.857000,23,11,+13.259,+0.715
0 days 01:09:09.015000,23,11,+13.178,+0.712
0 days 01:09:11.430000,23,11,+13.261,+0.929
0 days 01:09:16.606000,23,11,+13.289,+0.721
0 days 01:09:22.302000,23,11,+13.436,+0.671
0 days 01:09:26.596000,23,11,+13.513,+0.722
0 days 01:09:29.644000,23,11,+13.523,+0.725
0 days 01:09:37.023000,23,11,+13.775,+0.707
0 days 01:09:40.773000,23,11,+13.769,+0.680
0 days 01:09:44.905000,23,11,+13.766,+0.818
0 days 01:09:50.834000,23,11,+13.969,+0.729
0 days 01:09:55.906000,23,11,+14.125,+0.694
0 days 01:09:59.969000,23,11,+14.114,+0.654
0 days 01:10:06.516000,23,11,+14.569,+0.761
0 days 01:10:11.995000,23,11,+14.645,+0.806
0 days 01:10:16.468000,23,11,+14.729,+0.840
0 days 01:10:21.220000,23,11,+14.674,+0.829
0 days 01:10:24.859000,23,11,+14.479,+0.759
0 days 01:10:33.342000,23,11,+14.691,+0.717
0 days 01:10:37.391000,23,11,+14.706,+0.712
0 days 01:10:38.342000,23,11,+14.758,+0.700
0 days 01:10:42.714000,23,11,+14.710,+0.660
0 days 01:10:46.985000,23,11,+14.454,+0.586
0 days 01:10:48.092000,23,11,+14.368,+0.556
0 days 01:10:50.445000,23,11,+14.401,+0.645
0 days 01:10:55.701000,23,11,+14.542,+0.675
0 days 01:11:01.485000,23,11,+14.797,+0.505
0 days 01:11:05.797000,23,11,+14.820,+0.525
0 days 01:11:08.852000,23,11,+14.807,+0.533
0 days 01:11:16.264000,23,11,+15.055,+0.642
0 days 01:11:20.125000,23,11,+15.099,+0.678
0 days 01:11:24.269000,23,11,+15.143,+0.826
0 days 01:11:30.185000,23,11,+15.414,+0.870
0 days 01:11:35.288000,23,11,+15.569,+0.711
0 days 01:11:39.319000,23,11,+15.601,+0.655
0 days 01:11:45.884000,23,11,+15.925,+0.715
0 days 01:11:51.389000,23,11,+15.988,+0.755
0 days 01:11:55.820000,23,11,+16.016,+0.764
0 days 01:12:00.569000,23,11,+15.938,+0.738
0 days 01:12:04.182000,23,11,+15.757,+0.692
0 days 01:12:12.703000,23,11,+15.903,+0.733
0 days 01:12:16.795000,23,11,+15.902,+0.744
0 days 01:12:17.793000,23,11,+15.909,+0.746
0 days 01:12:22.044000,23,11,+15.857,+0.654
0 days 01:12:26.279000,23,11,+15.600,+0.592
0 days 01:12:27.443000,23,11,+15.512,+0.576
0 days 01:12:29.898000,23,11,+15.639,+0.713
0 days 01:12:35.257000,23,11,+15.795,+0.829
0 days 01:12:40.945000,23,11,+15.907,+0.541
0 days 01:12:45.293000,23,11,+15.984,+0.618
0 days 01:12:48.269000,23,11,+15.947,+0.599
0 days 01:12:55.663000,23,11,+16.120,+0.650
0 days 01:12:59.443000,23,11,+16.135,+0.665
0 days 01:13:03.695000,23,11,+16.269,+0.865
0 days 01:13:09.626000,23,11,+16.477,+0.788
0 days 01:13:14.607000,23,11,+16.607,+0.718
0 days 01:13:18.681000,23,11,+16.622,+0.712
0 days 01:13:25.200000,23,11,+16.992,+0.773
0 days 01:13:30.670000,23,11,+17.086,+0.797
0 days 01:13:35.153000,23,11,+17.146,+0.825
0 days 01:13:39.976000,23,11,+17.097,+0.824
0 days 01:13:43.617000,23,11,+16.924,+0.781
0 days 01:13:52.197000,23,11,+17.142,+0.834
0 days 01:13:56.346000,23,11,+17.151,+0.863
0 days 01:13:57.221000,23,11,+17.202,+0.865
0 days 01:14:01.670000,23,11,+17.181,+0.841
0 days 01:14:05.824000,23,11,+16.950,+0.788
0 days 01:14:06.962000,23,11,+16.855,+0.761
0 days 01:14:09.354000,23,11,+16.909,+0.844
0 days 01:14:14.845000,23,11,+17.288,+1.107
0 days 01:14:20.492000,23,11,+17.466,+0.948
0 days 01:14:24.795000,23,11,+17.459,+0.898
0 days 01:14:27.844000,23,11,+17.438,+0.881
0 days 01:14:35.133000,23,11,+17.535,+0.919
0 days 01:14:38.987000,23,11,+17.539,+0.933
0 days 01:14:43.124000,23,11,+17.649,+1.112
0 days 01:14:49.033000,23,11,+17.742,+1.032
0 days 01:14:54.071000,23,11,+17.949,+1.040
0 days 01:14:58.197000,23,11,+17.965,+1.028
0 days 01:15:04.516000,23,11,+18.211,+0.943
0 days 01:15:09.984000,23,11,+18.298,+0.943
0 days 01:15:14.391000,23,11,+18.326,+0.926
0 days 01:15:19.170000,23,11,+18.254,+0.898
0 days 01:15:22.781000,23,11,+18.076,+0.836
0 days 01:15:31.333000,23,11,+18.233,+0.804
0 days 01:15:35.370000,23,11,+18.264,+0.805
0 days 01:15:36.318000,23,11,+18.302,+0.796
0 days 01:15:40.723000,23,11,+18.297,+0.728
0 days 01:15:44.955000,23,11,+18.067,+0.561
0 days 01:15:46.079000,23,11,+17.987,+0.500
0 days 01:15:48.462000,23,11,+18.074,+0.681
0 days 01:15:53.745000,23,11,+18.260,+0.806
0 days 01:15:59.506000,23,11,+18.436,+0.783
0 days 01:16:03.819000,23,11,+18.452,+0.761
0 days 01:16:06.798000,23,11,+18.437,+0.764
0 days 01:16:14.212000,23,11,+18.562,+0.810
0 days 01:16:17.992000,23,11,+18.602,+0.851
0 days 01:16:22.175000,23,11,+18.719,+1.060
0 days 01:16:28.116000,23,11,+18.849,+0.998
0 days 01:16:33.006000,23,11,+18.950,+0.893
0 days 01:16:37.066000,23,11,+18.956,+0.857
0 days 01:16:43.500000,23,11,+19.265,+0.896
0 days 01:16:48.962000,23,11,+19.312,+0.921
0 days 01:16:53.422000,23,11,+19.363,+0.971
0 days 01:16:58.238000,23,11,+19.308,+0.996
0 days 01:17:01.819000,23,11,+19.138,+0.969
0 days 01:17:10.347000,23,11,+19.168,+0.870
0 days 01:17:14.394000,23,11,+19.191,+0.963
0 days 01:17:15.319000,23,11,+19.216,+1.226
0 days 01:17:19.723000,23,9,+19.216,+1.226
0 days 01:17:19.737000,23,9,+19.173,+1.594
0 days 01:17:23.964000,23,9,+18.960,+1.425
0 days 01:17:25.119000,23,9,+18.891,+1.381
0 days 01:17:27.319000,23,9,+18.814,+1.384
0 days 01:17:32.683000,23,9,+19.030,+1.433
0 days 01:17:38.246000,23,9,+19.067,+1.575
0 days 01:17:42.620000,23,9,+19.103,+1.561
0 days 01:17:45.624000,23,9,+19.099,+1.521
0 days 01:17:52.984000,23,9,+19.200,+1.662
0 days 01:17:56.804000,23,9,+19.200,+1.666
0 days 01:18:00.935000,23,9,+19.313,+1.848
0 days 01:18:06.748000,23,9,+19.395,+1.907
0 days 01:18:11.672000,23,9,+19.374,+1.815
0 days 01:18:15.725000,23,9,+19.366,+1.783
0 days 01:18:22.110000,23,9,+19.644,+1.787
0 days 01:18:27.639000,23,9,+19.768,+1.941
0 days 01:18:32.041000,23,9,+19.765,+1.945
0 days 01:18:36.901000,23,9,+19.757,+1.953
0 days 01:18:40.674000,23,9,+19.752,+1.951
0 days 01:18:49.196000,23,9,+19.890,+2.082
0 days 01:18:53.205000,23,9,+19.892,+2.093
0 days 01:18:54.073000,23,9,+19.934,+2.394
0 days 01:18:58.571000,23,7,+19.934,+2.394
0 days 01:18:58.592000,23,7,+19.936,+6.473
0 days 01:19:02.989000,23,7,+19.902,+6.488
0 days 01:19:04.195000,23,7,+19.895,+6.510
0 days 01:19:06.550000,23,7,+19.913,+6.492
0 days 01:19:11.702000,23,7,+20.012,+6.488
0 days 01:19:17.205000,23,7,+19.983,+6.542
0 days 01:19:21.525000,23,7,+20.080,+6.551
0 days 01:19:24.562000,23,7,+20.081,+6.567
0 days 01:19:31.725000,23,7,+20.066,+6.528
0 days 01:19:35.477000,23,7,+20.049,+6.516
0 days 01:19:39.612000,23,7,+20.120,+6.721
0 days 01:19:45.372000,23,7,+20.187,+6.818
0 days 01:19:50.294000,23,7,+20.179,+6.793
0 days 01:19:54.325000,23,7,+20.154,+6.785
0 days 01:20:00.632000,23,7,+20.233,+6.820
0 days 01:20:06.047000,23,7,+20.249,+6.887
0 days 01:20:10.442000,23,7,+20.237,+6.897
0 days 01:20:15.279000,23,7,+20.232,+6.919
0 days 01:20:19.103000,23,7,+20.231,+6.931
0 days 01:20:27.562000,23,7,+20.280,+7.042
0 days 01:20:31.639000,23,7,+20.301,+7.146
0 days 01:20:32.536000,23,7,+20.337,+7.423
0 days 01:20:36.873000,23,7,+20.292,+2.174
0 days 01:20:41.347000,23,5,+20.292,+2.174
0 days 01:20:41.442000,23,5,+20.273,+12.018
0 days 01:20:42.547000,23,5,+20.281,+12.086
0 days 01:20:45.042000,23,5,+20.367,+12.337
0 days 01:20:50.047000,23,5,+20.470,+12.363
0 days 01:20:55.674000,23,5,+20.439,+12.342
0 days 01:21:00.074000,23,5,+20.541,+12.349
0 days 01:21:03.075000,23,5,+20.537,+12.355
0 days 01:21:10.187000,23,5,+20.467,+12.292
0 days 01:21:13.937000,23,5,+20.448,+12.284
0 days 01:21:18.037000,23,5,+20.600,+12.341
0 days 01:21:24.018000,23,5,+20.688,+12.265
0 days 01:21:28.737000,23,5,+20.767,+12.170
0 days 01:21:32.776000,23,5,+20.760,+12.156
0 days 01:21:39.073000,23,5,+20.939,+12.202
0 days 01:21:44.446000,23,5,+20.959,+12.042
0 days 01:21:48.843000,23,5,+20.951,+12.054
0 days 01:21:53.705000,23,5,+20.956,+12.113
0 days 01:21:57.475000,23,5,+20.949,+12.131
0 days 01:22:05.965000,23,5,+17.723,+15.310
0 days 01:22:09.960000,23,5,+17.735,+15.403
0 days 01:22:10.830000,23,5,+17.761,+15.734
0 days 01:22:15.367000,23,5,+17.823,+10.594
0 days 01:22:19.727000,23,3,+17.823,+10.594
0 days 01:22:19.805000,23,3,+17.815,+12.244
0 days 01:22:21.038000,23,3,+17.820,+12.272
0 days 01:22:23.368000,23,3,+17.968,+12.399
0 days 01:22:28.466000,23,3,+17.953,+12.476
0 days 01:22:34.025000,23,3,+17.903,+12.362
0 days 01:22:38.373000,23,3,+17.932,+12.364
0 days 01:22:41.413000,23,3,+17.928,+12.387
0 days 01:22:48.548000,23,3,+17.799,+12.377
0 days 01:22:52.364000,23,3,+17.800,+12.401
0 days 01:22:56.441000,23,3,+17.954,+12.496
0 days 01:23:02.276000,23,3,+18.069,+12.502
0 days 01:23:07.222000,23,3,+18.008,+12.427
0 days 01:23:11.274000,23,3,+18.029,+12.451
0 days 01:23:17.637000,23,3,+17.950,+12.583
0 days 01:23:23.148000,23,3,+18.100,+12.507
0 days 01:23:27.549000,23,3,+18.151,+12.554
0 days 01:23:32.422000,23,3,+18.166,+12.611
0 days 01:23:36.181000,23,3,+18.168,+12.642
0 days 01:23:44.703000,23,3,+18.249,+12.821
0 days 01:23:48.686000,23,3,+18.340,+12.929
0 days 01:23:49.597000,23,3,+18.654,+13.271
0 days 01:23:54.130000,23,3,+13.243,+8.023
0 days 01:23:58.408000,23,1,LAP 16,LAP 16
0 days 01:25:32.557000,23,1,LAP 17,LAP 17
0 days 01:27:01.779000,23,2,LAP 17,LAP 17
0 days 01:27:02.185000,23,2,+0.392,+0.392
0 days 01:27:06.276000,23,2,+0.450,+0.450
0 days 01:27:07.299000,23,2,+0.577,+0.577
0 days 01:27:11.767000,23,2,+0.690,+0.690
0 days 01:27:16,23,2,+0.507,+0.507
0 days 01:27:17.250000,23,2,+0.445,+0.445
0 days 01:27:19.618000,23,2,+0.629,+0.629
0 days 01:27:24.793000,23,2,+0.753,+0.753
0 days 01:27:30.450000,23,2,+0.941,+0.941
0 days 01:27:34.791000,23,2,+0.947,+0.947
0 days 01:27:37.759000,23,2,+0.923,+0.923
0 days 01:27:45.072000,23,2,+1.118,+1.118
0 days 01:27:48.824000,23,2,+1.129,+1.129
0 days 01:27:53.035000,23,2,+1.302,+1.302
0 days 01:27:58.917000,23,2,+1.524,+1.524
0 days 01:28:03.974000,23,2,+1.729,+1.729
0 days 01:28:07.982000,23,2,+1.762,+1.762
0 days 01:28:14.303000,23,2,+1.995,+1.995
0 days 01:28:19.911000,23,2,+2.121,+2.121
0 days 01:28:24.182000,23,2,+2.162,+2.162
0 days 01:28:28.999000,23,2,+2.167,+2.167
0 days 01:28:32.807000,23,2,+2.168,+2.168
0 days 01:28:41.412000,23,2,+2.461,+2.461
0 days 01:28:46.304000,23,2,+2.509,+2.509
0 days 01:28:50.692000,23,2,+2.460,+2.460
0 days 01:28:55.080000,23,2,+2.412,+2.412
0 days 01:28:56.330000,23,2,+2.366,+2.366
0 days 01:28:58.524000,23,2,+2.313,+2.313
0 days 01:29:03.796000,23,2,+2.624,+2.624
0 days 01:29:09.477000,23,2,+2.803,+2.803
0 days 01:29:13.779000,23,2,+2.899,+2.899
0 days 01:29:16.751000,23,2,+2.885,+2.885
0 days 01:29:24.077000,23,2,+3.024,+3.024
0 days 01:29:27.840000,23,2,+3.029,+3.029
0 days 01:29:31.877000,23,2,+2.923,+2.923
0 days 01:29:37.846000,23,2,+3.251,+3.251
0 days 01:29:42.754000,23,2,+3.440,+3.440
0 days 01:29:46.776000,23,2,+3.449,+3.449
0 days 01:29:53.077000,23,2,+3.596,+3.596
0 days 01:29:58.452000,23,2,+3.637,+3.637
0 days 01:30:02.809000,23,2,+3.623,+3.623
0 days 01:30:07.603000,23,2,+3.614,+3.614
0 days 01:30:11.404000,23,2,+3.604,+3.604
0 days 01:30:19.836000,23,3,+3.604,+3.604
0 days 01:30:20.296000,23,3,+4.015,+0.415
0 days 01:30:24.205000,23,3,+4.019,+0.436
0 days 01:30:25.246000,23,3,+4.146,+0.533
0 days 01:30:29.712000,23,3,+4.226,+0.619
0 days 01:30:33.925000,23,3,+4.023,+0.452
0 days 01:30:35.049000,23,3,+3.939,+0.384
0 days 01:30:37.642000,23,3,+4.083,+0.484
0 days 01:30:42.869000,23,3,+4.210,+0.639
0 days 01:30:48.689000,23,3,+4.600,+0.978
0 days 01:30:52.927000,23,3,+4.603,+0.981
0 days 01:30:55.920000,23,3,+4.596,+0.966
0 days 01:31:03.295000,23,3,+4.898,+1.082
0 days 01:31:07.100000,23,3,+4.910,+1.113
0 days 01:31:11.154000,23,3,+4.855,+0.949
0 days 01:31:17.198000,23,3,+5.177,+1.120
0 days 01:31:22.192000,23,3,+5.352,+1.369
0 days 01:31:26.227000,23,3,+5.364,+1.426
0 days 01:31:32.670000,23,3,+5.669,+1.571
0 days 01:31:38.092000,23,3,+5.840,+1.598
0 days 01:31:42.490000,23,3,+5.855,+1.536
0 days 01:31:47.301000,23,3,+5.849,+1.524
0 days 01:31:51.079000,23,3,+5.832,+1.513
0 days 01:31:59.512000,23,4,+5.832,+1.513
0 days 01:31:59.881000,23,4,+6.266,+0.329
0 days 01:32:03.878000,23,4,+6.262,+0.307
0 days 01:32:04.578000,23,4,+6.131,+0.107
0 days 01:32:10.692000,23,5,+6.131,+0.107
0 days 01:32:11.247000,23,6,+6.131,+0.107
0 days 01:32:19.481000,23,7,+6.131,+0.107
0 days 01:32:19.987000,23,8,+6.131,+0.107
0 days 01:32:21.478000,23,9,+6.131,+0.107
0 days 01:32:30.538000,23,10,+6.131,+0.107
0 days 01:32:31.857000,23,11,+6.131,+0.107
0 days 01:32:34.690000,23,12,+6.131,+0.107
0 days 01:32:35.078000,23,13,+6.131,+0.107
0 days 01:32:38.078000,23,14,+6.131,+0.107
0 days 01:32:38.708000,23,14,+30.162,+0.525
0 days 01:32:41.652000,23,14,+30.851,+1.379
0 days 01:32:47.155000,23,14,+31.200,+1.554
0 days 01:32:52.747000,23,14,+31.272,+1.625
0 days 01:32:57.001000,23,14,+31.233,+1.518
0 days 01:33:00.052000,23,14,+31.232,+1.480
0 days 01:33:07.396000,23,14,+31.460,+1.444
0 days 01:33:11.131000,23,14,+31.456,+1.395
0 days 01:33:15.358000,23,14,+31.531,+1.706
0 days 01:33:21.253000,23,14,+31.577,+1.649
0 days 01:33:25.912000,23,14,+31.420,+1.436
0 days 01:33:29.862000,23,14,+31.364,+1.325
0 days 01:33:36.353000,23,14,+31.685,+1.492
0 days 01:33:41.641000,23,14,+31.520,+1.385
0 days 01:33:46.011000,23,14,+31.496,+1.329
0 days 01:33:50.835000,23,14,+31.494,+1.312
0 days 01:33:54.655000,23,14,+31.509,+1.268
0 days 01:34:03.041000,23,14,+31.520,+1.107
0 days 01:34:07.083000,23,14,+31.528,+1.090
0 days 01:34:08.088000,23,14,+31.606,+1.181
0 days 01:34:12.500000,23,14,+31.690,+1.114
0 days 01:34:16.996000,23,14,+31.712,+1.135
0 days 01:34:18.273000,23,14,+31.746,+1.147
0 days 01:34:20.627000,23,14,+31.824,+1.400
0 days 01:34:25.883000,23,14,+31.807,+1.402
0 days 01:34:31.279000,23,14,+31.743,+1.224
0 days 01:34:35.404000,23,14,+31.663,+1.031
0 days 01:34:38.353000,23,14,+31.630,+0.962
0 days 01:34:45.542000,23,14,+31.624,+0.878
0 days 01:34:49.255000,23,14,+31.598,+0.825
0 days 01:34:53.353000,23,14,+31.513,+0.999
0 days 01:34:59.127000,23,14,+31.548,+1.007
0 days 01:35:03.895000,23,14,+31.461,+0.816
0 days 01:35:07.896000,23,14,+31.439,+0.723
0 days 01:35:14.242000,23,14,+31.586,+0.759
0 days 01:35:19.353000,23,14,+31.358,+0.550
0 days 01:35:23.750000,23,14,+31.337,+0.490
0 days 01:35:28.474000,23,14,+31.244,+0.374
0 days 01:35:32.048000,23,14,+31.039,+0.131
0 days 01:35:40.354000,23,13,+31.039,+0.131
0 days 01:35:40.446000,23,13,+31.090,+3.068
0 days 01:35:44.474000,23,13,+31.105,+3.028
0 days 01:35:45.316000,23,13,+31.179,+3.021
0 days 01:35:49.828000,23,13,+31.237,+3.031
0 days 01:35:54.227000,23,13,+31.183,+3.210
0 days 01:35:55.396000,23,13,+31.176,+3.289
0 days 01:35:57.782000,23,13,+31.289,+3.353
0 days 01:36:03.019000,23,13,+31.315,+3.226
0 days 01:36:08.356000,23,13,+31.201,+3.100
0 days 01:36:12.651000,23,13,+31.191,+3.039
0 days 01:36:15.602000,23,13,+31.188,+3.022
0 days 01:36:22.728000,23,13,+31.234,+2.970
0 days 01:36:26.500000,23,13,+31.246,+2.978
0 days 01:36:30.655000,23,13,+31.283,+3.052
0 days 01:36:36.401000,23,13,+31.293,+2.946
0 days 01:36:41.118000,23,13,+31.299,+2.787
0 days 01:36:45.112000,23,13,+31.314,+2.777
0 days 01:36:51.354000,23,13,+31.372,+2.654
0 days 01:36:56.730000,23,13,+31.317,+2.701
0 days 01:37:01.080000,23,13,+31.346,+2.730
0 days 01:37:05.922000,23,13,+31.360,+2.762
0 days 01:37:09.700000,23,13,+31.376,+2.799
0 days 01:37:18.199000,23,13,+31.506,+2.835
0 days 01:37:22.216000,23,13,+31.555,+2.809
0 days 01:37:23.053000,23,13,+31.617,+2.800
0 days 01:37:27.604000,23,13,+31.652,+2.788
0 days 01:37:31.836000,23,13,+31.616,+2.975
0 days 01:37:33.043000,23,13,+31.622,+3.076
0 days 01:37:35.430000,23,13,+31.757,+3.223
0 days 01:37:40.670000,23,13,+31.880,+2.989
0 days 01:37:46.014000,23,13,+31.859,+2.858
0 days 01:37:50.328000,23,13,+31.915,+2.800
0 days 01:37:53.272000,23,13,+31.907,+2.783
0 days 01:38:00.514000,23,13,+31.944,+2.730
0 days 01:38:04.228000,23,13,+31.957,+2.706
0 days 01:38:08.353000,23,13,+31.937,+2.682
0 days 01:38:14.108000,23,13,+32.052,+2.644
0 days 01:38:18.972000,23,13,+32.146,+2.548
0 days 01:38:22.982000,23,13,+32.144,+2.513
0 days 01:38:29.183000,23,13,+32.247,+2.392
0 days 01:38:34.581000,23,13,+32.257,+2.415
0 days 01:38:38.976000,23,13,+32.297,+2.436
0 days 01:38:43.735000,23,13,+32.299,+2.459
0 days 01:38:47.551000,23,13,+32.305,+2.482
0 days 01:38:55.972000,23,13,+32.420,+2.546
0 days 01:38:59.939000,23,13,+32.428,+2.520
0 days 01:39:00.787000,23,13,+32.498,+2.566
0 days 01:39:05.244000,23,13,+32.454,+2.504
0 days 01:39:09.737000,23,13,+32.378,+2.668
0 days 01:39:10.785000,23,13,+32.371,+2.758
0 days 01:39:13.135000,23,13,+32.400,+2.789
0 days 01:39:18.373000,23,13,+32.521,+2.674
0 days 01:39:23.831000,23,13,+32.543,+2.606
0 days 01:39:28.146000,23,13,+32.612,+2.580
0 days 01:39:31.121000,23,13,+32.611,+2.555
0 days 01:39:38.316000,23,13,+32.718,+2.496
0 days 01:39:42.075000,23,13,+32.731,+2.479
0 days 01:39:46.255000,23,13,+32.724,+2.452
0 days 01:39:51.973000,23,13,+32.814,+2.441
0 days 01:39:56.777000,23,13,+32.862,+2.303
0 days 01:40:00.805000,23,13,+32.883,+2.298
0 days 01:40:07.076000,23,13,+33.017,+2.177
0 days 01:40:12.417000,23,13,+33.011,+2.185
0 days 01:40:16.755000,23,13,+33.017,+2.187
0 days 01:40:21.552000,23,13,+33.030,+2.203
0 days 01:40:25.356000,23,13,+33.035,+2.223
0 days 01:40:33.729000,23,13,+32.978,+2.167
0 days 01:40:37.761000,23,13,+33.020,+2.087
0 days 01:40:38.577000,23,13,+33.079,+2.083
0 days 01:40:43.018000,23,13,+33.043,+2.015
0 days 01:40:47.482000,23,13,+32.976,+2.022
0 days 01:40:48.584000,23,13,+32.973,+2.048
0 days 01:40:50.885000,23,13,+33.045,+2.105
0 days 01:40:56.204000,23,13,+33.109,+2.124
0 days 01:41:01.629000,23,13,+33.170,+2.052
0 days 01:41:05.938000,23,13,+33.204,+2.041
0 days 01:41:08.919000,23,13,+33.200,+2.010
0 days 01:41:16.152000,23,13,+33.342,+2.070
0 days 01:41:19.973000,23,13,+33.338,+2.058
0 days 01:41:24.037000,23,13,+33.349,+2.071
0 days 01:41:29.958000,23,13,+33.537,+2.094
0 days 01:41:34.773000,23,13,+33.644,+2.120
0 days 01:41:38.828000,23,13,+33.673,+2.137
0 days 01:41:45.082000,23,13,+33.845,+2.129
0 days 01:41:50.504000,23,13,+33.882,+2.111
0 days 01:41:54.879000,23,13,+33.892,+2.128
0 days 01:41:59.693000,23,13,+33.904,+2.146
0 days 01:42:03.482000,23,13,+33.912,+2.167
0 days 01:42:11.883000,23,13,+33.983,+2.143
0 days 01:42:15.900000,23,13,+33.974,+1.950
0 days 01:42:16.845000,23,13,+34.037,+1.928
0 days 01:42:21.188000,23,13,+34.057,+1.947
0 days 01:42:25.485000,23,12,+34.057,+1.947
0 days 01:42:25.579000,23,12,+33.974,+2.104
0 days 01:42:26.762000,23,12,+33.956,+2.187
0 days 01:42:29.098000,23,12,+33.983,+2.303
0 days 01:42:34.320000,23,12,+34.003,+2.155
0 days 01:42:39.809000,23,12,+34.036,+2.014
0 days 01:42:43.990000,23,12,+34.084,+1.975
0 days 01:42:46.951000,23,12,+34.080,+1.953
0 days 01:42:54.183000,23,12,+34.159,+1.939
0 days 01:42:57.890000,23,12,+34.152,+1.941
0 days 01:43:01.985000,23,12,+34.132,+1.917
0 days 01:43:07.715000,23,12,+34.207,+1.875
0 days 01:43:12.604000,23,12,+34.294,+1.835
0 days 01:43:16.646000,23,12,+34.334,+1.832
0 days 01:43:22.944000,23,12,+34.569,+1.861
0 days 01:43:28.446000,23,12,+34.637,+1.939
0 days 01:43:32.804000,23,12,+34.672,+1.985
0 days 01:43:37.620000,23,12,+34.683,+2.015
0 days 01:43:41.431000,23,12,+34.681,+2.028
0 days 01:43:49.959000,23,12,+34.895,+2.080
0 days 01:43:53.983000,23,12,+34.923,+2.036
0 days 01:43:54.817000,23,12,+34.984,+2.029
0 days 01:43:59.446000,23,12,+35.081,+2.049
0 days 01:44:03.858000,23,12,+35.054,+2.071
0 days 01:44:04.991000,23,12,+35.051,+2.099
0 days 01:44:07.384000,23,12,+35.180,+2.248
0 days 01:44:12.746000,23,12,+35.373,+2.365
0 days 01:44:18.188000,23,12,+35.450,+2.305
0 days 01:44:22.531000,23,12,+35.500,+2.312
0 days 01:44:25.458000,23,12,+35.503,+2.301
0 days 01:44:32.659000,23,12,+35.615,+2.385
0 days 01:44:36.446000,23,12,+35.631,+2.396
0 days 01:44:40.605000,23,12,+35.701,+2.504
0 days 01:44:46.494000,23,12,+36.009,+2.650
0 days 01:44:51.377000,23,12,+36.055,+2.606
0 days 01:44:55.355000,23,12,+36.042,+2.615
0 days 01:45:01.711000,23,12,+36.239,+2.565
0 days 01:45:07.091000,23,12,+36.364,+2.703
0 days 01:45:11.543000,23,12,+36.435,+2.775
0 days 01:45:16.350000,23,12,+36.454,+2.806
0 days 01:45:20.184000,23,12,+36.469,+2.829
0 days 01:45:28.584000,23,12,+36.543,+2.904
0 days 01:45:32.604000,23,12,+36.589,+2.901
0 days 01:45:33.516000,23,12,+36.655,+2.924
0 days 01:45:37.923000,23,12,+36.670,+2.964
0 days 01:45:42.284000,23,12,+36.602,+3.135
0 days 01:45:43.522000,23,12,+36.586,+3.218
0 days 01:45:45.803000,23,12,+36.663,+3.312
0 days 01:45:51.003000,23,12,+36.832,+3.180
0 days 01:45:56.492000,23,12,+36.865,+3.076
0 days 01:46:00.806000,23,12,+36.980,+3.130
0 days 01:46:03.832000,23,12,+36.988,+3.087
0 days 01:46:10.937000,23,12,+37.058,+3.012
0 days 01:46:14.658000,23,12,+37.045,+3.010
0 days 01:46:18.850000,23,12,+37.194,+3.099
0 days 01:46:24.803000,23,12,+37.503,+3.239
0 days 01:46:29.501000,23,12,+37.497,+3.067
0 days 01:46:33.534000,23,12,+37.529,+3.055
0 days 01:46:39.778000,23,12,+37.730,+3.001
0 days 01:46:45.233000,23,12,+37.825,+3.060
0 days 01:46:49.647000,23,12,+37.861,+3.096
0 days 01:46:54.432000,23,12,+37.865,+3.167
0 days 01:46:58.264000,23,12,+37.867,+3.360
0 days 01:47:06.747000,23,12,+38.048,+3.443
0 days 01:47:10.696000,23,12,+38.075,+3.360
0 days 01:47:11.604000,23,12,+38.164,+3.368
0 days 01:47:15.978000,23,12,+38.208,+3.337
0 days 01:47:20.347000,23,12,+38.170,+3.502
0 days 01:47:21.559000,23,12,+38.165,+3.582
0 days 01:47:23.885000,23,12,+38.233,+3.616
0 days 01:47:29.159000,23,12,+38.428,+3.525
0 days 01:47:34.459000,23,12,+38.296,+3.326
0 days 01:47:38.735000,23,12,+38.361,+3.339
0 days 01:47:41.747000,23,12,+38.365,+3.321
0 days 01:47:48.854000,23,12,+38.414,+3.292
0 days 01:47:52.596000,23,12,+38.396,+3.275
0 days 01:47:56.776000,23,12,+38.457,+3.262
0 days 01:48:02.617000,23,12,+38.768,+3.272
0 days 01:48:07.408000,23,12,+38.732,+3.125
0 days 01:48:11.385000,23,12,+38.731,+3.109
0 days 01:48:17.634000,23,12,+38.834,+2.948
0 days 01:48:23.105000,23,12,+38.966,+2.996
0 days 01:48:27.459000,23,12,+38.995,+3.019
0 days 01:48:32.286000,23,12,+39.007,+3.040
0 days 01:48:36.095000,23,12,+39.016,+3.058
0 days 01:48:44.562000,23,12,+39.159,+3.086
0 days 01:48:48.530000,23,12,+39.202,+3.067
0 days 01:48:49.403000,23,12,+39.282,+3.084
0 days 01:48:53.903000,23,12,+39.252,+3.142
0 days 01:48:58.251000,23,12,+39.198,+3.317
0 days 01:48:59.487000,23,12,+39.192,+3.407
0 days 01:49:01.755000,23,12,+39.264,+3.483
0 days 01:49:07.053000,23,12,+39.531,+3.353
0 days 01:49:12.410000,23,12,+39.465,+3.212
0 days 01:49:16.686000,23,12,+39.529,+3.197
0 days 01:49:19.633000,23,12,+39.524,+3.178
0 days 01:49:26.814000,23,12,+39.580,+3.135
0 days 01:49:30.560000,23,12,+39.597,+3.141
0 days 01:49:34.660000,23,12,+39.667,+3.117
0 days 01:49:40.485000,23,12,+39.902,+3.087
0 days 01:49:45.260000,23,12,+39.885,+2.937
0 days 01:49:49.203000,23,12,+39.877,+2.898
0 days 01:49:55.434000,23,12,+39.952,+2.817
0 days 01:50:00.937000,23,12,+40.136,+2.932
0 days 01:50:05.333000,23,12,+40.206,+2.975
0 days 01:50:10.155000,23,12,+40.221,+2.998
0 days 01:50:13.960000,23,12,+40.231,+3.019
0 days 01:50:22.406000,23,12,+40.371,+3.003
0 days 01:50:26.387000,23,12,+40.382,+2.949
0 days 01:50:27.249000,23,12,+40.418,+2.950
0 days 01:50:31.668000,23,12,+40.413,+2.963
0 days 01:50:36.113000,23,12,+40.387,+3.002
0 days 01:50:37.286000,23,12,+40.381,+3.034
0 days 01:50:39.680000,23,12,+40.501,+3.124
0 days 01:50:44.953000,23,12,+40.745,+3.109
0 days 01:50:50.260000,23,12,+40.572,+2.983
0 days 01:50:54.603000,23,12,+40.637,+3.001
0 days 01:50:57.621000,23,12,+40.641,+2.967
0 days 01:51:04.736000,23,12,+40.695,+2.901
0 days 01:51:08.477000,23,12,+40.707,+2.902
0 days 01:51:12.596000,23,12,+40.775,+2.858
0 days 01:51:18.335000,23,12,+40.936,+2.872
0 days 01:51:23.156000,23,12,+41.005,+2.845
0 days 01:51:27.134000,23,12,+41.027,+2.843
0 days 01:51:33.309000,23,12,+41.135,+2.588
0 days 01:51:38.855000,23,12,+41.332,+2.743
0 days 01:51:43.264000,23,12,+41.406,+2.800
0 days 01:51:48.136000,23,12,+41.415,+2.810
0 days 01:51:51.904000,23,12,+41.421,+2.806
0 days 01:52:00.361000,23,12,+41.573,+2.827
0 days 01:52:04.364000,23,12,+41.595,+2.830
0 days 01:52:05.360000,23,12,+41.658,+2.847
0 days 01:52:09.601000,23,12,+41.631,+2.801
0 days 01:52:14.060000,23,12,+41.590,+2.809
0 days 01:52:15.160000,23,12,+41.589,+2.833
0 days 01:52:17.503000,23,12,+41.729,+2.991
0 days 01:52:22.804000,23,12,+41.984,+3.055
0 days 01:52:28.192000,23,12,+41.886,+2.961
0 days 01:52:32.515000,23,12,+41.909,+2.915
0 days 01:52:35.510000,23,12,+41.910,+2.908
0 days 01:52:42.634000,23,12,+41.945,+2.929
0 days 01:52:46.350000,23,12,+41.960,+2.941
0 days 01:52:50.561000,23,12,+42.093,+3.004
0 days 01:52:56.256000,23,12,+42.351,+3.063
0 days 01:53:01.028000,23,12,+42.353,+2.968
0 days 01:53:04.989000,23,12,+42.355,+2.946
0 days 01:53:11.131000,23,12,+42.379,+2.761
0 days 01:53:16.561000,23,12,+42.536,+2.801
0 days 01:53:20.966000,23,12,+42.591,+2.842
0 days 01:53:25.741000,23,12,+42.595,+2.853
0 days 01:53:29.561000,23,12,+42.591,+2.858
0 days 01:53:37.938000,23,12,+42.709,+2.843
0 days 01:53:41.925000,23,12,+42.739,+2.919
0 days 01:53:42.861000,23,12,+42.803,+3.233
0 days 01:53:47.287000,23,11,+42.803,+3.233
0 days 01:53:47.287000,23,11,+42.772,+4.189
0 days 01:53:47.287000,23,11,+42.803,+4.189
0 days 01:53:47.287000,23,11,+42.772,+4.189
0 days 01:53:51.530000,23,11,+42.732,+4.200
0 days 01:53:52.761000,23,11,+42.728,+4.228
0 days 01:53:55.053000,23,11,+42.805,+4.340
0 days 01:54:00.237000,23,11,+42.925,+4.290
0 days 01:54:05.625000,23,11,+42.790,+4.142
0 days 01:54:10.007000,23,11,+42.771,+4.071
0 days 01:54:12.887000,23,11,+42.770,+4.077
0 days 01:54:20.071000,23,11,+42.897,+3.992
0 days 01:54:23.791000,23,11,+42.910,+3.930
0 days 01:54:27.948000,23,11,+43.025,+4.019
0 days 01:54:33.738000,23,11,+43.263,+4.065
0 days 01:54:38.462000,23,11,+43.243,+3.965
0 days 01:54:42.452000,23,11,+43.259,+3.955
0 days 01:54:48.718000,23,11,+43.266,+3.879
0 days 01:54:54.107000,23,11,+43.379,+3.849
0 days 01:54:58.425000,23,11,+43.428,+3.859
0 days 01:55:03.263000,23,11,+43.437,+3.891
0 days 01:55:07.092000,23,11,+43.435,+3.910
0 days 01:55:15.463000,23,11,+43.432,+3.837
0 days 01:55:19.388000,23,11,+43.430,+3.808
0 days 01:55:20.357000,23,11,+43.482,+3.858
0 days 01:55:24.692000,23,11,+43.439,+3.797
0 days 01:55:28.999000,23,11,+43.388,+3.798
0 days 01:55:30.300000,23,11,+43.385,+3.824
0 days 01:55:32.581000,23,11,+43.533,+3.995
0 days 01:55:37.837000,23,11,+43.756,+4.035
0 days 01:55:43.211000,23,11,+43.605,+3.906
0 days 01:55:47.488000,23,11,+43.624,+3.809
0 days 01:55:50.507000,23,11,+43.615,+3.802
0 days 01:55:57.521000,23,11,+43.711,+3.700
0 days 01:56:01.289000,23,11,+43.724,+3.661
0 days 01:56:05.357000,23,11,+43.761,+3.711
0 days 01:56:11.091000,23,11,+43.880,+3.736
0 days 01:56:15.855000,23,11,+43.853,+3.579
0 days 01:56:19.895000,23,11,+43.844,+3.564
0 days 01:56:26.040000,23,11,+43.918,+3.476
0 days 01:56:31.474000,23,11,+44.004,+3.510
0 days 01:56:35.792000,23,11,+44.012,+3.495
0 days 01:56:40.647000,23,11,+44.021,+3.527
0 days 01:56:44.482000,23,11,+44.031,+3.556
0 days 01:56:52.890000,23,11,+44.202,+3.657
0 days 01:56:56.841000,23,11,+44.209,+3.608
0 days 01:56:57.689000,23,11,+44.262,+3.639
0 days 01:57:02.136000,23,11,+44.252,+2.511
0 days 01:57:06.383000,23,10,+44.252,+2.511
0 days 01:57:06.462000,23,10,+44.215,+3.547
0 days 01:57:07.660000,23,10,+44.208,+3.576
0 days 01:57:09.998000,23,10,+44.328,+3.770
0 days 01:57:15.263000,23,10,+44.460,+3.754
0 days 01:57:20.721000,23,10,+44.429,+3.690
0 days 01:57:24.953000,23,10,+44.424,+3.628
0 days 01:57:27.907000,23,10,+44.415,+3.633
0 days 01:57:34.995000,23,10,+44.497,+3.557
0 days 01:57:38.733000,23,10,+44.501,+3.503
0 days 01:57:42.809000,23,10,+44.557,+3.556
0 days 01:57:48.579000,23,10,+44.678,+3.607
0 days 01:57:53.291000,23,10,+44.628,+3.456
0 days 01:57:57.264000,23,10,+44.620,+3.432
0 days 01:58:03.463000,23,10,+44.698,+3.415
0 days 01:58:08.919000,23,10,+44.807,+3.402
0 days 01:58:13.316000,23,10,+44.880,+3.437
0 days 01:58:18.107000,23,10,+44.890,+3.479
0 days 01:58:21.946000,23,10,+44.885,+3.505
0 days 01:58:30.269000,23,10,+44.778,+3.377
0 days 01:58:34.242000,23,10,+44.786,+3.357
0 days 01:58:35.140000,23,10,+44.832,+3.404
0 days 01:58:39.463000,23,10,+44.827,+3.366
0 days 01:58:43.743000,23,9,+44.827,+3.366
0 days 01:58:43.830000,23,9,+44.791,+3.374
0 days 01:58:45.032000,23,9,+44.792,+3.399
0 days 01:58:47.358000,23,9,+44.918,+3.572
0 days 01:58:52.589000,23,9,+45.035,+3.573
0 days 01:58:57.906000,23,9,+44.867,+3.373
0 days 01:59:02.256000,23,9,+44.903,+3.379
0 days 01:59:05.189000,23,9,+44.911,+3.403
0 days 01:59:12.363000,23,9,+45.084,+3.477
0 days 01:59:16.160000,23,9,+45.121,+3.476
0 days 01:59:20.354000,23,9,+45.298,+3.685
0 days 01:59:26.163000,23,9,+45.436,+3.806
0 days 01:59:30.864000,23,9,+45.341,+3.641
0 days 01:59:34.828000,23,9,+45.361,+3.631
0 days 01:59:41.064000,23,9,+45.525,+3.618
0 days 01:59:46.454000,23,9,+45.574,+3.565
0 days 01:59:50.864000,23,9,+45.626,+3.556
0 days 01:59:55.630000,23,9,+45.635,+3.595
0 days 01:59:59.472000,23,9,+45.639,+3.625
0 days 02:00:07.830000,23,9,+45.633,+3.582
0 days 02:00:11.794000,23,9,+45.656,+3.557
0 days 02:00:12.653000,23,9,+45.709,+3.589
0 days 02:00:17.037000,23,9,+45.676,+3.491
0 days 02:00:21.553000,23,9,+45.668,+3.518
0 days 02:00:22.590000,23,9,+45.693,+3.561
0 days 02:00:24.906000,23,9,+45.787,+3.618
0 days 02:00:30.226000,23,9,+46.089,+3.610
0 days 02:00:35.690000,23,9,+45.986,+3.506
0 days 02:00:39.980000,23,9,+46.034,+3.418
0 days 02:00:42.894000,23,9,+46.040,+3.431
0 days 02:00:50.102000,23,9,+46.145,+3.396
0 days 02:00:53.790000,23,9,+46.131,+3.337
0 days 02:00:57.811000,23,9,+46.163,+3.347
0 days 02:01:03.560000,23,9,+46.239,+3.415
0 days 02:01:08.283000,23,9,+46.203,+3.299
0 days 02:01:12.267000,23,9,+46.227,+3.298
0 days 02:01:18.364000,23,9,+46.249,+3.143
0 days 02:01:23.798000,23,9,+46.354,+3.112
0 days 02:01:28.165000,23,9,+46.388,+3.108
0 days 02:01:32.932000,23,9,+46.395,+3.141
0 days 02:01:36.785000,23,9,+46.393,+3.167
0 days 02:01:45.121000,23,9,+46.361,+3.086
0 days 02:01:49.075000,23,9,+46.358,+3.027
0 days 02:01:49.866000,23,9,+46.390,+3.056
0 days 02:01:54.282000,23,9,+46.398,+3.022
0 days 02:01:58.653000,23,9,+46.383,+3.054
0 days 02:01:59.864000,23,9,+46.401,+3.101
0 days 02:02:02.140000,23,9,+46.527,+3.228
0 days 02:02:07.391000,23,9,+46.672,+3.347
0 days 02:02:12.683000,23,9,+46.571,+3.187
0 days 02:02:16.995000,23,9,+46.652,+3.114
0 days 02:02:19.953000,23,9,+46.671,+3.135
0 days 02:02:27.065000,23,9,+46.760,+3.115
0 days 02:02:30.804000,23,9,+46.769,+3.087
0 days 02:02:34.907000,23,9,+46.855,+3.115
0 days 02:02:40.512000,23,9,+47.046,+3.171
0 days 02:02:45.307000,23,9,+47.005,+3.066
0 days 02:02:49.265000,23,9,+47.017,+3.051
0 days 02:02:55.593000,23,9,+47.106,+3.048
0 days 02:03:00.942000,23,9,+47.273,+3.098
0 days 02:03:05.291000,23,9,+47.343,+3.113
0 days 02:03:10.139000,23,9,+47.347,+3.156
0 days 02:03:13.932000,23,9,+47.345,+3.182
0 days 02:03:22.264000,23,9,+47.295,+3.119
0 days 02:03:26.214000,23,9,+47.317,+3.104
0 days 02:03:27.065000,23,9,+47.385,+3.167
0 days 02:03:31.466000,23,9,+47.397,+3.137
0 days 02:03:35.867000,23,9,+47.405,+3.175
0 days 02:03:37.105000,23,9,+47.425,+3.225
0 days 02:03:39.365000,23,9,+47.501,+3.337
0 days 02:03:44.566000,23,9,+47.698,+3.272
0 days 02:03:49.933000,23,9,+47.717,+3.235
0 days 02:03:54.195000,23,9,+47.740,+3.159
0 days 02:03:57.254000,23,9,+47.748,+3.183
0 days 02:04:04.283000,23,9,+47.863,+3.168
0 days 02:04:08.057000,23,9,+47.881,+3.148
0 days 02:04:12.081000,23,9,+48.004,+3.215
0 days 02:04:17.765000,23,9,+48.209,+3.282
0 days 02:04:22.515000,23,9,+48.186,+3.190
0 days 02:04:26.493000,23,9,+48.212,+3.193
0 days 02:04:32.749000,23,9,+48.291,+3.188
0 days 02:04:38.112000,23,9,+48.468,+3.235
0 days 02:04:42.509000,23,9,+48.519,+3.253
0 days 02:04:47.466000,23,9,+48.525,+3.298
0 days 02:04:51.166000,23,9,+48.522,+3.327
0 days 02:04:59.466000,23,9,+48.488,+3.201
0 days 02:05:03.415000,23,9,+48.509,+3.196
0 days 02:05:04.285000,23,9,+48.561,+3.263
0 days 02:05:08.692000,23,9,+48.599,+3.203
0 days 02:05:13.040000,23,9,+48.601,+3.227
0 days 02:05:14.266000,23,9,+48.621,+3.273
0 days 02:05:16.590000,23,9,+48.804,+3.455
0 days 02:05:22.007000,23,9,+49.071,+3.581
0 days 02:05:27.253000,23,9,+48.998,+3.428
0 days 02:05:31.486000,23,9,+49.029,+3.318
0 days 02:05:34.444000,23,9,+49.046,+3.335
0 days 02:05:41.585000,23,9,+49.163,+3.294
0 days 02:05:45.246000,23,9,+49.165,+3.255
0 days 02:05:49.413000,23,9,+49.393,+3.342
0 days 02:05:55.040000,23,9,+49.587,+3.416
0 days 02:05:59.795000,23,9,+49.585,+3.304
0 days 02:06:03.762000,23,9,+49.569,+3.281
0 days 02:06:09.997000,23,9,+49.701,+3.262
0 days 02:06:15.399000,23,9,+49.795,+3.273
0 days 02:06:19.747000,23,9,+49.817,+3.277
0 days 02:06:24.525000,23,9,+49.813,+3.319
0 days 02:06:28.366000,23,9,+49.807,+3.348
0 days 02:06:36.720000,23,9,+49.763,+3.224
0 days 02:06:40.680000,23,9,+49.798,+3.255
0 days 02:06:41.564000,23,9,+49.858,+3.319
0 days 02:06:45.955000,23,9,+49.831,+3.245
0 days 02:06:50.368000,23,9,+49.841,+3.293
0 days 02:06:51.556000,23,9,+49.872,+3.346
0 days 02:06:53.884000,23,9,+50.039,+3.534
0 days 02:06:59.166000,23,9,+50.355,+3.615
0 days 02:07:04.467000,23,9,+50.197,+3.494
0 days 02:07:08.717000,23,9,+50.168,+3.342
0 days 02:07:11.726000,23,9,+50.185,+3.347
0 days 02:07:18.867000,23,9,+50.252,+3.273
0 days 02:07:22.532000,23,9,+50.250,+3.247
0 days 02:07:26.585000,23,9,+50.409,+3.275
0 days 02:07:32.241000,23,9,+50.478,+3.291
0 days 02:07:36.893000,23,9,+50.378,+3.145
0 days 02:07:40.855000,23,9,+50.351,+3.113
0 days 02:07:47.044000,23,9,+50.413,+3.067
0 days 02:07:52.358000,23,9,+50.499,+3.048
0 days 02:07:56.707000,23,9,+50.516,+3.025
0 days 02:08:01.556000,23,9,+50.513,+3.061
0 days 02:08:05.341000,23,9,+50.512,+3.091
0 days 02:08:13.767000,23,9,+50.527,+3.056
0 days 02:08:17.720000,23,9,+50.546,+2.988
0 days 02:08:18.562000,23,9,+50.561,+3.019
0 days 02:08:22.975000,23,9,+50.480,+2.978
0 days 02:08:27.267000,23,9,+50.466,+3.001
0 days 02:08:28.494000,23,9,+50.482,+3.044
0 days 02:08:30.804000,23,9,+50.598,+3.196
0 days 02:08:35.931000,23,9,+50.715,+3.104
0 days 02:08:41.341000,23,9,+50.602,+2.971
0 days 02:08:45.587000,23,9,+50.595,+2.883
0 days 02:08:48.511000,23,9,+50.600,+2.895
0 days 02:08:55.614000,23,9,+50.602,+2.848
0 days 02:08:59.367000,23,9,+50.611,+2.821
0 days 02:09:03.403000,23,9,+50.749,+2.889
0 days 02:09:09.056000,23,9,+50.859,+2.897
0 days 02:09:13.767000,23,9,+50.822,+2.773
0 days 02:09:17.719000,23,9,+50.804,+2.733
0 days 02:09:23.955000,23,9,+50.850,+2.751
0 days 02:09:29.263000,23,9,+50.912,+2.700
0 days 02:09:33.587000,23,9,+50.955,+2.688
0 days 02:09:38.406000,23,9,+50.948,+2.717
0 days 02:09:42.214000,23,9,+50.949,+2.743
0 days 02:09:50.613000,23,9,+50.962,+2.706
0 days 02:09:54.723000,23,9,+50.961,+2.702
0 days 02:09:55.368000,23,9,+51.010,+2.762
0 days 02:09:59.785000,23,9,+50.989,+2.739
0 days 02:10:04.163000,23,9,+50.986,+2.778
0 days 02:10:05.394000,23,9,+51.013,+2.833
0 days 02:10:07.616000,23,9,+51.071,+2.935
0 days 02:10:12.860000,23,9,+51.183,+2.987
0 days 02:10:18.125000,23,9,+50.890,+2.814
0 days 02:10:22.368000,23,9,+50.910,+2.773
0 days 02:10:25.342000,23,9,+50.912,+2.780
0 days 02:10:32.444000,23,9,+50.982,+2.759
0 days 02:10:36.210000,23,9,+50.982,+2.745
0 days 02:10:40.186000,23,9,+51.084,+2.766
0 days 02:10:45.841000,23,9,+51.241,+2.842
0 days 02:10:50.746000,23,9,+51.175,+2.727
0 days 02:10:54.668000,23,9,+51.177,+2.706
0 days 02:11:00.772000,23,9,+51.237,+2.768
0 days 02:11:06.149000,23,9,+51.318,+2.714
0 days 02:11:10.519000,23,9,+51.347,+2.702
0 days 02:11:15.312000,23,9,+51.348,+2.729
0 days 02:11:19.190000,23,9,+51.343,+2.758
0 days 02:11:27.501000,23,9,+51.324,+2.717
0 days 02:11:31.468000,23,9,+51.354,+2.714
0 days 02:11:32.268000,23,9,+51.404,+2.776
0 days 02:11:36.633000,23,9,+51.319,+2.720
0 days 02:11:41.017000,23,9,+51.302,+2.758
0 days 02:11:42.251000,23,9,+51.321,+2.808
0 days 02:11:44.606000,23,9,+51.394,+2.923
0 days 02:11:49.764000,23,9,+51.481,+2.972
0 days 02:11:55.042000,23,9,+51.255,+2.717
0 days 02:11:59.296000,23,9,+51.308,+2.662
0 days 02:12:02.260000,23,9,+51.310,+2.671
0 days 02:12:09.268000,23,9,+51.250,+2.588
0 days 02:12:12.995000,23,9,+51.227,+2.544
0 days 02:12:17.064000,23,9,+51.292,+2.639
0 days 02:12:22.710000,23,9,+51.378,+2.698
0 days 02:12:27.417000,23,9,+51.304,+2.557
0 days 02:12:31.372000,23,9,+51.296,+2.526
0 days 02:12:37.592000,23,9,+51.376,+2.567
0 days 02:12:43.053000,23,9,+51.539,+2.659
0 days 02:12:47.394000,23,9,+51.568,+2.652
0 days 02:12:52.215000,23,9,+51.562,+2.691
0 days 02:12:56.022000,23,9,+51.562,+2.720
0 days 02:13:04.373000,23,9,+51.493,+2.658
0 days 02:13:08.417000,23,9,+51.504,+2.653
0 days 02:13:09.186000,23,9,+51.565,+2.707
0 days 02:13:13.495000,23,9,+51.521,+2.636
0 days 02:13:17.858000,23,9,+51.490,+2.656
0 days 02:13:19.069000,23,9,+51.503,+2.696
0 days 02:13:21.329000,23,9,+51.563,+2.775
0 days 02:13:26.532000,23,9,+51.693,+2.800
0 days 02:13:31.948000,23,9,+51.630,+2.731
0 days 02:13:36.173000,23,9,+51.645,+2.680
0 days 02:13:39.148000,23,9,+51.653,+2.698
0 days 02:13:46.243000,23,9,+51.722,+2.687
0 days 02:13:49.958000,23,9,+51.728,+2.655
0 days 02:13:53.972000,23,9,+51.769,+2.649
0 days 02:13:59.549000,23,9,+51.855,+2.634
0 days 02:14:04.301000,23,9,+51.737,+2.543
0 days 02:14:08.248000,23,9,+51.677,+2.536
0 days 02:14:14.418000,23,9,+51.709,+2.539
0 days 02:14:19.765000,23,9,+51.707,+2.501
0 days 02:14:24.043000,23,9,+51.714,+2.462
0 days 02:14:28.814000,23,9,+51.698,+2.491
0 days 02:14:32.646000,23,9,+51.691,+2.524
0 days 02:14:40.999000,23,9,+51.683,+2.527
0 days 02:14:44.914000,23,9,+51.694,+2.525
0 days 02:14:45.799000,23,9,+51.729,+2.573
0 days 02:14:50.090000,23,9,+51.631,+2.481
0 days 02:14:54.491000,23,9,+51.637,+2.521
0 days 02:14:55.660000,23,9,+51.664,+2.571
0 days 02:14:58.032000,23,9,+51.742,+2.646
0 days 02:15:03.287000,23,9,+51.900,+2.639
0 days 02:15:08.454000,23,9,+51.775,+2.535
0 days 02:15:12.766000,23,9,+51.784,+2.508
0 days 02:15:15.727000,23,9,+51.790,+2.522
0 days 02:15:22.746000,23,9,+51.804,+2.416
0 days 02:15:26.458000,23,9,+51.811,+2.387
0 days 02:15:30.422000,23,9,+51.833,+2.340
0 days 02:15:35.962000,23,9,+51.852,+2.361
0 days 02:15:40.770000,23,9,+51.872,+2.273
0 days 02:15:44.711000,23,9,+51.903,+2.261
0 days 02:15:50.949000,23,9,+51.952,+2.267
0 days 02:15:56.300000,23,9,+52.005,+2.228
0 days 02:16:00.621000,23,9,+52.032,+2.208
0 days 02:16:05.389000,23,9,+52.019,+2.232
0 days 02:16:09.190000,23,9,+52.008,+2.255
0 days 02:16:17.599000,23,9,+52.057,+2.228
0 days 02:16:21.496000,23,9,+52.069,+2.227
0 days 02:16:22.336000,23,9,+52.091,+2.250
0 days 02:16:26.610000,23,9,+52.026,+2.164
0 days 02:16:30.949000,23,9,+52.024,+2.192
0 days 02:16:32.198000,23,9,+52.042,+2.238
0 days 02:16:34.397000,23,9,+52.093,+2.312
0 days 02:16:39.318000,23,9,+52.057,+2.200
0 days 02:16:44.861000,23,9,+51.977,+2.129
0 days 02:16:49.083000,23,9,+52.003,+2.110
0 days 02:16:52.072000,23,9,+52.001,+2.119
0 days 02:16:59.165000,23,9,+52.095,+2.147
0 days 02:17:02.898000,23,9,+52.094,+2.144
0 days 02:17:06.819000,23,9,+52.153,+2.088
0 days 02:17:12.363000,23,9,+52.221,+2.105
0 days 02:17:17.166000,23,9,+52.248,+2.085
0 days 02:17:21.096000,23,9,+52.257,+2.063
0 days 02:17:27.290000,23,9,+52.269,+2.052
0 days 02:17:32.634000,23,9,+52.337,+2.025
0 days 02:17:36.926000,23,9,+52.361,+1.998
0 days 02:17:41.736000,23,9,+52.351,+2.027
0 days 02:17:45.502000,23,9,+52.339,+2.052
0 days 02:17:53.904000,23,9,+52.412,+2.063
0 days 02:17:57.815000,23,9,+52.401,+2.080
0 days 02:17:58.659000,23,9,+52.421,+2.133
0 days 02:18:03.069000,23,9,+52.397,+2.106
0 days 02:18:07.328000,23,9,+52.418,+2.155
0 days 02:18:08.609000,23,9,+52.449,+2.205
0 days 02:18:10.729000,23,9,+52.502,+2.256
0 days 02:18:15.914000,23,9,+52.640,+2.316
0 days 02:18:21.371000,23,9,+52.424,+2.138
0 days 02:18:25.564000,23,9,+52.487,+2.093
0 days 02:18:28.518000,23,9,+52.518,+2.114
0 days 02:18:35.645000,23,9,+52.571,+2.119
0 days 02:18:39.371000,23,9,+52.580,+2.125
0 days 02:18:43.317000,23,9,+52.635,+2.109
0 days 02:18:48.871000,23,9,+52.727,+2.207
0 days 02:18:53.745000,23,9,+52.633,+2.161
0 days 02:18:57.649000,23,9,+52.629,+2.134
0 days 02:19:03.862000,23,9,+52.651,+2.171
0 days 02:19:09.147000,23,9,+52.522,+2.160
0 days 02:19:13.400000,23,9,+52.512,+2.126
0 days 02:19:18.213000,23,9,+52.566,+2.159
0 days 02:19:21.999000,23,9,+52.740,+2.191
0 days 02:19:30.408000,23,9,+52.873,+2.259
0 days 02:19:34.298000,23,9,+52.900,+2.284
0 days 02:19:35.160000,23,9,+52.963,+2.345
0 days 02:19:39.498000,23,9,+52.910,+2.245
0 days 02:19:43.955000,23,9,+52.973,+2.333
0 days 02:19:45.139000,23,9,+53.022,+2.396
0 days 02:19:47.260000,23,9,+53.038,+2.436
0 days 02:19:52.167000,23,9,+53.074,+2.356
0 days 02:19:57.714000,23,9,+53.021,+2.201
0 days 02:20:01.939000,23,9,+53.081,+2.169
0 days 02:20:04.898000,23,9,+53.107,+2.199
0 days 02:20:12.014000,23,9,+53.193,+2.192
0 days 02:20:15.760000,23,9,+53.235,+2.214
0 days 02:20:19.698000,23,9,+53.295,+2.207
0 days 02:20:25.272000,23,9,+53.374,+2.262
0 days 02:20:30.006000,23,9,+53.365,+2.205
0 days 02:20:33.992000,23,9,+53.364,+2.208
0 days 02:20:40.243000,23,9,+53.492,+2.201
0 days 02:20:45.427000,23,9,+53.460,+2.160
0 days 02:20:49.699000,23,9,+53.467,+2.143
0 days 02:20:54.494000,23,9,+53.461,+2.170
0 days 02:20:58.249000,23,9,+53.455,+2.197
0 days 02:21:06.648000,23,9,+53.508,+2.292
0 days 02:21:10.572000,23,9,+53.527,+2.301
0 days 02:21:11.471000,23,9,+53.573,+2.331
0 days 02:21:15.748000,23,9,+53.571,+2.290
0 days 02:21:20.173000,23,9,+53.655,+2.394
0 days 02:21:21.525000,23,9,+53.704,+2.462
0 days 02:21:23.573000,23,9,+53.763,+2.498
0 days 02:21:28.634000,23,9,+53.764,+2.516
0 days 02:21:34.024000,23,9,+53.588,+2.334
0 days 02:21:38.226000,23,9,+53.580,+2.253
0 days 02:21:41.236000,23,9,+53.623,+2.290
0 days 02:21:48.361000,23,9,+53.737,+2.323
0 days 02:21:52.046000,23,9,+53.755,+2.323
0 days 02:21:55.937000,23,9,+53.768,+2.280
0 days 02:22:01.504000,23,9,+53.794,+2.287
0 days 02:22:06.224000,23,9,+53.712,+2.216
0 days 02:22:10.190000,23,9,+53.726,+2.219
0 days 02:22:16.264000,23,9,+53.639,+2.121
0 days 02:22:21.635000,23,9,+53.711,+2.167
0 days 02:22:25.972000,23,9,+53.751,+2.178
0 days 02:22:30.773000,23,9,+53.765,+2.213
0 days 02:22:34.563000,23,9,+53.760,+2.242
0 days 02:22:42.851000,23,9,+53.729,+2.118
0 days 02:22:46.789000,23,9,+53.724,+2.137
0 days 02:22:47.673000,23,9,+53.769,+2.190
0 days 02:22:52.201000,23,9,+53.758,+2.148
0 days 02:22:56.615000,23,9,+53.801,+2.243
0 days 02:22:57.674000,23,9,+53.843,+2.308
0 days 02:22:59.903000,23,9,+53.854,+2.310
0 days 02:23:04.847000,23,9,+53.924,+2.258
0 days 02:23:10.301000,23,9,+53.766,+2.175
0 days 02:23:14.713000,23,9,+53.775,+2.132
0 days 02:23:17.509000,23,9,+53.783,+2.150
0 days 02:23:24.616000,23,9,+53.835,+2.160
0 days 02:23:28.363000,23,9,+53.860,+2.150
0 days 02:23:32.234000,23,9,+53.898,+2.074
0 days 02:23:37.733000,23,9,+53.894,+2.036
0 days 02:23:42.474000,23,9,+53.923,+1.899
0 days 02:23:46.399000,23,9,+53.929,+1.890
0 days 02:23:52.500000,23,9,+53.914,+1.816
0 days 02:23:57.873000,23,9,+54.037,+1.896
0 days 02:24:02.203000,23,9,+54.058,+1.875
0 days 02:24:07.020000,23,9,+54.037,+1.890
0 days 02:24:10.762000,23,9,+54.019,+1.910
0 days 02:24:19.139000,23,9,+54.127,+2.011
0 days 02:24:23.101000,23,9,+54.161,+2.043
0 days 02:24:23.973000,23,9,+54.218,+2.109
0 days 02:24:28.419000,23,9,+54.232,+2.032
0 days 02:24:32.715000,23,9,+54.267,+2.101
0 days 02:24:33.960000,23,9,+54.306,+2.166
0 days 02:24:36.174000,23,9,+54.435,+2.303
0 days 02:24:41.176000,23,9,+54.463,+2.263
0 days 02:24:46.731000,23,9,+54.510,+2.079
0 days 02:24:50.896000,23,9,+54.522,+2.048
0 days 02:24:53.849000,23,9,+54.535,+2.072
0 days 02:25:00.963000,23,9,+54.680,+2.129
0 days 02:25:04.722000,23,9,+54.711,+2.133
0 days 02:25:08.551000,23,9,+54.692,+2.094
0 days 02:25:13.993000,23,9,+54.721,+2.092
0 days 02:25:18.863000,23,9,+54.731,+2.017
0 days 02:25:22.769000,23,9,+54.752,+2.005
0 days 02:25:29.013000,23,9,+54.866,+1.923
0 days 02:25:34.520000,23,9,+54.985,+1.959
0 days 02:25:38.665000,23,9,+55.018,+1.941
0 days 02:25:43.474000,23,9,+55.002,+1.964
0 days 02:25:47.247000,23,9,+54.983,+1.975
0 days 02:25:55.758000,23,9,+55.214,+2.025
0 days 02:25:59.732000,23,9,+55.251,+2.055
0 days 02:26:00.620000,23,9,+55.317,+2.124
0 days 02:26:04.917000,23,9,+55.329,+2.067
0 days 02:26:09.297000,23,9,+55.359,+2.122
0 days 02:26:10.533000,23,9,+55.381,+2.164
0 days 02:26:12.734000,23,9,+55.420,+2.214
0 days 02:26:17.800000,23,9,+55.498,+2.217
0 days 02:26:23.194000,23,9,+55.414,+2.047
0 days 02:26:27.438000,23,9,+55.367,+1.960
0 days 02:26:30.396000,23,9,+55.372,+1.973
0 days 02:26:37.591000,23,9,+55.546,+2.035
0 days 02:26:41.297000,23,9,+55.570,+2.041
0 days 02:26:45.164000,23,9,+55.606,+1.997
0 days 02:26:50.663000,23,9,+55.746,+1.987
0 days 02:26:55.479000,23,9,+55.746,+1.912
0 days 02:26:59.394000,23,9,+55.754,+1.915
0 days 02:27:05.649000,23,9,+55.867,+1.938
0 days 02:27:11.063000,23,9,+56.082,+1.979
0 days 02:27:15.359000,23,9,+56.116,+1.965
0 days 02:27:20.375000,23,9,+56.114,+1.992
0 days 02:27:23.980000,23,9,+56.109,+2.011
0 days 02:27:32.375000,23,9,+56.243,+2.095
0 days 02:27:36.349000,23,9,+56.263,+2.116
0 days 02:27:37.173000,23,9,+56.318,+2.168
0 days 02:27:41.564000,23,9,+56.316,+2.057
0 days 02:27:45.942000,23,9,+56.346,+2.095
0 days 02:27:47.190000,23,9,+56.392,+2.153
0 days 02:27:49.449000,23,9,+56.482,+2.229
0 days 02:27:54.675000,23,9,+56.630,+2.249
0 days 02:28:00.010000,23,9,+56.485,+2.148
0 days 02:28:04.201000,23,9,+56.501,+2.039
0 days 02:28:07.138000,23,9,+56.531,+2.067
0 days 02:28:14.217000,23,9,+56.672,+2.126
0 days 02:28:17.901000,23,9,+56.691,+2.137
0 days 02:28:21.875000,23,9,+56.819,+2.172
0 days 02:28:27.342000,23,9,+56.864,+2.179
0 days 02:28:32.061000,23,9,+56.821,+2.092
0 days 02:28:35.989000,23,9,+56.837,+2.093
0 days 02:28:42.352000,23,9,+56.926,+2.201
0 days 02:28:47.612000,23,9,+56.871,+2.132
0 days 02:28:51.902000,23,9,+56.906,+2.123
0 days 02:28:56.701000,23,9,+56.891,+2.147
0 days 02:29:00.528000,23,9,+56.878,+2.156
0 days 02:29:08.963000,23,9,+56.933,+2.243
0 days 02:29:12.936000,23,9,+56.933,+2.274
0 days 02:29:13.766000,23,9,+56.966,+2.361
0 days 02:29:18.105000,23,9,+56.903,+2.267
0 days 02:29:22.554000,23,9,+56.961,+2.364
0 days 02:29:23.783000,23,9,+57.010,+2.432
0 days 02:29:26.025000,23,9,+57.049,+2.535
0 days 02:29:31.149000,23,9,+57.102,+2.597
0 days 02:29:36.422000,23,9,+57.015,+2.414
0 days 02:29:40.667000,23,9,+56.984,+2.338
0 days 02:29:43.582000,23,9,+57.017,+2.369
0 days 02:29:50.733000,23,9,+57.013,+2.438
0 days 02:29:54.426000,23,9,+57.018,+2.462
0 days 02:29:58.420000,23,9,+56.961,+2.447
0 days 02:30:03.866000,23,9,+56.903,+2.373
0 days 02:30:08.584000,23,9,+56.821,+2.281
0 days 02:30:12.552000,23,9,+56.827,+2.279
0 days 02:30:18.776000,23,9,+56.803,+2.400
0 days 02:30:24.165000,23,9,+56.870,+2.456
0 days 02:30:28.404000,23,9,+56.878,+2.447
0 days 02:30:33.193000,23,9,+56.870,+2.479
0 days 02:30:37.021000,23,9,+56.863,+2.499
0 days 02:30:45.402000,23,9,+56.680,+2.573
0 days 02:30:49.316000,23,9,+56.631,+2.605
0 days 02:30:50.220000,23,9,+56.585,+2.645
0 days 02:30:54.498000,23,9,+56.321,+2.573
0 days 00:00:03.711000,31,11,,
0 days 00:59:10.530000,31,11,+1.165,+0.070
0 days 00:59:11.401000,31,11,+0.996,+0.052
0 days 00:59:14.237000,31,11,+1.463,+0.196
0 days 00:59:20.134000,31,11,+2.296,+0.267
0 days 00:59:26.039000,31,10,+2.296,+0.267
0 days 00:59:26.115000,31,10,+2.741,+0.236
0 days 00:59:30.056000,31,10,+2.677,+0.212
0 days 00:59:33.068000,31,10,+2.587,+0.183
0 days 00:59:40.575000,31,10,+3.057,+0.303
0 days 00:59:44.289000,31,10,+3.038,+0.351
0 days 00:59:48.491000,31,10,+3.273,+0.387
0 days 00:59:54.808000,31,10,+3.871,+0.267
0 days 00:59:59.933000,31,10,+4.560,+0.171
0 days 01:00:03.964000,31,10,+4.702,+0.147
0 days 01:00:10.976000,31,10,+5.618,+0.283
0 days 01:00:16.470000,31,10,+6.004,+0.498
0 days 01:00:20.963000,31,10,+6.141,+0.588
0 days 01:00:25.882000,31,10,+6.124,+0.635
0 days 01:00:29.681000,31,10,+6.103,+0.696
0 days 01:00:38.367000,31,10,+6.404,+0.737
0 days 01:00:42.414000,31,10,+6.365,+0.634
0 days 01:00:43.400000,31,10,+6.408,+0.580
0 days 01:00:47.987000,31,10,+6.487,+0.635
0 days 01:00:52.381000,31,10,+6.264,+0.653
0 days 01:00:53.565000,31,10,+6.188,+0.675
0 days 01:00:55.935000,31,10,+6.145,+0.634
0 days 01:01:01.118000,31,10,+6.267,+0.340
0 days 01:01:06.829000,31,10,+6.644,+0.447
0 days 01:01:10.983000,31,10,+6.677,+0.394
0 days 01:01:14.002000,31,10,+6.685,+0.389
0 days 01:01:21.439000,31,10,+7.034,+0.509
0 days 01:01:25.166000,31,10,+7.003,+0.469
0 days 01:01:29.312000,31,10,+7.063,+0.344
0 days 01:01:35.291000,31,10,+7.459,+0.396
0 days 01:01:40.212000,31,10,+7.645,+0.504
0 days 01:01:44.238000,31,10,+7.701,+0.533
0 days 01:01:50.728000,31,10,+8.020,+0.557
0 days 01:01:56.039000,31,10,+8.051,+0.519
0 days 01:02:00.486000,31,10,+8.047,+0.495
0 days 01:02:05.273000,31,10,+7.953,+0.475
0 days 01:02:08.923000,31,10,+7.737,+0.479
0 days 01:02:17.565000,31,10,+7.992,+0.641
0 days 01:02:21.607000,31,10,+7.995,+0.536
0 days 01:02:22.487000,31,10,+8.053,+0.509
0 days 01:02:27.087000,31,10,+8.042,+0.480
0 days 01:02:31.340000,31,10,+7.826,+0.507
0 days 01:02:32.488000,31,10,+7.757,+0.532
0 days 01:02:34.768000,31,10,+7.775,+0.496
0 days 01:02:40.112000,31,10,+8.100,+0.501
0 days 01:02:45.728000,31,10,+8.211,+0.503
0 days 01:02:49.854000,31,10,+8.186,+0.435
0 days 01:02:52.872000,31,10,+8.185,+0.439
0 days 01:03:00.303000,31,10,+8.346,+0.487
0 days 01:03:04.039000,31,10,+8.328,+0.467
0 days 01:03:08.139000,31,10,+8.313,+0.308
0 days 01:03:14.290000,31,10,+8.741,+0.514
0 days 01:03:19.239000,31,10,+9.028,+0.657
0 days 01:03:23.248000,31,10,+9.078,+0.655
0 days 01:03:29.649000,31,10,+9.306,+0.650
0 days 01:03:35.084000,31,10,+9.338,+0.700
0 days 01:03:39.513000,31,10,+9.340,+0.697
0 days 01:03:44.370000,31,10,+9.282,+0.658
0 days 01:03:48.056000,31,10,+9.144,+0.560
0 days 01:03:56.757000,31,10,+9.360,+0.636
0 days 01:04:00.766000,31,10,+9.382,+0.577
0 days 01:04:01.600000,31,10,+9.438,+0.546
0 days 01:04:06.108000,31,10,+9.401,+0.478
0 days 01:04:10.388000,31,10,+9.179,+0.342
0 days 01:04:11.613000,31,10,+9.119,+0.319
0 days 01:04:13.843000,31,10,+9.166,+0.379
0 days 01:04:19.127000,31,10,+9.207,+0.337
0 days 01:04:24.884000,31,10,+9.480,+0.569
0 days 01:04:29.144000,31,10,+9.445,+0.559
0 days 01:04:32.141000,31,10,+9.417,+0.533
0 days 01:04:39.479000,31,10,+9.660,+0.619
0 days 01:04:43.242000,31,10,+9.671,+0.605
0 days 01:04:47.314000,31,10,+9.603,+0.566
0 days 01:04:53.167000,31,10,+9.722,+0.512
0 days 01:04:58.096000,31,10,+9.953,+0.598
0 days 01:05:02.115000,31,10,+9.984,+0.582
0 days 01:05:08.549000,31,10,+10.241,+0.638
0 days 01:05:13.959000,31,10,+10.291,+0.614
0 days 01:05:18.382000,31,10,+10.309,+0.644
0 days 01:05:23.128000,31,10,+10.225,+0.579
0 days 01:05:26.771000,31,10,+10.058,+0.436
0 days 01:05:35.590000,31,10,+10.391,+0.513
0 days 01:05:39.516000,31,10,+10.382,+0.420
0 days 01:05:40.535000,31,10,+10.436,+0.414
0 days 01:05:45.029000,31,10,+10.518,+0.504
0 days 01:05:49.331000,31,10,+10.345,+0.401
0 days 01:05:50.506000,31,10,+10.291,+0.388
0 days 01:05:52.830000,31,10,+10.254,+0.424
0 days 01:05:58.240000,31,10,+10.436,+0.739
0 days 01:06:03.895000,31,10,+10.607,+0.710
0 days 01:06:08.071000,31,10,+10.609,+0.688
0 days 01:06:11.067000,31,10,+10.603,+0.666
0 days 01:06:18.367000,31,10,+10.689,+0.734
0 days 01:06:22.208000,31,10,+10.649,+0.723
0 days 01:06:26.245000,31,10,+10.627,+0.676
0 days 01:06:32.166000,31,10,+10.798,+0.612
0 days 01:06:37.177000,31,10,+11.011,+0.692
0 days 01:06:41.251000,31,10,+11.030,+0.686
0 days 01:06:47.614000,31,10,+11.280,+0.739
0 days 01:06:53.093000,31,10,+11.358,+0.801
0 days 01:06:57.456000,31,10,+11.375,+0.809
0 days 01:07:02.271000,31,10,+11.324,+0.769
0 days 01:07:05.939000,31,10,+11.184,+0.649
0 days 01:07:14.478000,31,10,+11.302,+0.734
0 days 01:07:18.550000,31,10,+11.290,+0.653
0 days 01:07:19.400000,31,10,+11.324,+0.639
0 days 01:07:23.935000,31,10,+11.342,+0.664
0 days 01:07:28.215000,31,10,+11.157,+0.549
0 days 01:07:29.449000,31,10,+11.100,+0.525
0 days 01:07:31.663000,31,10,+11.059,+0.515
0 days 01:07:36.960000,31,10,+11.245,+0.443
0 days 01:07:42.655000,31,10,+11.535,+0.685
0 days 01:07:46.921000,31,10,+11.515,+0.657
0 days 01:07:49.941000,31,10,+11.510,+0.645
0 days 01:07:57.376000,31,10,+11.758,+0.847
0 days 01:08:01.144000,31,10,+11.767,+0.845
0 days 01:08:05.259000,31,10,+11.865,+0.851
0 days 01:08:11.130000,31,10,+12.039,+0.779
0 days 01:08:16.092000,31,10,+12.230,+0.811
0 days 01:08:20.141000,31,10,+12.261,+0.798
0 days 01:08:26.515000,31,10,+12.556,+0.896
0 days 01:08:32.068000,31,10,+12.726,+0.945
0 days 01:08:36.486000,31,10,+12.754,+0.960
0 days 01:08:41.283000,31,10,+12.700,+0.933
0 days 01:08:44.986000,31,10,+12.556,+0.816
0 days 01:08:53.541000,31,10,+12.769,+0.952
0 days 01:08:57.568000,31,10,+12.784,+0.917
0 days 01:08:58.517000,31,10,+12.823,+0.904
0 days 01:09:02.871000,31,10,+12.767,+0.814
0 days 01:09:07.151000,31,10,+12.544,+0.806
0 days 01:09:08.272000,31,10,+12.466,+0.827
0 days 01:09:10.469000,31,10,+12.332,+0.736
0 days 01:09:15.837000,31,10,+12.568,+0.622
0 days 01:09:21.605000,31,10,+12.765,+0.781
0 days 01:09:25.907000,31,10,+12.791,+0.762
0 days 01:09:28.940000,31,10,+12.798,+0.697
0 days 01:09:36.321000,31,10,+13.068,+0.833
0 days 01:09:40.107000,31,10,+13.089,+0.835
0 days 01:09:44.112000,31,10,+12.948,+0.677
0 days 01:09:50.142000,31,10,+13.240,+0.629
0 days 01:09:55.231000,31,10,+13.431,+0.747
0 days 01:09:59.275000,31,10,+13.460,+0.781
0 days 01:10:05.760000,31,10,+13.808,+0.894
0 days 01:10:11.218000,31,10,+13.839,+0.961
0 days 01:10:15.624000,31,10,+13.889,+0.987
0 days 01:10:20.417000,31,10,+13.845,+0.961
0 days 01:10:24.077000,31,10,+13.720,+0.851
0 days 01:10:32.616000,31,10,+13.974,+0.894
0 days 01:10:36.696000,31,10,+13.994,+0.773
0 days 01:10:37.668000,31,10,+14.058,+0.747
0 days 01:10:42.061000,31,10,+14.050,+0.743
0 days 01:10:46.395000,31,10,+13.868,+0.622
0 days 01:10:47.620000,31,10,+13.812,+0.586
0 days 01:10:49.823000,31,10,+13.756,+0.593
0 days 01:10:55.046000,31,10,+13.867,+0.442
0 days 01:11:00.974000,31,10,+14.292,+0.780
0 days 01:11:05.301000,31,10,+14.295,+0.748
0 days 01:11:08.286000,31,10,+14.274,+0.712
0 days 01:11:15.609000,31,10,+14.413,+0.823
0 days 01:11:19.403000,31,10,+14.421,+0.812
0 days 01:11:23.443000,31,10,+14.317,+0.615
0 days 01:11:29.443000,31,10,+14.544,+0.610
0 days 01:11:34.538000,31,10,+14.858,+0.818
0 days 01:11:38.660000,31,10,+14.946,+0.887
0 days 01:11:45.172000,31,10,+15.210,+0.875
0 days 01:11:50.628000,31,10,+15.233,+0.908
0 days 01:11:55.050000,31,10,+15.252,+0.941
0 days 01:11:59.956000,31,10,+15.200,+0.911
0 days 01:12:03.500000,31,10,+15.065,+0.793
0 days 01:12:11.997000,31,10,+15.170,+0.840
0 days 01:12:16.044000,31,10,+15.158,+0.774
0 days 01:12:16.921000,31,10,+15.163,+0.742
0 days 01:12:21.397000,31,10,+15.203,+0.728
0 days 01:12:25.685000,31,10,+15.008,+0.601
0 days 01:12:26.970000,31,10,+14.936,+0.564
0 days 01:12:29.162000,31,10,+14.926,+0.573
0 days 01:12:34.391000,31,10,+14.966,+0.418
0 days 01:12:40.444000,31,10,+15.366,+0.761
0 days 01:12:44.669000,31,10,+15.366,+0.718
0 days 01:12:47.685000,31,10,+15.348,+0.695
0 days 01:12:55.044000,31,10,+15.470,+0.757
0 days 01:12:58.832000,31,10,+15.470,+0.737
0 days 01:13:02.873000,31,10,+15.404,+0.553
0 days 01:13:08.837000,31,10,+15.689,+0.653
0 days 01:13:13.888000,31,10,+15.889,+0.750
0 days 01:13:17.944000,31,10,+15.910,+0.763
0 days 01:13:24.443000,31,10,+16.219,+0.799
0 days 01:13:29.869000,31,10,+16.289,+0.831
0 days 01:13:34.332000,31,10,+16.321,+0.869
0 days 01:13:39.144000,31,10,+16.273,+0.830
0 days 01:13:42.802000,31,10,+16.143,+0.708
0 days 01:13:51.374000,31,10,+16.308,+0.898
0 days 01:13:55.450000,31,10,+16.288,+0.853
0 days 01:13:56.373000,31,10,+16.337,+0.849
0 days 01:14:00.769000,31,10,+16.340,+0.815
0 days 01:14:05.047000,31,10,+16.162,+0.691
0 days 01:14:06.333000,31,10,+16.094,+0.669
0 days 01:14:08.509000,31,10,+16.065,+0.649
0 days 01:14:13.709000,31,10,+16.181,+0.599
0 days 01:14:19.609000,31,10,+16.518,+0.837
0 days 01:14:23.971000,31,10,+16.561,+0.831
0 days 01:14:26.955000,31,10,+16.557,+0.815
0 days 01:14:34.244000,31,10,+16.616,+0.889
0 days 01:14:38.033000,31,10,+16.606,+0.892
0 days 01:14:42.034000,31,10,+16.537,+0.762
0 days 01:14:48.070000,31,10,+16.710,+0.782
0 days 01:14:53.044000,31,10,+16.909,+0.900
0 days 01:14:57.099000,31,10,+16.937,+0.922
0 days 01:15:03.522000,31,10,+17.268,+0.954
0 days 01:15:09.044000,31,10,+17.355,+1.053
0 days 01:15:13.471000,31,10,+17.400,+1.100
0 days 01:15:18.264000,31,10,+17.356,+1.075
0 days 01:15:21.994000,31,10,+17.240,+0.971
0 days 01:15:30.520000,31,10,+17.429,+1.109
0 days 01:15:34.567000,31,10,+17.459,+1.079
0 days 01:15:35.436000,31,10,+17.506,+1.062
0 days 01:15:39.986000,31,10,+17.569,+1.101
0 days 01:15:44.382000,31,10,+17.506,+1.109
0 days 01:15:45.637000,31,10,+17.487,+1.131
0 days 01:15:47.845000,31,10,+17.393,+1.064
0 days 01:15:52.940000,31,10,+17.454,+0.885
0 days 01:15:58.702000,31,10,+17.653,+1.032
0 days 01:16:03.058000,31,10,+17.691,+1.035
0 days 01:16:06.053000,31,10,+17.673,+0.948
0 days 01:16:13.338000,31,10,+17.752,+0.994
0 days 01:16:17.161000,31,10,+17.751,+0.968
0 days 01:16:21.119000,31,10,+17.659,+0.796
0 days 01:16:27.119000,31,10,+17.851,+0.847
0 days 01:16:32.119000,31,10,+18.057,+0.967
0 days 01:16:36.218000,31,10,+18.099,+0.996
0 days 01:16:42.629000,31,10,+18.369,+0.936
0 days 01:16:48.045000,31,10,+18.391,+0.993
0 days 01:16:52.447000,31,10,+18.392,+0.993
0 days 01:16:57.199000,31,10,+18.312,+0.932
0 days 01:17:00.846000,31,10,+18.169,+0.802
0 days 01:17:09.494000,31,10,+18.298,+0.941
0 days 01:17:13.445000,31,10,+18.228,+0.740
0 days 01:17:14.064000,31,10,+17.990,+0.430
0 days 01:17:19.723000,31,11,+17.990,+0.430
0 days 01:17:21.541000,31,12,+17.990,+0.430
0 days 01:17:22.353000,31,13,+17.990,+0.430
0 days 01:17:28.983000,31,14,+17.990,+0.430
0 days 01:17:31.138000,31,15,+17.990,+0.430
0 days 01:17:36.641000,31,16,+17.990,+0.430
0 days 01:17:47.519000,31,17,+17.990,+0.430
0 days 01:17:48.290000,31,17,+42.065,+0.695
0 days 01:17:51.076000,31,17,+42.547,+1.362
0 days 01:17:56.149000,31,17,+42.464,+1.343
0 days 01:18:01.420000,31,17,+42.176,+1.196
0 days 01:18:05.566000,31,17,+42.010,+1.025
0 days 01:18:08.532000,31,17,+41.975,+0.972
0 days 01:18:15.544000,31,17,+41.764,+0.855
0 days 01:18:19.262000,31,17,+41.700,+0.798
0 days 01:18:23.120000,31,17,+41.513,+0.712
0 days 01:18:28.771000,31,17,+41.367,+0.614
0 days 01:18:33.520000,31,17,+41.191,+0.529
0 days 01:18:37.434000,31,17,+41.115,+0.474
0 days 01:18:43.697000,31,17,+41.199,+0.490
0 days 01:18:48.851000,31,17,+40.959,+0.357
0 days 01:18:53.174000,31,17,+40.894,+0.287
0 days 01:18:57.873000,31,17,+40.746,+0.131
0 days 01:19:01.451000,31,16,+40.746,+0.131
0 days 01:19:01.546000,31,16,+40.570,+1.106
0 days 01:19:09.846000,31,16,+40.554,+1.178
0 days 01:19:13.840000,31,16,+40.513,+1.098
0 days 01:19:14.663000,31,16,+40.524,+1.086
0 days 01:19:19.167000,31,16,+40.512,+1.140
0 days 01:19:23.558000,31,16,+40.454,+1.140
0 days 01:19:24.683000,31,15,+40.454,+1.140
0 days 01:19:24.763000,31,15,+40.437,+1.130
0 days 01:19:27.043000,31,15,+40.451,+0.693
0 days 01:19:32.273000,31,15,+40.581,+0.685
0 days 01:19:37.775000,31,15,+40.528,+0.558
0 days 01:19:41.910000,31,15,+40.431,+0.458
0 days 01:19:44.877000,31,15,+40.399,+0.463
0 days 01:19:52.073000,31,15,+40.414,+0.508
0 days 01:19:55.847000,31,15,+40.377,+0.486
0 days 01:19:59.999000,31,15,+40.517,+0.459
0 days 01:20:05.948000,31,15,+40.714,+0.348
0 days 01:20:10.872000,31,15,+40.715,+0.383
0 days 01:20:14.839000,31,15,+40.653,+0.359
0 days 01:20:21.272000,31,15,+40.902,+0.485
0 days 01:20:26.373000,31,15,+40.593,+0.376
0 days 01:20:30.747000,31,15,+40.539,+0.395
0 days 01:20:35.507000,31,15,+40.384,+0.362
0 days 01:20:39.027000,31,15,+40.129,+0.314
0 days 01:20:47.737000,31,15,+40.330,+0.514
0 days 01:20:51.730000,31,15,+40.343,+0.500
0 days 01:20:52.515000,31,15,+40.406,+0.508
0 days 01:20:57.047000,31,15,+40.394,+0.433
0 days 01:21:01.252000,31,15,+40.205,+0.429
0 days 01:21:02.408000,31,15,+40.132,+0.422
0 days 01:21:04.862000,31,15,+40.249,+0.320
0 days 01:21:10.274000,31,15,+40.650,+0.339
0 days 01:21:15.936000,31,15,+40.721,+0.398
0 days 01:21:20.141000,31,15,+40.608,+0.289
0 days 01:21:23.092000,31,15,+40.587,+0.293
0 days 01:21:30.425000,31,15,+40.707,+0.356
0 days 01:21:34.107000,31,15,+40.643,+0.309
0 days 01:21:38.393000,31,15,+40.934,+0.343
0 days 01:21:44.466000,31,15,+41.250,+0.342
0 days 01:21:49.341000,31,15,+41.324,+0.282
0 days 01:21:53.266000,31,15,+41.285,+0.259
0 days 01:21:59.753000,31,15,+38.561,+0.449
0 days 01:22:04.951000,31,15,+38.235,+0.292
0 days 01:22:09.293000,31,15,+38.197,+0.278
0 days 01:22:13.951000,31,15,+38.027,+0.181
0 days 01:22:17.474000,31,15,+37.714,+0.052
0 days 01:22:25.911000,31,14,+37.714,+0.052
0 days 01:22:25.982000,31,14,+37.721,+0.495
0 days 01:22:30.044000,31,14,+37.777,+0.410
0 days 01:22:30.907000,31,14,+37.849,+0.448
0 days 01:22:35.536000,31,14,+37.977,+0.583
0 days 01:22:39.889000,31,14,+37.862,+0.532
0 days 01:22:41.048000,31,14,+37.813,+0.510
0 days 01:22:43.384000,31,14,+38.034,+0.402
0 days 01:22:48.611000,31,14,+38.076,+0.402
0 days 01:22:54.393000,31,14,+38.229,+0.645
0 days 01:22:58.592000,31,14,+38.130,+0.607
0 days 01:23:01.686000,31,14,+38.239,+0.717
0 days 01:23:08.871000,31,14,+38.109,+0.739
0 days 01:23:12.630000,31,14,+38.088,+0.667
0 days 01:23:16.755000,31,14,+38.279,+0.557
0 days 01:23:22.602000,31,14,+38.306,+0.453
0 days 01:23:27.480000,31,14,+38.260,+0.614
0 days 01:23:31.530000,31,14,+38.261,+0.660
0 days 01:23:37.890000,31,14,+38.203,+0.760
0 days 01:23:43.277000,31,14,+38.248,+0.842
0 days 01:23:47.669000,31,14,+38.302,+0.864
0 days 01:23:52.463000,31,14,+38.244,+0.813
0 days 01:23:56.149000,31,14,+38.134,+0.714
0 days 01:24:04.717000,31,14,+20.053,+0.779
0 days 01:24:08.779000,31,14,+20.036,+0.692
0 days 01:24:09.639000,31,14,+19.995,+0.678
0 days 01:24:14.049000,31,14,+33.276,+0.712
0 days 01:24:18.298000,31,14,+19.823,+0.582
0 days 01:24:19.483000,31,14,+19.728,+0.530
0 days 01:24:21.757000,31,14,+19.652,+0.378
0 days 01:24:27.082000,31,14,+19.729,+0.434
0 days 01:24:32.678000,31,14,+19.874,+0.598
0 days 01:24:36.975000,31,14,+19.766,+0.574
0 days 01:24:40.041000,31,14,+19.754,+0.551
0 days 01:24:47.206000,31,14,+19.825,+0.564
0 days 01:24:50.922000,31,14,+19.802,+0.511
0 days 01:24:55.121000,31,14,+19.873,+0.438
0 days 01:25:01.052000,31,14,+20.000,+0.421
0 days 01:25:05.938000,31,14,+20.057,+0.531
0 days 01:25:09.937000,31,14,+20.023,+0.531
0 days 01:25:16.444000,31,14,+20.230,+0.505
0 days 01:25:21.835000,31,14,+20.073,+0.263
0 days 01:25:26.249000,31,14,+20.069,+0.273
0 days 01:25:30.913000,31,14,+19.912,+0.205
0 days 01:25:34.517000,31,14,+19.624,+0.135
0 days 01:25:43.396000,31,14,+20.122,+0.105
0 days 01:25:47.705000,31,14,+20.472,+0.226
0 days 01:25:48.830000,31,14,+20.676,+0.252
0 days 01:25:53.527000,31,14,+20.939,+0.190
0 days 01:25:57.651000,31,14,+20.681,+0.125
0 days 01:25:58.823000,31,14,+20.613,+0.158
0 days 01:26:01.336000,31,14,+20.777,+0.273
0 days 01:26:06.916000,31,14,+20.951,+0.402
0 days 01:26:12.550000,31,14,+21.288,+0.474
0 days 01:26:16.841000,31,14,+21.142,+0.463
0 days 01:26:19.895000,31,14,+21.125,+0.462
0 days 01:26:27.216000,31,14,+21.363,+0.445
0 days 01:26:30.975000,31,14,+21.335,+0.432
0 days 01:26:35.194000,31,14,+21.465,+0.270
0 days 01:26:41.215000,31,14,+21.696,+0.311
0 days 01:26:46.249000,31,14,+21.854,+0.384
0 days 01:26:50.276000,31,14,+21.844,+0.364
0 days 01:26:56.877000,31,14,+22.173,+0.492
0 days 01:27:02.076000,31,14,+21.120,+0.220
0 days 01:27:06.465000,31,14,+21.176,+0.236
0 days 01:27:11.219000,31,14,+21.113,+0.190
0 days 01:27:14.943000,31,14,+21.078,+0.051
0 days 01:27:23.400000,31,13,+21.078,+0.051
0 days 01:27:23.476000,31,13,+21.637,+0.419
0 days 01:27:27.609000,31,13,+21.782,+0.422
0 days 01:27:28.483000,31,13,+21.869,+0.453
0 days 01:27:33.024000,31,13,+21.944,+0.474
0 days 01:27:37.345000,31,12,+21.944,+0.474
0 days 01:27:37.415000,31,12,+21.800,+0.362
0 days 01:27:38.476000,31,12,+21.751,+0.338
0 days 01:27:40.850000,31,12,+21.850,+0.244
0 days 01:27:46.288000,31,12,+22.246,+0.318
0 days 01:27:51.955000,31,12,+22.407,+0.490
0 days 01:27:56.250000,31,12,+22.407,+0.446
0 days 01:27:59.303000,31,12,+22.386,+0.408
0 days 01:28:06.479000,31,12,+22.535,+0.469
0 days 01:28:10.250000,31,12,+22.542,+0.456
0 days 01:28:14.319000,31,12,+22.546,+0.355
0 days 01:28:20.150000,31,12,+22.716,+0.488
0 days 01:28:25.111000,31,12,+22.845,+0.657
0 days 01:28:29.125000,31,12,+22.864,+0.673
0 days 01:28:35.439000,31,12,+23.148,+0.829
0 days 01:28:40.702000,31,12,+23.050,+0.806
0 days 01:28:45.148000,31,12,+23.110,+0.821
0 days 01:28:49.877000,31,12,+23.049,+0.757
0 days 01:28:53.601000,31,12,+22.910,+0.627
0 days 01:29:01.988000,31,12,+23.055,+0.687
0 days 01:29:06.046000,31,12,+23.060,+0.581
0 days 01:29:06.887000,31,12,+23.112,+0.592
0 days 01:29:11.406000,31,12,+23.178,+0.643
0 days 01:29:15.736000,31,11,+23.178,+0.643
0 days 01:29:15.736000,31,11,+23.014,+0.512
0 days 01:29:16.890000,31,11,+22.936,+0.477
0 days 01:29:19.175000,31,11,+23.010,+0.499
0 days 01:29:24.361000,31,11,+23.100,+0.363
0 days 01:29:30.113000,31,11,+23.443,+0.690
0 days 01:29:34.364000,31,11,+23.504,+0.691
0 days 01:29:37.368000,31,11,+23.489,+0.661
0 days 01:29:44.651000,31,11,+23.595,+0.805
0 days 01:29:48.377000,31,11,+23.583,+0.794
0 days 01:29:52.396000,31,11,+23.436,+0.685
0 days 01:29:58.214000,31,11,+23.579,+0.832
0 days 01:30:03.051000,31,11,+23.727,+0.943
0 days 01:30:07.062000,31,11,+23.732,+0.933
0 days 01:30:13.430000,31,11,+23.928,+1.016
0 days 01:30:18.629000,31,11,+23.793,+0.982
0 days 01:30:22.978000,31,11,+23.786,+0.977
0 days 01:30:27.742000,31,11,+23.764,+0.950
0 days 01:30:31.551000,31,11,+23.755,+0.940
0 days 01:30:40.105000,31,11,+23.871,+1.048
0 days 01:30:44.101000,31,11,+23.862,+0.912
0 days 01:30:44.923000,31,11,+23.927,+0.928
0 days 01:30:49.479000,31,11,+24.008,+1.005
0 days 01:30:53.749000,31,11,+23.867,+0.905
0 days 01:30:54.933000,31,11,+23.815,+0.885
0 days 01:30:57.219000,31,11,+23.775,+0.876
0 days 01:31:02.370000,31,11,+23.748,+0.711
0 days 01:31:08.067000,31,11,+24.063,+1.010
0 days 01:31:12.311000,31,11,+24.034,+0.949
0 days 01:31:15.351000,31,11,+24.056,+0.951
0 days 01:31:22.554000,31,11,+24.147,+1.027
0 days 01:31:26.371000,31,11,+24.178,+1.037
0 days 01:31:30.354000,31,11,+24.064,+0.969
0 days 01:31:36.125000,31,11,+24.067,+1.043
0 days 01:31:41.078000,31,11,+24.225,+1.212
0 days 01:31:45.134000,31,11,+24.281,+1.252
0 days 01:31:51.447000,31,11,+24.491,+1.359
0 days 01:31:56.692000,31,11,+24.423,+1.330
0 days 01:32:01.078000,31,11,+24.412,+1.318
0 days 01:32:05.862000,31,11,+24.391,+1.298
0 days 01:32:09.718000,31,11,+24.438,+1.341
0 days 01:32:18.194000,31,11,+24.567,+1.479
0 days 01:32:22.213000,31,11,+24.601,+1.409
0 days 01:32:23.041000,31,11,+24.646,+1.398
0 days 01:32:27.536000,31,11,+24.686,+1.445
0 days 01:32:31.857000,31,10,+24.686,+1.445
0 days 01:32:31.935000,31,10,+24.624,+1.435
0 days 01:32:33.170000,31,10,+24.620,+1.443
0 days 01:32:35.487000,31,10,+24.593,+1.339
0 days 01:32:40.501000,31,10,+24.581,+1.166
0 days 01:32:46.179000,31,10,+24.666,+1.341
0 days 01:32:50.527000,31,10,+24.681,+1.331
0 days 01:32:53.490000,31,10,+24.678,+1.328
0 days 01:33:00.671000,31,10,+24.772,+1.467
0 days 01:33:04.415000,31,10,+24.756,+1.456
0 days 01:33:08.400000,31,10,+24.581,+1.331
0 days 01:33:14.146000,31,10,+24.515,+1.397
0 days 01:33:19.054000,31,10,+24.557,+1.527
0 days 01:33:23.053000,31,10,+24.570,+1.549
0 days 01:33:29.397000,31,10,+24.771,+1.654
0 days 01:33:34.706000,31,10,+24.539,+1.615
0 days 01:33:39.079000,31,10,+24.516,+1.599
0 days 01:33:43.883000,31,10,+24.490,+1.585
0 days 01:33:47.652000,31,10,+24.506,+1.598
0 days 01:33:56.200000,31,10,+24.623,+1.684
0 days 01:34:00.173000,31,10,+24.631,+1.655
0 days 01:34:01.008000,31,10,+24.643,+1.649
0 days 01:34:05.526000,31,10,+24.619,+1.647
0 days 01:34:09.970000,31,10,+24.550,+1.626
0 days 01:34:11.079000,31,10,+24.550,+1.638
0 days 01:34:13.327000,31,10,+24.484,+1.582
0 days 01:34:18.386000,31,10,+24.359,+1.363
0 days 01:34:24.083000,31,10,+24.577,+1.588
0 days 01:34:28.384000,31,10,+24.638,+1.596
0 days 01:34:31.411000,31,10,+24.636,+1.597
0 days 01:34:38.592000,31,10,+24.670,+1.634
0 days 01:34:42.331000,31,10,+24.656,+1.612
0 days 01:34:46.395000,31,10,+24.546,+1.666
0 days 01:34:52.113000,31,10,+24.533,+1.688
0 days 01:34:57.112000,31,10,+24.674,+1.800
0 days 01:35:01.192000,31,10,+24.733,+1.829
0 days 01:35:07.523000,31,10,+24.930,+1.978
0 days 01:35:12.805000,31,10,+24.790,+1.841
0 days 01:35:17.162000,31,10,+24.779,+1.828
0 days 01:35:21.970000,31,10,+24.760,+1.815
0 days 01:35:25.773000,31,10,+24.767,+1.823
0 days 01:35:34.327000,31,10,+24.908,+1.923
0 days 01:35:38.306000,31,10,+24.927,+1.884
0 days 01:35:39.127000,31,10,+24.956,+1.850
0 days 01:35:43.695000,31,10,+25.041,+1.904
0 days 01:35:47.980000,31,10,+24.993,+1.895
0 days 01:35:49.197000,31,10,+24.995,+1.907
0 days 01:35:51.449000,31,10,+24.909,+1.816
0 days 01:35:56.554000,31,10,+24.897,+1.705
0 days 01:36:02.129000,31,10,+24.949,+1.819
0 days 01:36:06.480000,31,10,+25.031,+1.809
0 days 01:36:09.473000,31,10,+25.035,+1.808
0 days 01:36:16.613000,31,10,+25.093,+1.843
0 days 01:36:20.355000,31,10,+25.117,+1.840
0 days 01:36:24.380000,31,10,+24.991,+1.780
0 days 01:36:30.008000,31,10,+24.905,+1.712
0 days 01:36:34.997000,31,10,+25.160,+1.865
0 days 01:36:38.994000,31,10,+25.215,+1.882
0 days 01:36:45.256000,31,10,+25.245,+1.866
0 days 01:36:50.580000,31,10,+25.162,+1.860
0 days 01:36:54.941000,31,10,+25.181,+1.843
0 days 01:36:59.734000,31,10,+25.168,+1.825
0 days 01:37:03.554000,31,10,+25.180,+1.830
0 days 01:37:12.005000,31,10,+25.346,+1.917
0 days 01:37:15.989000,31,10,+25.372,+1.901
0 days 01:37:16.843000,31,10,+25.407,+1.894
0 days 01:37:21.356000,31,10,+25.539,+1.961
0 days 01:37:25.699000,31,10,+25.500,+1.959
0 days 01:37:26.921000,31,10,+25.496,+1.966
0 days 01:37:29.167000,31,10,+25.490,+1.936
0 days 01:37:34.294000,31,10,+25.537,+1.736
0 days 01:37:39.830000,31,10,+25.712,+1.859
0 days 01:37:44.210000,31,10,+25.847,+1.853
0 days 01:37:47.228000,31,10,+25.853,+1.852
0 days 01:37:54.402000,31,10,+25.866,+1.860
0 days 01:37:58.183000,31,10,+25.894,+1.872
0 days 01:38:02.181000,31,10,+25.701,+1.701
0 days 01:38:07.847000,31,10,+25.794,+1.689
0 days 01:38:12.855000,31,10,+26.042,+1.810
0 days 01:38:16.862000,31,10,+26.088,+1.836
0 days 01:38:23.156000,31,10,+26.196,+1.849
0 days 01:38:28.555000,31,10,+26.180,+1.899
0 days 01:38:32.942000,31,10,+26.200,+1.873
0 days 01:38:37.589000,31,10,+26.184,+1.858
0 days 01:38:41.455000,31,10,+26.189,+1.858
0 days 01:38:49.992000,31,10,+26.427,+1.929
0 days 01:38:53.958000,31,10,+26.436,+1.914
0 days 01:38:54.800000,31,10,+26.462,+1.886
0 days 01:38:59.201000,31,10,+26.434,+1.904
0 days 01:39:03.581000,31,10,+26.357,+1.887
0 days 01:39:04.783000,31,10,+26.345,+1.896
0 days 01:39:06.985000,31,10,+26.309,+1.808
0 days 01:39:12.217000,31,10,+26.387,+1.767
0 days 01:39:17.774000,31,10,+26.474,+1.804
0 days 01:39:22.131000,31,10,+26.560,+1.778
0 days 01:39:25.044000,31,10,+26.561,+1.771
0 days 01:39:32.316000,31,10,+26.725,+1.815
0 days 01:39:36.155000,31,10,+26.745,+1.827
0 days 01:39:40.172000,31,10,+26.677,+1.807
0 days 01:39:45.881000,31,10,+26.694,+1.764
0 days 01:39:50.812000,31,10,+26.900,+1.862
0 days 01:39:54.896000,31,10,+26.952,+1.861
0 days 01:40:01.255000,31,10,+27.184,+2.010
0 days 01:40:06.603000,31,10,+27.167,+2.011
0 days 01:40:10.957000,31,10,+27.180,+1.996
0 days 01:40:15.728000,31,10,+27.181,+1.990
0 days 01:40:19.608000,31,10,+27.188,+1.997
0 days 01:40:28.059000,31,10,+27.270,+2.023
0 days 01:40:32.082000,31,10,+27.312,+1.995
0 days 01:40:32.856000,31,10,+27.327,+1.947
0 days 01:40:37.286000,31,10,+27.348,+1.961
0 days 01:40:41.695000,31,10,+27.281,+1.943
0 days 01:40:43.006000,31,10,+27.279,+1.941
0 days 01:40:45.116000,31,10,+27.269,+1.879
0 days 01:40:50.320000,31,10,+27.215,+1.721
0 days 01:40:55.975000,31,10,+27.458,+1.961
0 days 01:41:00.256000,31,10,+27.532,+1.944
0 days 01:41:03.256000,31,10,+27.536,+1.939
0 days 01:41:10.475000,31,10,+27.622,+1.979
0 days 01:41:14.174000,31,10,+27.622,+1.962
0 days 01:41:18.256000,31,10,+27.565,+1.965
0 days 01:41:23.913000,31,10,+27.572,+1.968
0 days 01:41:28.920000,31,10,+27.777,+2.166
0 days 01:41:32.933000,31,10,+27.820,+2.185
0 days 01:41:39.286000,31,10,+28.029,+2.316
0 days 01:41:44.773000,31,10,+28.172,+2.435
0 days 01:41:49.185000,31,10,+28.200,+2.437
0 days 01:41:53.986000,31,10,+28.208,+2.432
0 days 01:41:57.821000,31,10,+28.218,+2.435
0 days 01:42:06.336000,31,10,+28.415,+2.484
0 days 01:42:10.324000,31,10,+28.419,+2.450
0 days 01:42:11.130000,31,10,+28.457,+2.436
0 days 01:42:15.698000,31,10,+28.543,+0.999
0 days 01:42:20.064000,31,9,+28.543,+0.999
0 days 01:42:20.130000,31,9,+28.495,+2.491
0 days 01:42:21.404000,31,9,+28.489,+2.503
0 days 01:42:23.505000,31,9,+28.391,+2.438
0 days 01:42:28.683000,31,9,+28.373,+2.258
0 days 01:42:34.131000,31,9,+28.460,+2.345
0 days 01:42:38.472000,31,9,+28.556,+2.317
0 days 01:42:41.430000,31,9,+28.557,+2.312
0 days 01:42:48.605000,31,9,+28.576,+2.299
0 days 01:42:52.330000,31,9,+28.570,+2.280
0 days 01:42:56.357000,31,9,+28.536,+2.226
0 days 01:43:02.016000,31,9,+28.497,+2.200
0 days 01:43:06.985000,31,9,+28.667,+2.369
0 days 01:43:11.012000,31,9,+28.737,+2.421
0 days 01:43:17.302000,31,9,+28.898,+2.431
0 days 01:43:22.661000,31,9,+28.877,+2.456
0 days 01:43:27.064000,31,9,+28.904,+2.454
0 days 01:43:31.862000,31,9,+28.903,+2.443
0 days 01:43:35.657000,31,9,+28.913,+2.448
0 days 01:43:44.131000,31,9,+29.065,+2.432
0 days 01:43:48.158000,31,9,+29.115,+2.433
0 days 01:43:48.976000,31,9,+29.140,+2.433
0 days 01:43:53.501000,31,9,+29.237,+2.502
0 days 01:43:57.921000,31,9,+29.204,+2.498
0 days 01:43:59.083000,31,9,+29.196,+2.502
0 days 01:44:01.348000,31,9,+29.124,+2.488
0 days 01:44:06.623000,31,9,+29.257,+2.554
0 days 01:44:12.304000,31,9,+29.530,+2.727
0 days 01:44:16.624000,31,9,+29.656,+2.738
0 days 01:44:19.590000,31,9,+29.656,+2.734
0 days 01:44:26.699000,31,9,+29.619,+2.680
0 days 01:44:30.457000,31,9,+29.639,+2.670
0 days 01:44:34.513000,31,9,+29.592,+2.604
0 days 01:44:40.231000,31,9,+29.672,+2.600
0 days 01:44:45.144000,31,9,+29.840,+2.743
0 days 01:44:49.153000,31,9,+29.843,+2.751
0 days 01:44:55.383000,31,9,+29.968,+2.714
0 days 01:45:00.737000,31,9,+29.985,+2.722
0 days 01:45:05.132000,31,9,+30.027,+2.738
0 days 01:45:09.945000,31,9,+30.029,+2.728
0 days 01:45:13.731000,31,9,+30.047,+2.727
0 days 01:45:22.178000,31,9,+30.101,+2.690
0 days 01:45:26.132000,31,9,+30.113,+2.666
0 days 01:45:26.934000,31,9,+30.117,+2.633
0 days 01:45:31.435000,31,9,+30.152,+2.663
0 days 01:45:35.786000,31,9,+30.096,+2.653
0 days 01:45:37.007000,31,9,+30.087,+2.660
0 days 01:45:39.189000,31,9,+30.038,+2.595
0 days 01:45:44.351000,31,9,+30.155,+2.499
0 days 01:45:49.975000,31,9,+30.336,+2.668
0 days 01:45:54.247000,31,9,+30.394,+2.631
0 days 01:45:57.258000,31,9,+30.389,+2.627
0 days 01:46:04.269000,31,9,+30.370,+2.509
0 days 01:46:07.992000,31,9,+30.360,+2.481
0 days 01:46:12.019000,31,9,+30.352,+2.383
0 days 01:46:17.655000,31,9,+30.380,+2.293
0 days 01:46:22.639000,31,9,+30.575,+2.383
0 days 01:46:26.608000,31,9,+30.625,+2.393
0 days 01:46:32.917000,31,9,+30.816,+2.378
0 days 01:46:38.280000,31,9,+30.874,+2.439
0 days 01:46:42.633000,31,9,+30.883,+2.431
0 days 01:46:47.436000,31,9,+30.869,+2.417
0 days 01:46:51.260000,31,9,+30.869,+2.416
0 days 01:46:59.787000,31,9,+31.094,+2.392
0 days 01:47:03.723000,31,9,+31.103,+2.363
0 days 01:47:04.564000,31,9,+31.116,+2.321
0 days 01:47:08.985000,31,9,+31.189,+2.328
0 days 01:47:13.358000,31,9,+31.154,+2.312
0 days 01:47:14.578000,31,9,+31.144,+2.318
0 days 01:47:16.715000,31,9,+31.094,+2.233
0 days 01:47:22.007000,31,9,+31.290,+2.223
0 days 01:47:27.544000,31,9,+31.365,+2.304
0 days 01:47:31.854000,31,9,+31.457,+2.258
0 days 01:47:34.831000,31,9,+31.452,+2.250
0 days 01:47:41.985000,31,9,+31.487,+2.212
0 days 01:47:45.715000,31,9,+31.500,+2.193
0 days 01:47:49.811000,31,9,+31.528,+2.157
0 days 01:47:55.554000,31,9,+31.688,+2.214
0 days 01:48:00.477000,31,9,+31.811,+2.335
0 days 01:48:04.485000,31,9,+31.840,+2.348
0 days 01:48:10.778000,31,9,+32.011,+2.347
0 days 01:48:16.185000,31,9,+32.048,+2.375
0 days 01:48:20.514000,31,9,+32.065,+2.375
0 days 01:48:25.359000,31,9,+32.058,+2.357
0 days 01:48:29.167000,31,9,+32.063,+2.355
0 days 01:48:37.716000,31,9,+32.349,+2.369
0 days 01:48:41.697000,31,9,+32.381,+2.342
0 days 01:48:42.513000,31,9,+32.418,+2.310
0 days 01:48:47,31,9,+32.396,+2.350
0 days 01:48:51.379000,31,9,+32.342,+2.326
0 days 01:48:52.586000,31,9,+32.325,+2.317
0 days 01:48:54.787000,31,9,+32.266,+2.157
0 days 01:48:59.900000,31,9,+32.401,+1.900
0 days 01:49:05.601000,31,9,+32.663,+2.123
0 days 01:49:09.923000,31,9,+32.763,+2.115
0 days 01:49:12.881000,31,9,+32.755,+2.107
0 days 01:49:19.988000,31,9,+32.771,+2.033
0 days 01:49:23.766000,31,9,+32.797,+2.025
0 days 01:49:27.834000,31,9,+32.810,+1.996
0 days 01:49:33.551000,31,9,+32.922,+1.947
0 days 01:49:38.460000,31,9,+33.102,+2.074
0 days 01:49:42.451000,31,9,+33.138,+2.106
0 days 01:49:48.763000,31,9,+33.290,+2.125
0 days 01:49:54.186000,31,9,+33.386,+2.147
0 days 01:49:58.569000,31,9,+33.444,+2.154
0 days 01:50:03.360000,31,9,+33.436,+2.132
0 days 01:50:07.212000,31,9,+33.446,+2.134
0 days 01:50:15.786000,31,9,+33.694,+2.067
0 days 01:50:19.686000,31,9,+33.676,+2.004
0 days 01:50:20.513000,31,9,+33.674,+1.977
0 days 01:50:24.995000,31,9,+33.739,+2.024
0 days 01:50:29.421000,31,9,+33.702,+2.005
0 days 01:50:30.613000,31,9,+33.694,+2.009
0 days 01:50:32.865000,31,9,+33.684,+1.924
0 days 01:50:37.961000,31,9,+33.688,+1.615
0 days 01:50:43.465000,31,9,+33.765,+1.806
0 days 01:50:47.788000,31,9,+33.778,+1.770
0 days 01:50:50.738000,31,9,+33.759,+1.756
0 days 01:50:57.836000,31,9,+33.810,+1.663
0 days 01:51:01.655000,31,9,+33.830,+1.642
0 days 01:51:05.676000,31,9,+33.876,+1.623
0 days 01:51:11.377000,31,9,+33.937,+1.494
0 days 01:51:16.407000,31,9,+34.223,+1.652
0 days 01:51:20.409000,31,9,+34.273,+1.663
0 days 01:51:26.761000,31,9,+34.521,+1.705
0 days 01:51:32.104000,31,9,+34.568,+1.729
0 days 01:51:36.530000,31,9,+34.609,+1.735
0 days 01:51:41.260000,31,9,+34.600,+1.715
0 days 01:51:45.086000,31,9,+34.598,+1.707
0 days 01:51:53.660000,31,9,+34.857,+1.762
0 days 01:51:57.652000,31,9,+34.870,+1.740
0 days 01:51:58.427000,31,9,+34.883,+1.712
0 days 01:52:02.860000,31,9,+34.911,+1.701
0 days 01:52:07.236000,31,9,+34.862,+1.674
0 days 01:52:08.415000,31,9,+34.853,+1.672
0 days 01:52:10.737000,31,9,+34.860,+1.560
0 days 01:52:15.790000,31,9,+34.825,+1.298
0 days 01:52:21.479000,31,9,+35.059,+1.491
0 days 01:52:25.718000,31,9,+35.090,+1.439
0 days 01:52:28.676000,31,9,+35.085,+1.425
0 days 01:52:35.856000,31,9,+35.161,+1.464
0 days 01:52:39.580000,31,9,+35.166,+1.447
0 days 01:52:43.560000,31,9,+35.174,+1.340
0 days 01:52:49.252000,31,9,+35.337,+1.358
0 days 01:52:54.207000,31,9,+35.533,+1.481
0 days 01:52:58.287000,31,9,+35.595,+1.514
0 days 01:53:04.687000,31,9,+35.782,+1.592
0 days 01:53:09.934000,31,9,+35.912,+1.703
0 days 01:53:14.281000,31,9,+35.946,+1.715
0 days 01:53:19.121000,31,9,+35.941,+1.705
0 days 01:53:22.929000,31,9,+35.940,+1.703
0 days 01:53:31.454000,31,9,+36.180,+1.729
0 days 01:53:35.422000,31,9,+36.184,+1.693
0 days 01:53:36.198000,31,9,+36.202,+1.667
0 days 01:53:40.657000,31,9,+36.217,+1.649
0 days 01:53:44.980000,31,9,+36.166,+1.612
0 days 01:53:46.135000,31,9,+36.148,+1.607
0 days 01:53:48.387000,31,9,+36.150,+1.501
0 days 01:53:53.505000,31,9,+36.244,+1.383
0 days 01:53:59.188000,31,9,+36.342,+1.542
0 days 01:54:03.487000,31,9,+36.339,+1.473
0 days 01:54:06.456000,31,9,+36.329,+1.452
0 days 01:54:13.713000,31,9,+36.436,+1.433
0 days 01:54:17.314000,31,9,+36.439,+1.396
0 days 01:54:21.453000,31,9,+36.470,+1.368
0 days 01:54:27.088000,31,9,+36.580,+1.237
0 days 01:54:32.054000,31,9,+36.791,+1.391
0 days 01:54:36.012000,31,9,+36.839,+1.410
0 days 01:54:42.362000,31,9,+36.983,+1.460
0 days 01:54:47.750000,31,9,+37.040,+1.481
0 days 01:54:52.117000,31,9,+37.059,+1.460
0 days 01:54:56.901000,31,9,+37.050,+1.436
0 days 01:55:00.691000,31,9,+37.048,+1.431
0 days 01:55:09.212000,31,9,+37.186,+1.418
0 days 01:55:13.135000,31,9,+37.173,+1.360
0 days 01:55:13.929000,31,9,+37.176,+1.326
0 days 01:55:18.421000,31,9,+37.177,+1.318
0 days 01:55:22.735000,31,9,+37.124,+1.286
0 days 01:55:23.940000,31,9,+37.108,+1.280
0 days 01:55:26.064000,31,9,+37.070,+1.193
0 days 01:55:31.142000,31,9,+37.095,+1.004
0 days 01:55:36.892000,31,9,+37.297,+1.278
0 days 01:55:41.207000,31,9,+37.341,+1.226
0 days 01:55:44.162000,31,9,+37.333,+1.209
0 days 01:55:51.323000,31,9,+37.453,+1.187
0 days 01:55:55.091000,31,9,+37.474,+1.187
0 days 01:55:59.057000,31,9,+37.437,+1.053
0 days 01:56:04.762000,31,9,+37.551,+1.041
0 days 01:56:09.725000,31,9,+37.741,+1.165
0 days 01:56:13.736000,31,9,+37.763,+1.183
0 days 01:56:20.089000,31,9,+37.986,+1.306
0 days 01:56:25.411000,31,9,+37.954,+1.284
0 days 01:56:29.719000,31,9,+37.952,+1.271
0 days 01:56:34.520000,31,9,+37.944,+1.248
0 days 01:56:38.347000,31,9,+37.944,+1.232
0 days 01:56:46.866000,31,9,+38.180,+1.227
0 days 01:56:50.810000,31,9,+38.172,+1.265
0 days 01:56:51.665000,31,9,+38.211,+1.575
0 days 01:56:56.091000,31,8,+38.211,+1.575
0 days 01:56:56.091000,31,8,+38.265,+3.682
0 days 01:57:00.542000,31,8,+38.239,+3.622
0 days 01:57:01.715000,31,8,+38.229,+3.593
0 days 01:57:03.903000,31,8,+38.213,+3.672
0 days 01:57:09.042000,31,8,+38.262,+3.754
0 days 01:57:14.636000,31,8,+38.405,+3.732
0 days 01:57:18.967000,31,8,+38.434,+3.775
0 days 01:57:21.941000,31,8,+38.425,+3.747
0 days 01:57:29.015000,31,8,+38.495,+3.645
0 days 01:57:32.785000,31,8,+38.516,+3.665
0 days 01:57:36.812000,31,8,+38.554,+3.821
0 days 01:57:42.436000,31,8,+38.533,+3.832
0 days 01:57:47.380000,31,8,+38.693,+3.868
0 days 01:57:51.370000,31,8,+38.719,+3.844
0 days 01:57:57.607000,31,8,+38.840,+3.788
0 days 01:58:02.973000,31,8,+38.838,+3.624
0 days 01:58:07.336000,31,8,+38.844,+3.569
0 days 01:58:12.182000,31,8,+38.837,+3.528
0 days 01:58:15.885000,31,8,+38.835,+3.496
0 days 01:58:24.411000,31,8,+38.930,+3.473
0 days 01:58:28.410000,31,8,+38.924,+3.520
0 days 01:58:29.230000,31,8,+38.945,+3.766
0 days 01:58:33.663000,31,7,+38.945,+3.766
0 days 01:58:33.685000,31,7,+38.997,+21.646
0 days 01:58:38.056000,31,7,+38.987,+21.668
0 days 01:58:39.239000,31,7,+38.990,+21.691
0 days 01:58:41.471000,31,7,+39.023,+21.786
0 days 01:58:46.479000,31,7,+39.020,+21.821
0 days 01:58:52.167000,31,7,+39.117,+21.924
0 days 01:58:56.534000,31,7,+39.135,+21.939
0 days 01:58:59.412000,31,7,+39.131,+21.954
0 days 01:59:06.391000,31,7,+39.105,+21.820
0 days 01:59:10.190000,31,7,+39.123,+21.822
0 days 01:59:14.189000,31,7,+39.109,+21.956
0 days 01:59:19.779000,31,7,+39.060,+21.905
0 days 01:59:24.664000,31,7,+39.141,+21.917
0 days 01:59:28.644000,31,7,+39.173,+21.918
0 days 01:59:34.890000,31,7,+39.361,+22.003
0 days 01:59:40.239000,31,7,+39.369,+21.943
0 days 01:59:44.612000,31,7,+39.432,+22.003
0 days 01:59:49.439000,31,7,+39.427,+23.674
0 days 01:59:53.241000,31,7,+39.427,+23.712
0 days 02:00:01.750000,31,7,+39.519,+23.714
0 days 02:00:05.706000,31,7,+39.516,+23.780
0 days 02:00:06.525000,31,7,+39.547,+24.069
0 days 02:00:10.965000,31,7,+39.640,+18.847
0 days 02:00:15.359000,31,7,+39.641,+18.847
0 days 02:00:16.556000,31,7,+39.645,+1.136
0 days 02:00:18.864000,31,7,+39.738,+0.818
0 days 02:00:24.210000,31,7,+40.051,+1.151
0 days 02:00:29.769000,31,7,+40.128,+1.570
0 days 02:00:34.190000,31,7,+40.206,+1.757
0 days 02:00:37.077000,31,7,+40.202,+1.781
0 days 02:00:44.207000,31,7,+40.310,+2.028
0 days 02:00:47.950000,31,7,+40.301,+2.068
0 days 02:00:51.982000,31,7,+40.347,+2.057
0 days 02:00:57.691000,31,7,+40.303,+2.147
0 days 02:01:02.508000,31,7,+40.455,+2.407
0 days 02:01:06.515000,31,7,+40.495,+2.486
0 days 02:01:12.741000,31,7,+40.628,+2.670
0 days 02:01:18.151000,31,7,+40.718,+2.887
0 days 02:01:22.489000,31,7,+40.738,+2.958
0 days 02:01:27.259000,31,7,+40.734,+2.986
0 days 02:01:31.348000,31,7,+40.735,+2.982
0 days 02:01:39.847000,31,7,+40.884,+3.198
0 days 02:01:43.591000,31,7,+40.877,+3.212
0 days 02:01:44.511000,31,7,+40.912,+3.208
0 days 02:01:48.816000,31,7,+40.961,+3.193
0 days 02:01:53.291000,31,7,+40.938,+3.197
0 days 02:01:54.438000,31,7,+40.934,+3.181
0 days 02:01:56.567000,31,7,+41.006,+3.098
0 days 02:02:01.735000,31,7,+41.049,+3.336
0 days 02:02:07.233000,31,7,+41.141,+3.502
0 days 02:02:11.654000,31,7,+41.199,+3.558
0 days 02:02:14.492000,31,7,+41.194,+3.565
0 days 02:02:21.591000,31,7,+41.253,+3.696
0 days 02:02:25.334000,31,7,+41.258,+3.721
0 days 02:02:29.275000,31,7,+41.301,+3.656
0 days 02:02:34.945000,31,7,+41.354,+3.626
0 days 02:02:39.866000,31,7,+41.401,+3.825
0 days 02:02:43.644000,31,7,+41.426,+3.896
0 days 02:02:49.966000,31,7,+41.574,+4.086
0 days 02:02:55.291000,31,7,+41.633,+4.167
0 days 02:02:59.616000,31,7,+41.653,+4.200
0 days 02:03:04.393000,31,7,+41.640,+4.224
0 days 02:03:08.226000,31,7,+41.645,+4.233
0 days 02:03:16.614000,31,7,+41.654,+4.309
0 days 02:03:20.583000,31,7,+41.662,+4.325
0 days 02:03:21.369000,31,7,+41.685,+4.327
0 days 02:03:25.823000,31,7,+41.741,+4.334
0 days 02:03:30.195000,31,7,+41.723,+4.351
0 days 02:03:31.309000,31,7,+41.713,+4.358
0 days 02:03:33.519000,31,7,+41.687,+4.303
0 days 02:03:38.723000,31,7,+41.874,+4.420
0 days 02:03:44.217000,31,7,+42.032,+4.691
0 days 02:03:48.531000,31,7,+42.081,+4.819
0 days 02:03:51.454000,31,7,+42.075,+4.845
0 days 02:03:58.540000,31,7,+42.129,+5.009
0 days 02:04:02.294000,31,7,+42.152,+5.048
0 days 02:04:06.413000,31,7,+42.332,+5.208
0 days 02:04:11.992000,31,7,+42.421,+5.316
0 days 02:04:16.920000,31,7,+42.584,+5.592
0 days 02:04:20.908000,31,7,+42.620,+5.653
0 days 02:04:27.143000,31,7,+42.722,+5.775
0 days 02:04:32.492000,31,7,+42.796,+5.896
0 days 02:04:36.782000,31,7,+42.808,+5.954
0 days 02:04:41.586000,31,7,+42.801,+5.997
0 days 02:04:45.444000,31,7,+42.800,+6.027
0 days 02:04:53.866000,31,7,+42.888,+6.188
0 days 02:04:57.815000,31,7,+42.894,+6.238
0 days 02:04:58.612000,31,7,+42.907,+6.237
0 days 02:05:03.126000,31,7,+43.001,+6.116
0 days 02:05:07.476000,31,7,+43.001,+6.129
0 days 02:05:08.683000,31,7,+42.998,+6.131
0 days 02:05:10.829000,31,7,+43.052,+6.197
0 days 02:05:15.996000,31,7,+43.246,+6.410
0 days 02:05:21.656000,31,7,+43.428,+6.740
0 days 02:05:25.971000,31,7,+43.514,+6.830
0 days 02:05:28.905000,31,7,+43.523,+6.859
0 days 02:05:35.866000,31,7,+43.557,+6.988
0 days 02:05:39.717000,31,7,+43.555,+7.014
0 days 02:05:43.642000,31,7,+43.638,+7.166
0 days 02:05:49.287000,31,7,+43.813,+7.372
0 days 02:05:54.193000,31,7,+43.952,+7.576
0 days 02:05:58.122000,31,7,+43.952,+7.628
0 days 02:06:04.366000,31,7,+44.085,+7.728
0 days 02:06:09.669000,31,7,+44.064,+7.876
0 days 02:06:13.999000,31,7,+44.079,+7.951
0 days 02:06:18.815000,31,7,+44.069,+8.000
0 days 02:06:22.641000,31,7,+44.073,+8.046
0 days 02:06:31.048000,31,7,+44.092,+8.191
0 days 02:06:34.971000,31,7,+44.097,+8.229
0 days 02:06:35.840000,31,7,+44.122,+8.222
0 days 02:06:40.212000,31,7,+44.114,+8.188
0 days 02:06:44.544000,31,7,+44.097,+8.217
0 days 02:06:45.815000,31,7,+44.105,+8.223
0 days 02:06:47.971000,31,7,+44.130,+8.273
0 days 02:06:53.155000,31,7,+44.336,+8.415
0 days 02:06:58.727000,31,7,+44.311,+8.648
0 days 02:07:02.940000,31,7,+44.385,+8.720
0 days 02:07:05.913000,31,7,+44.398,+8.742
0 days 02:07:12.963000,31,7,+44.446,+8.873
0 days 02:07:16.729000,31,7,+44.435,+8.880
0 days 02:07:20.855000,31,7,+44.610,+9.109
0 days 02:07:26.393000,31,7,+44.633,+9.211
0 days 02:07:31.286000,31,7,+44.726,+9.355
0 days 02:07:35.251000,31,7,+44.757,+9.394
0 days 02:07:41.509000,31,7,+44.928,+9.469
0 days 02:07:46.755000,31,7,+44.895,+9.525
0 days 02:07:51.126000,31,7,+44.913,+9.606
0 days 02:07:55.910000,31,7,+44.904,+9.661
0 days 02:07:59.795000,31,7,+44.907,+9.698
0 days 02:08:08.165000,31,7,+44.920,+9.748
0 days 02:08:12.060000,31,7,+44.902,+9.746
0 days 02:08:12.867000,31,7,+44.869,+9.722
0 days 02:08:17.323000,31,7,+44.928,+9.752
0 days 02:08:21.770000,31,7,+44.935,+9.801
0 days 02:08:22.934000,31,7,+44.932,+9.813
0 days 02:08:25.161000,31,7,+44.966,+9.927
0 days 02:08:30.269000,31,7,+45.117,+10.049
0 days 02:08:35.885000,31,7,+45.148,+10.244
0 days 02:08:40.157000,31,7,+45.159,+10.312
0 days 02:08:43.106000,31,7,+45.155,+10.337
0 days 02:08:50.093000,31,7,+45.087,+10.357
0 days 02:08:53.834000,31,7,+45.099,+10.402
0 days 02:08:57.835000,31,7,+45.153,+10.486
0 days 02:09:03.403000,31,7,+45.231,+10.588
0 days 02:09:08.259000,31,7,+45.321,+10.762
0 days 02:09:12.290000,31,7,+45.329,+10.826
0 days 02:09:18.509000,31,7,+45.372,+10.950
0 days 02:09:23.867000,31,7,+45.519,+11.075
0 days 02:09:28.193000,31,7,+45.553,+11.156
0 days 02:09:33.023000,31,7,+45.546,+11.208
0 days 02:09:36.819000,31,7,+45.552,+11.253
0 days 02:09:45.293000,31,7,+45.637,+11.381
0 days 02:09:49.291000,31,7,+45.624,+11.399
0 days 02:09:50.049000,31,7,+45.642,+11.406
0 days 02:09:54.441000,31,7,+45.649,+11.313
0 days 02:09:58.797000,31,7,+45.641,+11.339
0 days 02:10:00.031000,31,7,+45.645,+11.346
0 days 02:10:02.210000,31,7,+45.662,+11.425
0 days 02:10:07.250000,31,7,+45.690,+11.476
0 days 02:10:12.935000,31,7,+45.688,+11.681
0 days 02:10:17.194000,31,7,+45.711,+11.744
0 days 02:10:20.122000,31,7,+45.705,+11.760
0 days 02:10:27.168000,31,7,+45.741,+11.842
0 days 02:10:30.935000,31,7,+45.730,+11.868
0 days 02:10:34.900000,31,7,+45.793,+12.002
0 days 02:10:40.488000,31,7,+45.888,+12.093
0 days 02:10:45.543000,31,7,+45.970,+12.242
0 days 02:10:49.385000,31,7,+45.996,+12.276
0 days 02:10:55.668000,31,7,+46.087,+12.383
0 days 02:11:00.992000,31,7,+46.142,+12.410
0 days 02:11:05.350000,31,7,+46.167,+12.464
0 days 02:11:10.091000,31,7,+46.161,+12.510
0 days 02:11:13.950000,31,7,+46.152,+12.550
0 days 02:11:22.468000,31,7,+46.286,+12.678
0 days 02:11:26.368000,31,7,+46.277,+12.668
0 days 02:11:27.184000,31,7,+46.290,+12.670
0 days 02:11:31.596000,31,7,+46.284,+12.619
0 days 02:11:35.969000,31,7,+46.264,+12.655
0 days 02:11:37.189000,31,7,+46.267,+12.683
0 days 02:11:39.414000,31,7,+46.284,+12.772
0 days 02:11:44.724000,31,7,+46.368,+13.003
0 days 02:11:50.149000,31,7,+46.425,+13.181
0 days 02:11:54.471000,31,7,+46.424,+13.165
0 days 02:11:57.368000,31,7,+46.417,+13.179
0 days 02:12:04.443000,31,7,+46.408,+13.324
0 days 02:12:08.158000,31,7,+46.380,+13.312
0 days 02:12:12.015000,31,7,+46.251,+13.396
0 days 02:12:17.594000,31,7,+46.248,+13.579
0 days 02:12:22.461000,31,7,+46.310,+13.714
0 days 02:12:26.442000,31,7,+46.313,+13.757
0 days 02:12:32.569000,31,7,+46.364,+13.819
0 days 02:12:37.932000,31,7,+46.422,+13.920
0 days 02:12:42.296000,31,7,+46.433,+13.964
0 days 02:12:47.065000,31,7,+46.415,+14.009
0 days 02:12:50.923000,31,7,+46.421,+14.058
0 days 02:12:59.369000,31,7,+46.450,+14.217
0 days 02:13:03.309000,31,7,+46.453,+14.252
0 days 02:13:04.175000,31,7,+46.485,+14.261
0 days 02:13:08.542000,31,7,+46.539,+14.199
0 days 02:13:12.911000,31,7,+46.532,+14.235
0 days 02:13:14.123000,31,7,+46.539,+14.252
0 days 02:13:16.580000,31,7,+46.645,+14.403
0 days 02:13:21.573000,31,7,+46.797,+14.637
0 days 02:13:27.145000,31,7,+46.884,+14.862
0 days 02:13:31.405000,31,7,+46.860,+14.866
0 days 02:13:34.311000,31,7,+46.858,+14.885
0 days 02:13:41.346000,31,7,+46.841,+14.899
0 days 02:13:45.086000,31,7,+46.833,+14.909
0 days 02:13:48.958000,31,7,+46.752,+14.995
0 days 02:13:54.558000,31,7,+46.871,+15.210
0 days 02:13:59.462000,31,7,+46.917,+15.340
0 days 02:14:03.429000,31,7,+46.887,+15.374
0 days 02:14:09.717000,31,7,+47.018,+15.529
0 days 02:14:15.030000,31,7,+47.004,+15.545
0 days 02:14:19.347000,31,7,+47.032,+15.589
0 days 02:14:24.169000,31,7,+47.013,+15.638
0 days 02:14:27.966000,31,7,+47.007,+15.681
0 days 02:14:36.445000,31,7,+47.104,+15.807
0 days 02:14:40.343000,31,7,+47.091,+15.793
0 days 02:14:41.169000,31,7,+47.092,+15.759
0 days 02:14:45.543000,31,7,+47.072,+15.659
0 days 02:14:49.896000,31,7,+47.073,+15.687
0 days 02:14:51.113000,31,7,+47.088,+15.702
0 days 02:14:53.303000,31,7,+47.144,+15.799
0 days 02:14:58.470000,31,7,+47.265,+15.961
0 days 02:15:03.958000,31,7,+47.282,+16.091
0 days 02:15:08.244000,31,7,+47.260,+16.062
0 days 02:15:11.196000,31,7,+47.258,+16.082
0 days 02:15:18.230000,31,7,+47.306,+16.183
0 days 02:15:21.959000,31,7,+47.301,+16.194
0 days 02:15:25.822000,31,7,+47.268,+16.289
0 days 02:15:31.370000,31,7,+47.292,+16.444
0 days 02:15:36.289000,31,7,+47.414,+16.534
0 days 02:15:40.270000,31,7,+47.458,+16.565
0 days 02:15:46.524000,31,7,+47.507,+16.608
0 days 02:15:51.912000,31,7,+47.574,+16.648
0 days 02:15:56.144000,31,7,+47.599,+16.688
0 days 02:16:00.970000,31,7,+47.586,+16.738
0 days 02:16:04.773000,31,7,+47.587,+16.784
0 days 02:16:13.185000,31,7,+47.679,+16.782
0 days 02:16:17.154000,31,7,+47.696,+16.789
0 days 02:16:17.967000,31,7,+47.725,+16.769
0 days 02:16:22.372000,31,7,+47.774,+16.730
0 days 02:16:26.770000,31,7,+47.777,+16.766
0 days 02:16:27.896000,31,7,+47.771,+16.780
0 days 02:16:30.115000,31,7,+47.782,+16.858
0 days 02:16:35.124000,31,7,+47.818,+16.995
0 days 02:16:40.670000,31,7,+47.823,+17.183
0 days 02:16:44.934000,31,7,+47.846,+17.188
0 days 02:16:47.900000,31,7,+47.841,+17.211
0 days 02:16:54.870000,31,7,+47.787,+17.196
0 days 02:16:58.571000,31,7,+47.782,+17.217
0 days 02:17:02.476000,31,7,+47.806,+17.316
0 days 02:17:07.972000,31,7,+47.876,+17.442
0 days 02:17:12.912000,31,7,+47.955,+17.503
0 days 02:17:16.846000,31,7,+47.981,+17.520
0 days 02:17:23.015000,31,7,+47.998,+17.541
0 days 02:17:28.349000,31,7,+48.068,+17.636
0 days 02:17:32.671000,31,7,+48.098,+17.706
0 days 02:17:37.471000,31,7,+48.082,+17.752
0 days 02:17:41.250000,31,7,+48.073,+17.795
0 days 02:17:49.671000,31,7,+48.216,+17.914
0 days 02:17:53.625000,31,7,+48.191,+17.938
0 days 02:17:54.408000,31,7,+48.186,+17.939
0 days 02:17:58.816000,31,7,+48.204,+17.902
0 days 02:18:03.260000,31,7,+48.222,+17.947
0 days 02:18:04.390000,31,7,+48.238,+17.973
0 days 02:18:06.597000,31,7,+48.289,+18.084
0 days 02:18:11.590000,31,7,+48.363,+18.228
0 days 02:18:17.113000,31,7,+48.262,+18.308
0 days 02:18:21.419000,31,7,+48.321,+18.355
0 days 02:18:24.388000,31,7,+48.341,+18.388
0 days 02:18:31.398000,31,7,+48.343,+18.518
0 days 02:18:35.097000,31,7,+48.330,+18.524
0 days 02:18:39.045000,31,7,+48.380,+18.669
0 days 02:18:44.516000,31,7,+48.378,+18.841
0 days 02:18:49.361000,31,7,+48.305,+18.862
0 days 02:18:53.346000,31,7,+48.332,+18.894
0 days 02:18:59.538000,31,7,+48.372,+19.054
0 days 02:19:04.847000,31,7,+48.273,+19.136
0 days 02:19:09.297000,31,7,+48.287,+19.196
0 days 02:19:14.021000,31,7,+48.339,+19.252
0 days 02:19:17.778000,31,7,+48.524,+19.305
0 days 02:19:26.206000,31,7,+48.702,+19.360
0 days 02:19:30.121000,31,7,+48.715,+19.382
0 days 02:19:30.972000,31,7,+48.727,+19.371
0 days 02:19:35.315000,31,7,+48.745,+19.334
0 days 02:19:39.739000,31,7,+48.752,+19.375
0 days 02:19:40.981000,31,7,+48.766,+19.385
0 days 02:19:42.971000,31,7,+48.740,+19.444
0 days 02:19:47.972000,31,7,+48.843,+19.484
0 days 02:19:53.598000,31,7,+48.918,+19.738
0 days 02:19:57.872000,31,7,+49.011,+19.803
0 days 02:20:00.853000,31,7,+49.017,+19.830
0 days 02:20:07.816000,31,7,+49.007,+19.873
0 days 02:20:11.572000,31,7,+49.007,+19.874
0 days 02:20:15.493000,31,7,+49.018,+20.022
0 days 02:20:20.935000,31,7,+49.070,+20.144
0 days 02:20:25.939000,31,7,+49.167,+20.267
0 days 02:20:29.756000,31,7,+49.177,+20.280
0 days 02:20:35.915000,31,7,+49.230,+20.308
0 days 02:20:41.225000,31,7,+49.320,+20.424
0 days 02:20:45.550000,31,7,+49.336,+20.475
0 days 02:20:50.330000,31,7,+49.334,+20.532
0 days 02:20:54.125000,31,7,+49.335,+20.579
0 days 02:21:02.538000,31,7,+49.403,+20.553
0 days 02:21:06.470000,31,7,+49.387,+20.524
0 days 02:21:07.273000,31,7,+49.403,+20.487
0 days 02:21:11.688000,31,7,+49.438,+20.407
0 days 02:21:16.003000,31,7,+49.456,+20.442
0 days 02:21:17.171000,31,7,+49.470,+20.455
0 days 02:21:19.300000,31,7,+49.501,+20.464
0 days 02:21:24.483000,31,7,+49.615,+20.609
0 days 02:21:29.946000,31,7,+49.509,+20.657
0 days 02:21:34.175000,31,7,+49.516,+20.658
0 days 02:21:37.146000,31,7,+49.533,+20.681
0 days 02:21:44.053000,31,7,+49.482,+20.672
0 days 02:21:47.773000,31,7,+49.485,+20.677
0 days 02:21:51.672000,31,7,+49.473,+20.767
0 days 02:21:57.105000,31,7,+49.495,+20.870
0 days 02:22:01.940000,31,7,+49.454,+20.911
0 days 02:22:05.873000,31,7,+49.460,+20.905
0 days 02:22:12.103000,31,7,+49.460,+21.023
0 days 02:22:17.420000,31,7,+49.485,+21.048
0 days 02:22:21.714000,31,7,+49.509,+21.100
0 days 02:22:26.534000,31,7,+49.515,+21.153
0 days 02:22:30.290000,31,7,+49.505,+21.194
0 days 02:22:38.694000,31,7,+49.553,+21.266
0 days 02:22:42.599000,31,7,+49.525,+21.273
0 days 02:22:43.421000,31,7,+49.518,+21.246
0 days 02:22:47.850000,31,7,+49.552,+21.163
0 days 02:22:52.299000,31,7,+49.538,+21.198
0 days 02:22:53.423000,31,7,+49.552,+21.213
0 days 02:22:55.588000,31,7,+49.545,+21.263
0 days 02:23:00.620000,31,7,+49.674,+21.506
0 days 02:23:06.086000,31,7,+49.584,+21.516
0 days 02:23:10.370000,31,7,+49.590,+21.549
0 days 02:23:13.315000,31,7,+49.584,+21.574
0 days 02:23:20.300000,31,7,+49.526,+21.599
0 days 02:23:24.004000,31,7,+49.523,+21.609
0 days 02:23:27.916000,31,7,+49.545,+21.760
0 days 02:23:33.347000,31,7,+49.537,+21.899
0 days 02:23:38.200000,31,7,+49.641,+21.965
0 days 02:23:42.119000,31,7,+49.658,+21.979
0 days 02:23:48.391000,31,7,+49.752,+22.065
0 days 02:23:53.596000,31,7,+49.759,+22.021
0 days 02:23:57.940000,31,7,+49.783,+22.077
0 days 02:24:02.774000,31,7,+49.770,+22.132
0 days 02:24:06.533000,31,7,+49.766,+22.173
0 days 02:24:14.894000,31,7,+49.867,+22.202
0 days 02:24:18.820000,31,7,+49.888,+22.216
0 days 02:24:19.711000,31,7,+49.904,+22.191
0 days 02:24:24.040000,31,7,+49.939,+22.119
0 days 02:24:28.373000,31,7,+49.930,+22.169
0 days 02:24:29.547000,31,7,+49.934,+22.198
0 days 02:24:31.734000,31,7,+49.973,+22.298
0 days 02:24:36.647000,31,7,+49.922,+22.238
0 days 02:24:42.329000,31,7,+50.175,+22.460
0 days 02:24:46.715000,31,7,+50.235,+22.472
0 days 02:24:49.616000,31,7,+50.239,+22.501
0 days 02:24:56.644000,31,7,+50.362,+22.584
0 days 02:25:00.374000,31,7,+50.373,+22.590
0 days 02:25:04.209000,31,7,+50.335,+22.673
0 days 02:25:09.819000,31,7,+50.427,+22.883
0 days 02:25:14.574000,31,7,+50.469,+22.917
0 days 02:25:18.548000,31,7,+50.497,+22.937
0 days 02:25:24.676000,31,7,+50.536,+22.996
0 days 02:25:30.035000,31,7,+50.618,+23.005
0 days 02:25:34.300000,31,7,+50.659,+23.060
0 days 02:25:39.082000,31,7,+50.651,+23.109
0 days 02:25:42.967000,31,7,+50.644,+23.152
0 days 02:25:51.256000,31,7,+50.696,+23.092
0 days 02:25:55.157000,31,7,+50.721,+23.115
0 days 02:25:55.976000,31,7,+50.734,+23.090
0 days 02:26:00.448000,31,7,+50.800,+23.038
0 days 02:26:04.818000,31,7,+50.807,+23.097
0 days 02:26:06.001000,31,7,+50.809,+23.122
0 days 02:26:08.074000,31,7,+50.788,+23.160
0 days 02:26:13.120000,31,7,+50.771,+23.303
0 days 02:26:18.623000,31,7,+50.721,+23.176
0 days 02:26:22.801000,31,7,+50.708,+23.179
0 days 02:26:25.732000,31,7,+50.707,+23.205
0 days 02:26:32.711000,31,7,+50.715,+23.274
0 days 02:26:36.458000,31,7,+50.720,+23.299
0 days 02:26:40.275000,31,7,+50.693,+23.385
0 days 02:26:45.736000,31,7,+50.849,+23.510
0 days 02:26:50.518000,31,7,+50.831,+23.522
0 days 02:26:54.521000,31,7,+50.849,+23.546
0 days 02:27:00.716000,31,7,+50.901,+23.636
0 days 02:27:05.994000,31,7,+51.030,+23.605
0 days 02:27:10.333000,31,7,+51.066,+23.657
0 days 02:27:15.115000,31,7,+51.063,+23.713
0 days 02:27:18.901000,31,7,+51.060,+23.763
0 days 02:27:27.292000,31,7,+51.126,+23.890
0 days 02:27:31.228000,31,7,+51.125,+23.918
0 days 02:27:32.074000,31,7,+51.150,+23.905
0 days 02:27:36.401000,31,7,+51.161,+23.783
0 days 02:27:40.748000,31,7,+51.164,+23.830
0 days 02:27:41.975000,31,7,+51.186,+23.873
0 days 02:27:44.073000,31,7,+51.159,+23.947
0 days 02:27:49.003000,31,7,+51.112,+24.050
0 days 02:27:54.673000,31,7,+51.113,+24.056
0 days 02:27:58.808000,31,7,+51.177,+24.085
0 days 02:28:01.749000,31,7,+51.190,+24.121
0 days 02:28:08.806000,31,7,+51.251,+24.171
0 days 02:28:12.501000,31,7,+51.247,+24.179
0 days 02:28:16.323000,31,7,+51.258,+24.281
0 days 02:28:21.749000,31,7,+51.280,+24.342
0 days 02:28:26.742000,31,7,+51.358,+24.403
0 days 02:28:30.665000,31,7,+51.389,+24.423
0 days 02:28:36.770000,31,7,+51.313,+24.413
0 days 02:28:42.080000,31,7,+51.346,+24.460
0 days 02:28:46.356000,31,7,+51.370,+24.494
0 days 02:28:51.134000,31,7,+51.355,+24.545
0 days 02:28:54.972000,31,7,+51.358,+24.592
0 days 02:29:03.311000,31,7,+51.292,+24.623
0 days 02:29:07.235000,31,7,+51.274,+24.649
0 days 02:29:08.078000,31,7,+51.245,+24.623
0 days 02:29:12.477000,31,7,+51.163,+24.529
0 days 02:29:16.828000,31,7,+51.135,+24.594
0 days 02:29:17.921000,31,7,+51.152,+24.646
0 days 02:29:20.093000,31,7,+51.069,+24.702
0 days 02:29:25.026000,31,7,+51.048,+24.785
0 days 02:29:30.450000,31,7,+51.046,+24.674
0 days 02:29:34.678000,31,7,+51.010,+24.586
0 days 02:29:37.597000,31,7,+51.014,+24.617
0 days 02:29:44.602000,31,7,+50.896,+24.662
0 days 02:29:48.339000,31,7,+50.871,+24.658
0 days 02:29:52.131000,31,7,+50.704,+24.731
0 days 02:29:57.611000,31,7,+50.690,+24.820
0 days 02:30:02.468000,31,7,+50.661,+24.800
0 days 02:30:06.421000,31,7,+50.714,+24.838
0 days 02:30:12.484000,31,7,+50.530,+24.763
0 days 02:30:17.779000,31,7,+50.540,+24.633
0 days 02:30:22.071000,31,7,+50.546,+24.666
0 days 02:30:26.866000,31,7,+50.529,+24.726
0 days 02:30:30.674000,31,7,+50.531,+24.818
0 days 02:30:39,31,7,+50.282,+24.831
0 days 02:30:42.901000,31,7,+50.217,+24.834
0 days 02:30:43.734000,31,7,+50.137,+24.772
0 days 02:30:48.150000,31,7,+49.969,+24.588
0 days 00:00:03.711000,27,12,,
0 days 00:59:10.637000,27,12,+1.403,+0.238
0 days 00:59:11.337000,27,13,+1.403,+0.238
0 days 00:59:11.563000,27,13,+1.271,+0.162
0 days 00:59:14.472000,27,14,+1.271,+0.162
0 days 00:59:14.633000,27,14,+1.817,+0.041
0 days 00:59:20.391000,27,13,+1.817,+0.041
0 days 00:59:20.490000,27,13,+2.698,+0.324
0 days 00:59:26.697000,27,14,+2.698,+0.324
0 days 00:59:26.966000,27,14,+3.558,+0.123
0 days 00:59:31.069000,27,15,+3.558,+0.123
0 days 00:59:31.382000,27,16,+3.558,+0.123
0 days 00:59:31.553000,27,17,+3.558,+0.123
0 days 00:59:31.813000,27,17,+4.438,+0.178
0 days 00:59:34.714000,27,18,+4.438,+0.178
0 days 00:59:34.998000,27,19,+4.438,+0.178
0 days 00:59:35.367000,27,19,+5.051,+0.302
0 days 00:59:43.238000,27,19,+5.756,+0.183
0 days 00:59:46.937000,27,19,+5.739,+0.201
0 days 00:59:51.465000,27,19,+6.236,+0.471
0 days 00:59:58.989000,27,20,+6.236,+0.471
0 days 00:59:59.942000,27,19,+6.236,+0.471
0 days 01:00:00.033000,27,19,+9.202,+0.957
0 days 01:00:05.238000,27,19,+9.953,+1.154
0 days 01:00:09.437000,27,19,+10.174,+1.159
0 days 01:00:15.998000,27,19,+10.644,+1.008
0 days 01:00:21.465000,27,19,+11.020,+1.028
0 days 01:00:25.947000,27,19,+11.122,+0.982
0 days 01:00:30.812000,27,19,+11.116,+0.961
0 days 01:00:34.691000,27,19,+11.116,+0.976
0 days 01:00:43.418000,27,19,+11.357,+0.870
0 days 01:00:47.418000,27,19,+11.363,+0.885
0 days 01:00:48.392000,27,19,+11.421,+0.903
0 days 01:00:52.999000,27,19,+11.551,+0.967
0 days 01:00:57.434000,27,19,+11.320,+0.970
0 days 01:00:58.589000,27,19,+11.220,+0.965
0 days 01:01:00.866000,27,19,+11.119,+0.818
0 days 01:01:06.151000,27,19,+11.344,+0.780
0 days 01:01:11.664000,27,19,+11.494,+0.779
0 days 01:01:15.978000,27,19,+11.671,+0.853
0 days 01:01:18.957000,27,19,+11.655,+0.847
0 days 01:01:26.364000,27,19,+11.996,+0.961
0 days 01:01:30.139000,27,19,+11.977,+0.996
0 days 01:01:34.484000,27,19,+12.251,+1.108
0 days 01:01:40.693000,27,19,+12.795,+1.144
0 days 01:01:45.590000,27,19,+13.002,+1.107
0 days 01:01:49.664000,27,19,+13.082,+1.129
0 days 01:01:56.213000,27,19,+13.477,+1.135
0 days 01:02:01.665000,27,19,+13.677,+1.143
0 days 01:02:06.094000,27,19,+13.673,+1.093
0 days 01:02:10.964000,27,19,+13.670,+1.153
0 days 01:02:14.790000,27,19,+13.632,+1.344
0 days 01:02:23.427000,27,19,+13.798,+1.357
0 days 01:02:27.416000,27,19,+13.783,+1.252
0 days 01:02:28.381000,27,19,+13.851,+1.211
0 days 01:02:32.957000,27,19,+13.965,+1.292
0 days 01:02:37.352000,27,19,+13.839,+1.415
0 days 01:02:38.559000,27,19,+13.794,+1.462
0 days 01:02:40.869000,27,19,+13.895,+1.453
0 days 01:02:46.284000,27,19,+14.318,+1.492
0 days 01:02:52.028000,27,19,+14.562,+1.550
0 days 01:02:56.504000,27,19,+14.833,+1.767
0 days 01:02:59.529000,27,19,+14.842,+1.797
0 days 01:03:06.939000,27,19,+15.119,+1.878
0 days 01:03:10.828000,27,19,+15.138,+1.908
0 days 01:03:15.059000,27,19,+15.224,+1.945
0 days 01:03:21.215000,27,19,+15.639,+1.948
0 days 01:03:26.166000,27,19,+15.978,+1.968
0 days 01:03:30.284000,27,19,+16.117,+2.014
0 days 01:03:36.919000,27,19,+16.505,+2.084
0 days 01:03:42.302000,27,19,+16.550,+1.932
0 days 01:03:46.695000,27,19,+16.530,+1.817
0 days 01:03:51.569000,27,19,+16.521,+1.845
0 days 01:03:55.439000,27,19,+16.493,+2.022
0 days 01:04:04.019000,27,19,+16.688,+2.196
0 days 01:04:08.083000,27,19,+16.702,+2.194
0 days 01:04:09.004000,27,19,+16.748,+2.169
0 days 01:04:13.547000,27,19,+16.864,+2.142
0 days 01:04:17.941000,27,19,+16.763,+2.309
0 days 01:04:19.143000,27,19,+16.737,+2.382
0 days 01:04:21.556000,27,19,+16.869,+2.469
0 days 01:04:26.770000,27,19,+16.858,+2.285
0 days 01:04:32.292000,27,19,+16.918,+2.202
0 days 01:04:36.728000,27,19,+17.062,+2.299
0 days 01:04:39.784000,27,19,+17.037,+2.309
0 days 01:04:47.066000,27,19,+17.235,+1.047
0 days 01:04:50.768000,27,18,+17.235,+1.047
0 days 01:04:50.840000,27,18,+17.266,+2.230
0 days 01:04:55.167000,27,18,+17.453,+2.387
0 days 01:05:01.329000,27,18,+17.892,+2.314
0 days 01:05:06.318000,27,18,+18.171,+2.274
0 days 01:05:10.376000,27,18,+18.262,+2.278
0 days 01:05:16.881000,27,18,+18.575,+2.323
0 days 01:05:22.340000,27,18,+18.722,+2.246
0 days 01:05:26.815000,27,18,+18.728,+2.201
0 days 01:05:31.633000,27,18,+18.727,+2.236
0 days 01:05:35.459000,27,18,+18.703,+2.395
0 days 01:05:44.077000,27,18,+18.889,+2.386
0 days 01:05:48,27,18,+18.886,+2.386
0 days 01:05:48.962000,27,18,+18.929,+2.387
0 days 01:05:53.560000,27,18,+19.047,+2.515
0 days 01:05:57.938000,27,18,+18.956,+2.679
0 days 01:05:59.140000,27,18,+18.914,+2.745
0 days 01:06:01.466000,27,18,+18.875,+2.733
0 days 01:06:06.597000,27,18,+18.842,+2.663
0 days 01:06:12.163000,27,18,+18.955,+2.416
0 days 01:06:16.596000,27,18,+19.131,+2.538
0 days 01:06:19.618000,27,18,+19.131,+2.553
0 days 01:06:26.846000,27,18,+19.173,+2.475
0 days 01:06:30.694000,27,18,+19.159,+2.500
0 days 01:06:35.027000,27,18,+19.374,+2.684
0 days 01:06:41.136000,27,18,+19.744,+2.712
0 days 01:06:46.129000,27,18,+19.942,+2.726
0 days 01:06:50.196000,27,18,+19.981,+2.736
0 days 01:06:56.695000,27,18,+20.294,+2.742
0 days 01:07:02.115000,27,18,+20.402,+2.600
0 days 01:07:06.467000,27,18,+20.399,+2.546
0 days 01:07:11.341000,27,18,+20.396,+2.586
0 days 01:07:15.158000,27,18,+20.392,+2.765
0 days 01:07:23.767000,27,18,+20.566,+2.894
0 days 01:07:27.742000,27,18,+20.526,+2.866
0 days 01:07:28.667000,27,18,+20.520,+2.827
0 days 01:07:33.360000,27,18,+20.771,+3.093
0 days 01:07:37.802000,27,18,+20.715,+3.310
0 days 01:07:38.987000,27,18,+20.680,+3.386
0 days 01:07:41.231000,27,18,+20.671,+3.382
0 days 01:07:46.430000,27,18,+20.806,+3.335
0 days 01:07:52.041000,27,18,+20.898,+3.168
0 days 01:07:56.476000,27,18,+21.036,+3.279
0 days 01:07:59.438000,27,18,+21.029,+3.287
0 days 01:08:06.677000,27,18,+21.095,+3.250
0 days 01:08:10.542000,27,18,+21.133,+3.291
0 days 01:08:14.743000,27,18,+21.354,+3.410
0 days 01:08:20.916000,27,18,+21.784,+3.434
0 days 01:08:25.886000,27,18,+22.007,+3.405
0 days 01:08:29.984000,27,18,+22.103,+3.425
0 days 01:08:36.441000,27,18,+22.442,+3.404
0 days 01:08:41.976000,27,18,+22.614,+3.253
0 days 01:08:46.342000,27,18,+22.615,+3.178
0 days 01:08:51.178000,27,18,+22.599,+3.212
0 days 01:08:55.070000,27,18,+22.589,+3.395
0 days 01:09:03.537000,27,18,+22.743,+3.361
0 days 01:09:07.533000,27,18,+22.747,+3.351
0 days 01:09:08.485000,27,18,+22.798,+3.357
0 days 01:09:13.092000,27,18,+22.913,+3.432
0 days 01:09:17.404000,27,18,+22.830,+3.616
0 days 01:09:18.602000,27,18,+22.785,+3.685
0 days 01:09:20.763000,27,18,+22.625,+3.542
0 days 01:09:26.090000,27,18,+22.832,+3.440
0 days 01:09:31.668000,27,18,+22.902,+3.279
0 days 01:09:36.142000,27,18,+23.017,+3.302
0 days 01:09:39.133000,27,18,+23.005,+3.302
0 days 01:09:46.397000,27,18,+23.156,+3.231
0 days 01:09:50.192000,27,18,+23.220,+3.264
0 days 01:09:54.568000,27,18,+23.409,+3.430
0 days 01:10:00.775000,27,18,+23.830,+3.552
0 days 01:10:05.769000,27,18,+23.982,+3.576
0 days 01:10:09.837000,27,18,+24.005,+3.603
0 days 01:10:16.368000,27,18,+24.398,+3.730
0 days 01:10:21.842000,27,18,+24.492,+3.660
0 days 01:10:26.242000,27,18,+24.519,+3.605
0 days 01:10:31.207000,27,18,+24.519,+3.645
0 days 01:10:34.882000,27,18,+24.514,+3.809
0 days 01:10:43.475000,27,18,+24.716,+3.699
0 days 01:10:47.442000,27,18,+24.761,+3.734
0 days 01:10:48.517000,27,18,+24.837,+3.746
0 days 01:10:52.970000,27,18,+24.937,+3.829
0 days 01:10:57.343000,27,18,+24.881,+4.024
0 days 01:10:58.539000,27,18,+24.850,+4.099
0 days 01:11:00.952000,27,18,+24.866,+4.135
0 days 01:11:06.109000,27,18,+24.968,+4.153
0 days 01:11:11.675000,27,18,+25.026,+3.916
0 days 01:11:16.121000,27,18,+25.115,+3.971
0 days 01:11:19.122000,27,18,+25.091,+3.975
0 days 01:11:26.343000,27,18,+25.166,+3.955
0 days 01:11:30.217000,27,18,+25.216,+3.994
0 days 01:11:34.569000,27,18,+25.448,+4.211
0 days 01:11:40.726000,27,18,+25.855,+4.208
0 days 01:11:45.681000,27,18,+25.996,+4.233
0 days 01:11:49.716000,27,18,+26.023,+4.233
0 days 01:11:56.280000,27,18,+26.351,+4.306
0 days 01:12:01.832000,27,18,+26.457,+4.280
0 days 01:12:06.294000,27,18,+26.448,+4.235
0 days 01:12:11.080000,27,18,+26.449,+4.293
0 days 01:12:14.876000,27,18,+26.446,+4.471
0 days 01:12:23.439000,27,18,+26.600,+4.507
0 days 01:12:27.495000,27,18,+26.604,+4.515
0 days 01:12:28.533000,27,18,+26.641,+4.553
0 days 01:12:32.976000,27,18,+26.787,+4.695
0 days 01:12:37.402000,27,18,+26.732,+4.880
0 days 01:12:38.643000,27,18,+26.694,+4.943
0 days 01:12:40.932000,27,18,+26.694,+4.930
0 days 01:12:46.243000,27,18,+26.789,+4.915
0 days 01:12:51.870000,27,18,+26.870,+4.784
0 days 01:12:56.299000,27,18,+26.986,+4.865
0 days 01:12:59.317000,27,18,+26.972,+4.869
0 days 01:13:06.595000,27,18,+27.075,+4.832
0 days 01:13:10.461000,27,18,+27.145,+4.877
0 days 01:13:14.772000,27,18,+27.304,+4.986
0 days 01:13:20.989000,27,18,+27.757,+5.031
0 days 01:13:25.990000,27,18,+27.958,+5.061
0 days 01:13:30.065000,27,18,+28.025,+5.084
0 days 01:13:36.516000,27,18,+28.300,+5.084
0 days 01:13:41.969000,27,18,+28.385,+4.951
0 days 01:13:46.444000,27,18,+28.369,+4.858
0 days 01:13:51.186000,27,18,+28.361,+4.906
0 days 01:13:55.019000,27,18,+28.355,+5.087
0 days 01:14:03.572000,27,18,+28.492,+5.002
0 days 01:14:07.594000,27,18,+28.468,+4.981
0 days 01:14:08.534000,27,18,+28.496,+5.004
0 days 01:14:13.022000,27,18,+28.630,+4.994
0 days 01:14:17.444000,27,18,+28.582,+5.180
0 days 01:14:18.639000,27,18,+28.540,+5.255
0 days 01:14:20.934000,27,18,+28.494,+5.250
0 days 01:14:26.173000,27,18,+28.583,+5.120
0 days 01:14:31.833000,27,18,+28.796,+5.077
0 days 01:14:36.271000,27,18,+28.944,+5.130
0 days 01:14:39.296000,27,18,+28.933,+5.135
0 days 01:14:46.546000,27,18,+28.969,+5.052
0 days 01:14:50.398000,27,18,+28.992,+5.094
0 days 01:14:54.589000,27,18,+29.109,+5.124
0 days 01:15:00.744000,27,18,+29.381,+5.109
0 days 01:15:05.718000,27,18,+29.591,+5.181
0 days 01:15:09.796000,27,18,+29.624,+5.168
0 days 01:15:16.218000,27,18,+29.917,+5.186
0 days 01:15:21.744000,27,18,+30.002,+5.090
0 days 01:15:26.070000,27,18,+30.001,+5.057
0 days 01:15:30.919000,27,18,+29.999,+5.075
0 days 01:15:34.776000,27,18,+30.006,+5.101
0 days 01:15:43.462000,27,18,+30.193,+5.073
0 days 01:15:47.312000,27,18,+30.213,+5.084
0 days 01:15:48.263000,27,18,+30.263,+5.091
0 days 01:15:52.698000,27,18,+30.351,+5.122
0 days 01:15:57.091000,27,17,+30.351,+5.122
0 days 01:15:57.168000,27,17,+30.297,+5.171
0 days 01:15:58.365000,27,17,+30.261,+5.191
0 days 01:16:00.565000,27,17,+30.141,+5.022
0 days 01:16:05.888000,27,17,+30.411,+5.159
0 days 01:16:11.536000,27,17,+30.508,+5.136
0 days 01:16:15.980000,27,17,+30.654,+5.306
0 days 01:16:19.049000,27,17,+30.647,+5.318
0 days 01:16:26.254000,27,17,+30.686,+5.356
0 days 01:16:30.077000,27,17,+30.723,+5.409
0 days 01:16:34.241000,27,17,+30.796,+5.495
0 days 01:16:40.171000,27,17,+30.955,+5.480
0 days 01:16:45.125000,27,17,+31.080,+5.471
0 days 01:16:49.183000,27,17,+31.117,+5.465
0 days 01:16:55.692000,27,17,+31.351,+5.480
0 days 01:17:01.108000,27,17,+31.446,+5.363
0 days 01:17:05.475000,27,17,+31.428,+5.281
0 days 01:17:10.305000,27,17,+31.431,+5.285
0 days 01:17:14.119000,27,17,+31.430,+5.297
0 days 01:17:22.643000,27,17,+31.478,+5.333
0 days 01:17:26.689000,27,17,+31.499,+5.357
0 days 01:17:27.566000,27,17,+31.541,+7.028
0 days 01:17:32.279000,27,17,+31.725,+2.159
0 days 01:17:36.641000,27,14,+31.725,+2.159
0 days 01:17:36.716000,27,14,+31.706,+5.502
0 days 01:17:37.886000,27,14,+31.689,+5.512
0 days 01:17:40.193000,27,14,+31.643,+5.473
0 days 01:17:45.546000,27,14,+31.806,+5.578
0 days 01:17:51,27,14,+31.787,+5.521
0 days 01:17:55.449000,27,14,+31.938,+5.632
0 days 01:17:58.476000,27,14,+31.936,+5.647
0 days 01:18:05.748000,27,14,+31.994,+5.706
0 days 01:18:09.563000,27,14,+32.024,+5.726
0 days 01:18:13.704000,27,14,+32.076,+5.846
0 days 01:18:19.827000,27,14,+32.322,+5.948
0 days 01:18:24.666000,27,14,+32.380,+5.926
0 days 01:18:28.703000,27,14,+32.395,+5.904
0 days 01:18:35.149000,27,14,+32.633,+5.883
0 days 01:18:40.578000,27,14,+32.707,+5.849
0 days 01:18:44.953000,27,14,+32.693,+5.802
0 days 01:18:49.799000,27,14,+32.684,+5.801
0 days 01:18:53.593000,27,14,+32.683,+5.806
0 days 01:19:02.476000,27,14,+32.879,+5.844
0 days 01:19:06.239000,27,14,+32.881,+5.830
0 days 01:19:07.200000,27,14,+32.927,+5.857
0 days 01:19:11.747000,27,14,+33.071,+6.000
0 days 01:19:16.064000,27,12,+33.071,+6.000
0 days 01:19:16.142000,27,12,+33.050,+6.041
0 days 01:19:17.336000,27,12,+33.025,+6.051
0 days 01:19:19.568000,27,12,+32.973,+6.034
0 days 01:19:24.801000,27,12,+33.161,+6.033
0 days 01:19:30.446000,27,12,+33.231,+5.942
0 days 01:19:34.784000,27,12,+33.371,+6.049
0 days 01:19:37.868000,27,12,+33.366,+6.055
0 days 01:19:45.147000,27,12,+33.520,+6.173
0 days 01:19:49.016000,27,12,+33.564,+6.226
0 days 01:19:53.138000,27,12,+33.660,+6.415
0 days 01:19:59.173000,27,12,+33.964,+6.502
0 days 01:20:04.210000,27,12,+34.095,+6.508
0 days 01:20:08.273000,27,12,+34.109,+6.502
0 days 01:20:14.742000,27,12,+34.310,+6.445
0 days 01:20:20.242000,27,12,+34.422,+6.496
0 days 01:20:24.647000,27,12,+34.428,+6.460
0 days 01:20:29.532000,27,12,+34.430,+6.467
0 days 01:20:33.291000,27,12,+34.427,+6.479
0 days 01:20:41.914000,27,12,+34.620,+6.455
0 days 01:20:45.914000,27,12,+34.630,+6.461
0 days 01:20:46.921000,27,12,+34.681,+6.465
0 days 01:20:51.526000,27,12,+34.888,+6.637
0 days 01:20:55.974000,27,12,+34.893,+6.637
0 days 01:20:57.148000,27,11,+34.893,+6.637
0 days 01:20:57.207000,27,11,+34.882,+4.552
0 days 01:20:59.418000,27,11,+34.878,+4.091
0 days 01:21:04.820000,27,11,+35.155,+4.374
0 days 01:21:10.462000,27,11,+35.216,+4.508
0 days 01:21:14.843000,27,11,+35.350,+4.737
0 days 01:21:17.874000,27,11,+35.345,+4.775
0 days 01:21:25.136000,27,11,+35.426,+5.021
0 days 01:21:28.947000,27,11,+35.471,+5.107
0 days 01:21:33.293000,27,11,+35.816,+5.156
0 days 01:21:39.064000,27,12,+35.816,+5.156
0 days 01:21:39.704000,27,12,+36.581,+0.637
0 days 01:21:44.814000,27,12,+36.854,+1.036
0 days 01:21:48.889000,27,12,+36.889,+1.123
0 days 01:21:55.473000,27,12,+37.384,+1.511
0 days 01:22:01.115000,27,12,+34.413,+1.861
0 days 01:22:05.544000,27,12,+34.412,+1.910
0 days 01:22:10.348000,27,12,+34.430,+1.916
0 days 01:22:14.165000,27,12,+34.421,+1.900
0 days 01:22:22.875000,27,12,+34.629,+2.158
0 days 01:22:26.928000,27,12,+34.685,+2.203
0 days 01:22:27.804000,27,12,+34.758,+2.312
0 days 01:22:32.547000,27,12,+34.957,+2.516
0 days 01:22:36.924000,27,12,+34.922,+2.528
0 days 01:22:38.100000,27,12,+34.896,+2.524
0 days 01:22:40.305000,27,12,+34.959,+2.450
0 days 01:22:45.643000,27,12,+35.140,+2.636
0 days 01:22:51.437000,27,12,+35.279,+3.063
0 days 01:22:55.769000,27,12,+35.315,+3.210
0 days 01:22:58.748000,27,12,+35.298,+3.219
0 days 01:23:06.028000,27,12,+35.302,+3.400
0 days 01:23:09.874000,27,12,+35.331,+3.470
0 days 01:23:13.968000,27,12,+35.495,+3.445
0 days 01:23:20.114000,27,12,+35.850,+3.782
0 days 01:23:25.122000,27,12,+35.861,+3.999
0 days 01:23:29.174000,27,12,+35.899,+4.085
0 days 01:23:35.574000,27,12,+35.881,+4.298
0 days 01:23:41.129000,27,12,+36.106,+4.522
0 days 01:23:45.539000,27,12,+36.163,+4.568
0 days 01:23:50.348000,27,12,+36.174,+4.583
0 days 01:23:54.349000,27,12,+36.181,+4.590
0 days 01:24:02.977000,27,12,+18.162,+4.772
0 days 01:24:06.944000,27,12,+18.149,+4.819
0 days 01:24:07.812000,27,12,+18.142,+4.888
0 days 01:24:12.269000,27,12,+31.511,+5.017
0 days 01:24:16.832000,27,12,+18.220,+5.048
0 days 01:24:17.919000,27,12,+18.180,+5.059
0 days 01:24:20.198000,27,12,+17.989,+4.975
0 days 01:24:25.374000,27,12,+18.073,+5.199
0 days 01:24:31.103000,27,12,+18.249,+5.518
0 days 01:24:35.508000,27,12,+18.304,+5.640
0 days 01:24:38.509000,27,12,+18.315,+5.670
0 days 01:24:45.848000,27,12,+18.536,+5.955
0 days 01:24:49.724000,27,12,+18.622,+6.056
0 days 01:24:53.803000,27,12,+18.585,+6.108
0 days 01:24:59.950000,27,12,+18.888,+6.462
0 days 01:25:04.939000,27,12,+19.046,+6.696
0 days 01:25:08.994000,27,12,+19.072,+6.762
0 days 01:25:15.477000,27,12,+19.240,+7.076
0 days 01:25:20.999000,27,12,+19.299,+7.273
0 days 01:25:25.476000,27,12,+19.312,+7.331
0 days 01:25:25.476000,27,12,+19.299,+7.273
0 days 01:25:25.476000,27,12,+19.312,+7.331
0 days 01:25:30.293000,27,12,+19.317,+7.377
0 days 01:25:34.278000,27,12,+19.319,+7.414
0 days 01:25:43.228000,27,12,+19.969,+8.124
0 days 01:25:47.209000,27,12,+19.997,+8.199
0 days 01:25:48.217000,27,12,+19.997,+8.248
0 days 01:25:52.978000,27,12,+20.287,+8.516
0 days 01:25:57.223000,27,12,+20.284,+9.071
0 days 01:25:58.538000,27,12,+20.264,+8.786
0 days 01:26:00.691000,27,12,+20.142,+8.402
0 days 01:26:05.851000,27,12,+20.017,+8.073
0 days 01:26:11.705000,27,12,+20.419,+8.235
0 days 01:26:16.104000,27,12,+20.421,+8.230
0 days 01:26:19.091000,27,12,+20.427,+8.255
0 days 01:26:26.425000,27,12,+20.602,+8.379
0 days 01:26:30.282000,27,12,+20.652,+8.444
0 days 01:26:34.429000,27,12,+20.710,+8.441
0 days 01:26:40.476000,27,12,+20.943,+8.534
0 days 01:26:45.493000,27,12,+21.094,+8.505
0 days 01:26:49.502000,27,12,+21.101,+8.498
0 days 01:26:55.950000,27,12,+21.191,+8.537
0 days 01:27:01.367000,27,12,+21.179,+8.527
0 days 01:27:05.965000,27,12,+20.670,+8.657
0 days 01:27:10.830000,27,12,+20.804,+8.680
0 days 01:27:14.440000,27,13,+20.804,+8.680
0 days 01:27:14.626000,27,13,+21.027,+0.110
0 days 01:27:23.400000,27,14,+21.027,+0.110
0 days 01:27:23.891000,27,14,+22.012,+0.375
0 days 01:27:27.978000,27,14,+22.145,+0.363
0 days 01:27:29.024000,27,14,+22.333,+0.464
0 days 01:27:33.637000,27,14,+22.610,+0.666
0 days 01:27:37.793000,27,13,+22.610,+0.666
0 days 01:27:37.872000,27,13,+22.372,+0.572
0 days 01:27:39.015000,27,13,+22.267,+0.516
0 days 01:27:41.352000,27,13,+22.351,+0.501
0 days 01:27:46.820000,27,13,+22.758,+0.512
0 days 01:27:52.850000,27,13,+23.273,+0.866
0 days 01:27:57.352000,27,13,+23.468,+1.061
0 days 01:28:00.298000,27,13,+23.447,+1.061
0 days 01:28:07.924000,27,13,+23.986,+1.451
0 days 01:28:11.739000,27,13,+24.038,+1.496
0 days 01:28:15.876000,27,13,+24.133,+1.587
0 days 01:28:22.040000,27,13,+24.593,+1.877
0 days 01:28:27.179000,27,13,+24.950,+2.105
0 days 01:28:31.227000,27,13,+25.005,+2.141
0 days 01:28:37.693000,27,13,+25.363,+2.215
0 days 01:28:43.250000,27,13,+25.592,+2.542
0 days 01:28:47.651000,27,13,+25.656,+2.546
0 days 01:28:52.540000,27,13,+25.657,+2.608
0 days 01:28:56.243000,27,14,+25.657,+2.608
0 days 01:28:56.330000,27,14,+25.642,+0.021
0 days 01:29:04.940000,27,15,+25.642,+0.021
0 days 01:29:05.478000,27,15,+26.527,+0.483
0 days 01:29:09.570000,27,15,+26.607,+0.455
0 days 01:29:10.646000,27,15,+26.760,+0.438
0 days 01:29:15.240000,27,15,+26.981,+0.551
0 days 01:29:19.329000,27,14,+26.981,+0.551
0 days 01:29:19.396000,27,14,+26.748,+0.538
0 days 01:29:20.577000,27,14,+26.634,+0.520
0 days 01:29:22.851000,27,14,+26.700,+0.406
0 days 01:29:28.144000,27,15,+26.700,+0.406
0 days 01:29:28.344000,27,15,+27.150,+0.179
0 days 01:29:34.497000,27,15,+27.802,+0.394
0 days 01:29:38.906000,27,15,+28.058,+0.479
0 days 01:29:41.955000,27,15,+28.047,+0.453
0 days 01:29:49.540000,27,15,+28.507,+0.717
0 days 01:29:53.373000,27,15,+28.535,+0.719
0 days 01:29:57.525000,27,15,+28.587,+0.909
0 days 01:30:03.946000,27,15,+29.356,+1.438
0 days 01:30:09.106000,27,15,+29.783,+1.619
0 days 01:30:13.228000,27,15,+29.867,+1.673
0 days 01:30:19.877000,27,15,+30.277,+2.033
0 days 01:30:25.512000,27,15,+30.652,+2.283
0 days 01:30:29.920000,27,15,+30.729,+2.327
0 days 01:30:34.780000,27,15,+30.744,+2.384
0 days 01:30:38.369000,27,16,+30.744,+2.384
0 days 01:30:38.551000,27,16,+30.746,+0.074
0 days 01:30:47.551000,27,16,+31.379,+0.492
0 days 01:30:51.750000,27,16,+31.461,+0.563
0 days 01:30:52.728000,27,16,+31.596,+0.678
0 days 01:30:57.312000,27,16,+31.849,+0.859
0 days 01:31:01.540000,27,16,+31.662,+0.706
0 days 01:31:02.680000,27,16,+31.561,+0.621
0 days 01:31:05.001000,27,16,+31.540,+0.673
0 days 01:31:10.400000,27,16,+31.833,+0.782
0 days 01:31:16.178000,27,16,+32.207,+1.103
0 days 01:31:20.578000,27,16,+32.295,+1.217
0 days 01:31:23.569000,27,16,+32.289,+1.184
0 days 01:31:30.965000,27,16,+32.592,+1.318
0 days 01:31:34.754000,27,16,+32.603,+1.302
0 days 01:31:38.805000,27,16,+32.461,+1.394
0 days 01:31:45.015000,27,16,+32.936,+1.834
0 days 01:31:50.098000,27,16,+33.241,+2.072
0 days 01:31:54.142000,27,16,+33.282,+2.087
0 days 01:32:00.597000,27,16,+33.673,+2.439
0 days 01:32:06.325000,27,16,+34.045,+2.605
0 days 01:32:10.935000,27,16,+34.117,+2.670
0 days 01:32:15.571000,27,16,+34.127,+2.665
0 days 01:32:19.109000,27,17,+34.127,+2.665
0 days 01:32:19.383000,27,17,+34.137,+0.132
0 days 01:32:28.226000,27,17,+34.658,+0.702
0 days 01:32:32.279000,27,17,+34.600,+0.642
0 days 01:32:32.812000,27,17,+34.383,+0.372
0 days 01:32:41.652000,27,18,+34.383,+0.372
0 days 01:32:50.852000,27,19,+34.383,+0.372
0 days 01:33:06.527000,27,19,+57.991,+14.360
0 days 01:33:09.379000,27,19,+58.558,+14.992
0 days 01:33:14.679000,27,19,+58.737,+14.954
0 days 01:33:20.179000,27,19,+58.694,+14.706
0 days 01:33:24.527000,27,19,+58.764,+14.683
0 days 01:33:27.582000,27,19,+58.775,+14.691
0 days 01:33:34.753000,27,19,+58.841,+14.614
0 days 01:33:38.479000,27,19,+58.819,+14.603
0 days 01:33:42.773000,27,19,+58.931,+14.775
0 days 01:33:48.723000,27,19,+59.122,+14.732
0 days 01:33:53.579000,27,19,+59.082,+14.508
0 days 01:33:57.579000,27,19,+59.093,+14.443
0 days 01:34:03.981000,27,19,+59.273,+14.143
0 days 01:34:09.470000,27,19,+59.291,+14.157
0 days 01:34:13.798000,27,19,+59.284,+14.164
0 days 01:34:18.640000,27,19,+59.295,+14.179
0 days 01:34:22.479000,27,19,+59.324,+14.185
0 days 01:34:30.963000,27,19,+59.423,+14.092
0 days 01:34:34.980000,27,19,+59.436,+14.084
0 days 01:34:35.942000,27,19,+59.487,+14.105
0 days 01:34:40.354000,27,19,+59.556,+14.121
0 days 01:34:44.828000,27,19,+59.535,+14.150
0 days 01:34:46.018000,27,19,+59.529,+14.152
0 days 01:34:48.347000,27,19,+59.528,+14.263
0 days 01:34:53.520000,27,19,+59.396,+14.170
0 days 01:34:58.758000,27,19,+59.250,+13.680
0 days 01:35:03.053000,27,19,+59.302,+13.549
0 days 01:35:06.053000,27,19,+59.299,+13.539
0 days 01:35:13.055000,27,19,+59.179,+13.283
0 days 01:35:16.820000,27,19,+59.157,+13.254
0 days 01:35:21.092000,27,19,+59.169,+13.382
0 days 01:35:27.011000,27,19,+59.322,+13.177
0 days 01:35:31.776000,27,19,+59.318,+12.943
0 days 01:35:35.782000,27,19,+59.301,+12.913
0 days 01:35:41.971000,27,19,+59.333,+12.633
0 days 01:35:47.290000,27,19,+59.280,+12.515
0 days 01:35:51.654000,27,19,+59.248,+12.468
0 days 01:35:56.428000,27,19,+59.248,+12.462
0 days 01:36:00.381000,27,19,+59.255,+12.459
0 days 01:36:08.625000,27,19,+59.269,+12.169
0 days 01:36:12.692000,27,19,+59.293,+12.154
0 days 01:36:13.654000,27,19,+59.384,+12.169
0 days 01:36:18.080000,27,19,+59.521,+12.170
0 days 01:36:22.573000,27,19,+59.496,+12.179
0 days 01:36:23.696000,27,19,+59.482,+12.171
0 days 01:36:26.025000,27,19,+59.521,+12.268
0 days 01:36:31.146000,27,19,+59.473,+12.015
0 days 01:36:36.528000,27,19,+59.339,+11.677
0 days 01:36:40.829000,27,19,+59.368,+11.594
0 days 01:36:43.816000,27,19,+59.368,+11.581
0 days 01:36:50.859000,27,19,+59.391,+11.365
0 days 01:36:54.654000,27,19,+59.392,+11.357
0 days 01:36:58.693000,27,19,+59.324,+11.412
0 days 01:37:04.643000,27,19,+59.514,+11.215
0 days 01:37:09.536000,27,19,+59.708,+11.087
0 days 01:37:13.568000,27,19,+59.784,+11.122
0 days 01:37:19.894000,27,19,+59.880,+10.867
0 days 01:37:25.430000,27,19,+60.019,+10.923
0 days 01:37:29.805000,27,19,+60.060,+10.952
0 days 01:37:34.693000,27,19,+60.085,+10.956
0 days 01:37:38.431000,27,19,+60.105,+10.952
0 days 01:37:46.843000,27,19,+60.207,+10.636
0 days 01:37:50.903000,27,19,+60.226,+10.564
0 days 01:37:51.696000,27,19,+60.289,+10.529
0 days 01:37:56.287000,27,19,+60.481,+10.574
0 days 01:38:00.696000,27,19,+60.480,+10.593
0 days 01:38:01.881000,27,19,+60.477,+10.585
0 days 01:38:04.137000,27,19,+60.478,+10.616
0 days 01:38:09.350000,27,19,+60.579,+10.463
0 days 01:38:14.851000,27,19,+60.711,+10.175
0 days 01:38:19.209000,27,19,+60.809,+10.162
0 days 01:38:22.181000,27,19,+60.806,+10.152
0 days 01:38:29.361000,27,19,+60.844,+9.953
0 days 01:38:33.122000,27,19,+60.847,+9.929
0 days 01:38:37.183000,27,19,+60.742,+9.899
0 days 01:38:43.151000,27,19,+61.016,+9.798
0 days 01:38:47.972000,27,19,+61.149,+9.670
0 days 01:38:51.971000,27,19,+61.175,+9.669
0 days 01:38:58.396000,27,19,+61.327,+9.419
0 days 01:39:03.741000,27,19,+61.415,+9.328
0 days 01:39:08.183000,27,19,+61.484,+9.351
0 days 01:39:12.929000,27,19,+61.489,+9.342
0 days 01:39:16.744000,27,19,+61.499,+9.323
0 days 01:39:25.281000,27,19,+61.752,+9.181
0 days 01:39:29.258000,27,19,+61.753,+9.142
0 days 01:39:30.082000,27,19,+61.795,+9.119
0 days 01:39:34.730000,27,19,+61.968,+9.141
0 days 01:39:39.244000,27,19,+61.972,+9.156
0 days 01:39:40.444000,27,19,+61.976,+9.161
0 days 01:39:42.678000,27,19,+61.999,+9.249
0 days 01:39:47.923000,27,19,+62.050,+9.143
0 days 01:39:53.335000,27,19,+62.081,+8.838
0 days 01:39:57.753000,27,19,+62.239,+8.820
0 days 01:40:00.735000,27,19,+62.248,+8.815
0 days 01:40:07.848000,27,19,+62.259,+8.607
0 days 01:40:11.629000,27,19,+62.277,+8.608
0 days 01:40:15.756000,27,19,+62.244,+8.652
0 days 01:40:21.598000,27,19,+62.438,+8.447
0 days 01:40:26.532000,27,19,+62.559,+8.247
0 days 01:40:30.507000,27,19,+62.572,+8.223
0 days 01:40:37.047000,27,19,+62.768,+8.034
0 days 01:40:42.285000,27,19,+62.890,+8.011
0 days 01:40:46.656000,27,19,+62.925,+8.016
0 days 01:40:51.518000,27,19,+62.943,+8.002
0 days 01:40:55.282000,27,19,+62.945,+7.985
0 days 01:41:03.856000,27,19,+63.118,+7.986
0 days 01:41:08,27,19,+63.196,+8.004
0 days 01:41:08.930000,27,19,+63.276,+8.020
0 days 01:41:13.345000,27,19,+63.403,+7.946
0 days 01:41:17.830000,27,19,+63.414,+7.945
0 days 01:41:19.056000,27,19,+63.424,+7.943
0 days 01:41:21.231000,27,19,+63.387,+7.934
0 days 01:41:26.386000,27,19,+63.245,+7.792
0 days 01:41:31.756000,27,19,+63.301,+7.521
0 days 01:41:36.082000,27,19,+63.360,+7.453
0 days 01:41:39.056000,27,19,+63.362,+7.436
0 days 01:41:46.179000,27,19,+63.372,+7.270
0 days 01:41:49.899000,27,19,+63.379,+7.262
0 days 01:41:53.917000,27,19,+63.220,+7.224
0 days 01:41:59.773000,27,19,+63.335,+7.034
0 days 01:42:04.569000,27,19,+63.373,+6.806
0 days 01:42:08.503000,27,19,+63.392,+6.802
0 days 01:42:14.914000,27,19,+63.537,+6.663
0 days 01:42:20.183000,27,19,+63.597,+6.623
0 days 01:42:24.565000,27,19,+63.589,+6.597
0 days 01:42:29.352000,27,19,+63.591,+6.575
0 days 01:42:33.175000,27,19,+63.596,+6.558
0 days 01:42:41.557000,27,19,+63.663,+6.401
0 days 01:42:45.583000,27,19,+63.696,+6.475
0 days 01:42:46.543000,27,19,+63.768,+6.771
0 days 01:42:50.997000,27,19,+63.890,+1.645
0 days 01:42:55.474000,27,18,+63.890,+1.645
0 days 01:42:55.531000,27,18,+63.875,+1.645
0 days 01:42:56.697000,27,18,+63.881,+18.405
0 days 01:42:58.934000,27,18,+63.813,+17.853
0 days 01:43:03.976000,27,18,+63.699,+17.982
0 days 01:43:09.477000,27,18,+63.743,+18.137
0 days 01:43:13.716000,27,18,+63.827,+18.291
0 days 01:43:16.736000,27,18,+63.829,+18.316
0 days 01:43:23.825000,27,18,+63.847,+18.317
0 days 01:43:27.607000,27,18,+63.851,+18.355
0 days 01:43:31.583000,27,18,+63.751,+18.261
0 days 01:43:37.331000,27,18,+63.823,+18.437
0 days 01:43:42.225000,27,18,+63.901,+18.702
0 days 01:43:46.231000,27,18,+63.932,+18.758
0 days 01:43:52.550000,27,18,+64.108,+18.828
0 days 01:43:57.955000,27,18,+64.155,+18.999
0 days 01:44:02.284000,27,18,+64.159,+18.986
0 days 01:44:07.106000,27,18,+64.157,+18.984
0 days 01:44:10.884000,27,18,+64.162,+18.976
0 days 01:44:19.348000,27,18,+64.269,+19.068
0 days 01:44:23.376000,27,18,+64.290,+19.096
0 days 01:44:24.199000,27,18,+64.355,+19.119
0 days 01:44:28.761000,27,18,+64.491,+19.180
0 days 01:44:33.184000,27,18,+64.492,+19.209
0 days 01:44:34.431000,27,18,+64.488,+19.210
0 days 01:44:36.583000,27,18,+64.406,+19.170
0 days 01:44:41.714000,27,18,+64.373,+19.050
0 days 01:44:47.218000,27,18,+64.501,+19.250
0 days 01:44:51.579000,27,18,+64.619,+19.426
0 days 01:44:54.597000,27,18,+64.629,+19.453
0 days 01:45:01.606000,27,18,+64.569,+19.518
0 days 01:45:05.387000,27,18,+64.595,+19.547
0 days 01:45:09.384000,27,18,+64.483,+19.373
0 days 01:45:15.184000,27,18,+64.705,+19.412
0 days 01:45:20.084000,27,18,+64.759,+19.551
0 days 01:45:24.058000,27,18,+64.773,+19.593
0 days 01:45:30.339000,27,18,+64.880,+19.573
0 days 01:45:35.753000,27,18,+65.008,+19.831
0 days 01:45:40.141000,27,18,+65.031,+19.848
0 days 01:45:44.900000,27,18,+65.036,+19.860
0 days 01:45:48.758000,27,18,+65.051,+19.858
0 days 01:45:57.185000,27,18,+65.140,+20.030
0 days 01:46:01.184000,27,18,+65.145,+20.034
0 days 01:46:02.100000,27,18,+65.172,+20.030
0 days 01:46:06.613000,27,18,+65.287,+20.087
0 days 01:46:10.976000,27,18,+65.270,+20.138
0 days 01:46:12.158000,27,18,+65.254,+20.136
0 days 01:46:14.362000,27,18,+65.236,+20.095
0 days 01:46:19.584000,27,18,+65.355,+20.126
0 days 01:46:25.032000,27,18,+65.401,+20.055
0 days 01:46:29.391000,27,18,+65.545,+20.253
0 days 01:46:32.385000,27,18,+65.549,+20.285
0 days 01:46:39.474000,27,18,+65.572,+20.312
0 days 01:46:43.239000,27,18,+65.594,+20.340
0 days 01:46:47.189000,27,18,+65.526,+20.130
0 days 01:46:53.013000,27,18,+65.736,+20.136
0 days 01:46:57.881000,27,18,+65.847,+20.309
0 days 01:47:01.867000,27,18,+65.865,+20.349
0 days 01:47:08.125000,27,18,+66.097,+20.480
0 days 01:47:13.538000,27,18,+66.129,+20.578
0 days 01:47:17.886000,27,18,+66.130,+20.578
0 days 01:47:22.697000,27,18,+66.127,+20.642
0 days 01:47:26.508000,27,18,+66.127,+20.795
0 days 01:47:34.902000,27,18,+66.269,+20.772
0 days 01:47:38.914000,27,18,+66.274,+20.756
0 days 01:47:39.885000,27,18,+66.340,+20.744
0 days 01:47:44.348000,27,18,+66.531,+20.888
0 days 01:47:48.787000,27,18,+66.542,+21.095
0 days 01:47:50.003000,27,18,+66.548,+21.170
0 days 01:47:52.137000,27,18,+66.527,+20.930
0 days 01:47:57.402000,27,18,+66.708,+20.623
0 days 01:48:02.872000,27,18,+66.647,+20.588
0 days 01:48:07.160000,27,18,+66.783,+20.771
0 days 01:48:10.159000,27,18,+66.796,+20.806
0 days 01:48:17.359000,27,18,+66.869,+20.846
0 days 01:48:21.166000,27,18,+66.888,+20.881
0 days 01:48:25.127000,27,18,+66.817,+20.625
0 days 01:48:30.885000,27,18,+67.071,+20.601
0 days 01:48:35.810000,27,18,+67.159,+20.803
0 days 01:48:40.059000,27,18,+67.167,+20.851
0 days 01:48:46.081000,27,18,+67.326,+20.763
0 days 01:48:51.607000,27,18,+67.460,+21.487
0 days 01:48:55.948000,27,18,+67.484,+21.487
0 days 01:49:00.780000,27,18,+67.492,+21.489
0 days 01:49:04.579000,27,18,+67.501,+21.490
0 days 01:49:13.086000,27,18,+67.745,+21.265
0 days 01:49:17.090000,27,18,+67.779,+21.332
0 days 01:49:18.029000,27,18,+67.846,+21.518
0 days 01:49:22.533000,27,18,+67.929,+16.702
0 days 01:49:26.960000,27,18,+67.936,+16.702
0 days 01:49:28.105000,27,17,+67.936,+16.702
0 days 01:49:28.186000,27,17,+67.940,+21.781
0 days 01:49:30.417000,27,17,+67.922,+21.687
0 days 01:49:35.637000,27,17,+68.149,+21.547
0 days 01:49:41.036000,27,17,+68.130,+21.486
0 days 01:49:45.486000,27,17,+68.350,+21.746
0 days 01:49:48.480000,27,17,+68.369,+21.756
0 days 01:49:55.678000,27,17,+68.431,+21.857
0 days 01:49:59.386000,27,17,+68.445,+21.888
0 days 01:50:03.333000,27,17,+68.343,+21.664
0 days 01:50:09.108000,27,17,+68.544,+21.680
0 days 01:50:14.048000,27,17,+68.660,+21.889
0 days 01:50:18.055000,27,17,+68.704,+21.941
0 days 01:50:24.234000,27,17,+68.722,+21.925
0 days 01:50:29.586000,27,17,+68.809,+21.998
0 days 01:50:33.956000,27,17,+68.851,+22.017
0 days 01:50:38.850000,27,17,+68.846,+22.031
0 days 01:50:42.595000,27,17,+68.851,+22.029
0 days 01:50:51.025000,27,17,+68.973,+22.032
0 days 01:50:54.986000,27,17,+68.984,+22.064
0 days 01:50:55.860000,27,17,+69.015,+22.067
0 days 01:51:00.530000,27,17,+69.088,+22.152
0 days 01:51:04.780000,27,17,+69.078,+22.348
0 days 01:51:05.963000,27,17,+69.064,+22.401
0 days 01:51:08.098000,27,17,+68.990,+22.228
0 days 01:51:13.340000,27,17,+69.121,+22.194
0 days 01:51:18.860000,27,17,+69.084,+22.059
0 days 01:51:23.235000,27,17,+69.197,+22.236
0 days 01:51:26.187000,27,17,+69.194,+22.249
0 days 01:51:33.287000,27,18,+69.194,+22.249
0 days 01:51:33.737000,27,18,+69.684,+0.317
0 days 01:51:37.406000,27,18,+69.657,+0.276
0 days 01:51:41.504000,27,18,+69.697,+0.352
0 days 01:51:47.460000,27,18,+70.037,+0.608
0 days 01:51:52.503000,27,18,+70.345,+0.998
0 days 01:51:56.541000,27,18,+70.429,+1.085
0 days 01:52:03.056000,27,18,+70.718,+1.310
0 days 01:52:08.364000,27,18,+70.763,+1.601
0 days 01:52:12.679000,27,18,+70.786,+1.611
0 days 01:52:17.461000,27,18,+70.782,+1.604
0 days 01:52:21.297000,27,18,+70.783,+1.592
0 days 01:52:29.661000,27,18,+70.907,+1.675
0 days 01:52:33.702000,27,18,+70.908,+1.697
0 days 01:52:34.463000,27,18,+70.947,+1.714
0 days 01:52:39.089000,27,18,+71.126,+1.936
0 days 01:52:43.462000,27,18,+71.111,+1.947
0 days 01:52:44.687000,27,18,+71.102,+1.930
0 days 01:52:46.866000,27,18,+71.095,+1.938
0 days 01:52:52.126000,27,18,+71.197,+2.165
0 days 01:52:57.588000,27,18,+71.266,+2.378
0 days 01:53:01.969000,27,18,+71.346,+2.526
0 days 01:53:04.936000,27,18,+71.345,+2.523
0 days 01:53:12.044000,27,18,+71.380,+2.603
0 days 01:53:15.807000,27,18,+71.411,+2.596
0 days 01:53:19.810000,27,18,+71.396,+2.561
0 days 01:53:25.587000,27,18,+71.673,+2.750
0 days 01:53:30.463000,27,18,+71.798,+2.936
0 days 01:53:34.426000,27,18,+71.824,+2.948
0 days 01:53:40.928000,27,18,+71.947,+3.012
0 days 01:53:46.076000,27,18,+72.061,+3.128
0 days 01:53:50.451000,27,18,+72.086,+3.121
0 days 01:53:59.089000,27,18,+72.081,+3.120
0 days 01:54:07.523000,27,18,+72.300,+3.282
0 days 01:54:11.501000,27,18,+72.306,+3.279
0 days 01:54:12.483000,27,18,+72.400,+3.343
0 days 01:54:16.987000,27,18,+72.571,+3.522
0 days 01:54:21.406000,27,18,+72.571,+3.536
0 days 01:54:22.588000,27,18,+72.573,+3.544
0 days 01:54:24.790000,27,18,+72.566,+3.615
0 days 01:54:29.997000,27,18,+72.678,+3.788
0 days 01:54:35.451000,27,18,+72.566,+3.831
0 days 01:54:39.812000,27,18,+72.646,+3.957
0 days 01:54:42.792000,27,18,+72.660,+3.968
0 days 01:54:50.061000,27,18,+72.881,+4.123
0 days 01:54:53.790000,27,18,+72.914,+4.127
0 days 01:54:57.791000,27,18,+72.845,+4.135
0 days 01:55:03.574000,27,18,+73.104,+4.240
0 days 01:55:08.388000,27,18,+73.155,+4.341
0 days 01:55:12.362000,27,18,+73.180,+4.342
0 days 01:55:18.658000,27,18,+73.273,+4.398
0 days 01:55:24.038000,27,18,+73.320,+4.525
0 days 01:55:28.366000,27,18,+73.338,+4.508
0 days 01:55:33.162000,27,18,+73.343,+4.510
0 days 01:55:36.970000,27,18,+73.346,+4.473
0 days 01:55:45.467000,27,18,+73.472,+4.526
0 days 01:55:49.462000,27,18,+73.475,+4.555
0 days 01:55:50.387000,27,18,+73.500,+4.588
0 days 01:55:54.882000,27,18,+73.666,+4.794
0 days 01:55:59.250000,27,18,+73.648,+4.809
0 days 01:56:00.462000,27,18,+73.639,+4.808
0 days 01:56:02.657000,27,18,+73.616,+4.814
0 days 01:56:07.748000,27,18,+73.654,+4.932
0 days 01:56:13.211000,27,18,+73.594,+4.986
0 days 01:56:17.526000,27,18,+73.657,+5.076
0 days 01:56:20.489000,27,18,+73.655,+5.089
0 days 01:56:27.643000,27,18,+73.791,+5.197
0 days 01:56:31.382000,27,18,+73.801,+5.224
0 days 01:56:35.344000,27,18,+73.699,+5.266
0 days 01:56:40.969000,27,18,+73.772,+5.293
0 days 01:56:45.843000,27,18,+73.829,+5.374
0 days 01:56:49.791000,27,18,+73.835,+5.397
0 days 01:56:55.992000,27,18,+73.934,+5.460
0 days 01:57:01.389000,27,18,+73.909,+5.474
0 days 01:57:05.693000,27,18,+73.879,+5.432
0 days 01:57:10.444000,27,18,+73.880,+5.436
0 days 01:57:14.291000,27,18,+73.890,+5.439
0 days 01:57:22.740000,27,18,+74.089,+5.604
0 days 01:57:26.721000,27,18,+74.098,+5.621
0 days 01:57:27.611000,27,18,+74.147,+5.652
0 days 01:57:32.143000,27,18,+74.301,+5.802
0 days 01:57:36.519000,27,18,+74.290,+5.825
0 days 01:57:37.759000,27,18,+74.281,+5.839
0 days 01:57:39.940000,27,18,+74.254,+5.868
0 days 01:57:45.063000,27,18,+74.302,+5.935
0 days 01:57:50.563000,27,18,+74.338,+6.064
0 days 01:57:54.950000,27,18,+74.391,+6.158
0 days 01:57:57.963000,27,18,+74.393,+6.172
0 days 01:58:04.982000,27,18,+74.465,+6.186
0 days 01:58:08.763000,27,18,+74.475,+6.207
0 days 01:58:12.747000,27,18,+74.422,+6.284
0 days 01:58:18.491000,27,18,+74.615,+6.477
0 days 01:58:23.467000,27,18,+74.763,+6.633
0 days 01:58:27.452000,27,18,+74.796,+6.605
0 days 01:58:33.806000,27,18,+74.947,+6.775
0 days 01:58:39.138000,27,18,+75.029,+6.840
0 days 01:58:43.491000,27,18,+75.068,+6.842
0 days 01:58:48.360000,27,18,+75.080,+6.849
0 days 01:58:52.159000,27,18,+75.079,+6.856
0 days 01:59:00.633000,27,18,+75.109,+6.939
0 days 01:59:04.563000,27,18,+75.106,+6.963
0 days 01:59:05.401000,27,18,+75.120,+6.977
0 days 01:59:09.986000,27,18,+75.313,+7.135
0 days 01:59:14.337000,27,18,+75.312,+7.155
0 days 01:59:15.658000,27,18,+75.308,+7.161
0 days 01:59:17.739000,27,18,+75.314,+7.239
0 days 01:59:22.847000,27,18,+75.307,+7.291
0 days 01:59:28.283000,27,18,+75.282,+7.374
0 days 01:59:32.628000,27,18,+75.342,+7.448
0 days 01:59:35.611000,27,18,+75.342,+7.458
0 days 01:59:42.680000,27,18,+75.399,+7.549
0 days 01:59:46.443000,27,18,+75.416,+7.566
0 days 01:59:50.384000,27,18,+75.316,+7.634
0 days 01:59:56.115000,27,18,+75.442,+7.702
0 days 02:00:01.063000,27,18,+75.563,+7.805
0 days 02:00:05.064000,27,18,+75.608,+7.782
0 days 02:00:11.419000,27,18,+75.851,+7.960
0 days 02:00:16.690000,27,18,+75.820,+7.952
0 days 02:00:21.010000,27,18,+75.837,+7.926
0 days 02:00:25.792000,27,18,+75.824,+7.929
0 days 02:00:29.690000,27,18,+75.817,+7.933
0 days 02:00:38.001000,27,18,+75.793,+7.889
0 days 02:00:41.958000,27,18,+75.804,+7.903
0 days 02:00:42.894000,27,18,+75.869,+7.947
0 days 02:00:47.381000,27,18,+76.046,+8.062
0 days 02:00:51.763000,27,18,+76.046,+8.085
0 days 02:00:53.007000,27,18,+76.050,+8.104
0 days 02:00:55.170000,27,18,+76.025,+8.130
0 days 02:01:00.195000,27,18,+76.079,+8.090
0 days 02:01:05.690000,27,18,+75.970,+8.167
0 days 02:01:09.974000,27,18,+76.093,+8.217
0 days 02:01:12.942000,27,18,+76.098,+8.228
0 days 02:01:20.211000,27,18,+76.243,+8.310
0 days 02:01:23.908000,27,18,+76.242,+8.326
0 days 02:01:27.825000,27,18,+76.195,+8.343
0 days 02:01:33.512000,27,18,+76.278,+8.406
0 days 02:01:38.412000,27,18,+76.373,+8.438
0 days 02:01:42.369000,27,18,+76.406,+8.420
0 days 02:01:48.781000,27,18,+76.624,+8.671
0 days 02:01:54.065000,27,18,+76.642,+8.665
0 days 02:01:58.539000,27,18,+76.655,+8.652
0 days 02:02:03.203000,27,18,+76.661,+8.658
0 days 02:02:07.067000,27,18,+76.677,+8.676
0 days 02:02:15.585000,27,18,+76.830,+8.792
0 days 02:02:19.566000,27,18,+76.859,+8.803
0 days 02:02:20.540000,27,18,+76.929,+8.841
0 days 02:02:24.984000,27,18,+77.102,+8.989
0 days 02:02:29.353000,27,18,+77.100,+9.018
0 days 02:02:30.560000,27,18,+77.103,+9.037
0 days 02:02:32.761000,27,18,+77.182,+9.113
0 days 02:02:37.866000,27,18,+77.198,+9.127
0 days 02:02:43.365000,27,18,+77.262,+9.237
0 days 02:02:47.707000,27,18,+77.393,+9.349
0 days 02:02:50.702000,27,18,+77.412,+9.366
0 days 02:02:57.910000,27,18,+77.573,+9.499
0 days 02:03:01.667000,27,18,+77.587,+9.512
0 days 02:03:05.531000,27,18,+77.555,+9.555
0 days 02:03:11.283000,27,18,+77.773,+9.657
0 days 02:03:16.183000,27,18,+77.851,+9.735
0 days 02:03:20.146000,27,18,+77.870,+9.718
0 days 02:03:26.470000,27,18,+78.063,+9.925
0 days 02:03:31.818000,27,18,+78.160,+9.872
0 days 02:03:36.131000,27,18,+78.190,+9.832
0 days 02:03:41.039000,27,18,+78.194,+9.841
0 days 02:03:44.789000,27,18,+78.209,+9.858
0 days 02:03:53.240000,27,18,+78.277,+9.894
0 days 02:03:57.283000,27,18,+78.307,+9.921
0 days 02:03:58.039000,27,18,+78.364,+9.944
0 days 02:04:02.623000,27,18,+78.517,+10.052
0 days 02:04:06.995000,27,18,+78.517,+10.078
0 days 02:04:08.144000,27,18,+78.507,+10.087
0 days 02:04:10.365000,27,18,+78.527,+10.153
0 days 02:04:15.456000,27,18,+78.692,+10.176
0 days 02:04:21.014000,27,18,+78.770,+10.239
0 days 02:04:25.330000,27,18,+78.853,+10.276
0 days 02:04:28.287000,27,18,+78.854,+10.287
0 days 02:04:35.421000,27,18,+78.985,+10.370
0 days 02:04:39.166000,27,18,+78.997,+10.376
0 days 02:04:43.066000,27,18,+78.966,+10.402
0 days 02:04:48.855000,27,18,+79.204,+10.500
0 days 02:04:53.683000,27,18,+79.337,+10.555
0 days 02:04:57.622000,27,18,+79.358,+10.521
0 days 02:05:03.992000,27,18,+79.580,+10.692
0 days 02:05:09.308000,27,18,+79.663,+10.698
0 days 02:05:13.746000,27,18,+79.671,+10.670
0 days 02:05:18.510000,27,18,+79.679,+10.679
0 days 02:05:22.329000,27,18,+79.690,+10.698
0 days 02:05:30.787000,27,18,+79.828,+10.787
0 days 02:05:34.792000,27,18,+79.852,+10.787
0 days 02:05:35.566000,27,18,+79.902,+10.800
0 days 02:05:40.145000,27,18,+80.049,+10.939
0 days 02:05:44.542000,27,18,+80.052,+10.964
0 days 02:05:45.693000,27,18,+80.053,+10.980
0 days 02:05:47.866000,27,18,+80.073,+10.983
0 days 02:05:52.940000,27,18,+80.154,+11.002
0 days 02:05:58.604000,27,18,+80.296,+11.200
0 days 02:06:02.905000,27,18,+80.469,+11.324
0 days 02:06:05.892000,27,18,+80.490,+11.341
0 days 02:06:12.991000,27,18,+80.640,+11.471
0 days 02:06:16.789000,27,18,+80.672,+11.490
0 days 02:06:20.725000,27,18,+80.701,+11.530
0 days 02:06:26.435000,27,18,+80.985,+11.581
0 days 02:06:31.446000,27,18,+81.206,+11.719
0 days 02:06:35.440000,27,18,+81.247,+11.745
0 days 02:06:41.757000,27,18,+81.499,+11.889
0 days 02:06:47.147000,27,18,+81.532,+11.925
0 days 02:06:51.463000,27,18,+81.531,+11.887
0 days 02:06:56.313000,27,18,+81.535,+11.894
0 days 02:07:00.212000,27,18,+81.543,+11.907
0 days 02:07:08.667000,27,18,+81.750,+11.910
0 days 02:07:12.659000,27,18,+81.780,+11.975
0 days 02:07:13.562000,27,18,+81.848,+12.041
0 days 02:07:18.614000,27,18,+82.042,+12.263
0 days 02:07:22.555000,27,18,+82.055,+12.314
0 days 02:07:23.740000,27,18,+82.059,+12.333
0 days 02:07:25.884000,27,18,+82.047,+12.337
0 days 02:07:30.946000,27,18,+82.157,+12.330
0 days 02:07:36.380000,27,18,+82.109,+12.385
0 days 02:07:40.788000,27,18,+82.205,+12.465
0 days 02:07:43.716000,27,18,+82.216,+12.477
0 days 02:07:50.971000,27,18,+82.378,+12.617
0 days 02:07:54.683000,27,18,+82.395,+12.668
0 days 02:07:58.525000,27,18,+82.351,+12.682
0 days 02:08:04.285000,27,18,+82.540,+12.673
0 days 02:08:09.257000,27,18,+82.702,+12.791
0 days 02:08:13.258000,27,18,+82.737,+12.815
0 days 02:08:19.572000,27,18,+82.968,+12.932
0 days 02:08:24.909000,27,18,+83.008,+12.980
0 days 02:08:29.210000,27,18,+83.008,+12.973
0 days 02:08:34.005000,27,18,+83.012,+12.987
0 days 02:08:37.907000,27,18,+83.016,+13.004
0 days 02:08:46.384000,27,18,+83.185,+13.045
0 days 02:08:50.394000,27,18,+83.234,+13.100
0 days 02:08:51.328000,27,18,+83.288,+13.169
0 days 02:08:55.883000,27,18,+83.488,+13.401
0 days 02:09:00.293000,27,18,+83.511,+13.447
0 days 02:09:01.568000,27,18,+83.513,+13.470
0 days 02:09:03.731000,27,18,+83.558,+13.525
0 days 02:09:08.814000,27,18,+83.601,+13.548
0 days 02:09:14.516000,27,18,+83.797,+13.813
0 days 02:09:19.063000,27,18,+83.928,+13.955
0 days 02:09:21.942000,27,18,+83.946,+13.976
0 days 02:09:29.015000,27,18,+84.031,+14.068
0 days 02:09:32.768000,27,18,+84.037,+14.100
0 days 02:09:36.767000,27,18,+84.087,+14.187
0 days 02:09:42.541000,27,18,+84.389,+14.347
0 days 02:09:47.545000,27,18,+84.585,+14.510
0 days 02:09:51.510000,27,18,+84.592,+14.521
0 days 02:09:57.836000,27,18,+84.750,+14.653
0 days 02:10:03.217000,27,18,+84.858,+14.644
0 days 02:10:07.545000,27,18,+84.900,+14.617
0 days 02:10:12.357000,27,18,+84.903,+14.626
0 days 02:10:16.194000,27,18,+84.920,+14.644
0 days 02:10:24.761000,27,18,+85.079,+14.727
0 days 02:10:28.750000,27,18,+85.137,+14.778
0 days 02:10:29.741000,27,18,+85.192,+14.820
0 days 02:10:34.163000,27,18,+85.384,+15.010
0 days 02:10:38.611000,27,18,+85.402,+15.058
0 days 02:10:39.868000,27,18,+85.400,+15.074
0 days 02:10:41.996000,27,18,+85.399,+15.109
0 days 02:10:47.072000,27,18,+85.475,+15.119
0 days 02:10:52.593000,27,18,+85.383,+15.306
0 days 02:10:56.925000,27,18,+85.476,+15.394
0 days 02:11:00.016000,27,18,+85.487,+15.406
0 days 02:11:07.097000,27,18,+85.648,+15.554
0 days 02:11:10.843000,27,18,+85.655,+15.592
0 days 02:11:14.751000,27,18,+85.659,+15.627
0 days 02:11:20.494000,27,18,+85.900,+15.648
0 days 02:11:25.469000,27,18,+86.038,+15.821
0 days 02:11:29.472000,27,18,+86.075,+15.823
0 days 02:11:35.801000,27,18,+86.245,+15.927
0 days 02:11:41.151000,27,18,+86.278,+15.873
0 days 02:11:45.488000,27,18,+86.287,+15.830
0 days 02:11:50.254000,27,18,+86.299,+15.838
0 days 02:11:54.096000,27,18,+86.303,+15.851
0 days 02:12:02.578000,27,18,+86.446,+15.932
0 days 02:12:06.590000,27,18,+86.490,+15.965
0 days 02:12:07.464000,27,18,+86.570,+16.026
0 days 02:12:12.034000,27,18,+86.694,+16.198
0 days 02:12:16.395000,27,18,+86.690,+16.240
0 days 02:12:17.763000,27,18,+86.693,+16.262
0 days 02:12:19.946000,27,18,+86.704,+16.283
0 days 02:12:24.895000,27,18,+86.659,+16.207
0 days 02:12:30.569000,27,18,+86.829,+16.532
0 days 02:12:34.868000,27,18,+86.884,+16.562
0 days 02:12:37.819000,27,18,+86.888,+16.574
0 days 02:12:44.986000,27,18,+86.954,+16.668
0 days 02:12:48.726000,27,18,+86.965,+16.675
0 days 02:12:52.628000,27,18,+86.864,+16.719
0 days 02:12:58.396000,27,18,+87.087,+16.811
0 days 02:13:03.369000,27,18,+87.207,+16.869
0 days 02:13:07.345000,27,18,+87.227,+16.839
0 days 02:13:13.720000,27,18,+87.449,+16.901
0 days 02:13:18.995000,27,18,+87.483,+16.807
0 days 02:13:23.358000,27,18,+87.491,+16.746
0 days 02:13:28.229000,27,18,+87.483,+16.743
0 days 02:13:31.976000,27,18,+87.482,+16.750
0 days 02:13:40.837000,27,19,+87.482,+16.750
0 days 02:13:40.973000,27,19,+88.025,+0.024
0 days 02:13:45.131000,27,19,+88.305,+0.293
0 days 02:13:46.195000,27,19,+88.496,+0.422
0 days 02:13:50.797000,27,19,+88.817,+0.590
0 days 02:13:55.127000,27,19,+88.650,+0.416
0 days 02:13:56.187000,27,19,+88.621,+0.367
0 days 02:13:58.623000,27,19,+88.794,+0.479
0 days 02:14:03.769000,27,19,+89.029,+0.671
0 days 02:14:09.531000,27,19,+89.225,+0.784
0 days 02:14:13.862000,27,19,+89.304,+0.792
0 days 02:14:16.800000,27,19,+89.316,+0.778
0 days 02:14:24.269000,27,19,+89.672,+1.012
0 days 02:14:27.900000,27,19,+89.687,+1.029
0 days 02:14:31.896000,27,19,+89.722,+1.147
0 days 02:14:37.822000,27,19,+90.163,+1.386
0 days 02:14:42.925000,27,19,+90.377,+1.669
0 days 02:14:46.919000,27,19,+90.373,+1.705
0 days 02:14:53.490000,27,19,+90.709,+1.840
0 days 02:14:58.869000,27,19,+90.846,+1.996
0 days 02:15:03.299000,27,19,+90.887,+2.014
0 days 02:15:07.998000,27,19,+90.879,+2.014
0 days 02:15:11.877000,27,19,+90.894,+1.982
0 days 02:15:20.523000,27,19,+91.222,+2.131
0 days 02:15:24.519000,27,19,+91.303,+2.147
0 days 02:15:25.444000,27,19,+91.386,+2.180
0 days 02:15:29.963000,27,19,+91.519,+2.303
0 days 02:15:34.286000,27,18,+91.519,+2.303
0 days 02:15:34.347000,27,18,+91.526,+2.294
0 days 02:15:35.544000,27,18,+91.540,+2.281
0 days 02:15:37.723000,27,18,+91.584,+2.337
0 days 02:15:42.987000,27,18,+91.768,+2.514
0 days 02:15:48.653000,27,18,+91.890,+2.451
0 days 02:15:52.892000,27,18,+91.951,+2.456
0 days 02:15:55.859000,27,18,+91.967,+2.431
0 days 02:16:03.189000,27,18,+92.201,+2.541
0 days 02:16:06.850000,27,18,+92.212,+2.553
0 days 02:16:10.910000,27,18,+92.277,+2.670
0 days 02:16:16.692000,27,18,+92.567,+2.827
0 days 02:16:21.670000,27,18,+92.793,+2.958
0 days 02:16:25.664000,27,18,+92.825,+2.966
0 days 02:16:32.160000,27,18,+93.149,+3.023
0 days 02:16:37.470000,27,18,+93.218,+3.089
0 days 02:16:41.798000,27,18,+93.249,+3.099
0 days 02:16:46.620000,27,18,+93.248,+3.096
0 days 02:16:50.471000,27,18,+93.271,+3.077
0 days 02:16:59.088000,27,18,+93.566,+3.095
0 days 02:17:03.116000,27,18,+93.656,+3.152
0 days 02:17:03.987000,27,18,+93.751,+3.201
0 days 02:17:08.590000,27,18,+93.956,+3.339
0 days 02:17:12.939000,27,18,+93.964,+3.322
0 days 02:17:14.116000,27,18,+93.971,+3.300
0 days 02:17:16.271000,27,18,+93.987,+3.275
0 days 02:17:21.467000,27,18,+94.120,+3.312
0 days 02:17:27.048000,27,18,+94.194,+3.337
0 days 02:17:31.391000,27,18,+94.275,+3.342
0 days 02:17:34.301000,27,18,+94.277,+3.314
0 days 02:17:41.571000,27,18,+94.475,+3.394
0 days 02:17:45.260000,27,18,+94.477,+3.420
0 days 02:17:49.174000,27,18,+94.501,+3.382
0 days 02:17:54.897000,27,18,+94.785,+3.418
0 days 02:17:59.971000,27,18,+94.970,+3.552
0 days 02:18:03.846000,27,18,+95.013,+3.548
0 days 02:18:10.297000,27,18,+95.230,+3.484
0 days 02:18:15.590000,27,18,+95.325,+3.586
0 days 02:18:19.925000,27,18,+95.353,+3.580
0 days 02:18:24.871000,27,18,+95.450,+3.669
0 days 02:18:29.397000,27,18,1 L,+4.366
0 days 02:18:38.271000,27,18,1 L,+4.752
0 days 02:18:42.218000,27,18,1 L,+4.759
0 days 02:18:43.171000,27,18,1 L,+4.824
0 days 02:18:47.667000,27,18,1 L,+4.968
0 days 02:18:51.851000,27,18,1 L,+4.783
0 days 02:18:52.961000,27,18,1 L,+4.685
0 days 02:18:55.145000,27,18,1 L,+4.687
0 days 02:19:00.245000,27,18,1 L,+4.608
0 days 02:19:06.014000,27,18,1 L,+4.811
0 days 02:19:10.346000,27,18,1 L,+4.836
0 days 02:19:13.292000,27,18,1 L,+4.796
0 days 02:19:20.473000,27,18,1 L,+4.858
0 days 02:19:24.212000,27,18,1 L,+4.872
0 days 02:19:28.267000,27,18,1 L,+4.844
0 days 02:19:33.924000,27,18,1 L,+4.900
0 days 02:19:38.948000,27,18,1 L,+5.097
0 days 02:19:43.350000,27,18,1 L,+5.395
0 days 02:19:50.773000,27,18,1 L,+6.564
0 days 02:19:56.252000,27,18,1 L,+6.748
0 days 02:20:00.572000,27,18,1 L,+6.736
0 days 02:20:05.372000,27,18,1 L,+6.656
0 days 02:20:08.975000,27,18,1 L,+6.422
0 days 02:20:17.461000,27,18,1 L,+6.456
0 days 02:20:21.375000,27,18,1 L,+6.429
0 days 02:20:22.598000,27,18,1 L,+6.452
0 days 02:20:26.773000,27,18,1 L,+6.552
0 days 02:20:31.122000,27,18,1 L,+6.533
0 days 02:20:32.349000,27,18,1 L,+6.537
0 days 02:20:34.520000,27,18,1 L,+6.584
0 days 02:20:39.736000,27,18,1 L,+6.853
0 days 02:20:45.507000,27,18,1 L,+6.844
0 days 02:20:49.746000,27,18,1 L,+6.788
0 days 02:20:52.646000,27,18,1 L,+6.786
0 days 02:20:59.921000,27,18,1 L,+6.901
0 days 02:21:03.621000,27,18,1 L,+6.886
0 days 02:21:07.530000,27,18,1 L,+6.952
0 days 02:21:13.388000,27,18,1 L,+7.135
0 days 02:21:18.361000,27,18,1 L,+7.244
0 days 02:21:22.334000,27,18,1 L,+7.243
0 days 02:21:28.752000,27,18,1 L,+7.374
0 days 02:21:34.127000,27,18,1 L,+7.370
0 days 02:21:38.468000,27,18,1 L,+7.375
0 days 02:21:43.315000,27,18,1 L,+6.702
0 days 02:21:47.092000,27,18,1 L,+6.122
0 days 02:21:55.622000,27,18,1 L,+5.749
0 days 02:21:59.608000,27,18,1 L,+5.711
0 days 02:22:00.500000,27,18,1 L,+5.737
0 days 02:22:05.015000,27,18,1 L,+5.758
0 days 02:22:09.343000,27,18,1 L,+5.888
0 days 02:22:10.499000,27,18,1 L,+5.918
0 days 02:22:12.626000,27,18,1 L,+5.833
0 days 02:22:17.801000,27,18,1 L,+5.907
0 days 02:22:23.624000,27,18,1 L,+5.926
0 days 02:22:27.999000,27,18,1 L,+5.924
0 days 02:22:31.002000,27,18,1 L,+5.930
0 days 02:22:38.199000,27,18,1 L,+6.012
0 days 02:22:41.928000,27,18,1 L,+6.025
0 days 02:22:45.806000,27,18,1 L,+5.976
0 days 02:22:51.573000,27,18,1 L,+6.020
0 days 02:22:56.616000,27,18,1 L,+6.063
0 days 02:23:00.489000,27,18,1 L,+5.150
0 days 02:23:06.912000,27,18,1 L,+4.592
0 days 02:23:12.247000,27,18,1 L,+4.477
0 days 02:23:16.518000,27,18,1 L,+4.467
0 days 02:23:21.315000,27,18,1 L,+4.527
0 days 02:23:25.150000,27,18,1 L,+4.725
0 days 02:23:33.674000,27,18,1 L,+4.726
0 days 02:23:37.600000,27,18,1 L,+4.741
0 days 02:23:38.547000,27,18,1 L,+4.742
0 days 02:23:47.303000,27,18,1 L,+4.876
0 days 02:23:48.519000,27,18,1 L,+4.904
0 days 02:23:50.724000,27,18,1 L,+4.898
0 days 02:23:55.620000,27,18,1 L,+4.821
0 days 02:24:01.357000,27,18,1 L,+4.858
0 days 02:24:05.731000,27,18,1 L,+4.846
0 days 02:24:15.841000,27,18,1 L,+4.792
0 days 02:24:19.582000,27,18,1 L,+4.727
0 days 02:24:23.474000,27,18,1 L,+4.693
0 days 02:24:29.121000,27,18,1 L,+4.748
0 days 02:24:34.120000,27,18,1 L,+4.778
0 days 02:24:38.002000,27,18,1 L,+4.765
0 days 02:24:44.374000,27,18,1 L,+4.824
0 days 02:24:49.715000,27,18,1 L,+4.814
0 days 02:24:54.031000,27,18,1 L,+4.810
0 days 02:24:58.900000,27,18,1 L,+4.791
0 days 02:25:02.641000,27,18,1 L,+4.757
0 days 02:25:11.374000,27,18,1 L,+4.784
0 days 02:25:15.113000,27,18,1 L,+4.794
0 days 02:25:16.019000,27,18,1 L,+4.832
0 days 02:25:20.480000,27,18,1 L,+4.841
0 days 02:25:25.744000,27,18,1 L,+5.764
0 days 02:25:27.248000,27,18,1 L,+6.067
0 days 02:25:29.797000,27,18,1 L,+6.536
0 days 02:25:35.271000,27,18,1 L,+6.909
0 days 02:25:41.165000,27,18,1 L,+7.077
0 days 02:25:45.385000,27,18,1 L,+7.084
0 days 02:25:48.321000,27,18,1 L,+7.080
0 days 02:25:55.553000,27,18,1 L,+7.220
0 days 02:25:59.274000,27,18,1 L,+7.236
0 days 02:26:03.205000,27,18,1 L,+7.322
0 days 02:26:08.997000,27,18,1 L,+7.453
0 days 02:26:14.097000,27,18,1 L,+7.665
0 days 02:26:18.094000,27,18,1 L,+7.699
0 days 02:26:24.622000,27,18,1 L,+7.960
0 days 02:26:29.977000,27,18,1 L,+7.916
0 days 02:26:34.270000,27,18,1 L,+7.901
0 days 02:26:39.085000,27,18,1 L,+7.887
0 days 02:26:42.871000,27,18,1 L,+7.877
0 days 02:26:51.538000,27,18,1 L,+7.945
0 days 02:26:55.401000,27,18,1 L,+7.978
0 days 02:26:56.236000,27,18,1 L,+7.994
0 days 02:27:00.777000,27,18,1 L,+8.020
0 days 02:27:05.170000,27,18,1 L,+8.027
0 days 02:27:06.339000,27,18,1 L,+8.020
0 days 02:27:08.521000,27,18,1 L,+8.075
0 days 02:27:13.634000,27,18,1 L,+8.062
0 days 02:27:19.176000,27,18,1 L,+8.083
0 days 02:27:23.505000,27,18,1 L,+8.035
0 days 02:27:26.405000,27,18,1 L,+8.000
0 days 02:27:33.667000,27,18,1 L,+8.066
0 days 02:27:37.322000,27,18,1 L,+8.009
0 days 02:27:41.210000,27,18,1 L,+7.993
0 days 02:27:46.942000,27,18,1 L,+8.107
0 days 02:27:51.971000,27,18,1 L,+8.242
0 days 02:27:55.877000,27,18,1 L,+8.238
0 days 02:28:02.303000,27,18,1 L,+8.203
0 days 02:28:07.652000,27,18,1 L,+8.125
0 days 02:28:11.942000,27,18,1 L,+8.119
0 days 02:28:16.713000,27,18,1 L,+8.109
0 days 02:28:20.633000,27,18,1 L,+8.101
0 days 02:28:29.143000,27,18,1 L,+8.103
0 days 02:28:33.035000,27,18,1 L,+8.073
0 days 02:28:33.901000,27,18,1 L,+8.051
0 days 02:28:38.669000,27,18,1 L,+8.317
0 days 02:28:43.575000,27,18,1 L,+8.925
0 days 02:28:45.088000,27,18,1 L,+9.228
0 days 02:28:47.581000,27,18,1 L,+9.563
0 days 02:28:52.738000,27,18,1 L,+9.687
0 days 02:28:58.419000,27,18,1 L,+9.745
0 days 02:29:02.775000,27,18,1 L,+9.674
0 days 02:29:05.702000,27,18,1 L,+9.649
0 days 02:29:12.936000,27,18,1 L,+9.701
0 days 02:29:16.649000,27,18,1 L,+9.704
0 days 02:29:20.609000,27,18,1 L,+9.650
0 days 02:29:26.376000,27,18,1 L,+9.837
0 days 02:29:31.480000,27,18,1 L,+9.937
0 days 02:29:35.434000,27,18,1 L,+9.924
0 days 02:29:41.898000,27,18,1 L,+9.728
0 days 02:29:47.206000,27,18,1 L,+9.804
0 days 02:29:51.476000,27,18,1 L,+9.817
0 days 02:29:56.276000,27,18,1 L,+9.839
0 days 02:30:00.117000,27,18,1 L,+9.861
0 days 02:30:08.795000,27,18,1 L,+9.467
0 days 02:30:12.736000,27,18,1 L,+9.323
0 days 02:30:13.676000,27,18,1 L,+9.341
0 days 02:30:18.397000,27,18,1 L,+9.470
0 days 02:34:01.493000,27,18,1L,+9.470
0 days 00:00:03.711000,14,13,,
0 days 00:59:10.563000,14,13,+1.295,
0 days 00:59:11.337000,14,12,+1.295,
0 days 00:59:11.412000,14,12,+1.109,+0.113
0 days 00:59:14.379000,14,12,+1.586,+0.123
0 days 00:59:20.180000,14,12,+2.374,+0.078
0 days 00:59:26.385000,14,12,+3.077,+0.315
0 days 00:59:30.464000,14,12,+3.076,+0.289
0 days 00:59:33.374000,14,12,+3.013,+0.279
0 days 00:59:41.084000,14,12,+3.634,+0.121
0 days 00:59:44.864000,14,12,+3.652,+0.145
0 days 00:59:49.266000,14,12,+4.034,+0.375
0 days 00:59:55.353000,14,11,+4.034,+0.375
0 days 00:59:55.438000,14,11,+4.589,+0.718
0 days 01:00:00.527000,14,11,+5.209,+0.649
0 days 01:00:04.855000,14,11,+5.575,+0.873
0 days 01:00:11.767000,14,12,+5.575,+0.873
0 days 01:00:13.277000,14,12,+6.580,+0.244
0 days 01:00:17.258000,14,12,+6.765,+0.254
0 days 01:00:21.660000,14,12,+6.840,+0.225
0 days 01:00:26.441000,14,12,+6.728,+0.197
0 days 01:00:30.141000,14,12,+6.564,+0.160
0 days 01:00:39.285000,14,12,+7.258,+0.515
0 days 01:00:43.384000,14,12,+7.284,+0.533
0 days 01:00:44.239000,14,12,+7.322,+0.479
0 days 01:00:48.866000,14,12,+7.417,+0.488
0 days 01:00:53.341000,14,12,+7.225,+0.402
0 days 01:00:54.538000,14,12,+7.153,+0.379
0 days 01:00:56.977000,14,12,+7.196,+0.368
0 days 01:01:02.242000,14,12,+7.395,+0.295
0 days 01:01:08.001000,14,12,+7.834,+0.603
0 days 01:01:12.161000,14,12,+7.824,+0.545
0 days 01:01:15.127000,14,12,+7.815,+0.532
0 days 01:01:22.533000,14,12,+8.131,+0.489
0 days 01:01:26.369000,14,12,+8.172,+0.537
0 days 01:01:30.585000,14,12,+8.339,+0.510
0 days 01:01:36.538000,14,12,+8.693,+0.483
0 days 01:01:41.458000,14,12,+8.887,+0.581
0 days 01:01:45.528000,14,12,+8.958,+0.611
0 days 01:01:51.998000,14,12,+9.302,+0.582
0 days 01:01:57.359000,14,12,+9.315,+0.534
0 days 01:02:01.774000,14,12,+9.360,+0.498
0 days 01:02:06.716000,14,12,+9.347,+0.516
0 days 01:02:10.339000,14,12,+9.167,+0.513
0 days 01:02:18.987000,14,12,+9.352,+0.593
0 days 01:02:23.027000,14,12,+9.407,+0.612
0 days 01:02:23.939000,14,12,+9.473,+0.617
0 days 01:02:28.490000,14,12,+9.457,+0.636
0 days 01:02:32.760000,14,12,+9.244,+0.686
0 days 01:02:33.939000,14,12,+9.159,+0.681
0 days 01:02:36.183000,14,12,+9.142,+0.567
0 days 01:02:41.407000,14,12,+9.433,+0.618
0 days 01:02:47.113000,14,12,+9.615,+0.682
0 days 01:02:51.439000,14,12,+9.720,+0.761
0 days 01:02:54.439000,14,12,+9.730,+0.775
0 days 01:03:01.865000,14,12,+9.966,+0.795
0 days 01:03:05.728000,14,12,+10.009,+0.825
0 days 01:03:09.690000,14,12,+9.849,+0.604
0 days 01:03:15.684000,14,12,+10.132,+0.514
0 days 01:03:20.620000,14,12,+10.425,+0.626
0 days 01:03:24.670000,14,12,+10.561,+0.697
0 days 01:03:31.206000,14,12,+10.891,+0.853
0 days 01:03:36.693000,14,12,+10.930,+0.858
0 days 01:03:41.131000,14,12,+10.981,+0.860
0 days 01:03:46.042000,14,12,+10.977,+0.897
0 days 01:03:49.701000,14,12,+10.805,+0.921
0 days 01:03:58.285000,14,12,+10.928,+0.849
0 days 01:04:02.305000,14,12,+10.950,+0.774
0 days 01:04:03.250000,14,12,+10.964,+0.694
0 days 01:04:07.731000,14,12,+11.024,+0.797
0 days 01:04:12.055000,14,12,+10.868,+0.880
0 days 01:04:13.269000,14,12,+10.811,+0.896
0 days 01:04:15.441000,14,12,+10.719,+0.652
0 days 01:04:20.566000,14,12,+10.667,+0.577
0 days 01:04:26.313000,14,12,+10.918,+0.750
0 days 01:04:30.879000,14,12,+11.185,+0.902
0 days 01:04:33.903000,14,13,+11.185,+0.902
0 days 01:04:34.514000,14,14,+11.185,+0.902
0 days 01:04:35.343000,14,15,+11.185,+0.902
0 days 01:04:35.651000,14,15,+12.958,+0.236
0 days 01:04:43.789000,14,16,+12.958,+0.236
0 days 01:04:44.043000,14,17,+12.958,+0.236
0 days 01:04:44.731000,14,18,+12.958,+0.236
0 days 01:04:46.013000,14,18,+16.188,+1.172
0 days 01:04:50.768000,14,19,+16.188,+1.172
0 days 01:04:50.960000,14,19,+17.391,+0.125
0 days 01:04:56.640000,14,19,+18.930,+1.477
0 days 01:05:04.736000,14,19,+21.267,+3.375
0 days 01:05:10.091000,14,19,+21.969,+3.798
0 days 01:05:15.768000,14,19,+23.638,+5.376
0 days 01:05:24.622000,14,19,+26.351,+7.776
0 days 01:05:30.536000,14,19,+26.878,+8.156
0 days 01:05:35.045000,14,19,+26.937,+8.209
0 days 01:05:41.718000,14,19,+28.827,+10.100
0 days 01:05:49.078000,14,19,+32.323,+13.620
0 days 01:06:03.300000,14,19,+38.194,+19.305
0 days 01:06:09.971000,14,19,+40.860,+21.974
0 days 01:06:11.537000,14,19,+41.523,+22.594
0 days 01:06:20.403000,14,20,+41.523,+22.594
0 days 02:34:01.493000,14,20,52L,51L
0 days 00:00:03.711000,18,14,,
0 days 00:59:11.058000,18,14,+1.615,+0.320
0 days 00:59:11.711000,18,14,+1.425,+0.154
0 days 00:59:14.472000,18,13,+1.425,+0.154
0 days 00:59:14.560000,18,13,+1.776,+0.190
0 days 00:59:20.391000,18,14,+1.776,+0.190
0 days 00:59:20.568000,18,14,+2.742,+0.044
0 days 00:59:26.697000,18,13,+2.742,+0.044
0 days 00:59:26.789000,18,13,+3.435,+0.358
0 days 00:59:31.041000,18,13,+3.552,+0.476
0 days 00:59:33.834000,18,13,+3.509,+0.496
0 days 00:59:41.320000,18,13,+3.909,+0.275
0 days 00:59:45.151000,18,13,+3.860,+0.208
0 days 00:59:49.511000,18,13,+4.308,+0.274
0 days 00:59:56.086000,18,14,+4.308,+0.274
0 days 00:59:56.537000,18,15,+4.308,+0.274
0 days 00:59:56.664000,18,15,+5.825,+0.073
0 days 01:00:01.831000,18,14,+5.825,+0.073
0 days 01:00:01.918000,18,14,+6.557,+0.362
0 days 01:00:06.038000,18,14,+6.785,+0.504
0 days 01:00:13.289000,18,14,+7.425,+0.533
0 days 01:00:18.153000,18,14,+7.649,+0.544
0 days 01:00:22.557000,18,14,+7.724,+0.526
0 days 01:00:27.414000,18,14,+7.688,+0.554
0 days 01:00:31.212000,18,14,+7.637,+0.590
0 days 01:00:40.088000,18,14,+8.100,+0.567
0 days 01:00:44.225000,18,14,+8.119,+0.557
0 days 01:00:45.214000,18,14,+8.209,+0.587
0 days 01:00:49.738000,18,14,+8.302,+0.606
0 days 01:00:54.212000,18,14,+8.102,+0.652
0 days 01:00:55.434000,18,14,+8.024,+0.668
0 days 01:00:57.822000,18,14,+8.053,+0.706
0 days 01:01:03.285000,18,14,+8.432,+0.984
0 days 01:01:08.812000,18,14,+8.649,+0.375
0 days 01:01:13.099000,18,14,+8.778,+0.443
0 days 01:01:16.129000,18,14,+8.766,+0.405
0 days 01:01:23.449000,18,14,+9.061,+0.398
0 days 01:01:27.258000,18,14,+9.051,+0.365
0 days 01:01:31.613000,18,14,+9.318,+0.530
0 days 01:01:37.557000,18,14,+9.712,+0.489
0 days 01:01:42.486000,18,14,+9.892,+0.492
0 days 01:01:46.542000,18,14,+9.929,+0.448
0 days 01:01:52.999000,18,14,+10.300,+0.426
0 days 01:01:58.389000,18,14,+10.386,+0.531
0 days 01:02:02.828000,18,14,+10.407,+0.560
0 days 01:02:07.681000,18,14,+10.340,+0.607
0 days 01:02:11.267000,18,14,+10.104,+0.642
0 days 01:02:19.927000,18,14,+10.332,+0.503
0 days 01:02:23.969000,18,14,+10.351,+0.453
0 days 01:02:25.029000,18,14,+10.439,+0.504
0 days 01:02:29.497000,18,14,+10.492,+0.542
0 days 01:02:33.727000,18,14,+10.235,+0.557
0 days 01:02:34.884000,18,14,+10.149,+0.564
0 days 01:02:37.243000,18,14,+10.217,+0.682
0 days 01:02:42.514000,18,14,+10.540,+0.586
0 days 01:02:48.181000,18,14,+10.721,+0.706
0 days 01:02:52.413000,18,14,+10.730,+0.621
0 days 01:02:55.414000,18,14,+10.724,+0.595
0 days 01:03:02.759000,18,14,+10.861,+0.428
0 days 01:03:06.530000,18,14,+10.855,+0.403
0 days 01:03:10.756000,18,14,+10.926,+0.575
0 days 01:03:16.656000,18,14,+11.141,+0.540
0 days 01:03:21.646000,18,14,+11.425,+0.533
0 days 01:03:25.666000,18,14,+11.496,+0.532
0 days 01:03:32.113000,18,14,+11.792,+0.430
0 days 01:03:37.767000,18,14,+11.964,+0.538
0 days 01:03:42.259000,18,14,+12.012,+0.535
0 days 01:03:46.997000,18,14,+11.929,+0.516
0 days 01:03:50.586000,18,14,+11.685,+0.495
0 days 01:03:59.166000,18,14,+11.806,+0.590
0 days 01:04:03.225000,18,14,+11.833,+0.563
0 days 01:04:04.213000,18,14,+11.955,+0.645
0 days 01:04:08.757000,18,14,+12.045,+0.659
0 days 01:04:12.986000,18,14,+11.806,+0.670
0 days 01:04:14.133000,18,14,+11.719,+0.677
0 days 01:04:16.438000,18,14,+11.741,+0.704
0 days 01:04:21.615000,18,14,+11.731,+0.736
0 days 01:04:27.266000,18,14,+11.866,+0.606
0 days 01:04:31.568000,18,14,+11.882,+0.582
0 days 01:04:34.514000,18,13,+11.882,+0.582
0 days 01:04:34.587000,18,13,+11.869,+0.545
0 days 01:04:41.866000,18,13,+12.023,+0.492
0 days 01:04:45.602000,18,13,+12.032,+0.457
0 days 01:04:49.740000,18,13,+12.014,+0.542
0 days 01:04:55.614000,18,13,+12.148,+0.651
0 days 01:05:00.540000,18,13,+12.370,+0.641
0 days 01:05:04.540000,18,13,+12.434,+0.637
0 days 01:05:11.029000,18,13,+12.694,+0.715
0 days 01:05:16.535000,18,13,+12.877,+0.802
0 days 01:05:20.981000,18,13,+12.910,+0.804
0 days 01:05:25.786000,18,13,+12.835,+0.761
0 days 01:05:29.366000,18,13,+12.625,+0.696
0 days 01:05:37.940000,18,13,+12.816,+0.595
0 days 01:05:41.992000,18,13,+12.810,+0.574
0 days 01:05:42.884000,18,13,+12.853,+0.621
0 days 01:05:47.431000,18,13,+12.896,+0.613
0 days 01:05:51.682000,18,13,+12.709,+0.609
0 days 01:05:52.883000,18,13,+12.656,+0.626
0 days 01:05:55.191000,18,13,+12.617,+0.756
0 days 01:06:00.536000,18,13,+12.777,+0.805
0 days 01:06:06.248000,18,13,+13.045,+0.859
0 days 01:06:10.567000,18,13,+13.099,+0.823
0 days 01:06:13.582000,18,13,+13.107,+0.794
0 days 01:06:20.895000,18,13,+13.196,+0.833
0 days 01:06:24.670000,18,13,+13.155,+0.819
0 days 01:06:28.718000,18,13,+13.106,+0.891
0 days 01:06:34.609000,18,13,+13.130,+0.887
0 days 01:06:39.491000,18,13,+13.301,+0.879
0 days 01:06:43.567000,18,13,+13.324,+0.847
0 days 01:06:49.928000,18,13,+13.604,+0.865
0 days 01:06:55.414000,18,13,+13.715,+0.917
0 days 01:06:59.867000,18,13,+13.759,+0.924
0 days 01:07:04.651000,18,13,+13.724,+0.934
0 days 01:07:08.317000,18,13,+13.533,+0.911
0 days 01:07:16.741000,18,13,+13.545,+0.886
0 days 01:07:20.842000,18,13,+13.529,+0.835
0 days 01:07:21.742000,18,13,+13.569,+0.864
0 days 01:07:26.223000,18,13,+13.615,+0.886
0 days 01:07:30.471000,18,13,+13.395,+0.889
0 days 01:07:31.626000,18,13,+13.324,+0.886
0 days 01:07:33.858000,18,13,+13.277,+0.899
0 days 01:07:39.145000,18,13,+13.495,+0.931
0 days 01:07:44.908000,18,13,+13.713,+0.922
0 days 01:07:49.136000,18,13,+13.699,+0.860
0 days 01:07:52.133000,18,13,+13.697,+0.837
0 days 01:07:59.516000,18,13,+13.876,+0.759
0 days 01:08:03.315000,18,13,+13.897,+0.732
0 days 01:08:07.420000,18,13,+14.025,+0.808
0 days 01:08:13.433000,18,13,+14.304,+0.813
0 days 01:08:18.422000,18,13,+14.522,+0.762
0 days 01:08:22.440000,18,13,+14.596,+0.759
0 days 01:08:28.916000,18,13,+14.909,+0.817
0 days 01:08:34.542000,18,13,+15.193,+0.907
0 days 01:08:38.972000,18,13,+15.246,+0.923
0 days 01:08:43.793000,18,13,+15.198,+0.927
0 days 01:08:47.442000,18,13,+15.022,+0.910
0 days 01:08:55.905000,18,13,+15.150,+0.907
0 days 01:08:59.973000,18,13,+15.150,+0.858
0 days 01:09:00.820000,18,13,+15.193,+0.880
0 days 01:09:05.344000,18,13,+15.236,+0.884
0 days 01:09:09.587000,18,13,+15.004,+0.863
0 days 01:09:10.715000,18,13,+14.914,+0.848
0 days 01:09:12.999000,18,13,+14.822,+0.933
0 days 01:09:18.299000,18,13,+15.024,+0.944
0 days 01:09:24.016000,18,13,+15.224,+0.920
0 days 01:09:28.400000,18,13,+15.292,+0.924
0 days 01:09:31.416000,18,13,+15.294,+0.894
0 days 01:09:38.792000,18,13,+15.543,+0.947
0 days 01:09:42.577000,18,13,+15.545,+0.906
0 days 01:09:46.642000,18,13,+15.501,+0.989
0 days 01:09:52.477000,18,13,+15.584,+0.945
0 days 01:09:57.483000,18,13,+15.701,+0.873
0 days 01:10:01.538000,18,13,+15.702,+0.841
0 days 01:10:07.993000,18,13,+16.061,+0.835
0 days 01:10:13.609000,18,13,+16.247,+0.909
0 days 01:10:18.042000,18,13,+16.328,+0.911
0 days 01:10:22.856000,18,13,+16.286,+0.909
0 days 01:10:26.487000,18,13,+16.105,+0.880
0 days 01:10:34.970000,18,13,+16.250,+0.802
0 days 01:10:38.962000,18,13,+16.259,+0.755
0 days 01:10:39.870000,18,13,+16.315,+0.804
0 days 01:10:44.400000,18,13,+16.377,+0.833
0 days 01:10:48.736000,18,13,+16.209,+0.864
0 days 01:10:49.887000,18,13,+16.134,+0.856
0 days 01:10:52.118000,18,13,+16.078,+0.963
0 days 01:10:57.462000,18,13,+16.229,+0.903
0 days 01:11:03.198000,18,13,+16.467,+0.818
0 days 01:11:07.505000,18,13,+16.513,+0.760
0 days 01:11:10.516000,18,13,+16.508,+0.734
0 days 01:11:17.921000,18,13,+16.684,+0.693
0 days 01:11:21.699000,18,13,+16.697,+0.657
0 days 01:11:25.972000,18,13,+16.822,+0.893
0 days 01:11:31.860000,18,13,+17.048,+0.866
0 days 01:11:36.920000,18,13,+17.225,+0.836
0 days 01:11:41.001000,18,13,+17.280,+0.834
0 days 01:11:47.470000,18,13,+17.528,+0.898
0 days 01:11:53.065000,18,13,+17.663,+0.934
0 days 01:11:57.543000,18,13,+17.722,+0.949
0 days 01:12:02.340000,18,13,+17.686,+0.949
0 days 01:12:05.938000,18,13,+17.520,+0.928
0 days 01:12:14.443000,18,13,+17.594,+0.923
0 days 01:12:18.771000,18,13,+17.586,+0.873
0 days 01:12:19.464000,18,13,+17.629,+0.932
0 days 01:12:23.921000,18,13,+17.716,+0.991
0 days 01:12:28.201000,18,13,+17.502,+0.990
0 days 01:12:29.363000,18,13,+17.416,+0.982
0 days 01:12:31.601000,18,13,+17.336,+1.093
0 days 01:12:36.911000,18,13,+17.421,+1.120
0 days 01:12:42.607000,18,13,+17.629,+1.001
0 days 01:12:47.007000,18,13,+17.664,+0.980
0 days 01:12:49.978000,18,13,+17.655,+0.944
0 days 01:12:57.344000,18,13,+17.774,+0.863
0 days 01:13:01.128000,18,13,+17.794,+0.838
0 days 01:13:05.344000,18,13,+17.908,+1.042
0 days 01:13:11.288000,18,13,+18.119,+0.973
0 days 01:13:16.292000,18,13,+18.263,+0.916
0 days 01:13:20.346000,18,13,+18.287,+0.885
0 days 01:13:26.870000,18,13,+18.642,+0.992
0 days 01:13:32.408000,18,13,+18.793,+1.031
0 days 01:13:36.841000,18,13,+18.813,+1.015
0 days 01:13:41.623000,18,13,+18.780,+1.031
0 days 01:13:45.279000,18,13,+18.605,+1.032
0 days 01:13:53.723000,18,13,+18.661,+0.933
0 days 01:13:57.744000,18,13,+18.608,+0.853
0 days 01:13:58.570000,18,13,+18.622,+0.840
0 days 01:14:03.218000,18,13,+18.689,+0.783
0 days 01:14:07.369000,18,13,+18.476,+0.774
0 days 01:14:08.544000,18,13,+18.380,+0.765
0 days 01:14:10.759000,18,13,+18.332,+0.940
0 days 01:14:16.218000,18,13,+18.597,+0.931
0 days 01:14:21.872000,18,13,+18.824,+0.855
0 days 01:14:26.244000,18,13,+18.886,+0.760
0 days 01:14:29.239000,18,13,+18.871,+0.728
0 days 01:14:36.646000,18,13,+19.007,+0.774
0 days 01:14:40.395000,18,13,+18.982,+0.745
0 days 01:14:44.622000,18,13,+19.125,+0.948
0 days 01:14:50.518000,18,13,+19.217,+0.919
0 days 01:14:55.518000,18,13,+19.369,+0.787
0 days 01:14:59.567000,18,13,+19.388,+0.754
0 days 01:15:06.020000,18,13,+19.751,+0.808
0 days 01:15:11.596000,18,13,+19.909,+0.879
0 days 01:15:16.070000,18,13,+19.948,+0.865
0 days 01:15:20.798000,18,13,+19.895,+0.859
0 days 01:15:24.465000,18,13,+19.723,+0.839
0 days 01:15:32.945000,18,13,+19.842,+0.794
0 days 01:15:36.974000,18,13,+19.847,+0.821
0 days 01:15:37.840000,18,13,+19.924,+1.153
0 days 01:15:42.445000,18,12,+19.924,+1.153
0 days 01:15:42.462000,18,12,+20.039,+1.742
0 days 01:15:46.766000,18,12,+19.870,+1.803
0 days 01:15:47.912000,18,12,+19.789,+1.802
0 days 01:15:50.123000,18,12,+19.746,+1.672
0 days 01:15:55.521000,18,12,+20.006,+1.746
0 days 01:16:01.199000,18,12,+20.121,+1.685
0 days 01:16:05.539000,18,12,+20.165,+1.713
0 days 01:16:08.545000,18,12,+20.162,+1.725
0 days 01:16:15.845000,18,12,+20.212,+1.650
0 days 01:16:19.597000,18,12,+20.209,+1.607
0 days 01:16:23.773000,18,12,+20.343,+1.624
0 days 01:16:29.671000,18,12,+20.444,+1.595
0 days 01:16:34.619000,18,12,+20.556,+1.606
0 days 01:16:38.702000,18,12,+20.580,+1.624
0 days 01:16:45.093000,18,12,+20.872,+1.607
0 days 01:16:50.504000,18,12,+20.834,+1.522
0 days 01:16:54.902000,18,12,+20.839,+1.476
0 days 01:16:59.745000,18,12,+20.834,+1.526
0 days 01:17:03.491000,18,12,+20.826,+1.688
0 days 01:17:12.119000,18,12,+20.864,+1.696
0 days 01:17:16.072000,18,12,+20.862,+1.671
0 days 01:17:16.921000,18,12,+20.902,+1.686
0 days 01:17:21.541000,18,10,+20.902,+1.686
0 days 01:17:21.545000,18,10,+21.016,+1.843
0 days 01:17:25.965000,18,10,+20.972,+2.012
0 days 01:17:27.191000,18,10,+20.968,+2.077
0 days 01:17:29.408000,18,10,+20.898,+2.084
0 days 01:17:34.742000,18,10,+21.121,+2.091
0 days 01:17:40.419000,18,10,+21.160,+2.093
0 days 01:17:44.784000,18,10,+21.252,+2.149
0 days 01:17:47.791000,18,10,+21.266,+2.167
0 days 01:17:55.122000,18,10,+21.322,+2.122
0 days 01:17:58.936000,18,10,+21.326,+2.126
0 days 01:18:03.075000,18,10,+21.451,+2.138
0 days 01:18:08.920000,18,10,+21.498,+2.103
0 days 01:18:13.835000,18,10,+21.539,+2.165
0 days 01:18:17.885000,18,10,+21.566,+2.200
0 days 01:18:24.209000,18,10,+21.792,+2.148
0 days 01:18:29.788000,18,10,+21.897,+2.129
0 days 01:18:34.216000,18,10,+21.914,+2.149
0 days 01:18:39.046000,18,10,+21.928,+2.171
0 days 01:18:42.903000,18,10,+21.949,+2.197
0 days 01:18:51.348000,18,10,+22.071,+2.181
0 days 01:18:55.384000,18,10,+22.030,+2.138
0 days 01:18:56.180000,18,10,+22.047,+2.113
0 days 01:19:00.803000,18,9,+22.047,+2.113
0 days 01:19:00.803000,18,9,+22.162,+1.254
0 days 01:19:00.822000,18,9,+22.047,+1.254
0 days 01:19:00.831000,18,9,+22.162,+1.254
0 days 01:19:05.149000,18,8,+22.162,+1.254
0 days 01:19:05.235000,18,8,+22.142,+2.240
0 days 01:19:06.463000,18,8,+22.127,+2.232
0 days 01:19:08.686000,18,8,+22.107,+2.194
0 days 01:19:13.946000,18,8,+22.239,+2.227
0 days 01:19:19.649000,18,8,+22.395,+2.412
0 days 01:19:23.925000,18,8,+22.471,+2.391
0 days 01:19:26.965000,18,8,+22.474,+2.393
0 days 01:19:34.173000,18,8,+22.482,+2.416
0 days 01:19:37.942000,18,8,+22.468,+2.419
0 days 01:19:42.003000,18,8,+22.512,+2.392
0 days 01:19:47.774000,18,8,+22.557,+2.370
0 days 01:19:52.708000,18,8,+22.568,+2.389
0 days 01:19:56.742000,18,8,+22.578,+2.424
0 days 01:20:03.142000,18,8,+22.753,+2.520
0 days 01:20:08.642000,18,8,+22.825,+2.576
0 days 01:20:13.121000,18,8,+22.878,+2.641
0 days 01:20:17.951000,18,8,+22.890,+2.658
0 days 01:20:21.947000,18,8,+22.900,+2.669
0 days 01:20:30.304000,18,8,+23.022,+2.742
0 days 01:20:34.320000,18,8,+23.022,+2.721
0 days 01:20:35.173000,18,8,+23.072,+2.735
0 days 01:20:39.775000,18,8,+23.170,+2.878
0 days 01:20:44.120000,18,6,+23.170,+2.878
0 days 01:20:44.214000,18,6,+23.164,+2.891
0 days 01:20:45.473000,18,6,+23.168,+2.887
0 days 01:20:47.782000,18,6,+23.150,+2.783
0 days 01:20:52.978000,18,6,+23.368,+2.898
0 days 01:20:58.735000,18,6,+23.434,+2.995
0 days 01:21:03.042000,18,6,+23.523,+2.982
0 days 01:21:06.094000,18,6,+23.534,+2.997
0 days 01:21:13.273000,18,6,+23.573,+3.106
0 days 01:21:17.061000,18,6,+23.567,+3.119
0 days 01:21:21.155000,18,6,+23.652,+3.052
0 days 01:21:26.904000,18,6,+23.735,+3.047
0 days 01:21:31.865000,18,6,+23.873,+3.106
0 days 01:21:35.890000,18,6,+23.907,+3.147
0 days 01:21:42.248000,18,6,+24.155,+3.216
0 days 01:21:47.815000,18,6,+24.293,+3.334
0 days 01:21:52.209000,18,6,+24.325,+3.374
0 days 01:21:57.092000,18,6,+24.352,+3.396
0 days 01:22:00.903000,18,6,+21.155,+3.413
0 days 01:22:09.448000,18,6,+21.212,+3.489
0 days 01:22:13.436000,18,6,+21.212,+3.477
0 days 01:22:14.288000,18,6,+21.232,+3.471
0 days 01:22:18.903000,18,6,+21.349,+3.526
0 days 01:22:23.253000,18,5,+21.349,+3.526
0 days 01:22:23.336000,18,5,+21.339,+3.526
0 days 01:22:24.537000,18,5,+21.338,+0.482
0 days 01:22:26.921000,18,5,+21.550,+0.043
0 days 01:22:32.570000,18,5,+21.927,+0.542
0 days 01:22:38.225000,18,5,+22.081,+0.885
0 days 01:22:42.511000,18,5,+22.048,+0.948
0 days 01:22:45.539000,18,5,+22.065,+0.966
0 days 01:22:52.860000,18,5,+22.095,+1.102
0 days 01:22:56.671000,18,5,+22.098,+1.102
0 days 01:23:00.626000,18,5,+22.164,+0.867
0 days 01:23:06.540000,18,5,+22.296,+0.894
0 days 01:23:11.574000,18,5,+22.349,+1.264
0 days 01:23:15.629000,18,5,+22.378,+1.362
0 days 01:23:21.959000,18,5,+22.292,+1.533
0 days 01:23:27.415000,18,5,+22.368,+1.517
0 days 01:23:31.822000,18,5,+22.433,+1.497
0 days 01:23:36.675000,18,5,+22.450,+1.477
0 days 01:23:40.531000,18,5,+22.466,+1.470
0 days 01:23:48.996000,18,5,+22.599,+1.618
0 days 01:23:53.007000,18,5,+22.655,+1.584
0 days 01:23:53.966000,18,5,+22.957,+1.615
0 days 01:23:58.489000,18,5,+17.663,+1.705
0 days 01:24:02.948000,18,4,+17.663,+1.705
0 days 01:24:03.002000,18,4,+4.403,+1.705
0 days 01:24:04.104000,18,4,+4.378,+0.213
0 days 01:24:06.224000,18,3,+4.378,+0.213
0 days 01:24:06.298000,18,3,+4.214,+1.541
0 days 01:24:11.522000,18,3,+4.225,+1.539
0 days 01:24:17.275000,18,3,+4.388,+1.892
0 days 01:24:21.578000,18,3,+4.348,+1.945
0 days 01:24:24.534000,18,3,+4.349,+1.950
0 days 01:24:31.677000,18,4,+4.349,+1.950
0 days 01:24:32.175000,18,4,+4.801,+0.378
0 days 01:24:35.927000,18,4,+4.801,+0.341
0 days 01:24:40.146000,18,5,+4.801,+0.341
0 days 01:24:40.249000,18,5,+4.908,+0.033
0 days 01:24:46.425000,18,5,+5.404,+0.400
0 days 01:24:51.396000,18,5,+5.515,+0.716
0 days 01:24:55.427000,18,5,+5.513,+0.811
0 days 01:25:01.792000,18,5,+5.581,+0.996
0 days 01:25:07.291000,18,5,+5.540,+1.304
0 days 01:25:11.749000,18,5,+5.573,+1.404
0 days 01:25:16.526000,18,5,+5.537,+1.470
0 days 01:25:20.202000,18,5,+5.384,+1.502
0 days 01:25:28.670000,18,5,+5.428,+1.587
0 days 01:25:32.779000,18,5,+5.427,+1.531
0 days 01:25:33.518000,18,5,+5.427,+1.500
0 days 01:25:38.075000,18,5,+5.528,+1.618
0 days 01:25:42.451000,18,5,+5.474,+1.710
0 days 01:25:43.620000,18,5,+5.437,+1.708
0 days 01:25:45.889000,18,5,+5.295,+1.392
0 days 01:25:51.180000,18,5,+5.274,+1.390
0 days 01:25:56.876000,18,5,+5.561,+1.640
0 days 01:26:01.151000,18,5,+5.494,+1.744
0 days 01:26:04.176000,18,5,+5.500,+1.775
0 days 01:26:11.478000,18,5,+5.612,+1.930
0 days 01:26:15.238000,18,5,+5.619,+1.995
0 days 01:26:19.249000,18,5,+5.561,+1.796
0 days 01:26:25.043000,18,5,+5.507,+1.853
0 days 01:26:30.008000,18,5,+5.607,+2.117
0 days 01:26:34.038000,18,5,+5.639,+2.252
0 days 01:26:40.375000,18,5,+5.660,+2.262
0 days 01:26:45.942000,18,5,+5.716,+2.741
0 days 01:26:50.395000,18,5,+5.744,+2.833
0 days 01:26:55.184000,18,5,+5.755,+2.981
0 days 01:26:58.994000,18,5,+5.764,+3.217
0 days 01:27:07.538000,18,5,+5.717,+3.451
0 days 01:27:11.533000,18,5,+5.715,+3.400
0 days 01:27:12.420000,18,5,+5.775,+3.214
0 days 01:27:17.087000,18,5,+5.924,+3.091
0 days 01:27:21.401000,18,5,+5.914,+3.351
0 days 01:27:22.650000,18,5,+5.909,+3.361
0 days 01:27:24.876000,18,5,+5.897,+3.113
0 days 01:27:30.050000,18,5,+6.011,+2.878
0 days 01:27:35.889000,18,5,+6.287,+2.995
0 days 01:27:40.144000,18,5,+6.306,+2.979
0 days 01:27:43.145000,18,5,+6.304,+3.020
0 days 01:27:50.484000,18,5,+6.514,+3.024
0 days 01:27:54.243000,18,5,+6.552,+3.034
0 days 01:27:58.275000,18,5,+6.544,+2.913
0 days 01:28:04.144000,18,5,+6.716,+2.878
0 days 01:28:09.176000,18,5,+6.947,+3.018
0 days 01:28:13.178000,18,5,+6.997,+3.059
0 days 01:28:19.596000,18,5,+7.281,+3.236
0 days 01:28:25.072000,18,5,+7.350,+3.263
0 days 01:28:29.446000,18,5,+7.416,+3.304
0 days 01:28:34.276000,18,5,+7.442,+3.372
0 days 01:28:38.145000,18,5,+7.462,+3.443
0 days 01:28:46.651000,18,6,+7.462,+3.443
0 days 01:28:47.180000,18,6,+8.168,+0.400
0 days 01:28:51.202000,18,6,+8.219,+0.491
0 days 01:28:52.153000,18,6,+8.332,+0.592
0 days 01:28:56.910000,18,6,+8.647,+0.833
0 days 01:29:01.101000,18,7,+8.647,+0.833
0 days 01:29:01.244000,18,7,+8.509,+0.002
0 days 01:29:02.371000,18,7,+8.444,+0.029
0 days 01:29:04.828000,18,7,+8.672,+0.257
0 days 01:29:10.313000,18,7,+9.120,+0.602
0 days 01:29:16.080000,18,7,+9.454,+0.700
0 days 01:29:20.524000,18,7,+9.604,+0.824
0 days 01:29:23.478000,18,7,+9.608,+0.831
0 days 01:29:30.779000,18,7,+9.736,+1.005
0 days 01:29:34.584000,18,7,+9.731,+1.030
0 days 01:29:38.623000,18,7,+9.666,+1.063
0 days 01:29:44.588000,18,7,+9.936,+1.329
0 days 01:29:49.512000,18,7,+10.179,+1.465
0 days 01:29:53.504000,18,7,+10.217,+1.515
0 days 01:29:59.965000,18,7,+10.482,+1.833
0 days 01:30:05.417000,18,7,+10.596,+1.879
0 days 01:30:09.840000,18,7,+10.630,+1.936
0 days 01:30:14.647000,18,7,+10.645,+2.058
0 days 01:30:18.440000,18,7,+10.654,+2.223
0 days 01:30:26.973000,18,7,+10.777,+2.453
0 days 01:30:30.978000,18,7,+10.775,+2.455
0 days 01:30:31.892000,18,7,+10.839,+2.475
0 days 01:30:36.408000,18,7,+10.994,+2.565
0 days 01:30:40.851000,18,7,+10.970,+2.721
0 days 01:30:42.110000,18,7,+10.956,+2.783
0 days 01:30:44.320000,18,7,+10.844,+2.748
0 days 01:30:49.428000,18,7,+10.812,+2.890
0 days 01:30:55.148000,18,7,+11.142,+2.940
0 days 01:30:59.494000,18,7,+11.152,+3.013
0 days 01:31:02.491000,18,7,+11.167,+3.031
0 days 01:31:09.696000,18,7,+11.275,+3.140
0 days 01:31:13.447000,18,7,+11.290,+3.159
0 days 01:31:17.451000,18,7,+11.149,+3.033
0 days 01:31:23.225000,18,7,+11.151,+3.080
0 days 01:31:28.178000,18,7,+11.334,+3.120
0 days 01:31:32.260000,18,7,+11.402,+3.172
0 days 01:31:38.726000,18,7,+11.739,+3.376
0 days 01:31:44.385000,18,7,+11.994,+3.549
0 days 01:31:48.652000,18,7,+12.035,+3.619
0 days 01:31:53.515000,18,7,+12.068,+3.764
0 days 01:31:57.344000,18,7,+12.091,+3.934
0 days 01:32:05.731000,18,8,+12.091,+3.934
0 days 01:32:06.152000,18,8,+12.561,+0.375
0 days 01:32:10.211000,18,8,+12.618,+0.421
0 days 01:32:11.252000,18,8,+12.728,+0.517
0 days 01:32:15.752000,18,8,+12.916,+0.645
0 days 01:32:19.987000,18,7,+12.916,+0.645
0 days 01:32:20.071000,18,7,+12.737,+0.520
0 days 01:32:21.201000,18,7,+12.672,+0.479
0 days 01:32:23.552000,18,7,+12.727,+0.479
0 days 01:32:28.948000,18,7,+13.023,+0.620
0 days 01:32:34.826000,18,7,+13.270,+0.925
0 days 01:32:39.101000,18,7,+13.307,+0.917
0 days 01:32:42.153000,18,7,+13.327,+0.949
0 days 01:32:49.426000,18,7,+13.499,+1.074
0 days 01:32:53.179000,18,7,+13.495,+1.086
0 days 01:32:57.206000,18,7,+13.350,+1.060
0 days 01:33:03.080000,18,7,+13.463,+1.225
0 days 01:33:08.099000,18,7,+13.604,+1.329
0 days 01:33:12.126000,18,7,+13.625,+1.339
0 days 01:33:18.579000,18,7,+13.961,+1.579
0 days 01:33:24.051000,18,7,+13.913,+1.619
0 days 01:33:28.479000,18,7,+13.936,+1.682
0 days 01:33:33.311000,18,7,+13.953,+1.729
0 days 01:33:37.153000,18,7,+13.984,+1.766
0 days 01:33:45.679000,18,7,+14.137,+1.990
0 days 01:33:49.707000,18,7,+14.144,+2.007
0 days 01:33:50.680000,18,7,+14.194,+2.071
0 days 01:33:55.174000,18,7,+14.314,+2.120
0 days 01:33:59.583000,18,7,+14.299,+2.154
0 days 01:34:00.830000,18,7,+14.307,+2.179
0 days 01:34:03.077000,18,7,+14.250,+2.192
0 days 01:34:08.426000,18,7,+14.219,+2.264
0 days 01:34:14.035000,18,7,+14.479,+2.469
0 days 01:34:18.318000,18,7,+14.520,+2.447
0 days 01:34:21.270000,18,7,+14.532,+2.470
0 days 01:34:28.490000,18,7,+14.580,+2.565
0 days 01:34:32.283000,18,7,+14.593,+2.581
0 days 01:34:36.249000,18,7,+14.395,+2.514
0 days 01:34:42.106000,18,7,+14.480,+2.612
0 days 01:34:47.055000,18,7,+14.591,+2.656
0 days 01:34:51.072000,18,7,+14.628,+2.693
0 days 01:34:57.471000,18,7,+14.817,+2.881
0 days 01:35:02.920000,18,7,+14.884,+2.886
0 days 01:35:07.279000,18,7,+14.897,+2.944
0 days 01:35:12.107000,18,7,+14.909,+2.982
0 days 01:35:15.941000,18,7,+14.929,+3.018
0 days 01:35:24.560000,18,7,+15.067,+3.154
0 days 01:35:28.428000,18,7,+15.041,+3.133
0 days 01:35:29.328000,18,7,+15.091,+3.182
0 days 01:35:33.831000,18,7,+15.262,+3.263
0 days 01:35:38.276000,18,7,+15.273,+3.318
0 days 01:35:39.480000,18,7,+15.270,+3.340
0 days 01:35:41.692000,18,7,+15.193,+3.304
0 days 01:35:46.849000,18,7,+15.179,+3.296
0 days 01:35:52.527000,18,7,+15.404,+3.618
0 days 01:35:56.943000,18,7,+15.476,+3.626
0 days 01:36:00.005000,18,7,+15.496,+3.656
0 days 01:36:07.305000,18,7,+15.828,+3.893
0 days 01:36:11.117000,18,7,+15.877,+3.927
0 days 01:36:15.106000,18,7,+15.723,+3.907
0 days 01:36:20.928000,18,7,+15.811,+3.945
0 days 01:36:25.855000,18,7,+15.995,+3.943
0 days 01:36:29.806000,18,7,+16.040,+3.944
0 days 01:36:36.123000,18,7,+16.152,+4.106
0 days 01:36:41.681000,18,7,+16.258,+4.176
0 days 01:36:46.072000,18,7,+16.313,+4.226
0 days 01:36:50.880000,18,7,+16.344,+4.271
0 days 01:36:54.723000,18,7,+16.375,+4.306
0 days 01:37:03.298000,18,7,+16.632,+4.537
0 days 01:37:07.258000,18,7,+16.635,+4.544
0 days 01:37:08.207000,18,7,+16.666,+4.589
0 days 01:37:12.619000,18,7,+16.803,+4.594
0 days 01:37:17.028000,18,7,+16.829,+4.657
0 days 01:37:18.280000,18,7,+16.851,+4.699
0 days 01:37:20.556000,18,7,+16.888,+4.779
0 days 01:37:25.770000,18,7,+16.977,+4.743
0 days 01:37:31.480000,18,7,+17.337,+5.079
0 days 01:37:35.806000,18,7,+17.424,+5.086
0 days 01:37:38.814000,18,7,+17.444,+5.118
0 days 01:37:46.050000,18,7,+17.523,+5.211
0 days 01:37:49.830000,18,7,+17.536,+5.224
0 days 01:37:53.849000,18,7,+17.392,+5.263
0 days 01:37:59.581000,18,7,+17.463,+5.258
0 days 01:38:04.450000,18,7,+17.631,+5.275
0 days 01:38:08.455000,18,7,+17.654,+5.284
0 days 01:38:14.922000,18,7,+17.992,+5.616
0 days 01:38:20.323000,18,7,+17.979,+5.568
0 days 01:38:24.728000,18,7,+18.065,+5.650
0 days 01:38:29.554000,18,7,+18.100,+5.706
0 days 01:38:33.419000,18,7,+18.133,+5.748
0 days 01:38:42.055000,18,7,+18.473,+5.988
0 days 01:38:46.372000,18,7,+18.458,+5.999
0 days 01:38:46.783000,18,7,+18.496,+6.052
0 days 01:38:51.358000,18,7,+18.580,+6.091
0 days 01:38:55.848000,18,7,+18.618,+6.175
0 days 01:38:57.084000,18,7,+18.658,+6.237
0 days 01:38:59.403000,18,7,+18.669,+6.287
0 days 01:39:04.531000,18,7,+18.693,+6.266
0 days 01:39:10.303000,18,7,+19.029,+6.442
0 days 01:39:14.580000,18,7,+19.068,+6.409
0 days 01:39:17.581000,18,7,+19.092,+6.441
0 days 01:39:24.884000,18,7,+19.278,+6.567
0 days 01:39:28.659000,18,7,+19.297,+6.582
0 days 01:39:32.632000,18,7,+19.118,+6.561
0 days 01:39:38.473000,18,7,+19.269,+6.666
0 days 01:39:43.416000,18,7,+19.456,+6.678
0 days 01:39:47.432000,18,7,+19.523,+6.712
0 days 01:39:53.929000,18,7,+19.918,+7.043
0 days 01:39:59.339000,18,7,+19.909,+6.994
0 days 01:40:03.712000,18,7,+19.958,+7.059
0 days 01:40:08.500000,18,7,+19.965,+7.082
0 days 01:40:12.375000,18,7,+19.984,+7.111
0 days 01:40:20.892000,18,7,+20.091,+7.177
0 days 01:40:24.881000,18,7,+20.108,+7.155
0 days 01:40:25.700000,18,7,+20.151,+7.180
0 days 01:40:30.230000,18,7,+20.279,+7.253
0 days 01:40:34.757000,18,7,+20.356,+7.371
0 days 01:40:36.046000,18,7,+20.419,+7.449
0 days 01:40:38.384000,18,7,+20.528,+7.546
0 days 01:40:43.577000,18,7,+20.509,+7.572
0 days 01:40:49.201000,18,7,+20.765,+7.724
0 days 01:40:53.602000,18,7,+20.853,+7.750
0 days 01:40:56.620000,18,7,+20.896,+7.799
0 days 01:41:03.802000,18,7,+21.001,+7.808
0 days 01:41:07.550000,18,7,+21.014,+7.831
0 days 01:41:11.656000,18,7,+20.979,+7.968
0 days 01:41:17.499000,18,7,+21.083,+8.020
0 days 01:41:22.302000,18,7,+21.160,+7.994
0 days 01:41:26.386000,18,7,+21.200,+8.010
0 days 01:41:32.752000,18,7,+21.489,+8.239
0 days 01:41:38.114000,18,7,+21.502,+8.140
0 days 01:41:42.524000,18,7,+21.530,+8.177
0 days 01:41:47.403000,18,7,+21.541,+8.195
0 days 01:41:51.137000,18,7,+21.571,+8.225
0 days 01:41:59.728000,18,7,+21.754,+8.267
0 days 01:42:03.697000,18,7,+21.785,+8.309
0 days 01:42:04.602000,18,7,+21.839,+8.378
0 days 01:42:09.082000,18,7,+21.938,+8.453
0 days 01:42:13.682000,18,7,+22.065,+8.632
0 days 01:42:14.950000,18,7,+22.125,+8.721
0 days 01:42:17.189000,18,7,+22.074,+8.683
0 days 01:42:22.255000,18,7,+22.007,+8.595
0 days 01:42:27.949000,18,7,+22.245,+8.729
0 days 01:42:32.204000,18,7,+22.291,+8.662
0 days 01:42:35.199000,18,7,+22.314,+8.691
0 days 01:42:42.430000,18,7,+22.409,+8.696
0 days 01:42:46.189000,18,7,+22.418,+8.703
0 days 01:42:50.098000,18,7,+22.251,+8.575
0 days 01:42:55.834000,18,7,+22.261,+8.518
0 days 01:43:00.684000,18,7,+22.372,+8.506
0 days 01:43:04.731000,18,7,+22.430,+8.537
0 days 01:43:11.158000,18,7,+22.746,+8.742
0 days 01:43:16.675000,18,7,+22.852,+8.733
0 days 01:43:21.076000,18,7,+22.923,+8.817
0 days 01:43:25.904000,18,7,+22.959,+8.864
0 days 01:43:29.711000,18,7,+22.990,+8.905
0 days 01:43:38.278000,18,7,+23.169,+8.892
0 days 01:43:42.252000,18,7,+23.185,+8.918
0 days 01:43:43.079000,18,7,+23.231,+8.969
0 days 01:43:47.583000,18,7,+23.363,+9.026
0 days 01:43:52.058000,18,7,+23.389,+9.095
0 days 01:43:53.332000,18,7,+23.411,+9.137
0 days 01:43:55.507000,18,7,+23.304,+9.066
0 days 01:44:00.611000,18,7,+23.291,+9.014
0 days 01:44:06.319000,18,7,+23.579,+9.270
0 days 01:44:10.604000,18,7,+23.633,+9.266
0 days 01:44:13.606000,18,7,+23.654,+9.300
0 days 01:44:20.814000,18,7,+23.732,+9.294
0 days 01:44:24.555000,18,7,+23.751,+9.331
0 days 01:44:28.553000,18,7,+23.649,+9.343
0 days 01:44:34.353000,18,7,+23.777,+9.380
0 days 01:44:39.157000,18,7,+23.874,+9.393
0 days 01:44:43.203000,18,7,+23.901,+9.416
0 days 01:44:49.577000,18,7,+24.154,+9.599
0 days 01:44:55.033000,18,7,+24.191,+9.553
0 days 01:44:59.378000,18,7,+24.260,+9.618
0 days 01:45:04.200000,18,7,+24.306,+9.672
0 days 01:45:08.043000,18,7,+24.352,+9.713
0 days 01:45:16.506000,18,7,+24.438,+9.804
0 days 01:45:20.501000,18,7,+24.448,+9.828
0 days 01:45:21.336000,18,7,+24.480,+9.862
0 days 01:45:25.811000,18,7,+24.576,+9.922
0 days 01:45:30.279000,18,7,+24.591,+9.979
0 days 01:45:31.648000,18,7,+24.599,+10.010
0 days 01:45:33.699000,18,7,+24.543,+9.943
0 days 01:45:38.880000,18,7,+24.651,+10.155
0 days 01:45:44.468000,18,7,+24.831,+10.241
0 days 01:45:48.786000,18,7,+24.883,+10.191
0 days 01:45:51.736000,18,7,+24.913,+10.226
0 days 01:45:58.935000,18,7,+25.030,+10.314
0 days 01:46:02.713000,18,7,+25.030,+10.311
0 days 01:46:06.576000,18,7,+24.907,+10.252
0 days 01:46:12.301000,18,7,+25.004,+10.302
0 days 01:46:17.181000,18,7,+25.109,+10.323
0 days 01:46:21.160000,18,7,+25.152,+10.335
0 days 01:46:27.532000,18,7,+25.465,+10.461
0 days 01:46:33.006000,18,7,+25.603,+10.567
0 days 01:46:37.458000,18,7,+25.660,+10.634
0 days 01:46:42.267000,18,7,+25.688,+10.688
0 days 01:46:46.105000,18,7,+25.715,+10.728
0 days 01:46:54.633000,18,7,+25.928,+10.818
0 days 01:46:58.585000,18,7,+25.936,+10.858
0 days 01:46:59.395000,18,7,+25.994,+10.937
0 days 01:47:03.958000,18,7,+26.145,+10.940
0 days 01:47:08.361000,18,7,+26.186,+10.996
0 days 01:47:09.634000,18,7,+26.205,+11.026
0 days 01:47:11.784000,18,7,+26.155,+10.980
0 days 01:47:16.835000,18,7,+26.171,+10.850
0 days 01:47:22.559000,18,7,+26.372,+11.081
0 days 01:47:26.876000,18,7,+26.460,+11.083
0 days 01:47:29.829000,18,7,+26.477,+11.104
0 days 01:47:37.007000,18,7,+26.528,+11.093
0 days 01:47:40.748000,18,7,+26.541,+11.094
0 days 01:47:44.695000,18,7,+26.413,+11.018
0 days 01:47:50.409000,18,7,+26.548,+11.082
0 days 01:47:55.259000,18,7,+26.586,+11.060
0 days 01:47:59.255000,18,7,+26.620,+11.090
0 days 01:48:05.700000,18,7,+26.923,+11.287
0 days 01:48:11.105000,18,7,+27.010,+11.287
0 days 01:48:15.508000,18,7,+27.047,+11.338
0 days 01:48:20.380000,18,7,+27.076,+11.377
0 days 01:48:24.185000,18,7,+27.107,+11.420
0 days 01:48:32.733000,18,7,+27.378,+11.622
0 days 01:48:36.728000,18,7,+27.385,+11.615
0 days 01:48:37.576000,18,7,+27.469,+11.681
0 days 01:48:42.086000,18,7,+27.513,+11.768
0 days 01:48:46.586000,18,7,+27.538,+11.841
0 days 01:48:47.836000,18,7,+27.562,+11.886
0 days 01:48:50.006000,18,7,+27.496,+11.862
0 days 01:48:55.061000,18,7,+27.581,+11.796
0 days 01:49:00.833000,18,7,+27.871,+12.127
0 days 01:49:05.048000,18,7,+27.913,+12.107
0 days 01:49:08.185000,18,7,+27.929,+12.134
0 days 01:49:15.186000,18,7,+27.985,+12.183
0 days 01:49:18.970000,18,7,+28.007,+12.199
0 days 01:49:22.940000,18,7,+27.936,+12.197
0 days 01:49:28.655000,18,7,+28.036,+12.190
0 days 01:49:33.480000,18,7,+28.111,+12.193
0 days 01:49:37.417000,18,7,+28.124,+12.178
0 days 01:49:43.788000,18,7,+28.321,+12.334
0 days 01:49:49.278000,18,7,+28.475,+12.338
0 days 01:49:53.660000,18,7,+28.543,+12.386
0 days 01:49:58.508000,18,7,+28.582,+12.429
0 days 01:50:02.386000,18,7,+28.617,+12.471
0 days 01:50:10.886000,18,7,+28.843,+12.649
0 days 01:50:14.880000,18,7,+28.852,+12.682
0 days 01:50:15.756000,18,7,+28.908,+12.767
0 days 01:50:20.277000,18,7,+29.010,+12.843
0 days 01:50:24.755000,18,7,+29.049,+12.909
0 days 01:50:26.008000,18,7,+29.068,+12.949
0 days 01:50:28.177000,18,7,+29.011,+12.913
0 days 01:50:33.221000,18,7,+29.036,+12.985
0 days 01:50:38.937000,18,7,+29.175,+13.070
0 days 01:50:43.191000,18,7,+29.185,+13.035
0 days 01:50:46.186000,18,7,+29.200,+13.057
0 days 01:50:53.386000,18,7,+29.374,+13.177
0 days 01:50:57.138000,18,7,+29.405,+13.182
0 days 01:51:01.134000,18,7,+29.307,+13.157
0 days 01:51:06.697000,18,7,+29.282,+13.107
0 days 01:51:11.534000,18,7,+29.387,+13.098
0 days 01:51:15.536000,18,7,+29.439,+13.096
0 days 01:51:21.878000,18,7,+29.676,+13.277
0 days 01:51:27.434000,18,7,+29.862,+13.360
0 days 01:51:31.792000,18,7,+29.936,+13.430
0 days 01:51:36.660000,18,7,+29.977,+13.484
0 days 01:51:40.579000,18,7,+30.013,+13.529
0 days 01:51:49.035000,18,7,+30.239,+13.628
0 days 01:51:53.006000,18,7,+30.262,+13.675
0 days 01:51:53.880000,18,7,+30.315,+13.738
0 days 01:51:58.427000,18,7,+30.461,+13.790
0 days 01:52:02.860000,18,7,+30.506,+13.858
0 days 01:52:04.134000,18,7,+30.536,+13.896
0 days 01:52:06.260000,18,7,+30.491,+13.857
0 days 01:52:11.382000,18,7,+30.544,+13.876
0 days 01:52:17.064000,18,7,+30.728,+14.098
0 days 01:52:21.404000,18,7,+30.720,+14.058
0 days 01:52:24.352000,18,7,+30.740,+14.080
0 days 01:52:31.539000,18,7,+30.843,+14.121
0 days 01:52:35.285000,18,7,+30.868,+14.125
0 days 01:52:39.330000,18,7,+30.861,+14.153
0 days 01:52:44.966000,18,7,+31.015,+14.168
0 days 01:52:49.861000,18,7,+31.169,+14.201
0 days 01:52:53.849000,18,7,+31.244,+14.254
0 days 01:53:00.228000,18,7,+31.445,+14.439
0 days 01:53:05.637000,18,7,+31.620,+14.433
0 days 01:53:09.992000,18,7,+31.668,+14.490
0 days 01:53:14.876000,18,7,+31.696,+14.533
0 days 01:53:18.687000,18,7,+31.722,+14.566
0 days 01:53:27.240000,18,7,+31.968,+14.679
0 days 01:53:31.191000,18,7,+32.005,+14.712
0 days 01:53:32.091000,18,7,+32.085,+14.795
0 days 01:53:36.686000,18,7,+32.232,+14.910
0 days 01:53:41.187000,18,7,+32.274,+14.991
0 days 01:53:42.335000,18,7,+32.301,+15.039
0 days 01:53:44.480000,18,7,+32.231,+14.939
0 days 01:53:49.678000,18,7,+32.281,+14.940
0 days 01:53:55.335000,18,7,+32.416,+15.079
0 days 01:53:59.542000,18,7,+32.361,+15.022
0 days 01:54:02.550000,18,7,+32.377,+15.051
0 days 01:54:09.701000,18,7,+32.551,+15.183
0 days 01:54:13.511000,18,7,+32.573,+15.197
0 days 01:54:17.437000,18,7,+32.500,+15.227
0 days 01:54:23.082000,18,7,+32.591,+15.269
0 days 01:54:27.888000,18,7,+32.649,+15.293
0 days 01:54:31.888000,18,7,+32.688,+15.305
0 days 01:54:38.192000,18,7,+32.828,+15.420
0 days 01:54:43.757000,18,7,+33.008,+15.570
0 days 01:54:48.109000,18,7,+33.062,+15.634
0 days 01:54:52.976000,18,7,+33.098,+15.685
0 days 01:54:56.811000,18,7,+33.130,+15.727
0 days 01:55:05.279000,18,7,+33.286,+15.853
0 days 01:55:09.255000,18,7,+33.277,+15.851
0 days 01:55:10.062000,18,7,+33.292,+15.886
0 days 01:55:14.588000,18,7,+33.356,+15.916
0 days 01:55:18.991000,18,7,+33.390,+15.978
0 days 01:55:20.269000,18,7,+33.415,+16.021
0 days 01:55:22.408000,18,7,+33.377,+16.007
0 days 01:55:27.457000,18,7,+33.392,+15.892
0 days 01:55:33.124000,18,7,+33.535,+16.199
0 days 01:55:37.388000,18,7,+33.514,+16.190
0 days 01:55:40.412000,18,7,+33.532,+16.224
0 days 01:55:47.536000,18,7,+33.677,+16.294
0 days 01:55:51.288000,18,7,+33.693,+16.313
0 days 01:55:55.224000,18,7,+33.602,+16.357
0 days 01:56:00.878000,18,7,+33.647,+16.407
0 days 01:56:05.675000,18,7,+33.698,+16.347
0 days 01:56:09.665000,18,7,+33.711,+16.344
0 days 01:56:16.058000,18,7,+33.961,+16.606
0 days 01:56:21.689000,18,7,+34.055,+16.644
0 days 01:56:25.936000,18,7,+34.087,+16.702
0 days 01:56:30.754000,18,7,+34.119,+16.752
0 days 01:56:34.584000,18,7,+34.160,+16.804
0 days 01:56:43.092000,18,7,+34.422,+16.919
0 days 01:56:47.063000,18,7,+34.423,+16.942
0 days 01:56:47.930000,18,7,+34.481,+17.026
0 days 01:56:52.469000,18,7,+34.583,+17.083
0 days 01:56:56.902000,18,7,+34.617,+17.157
0 days 01:56:58.088000,18,7,+34.636,+17.202
0 days 01:57:00.289000,18,7,+34.541,+17.166
0 days 01:57:05.282000,18,7,+34.508,+17.221
0 days 01:57:10.995000,18,7,+34.673,+17.373
0 days 01:57:15.192000,18,7,+34.659,+17.332
0 days 01:57:18.179000,18,7,+34.678,+17.369
0 days 01:57:25.353000,18,7,+34.850,+17.464
0 days 01:57:29.094000,18,7,+34.851,+17.468
0 days 01:57:33.002000,18,7,+34.733,+17.500
0 days 01:57:38.618000,18,7,+34.701,+17.507
0 days 01:57:43.563000,18,7,+34.825,+17.589
0 days 01:57:47.508000,18,7,+34.875,+17.619
0 days 01:57:53.808000,18,7,+35.052,+17.716
0 days 01:57:59.311000,18,7,+35.214,+17.845
0 days 01:58:03.704000,18,7,+35.275,+17.910
0 days 01:58:08.538000,18,7,+35.309,+17.967
0 days 01:58:12.408000,18,7,+35.339,+18.008
0 days 01:58:20.986000,18,7,+35.457,+18.143
0 days 01:58:24.855000,18,7,+35.404,+18.126
0 days 01:58:25.456000,18,7,+35.179,+17.918
0 days 01:58:33.663000,18,8,+35.179,+17.918
0 days 01:58:40.352000,18,9,+35.179,+17.918
0 days 01:58:43.743000,18,10,+35.179,+17.918
0 days 01:58:46.981000,18,11,+35.179,+17.918
0 days 01:58:48.957000,18,12,+35.179,+17.918
0 days 01:58:51.652000,18,13,+35.179,+17.918
0 days 01:58:53.493000,18,14,+35.179,+17.918
0 days 01:58:59.063000,18,14,+58.830,+4.262
0 days 01:59:01.665000,18,14,+59.197,+4.627
0 days 01:59:06.519000,18,14,+59.057,+4.250
0 days 01:59:11.907000,18,14,+58.908,+4.121
0 days 01:59:16.098000,18,14,+58.811,+3.955
0 days 01:59:19.159000,18,14,+58.856,+3.960
0 days 01:59:26.037000,18,14,+58.764,+3.669
0 days 01:59:29.763000,18,14,+58.746,+3.620
0 days 01:59:33.783000,18,14,+58.722,+3.733
0 days 01:59:39.226000,18,14,+58.498,+3.425
0 days 01:59:43.735000,18,14,+58.235,+3.095
0 days 01:59:47.763000,18,14,+58.231,+3.018
0 days 01:59:53.869000,18,14,+58.304,+2.883
0 days 01:59:58.903000,18,14,+58.035,+2.605
0 days 02:00:03.224000,18,14,+58.034,+2.585
0 days 02:00:08.056000,18,14,+58.043,+2.589
0 days 02:00:11.894000,18,14,+58.069,+2.561
0 days 02:00:20.268000,18,14,+57.987,+2.320
0 days 02:00:24.190000,18,14,+57.967,+2.252
0 days 02:00:24.958000,18,14,+58.003,+2.259
0 days 02:00:29.438000,18,14,+58.027,+2.272
0 days 02:00:33.742000,18,14,+58.021,+2.269
0 days 02:00:34.995000,18,14,+58.039,+2.268
0 days 02:00:37.111000,18,14,+57.968,+2.246
0 days 02:00:42.180000,18,14,+58.080,+1.978
0 days 02:00:47.591000,18,14,+57.885,+1.952
0 days 02:00:51.690000,18,14,+57.808,+1.787
0 days 02:00:54.681000,18,14,+57.815,+1.756
0 days 02:01:01.753000,18,14,+57.832,+1.656
0 days 02:01:05.459000,18,14,+57.800,+1.644
0 days 02:01:09.638000,18,14,+58.016,+1.941
0 days 02:01:15.164000,18,14,+57.864,+1.737
0 days 02:01:20.031000,18,14,+57.739,+1.544
0 days 02:01:23.754000,18,14,+57.740,+1.473
0 days 02:01:29.931000,18,14,+57.801,+1.471
0 days 02:01:35.282000,18,14,+57.824,+1.369
0 days 02:01:39.587000,18,14,+57.837,+1.354
0 days 02:01:44.426000,18,14,+57.852,+1.361
0 days 02:01:48.254000,18,14,+57.860,+1.315
0 days 02:01:56.646000,18,14,+57.901,+1.275
0 days 02:02:00.591000,18,14,+57.893,+1.218
0 days 02:02:01.491000,18,14,+57.964,+1.273
0 days 02:02:05.932000,18,14,+58.067,+1.337
0 days 02:02:10.360000,18,14,+58.057,+1.336
0 days 02:02:11.554000,18,14,+58.058,+1.325
0 days 02:02:13.760000,18,14,+58.130,+1.377
0 days 02:02:18.715000,18,14,+58.040,+1.112
0 days 02:02:24.085000,18,14,+57.996,+1.168
0 days 02:02:28.251000,18,14,+57.920,+0.919
0 days 02:02:31.241000,18,14,+57.935,+0.870
0 days 02:02:38.255000,18,14,+57.957,+0.763
0 days 02:02:41.975000,18,14,+57.941,+0.730
0 days 02:02:46.192000,18,14,+58.165,+1.001
0 days 02:02:51.639000,18,14,+58.146,+0.917
0 days 02:02:56.306000,18,14,+58.008,+0.737
0 days 02:03:00.291000,18,14,+58.005,+0.700
0 days 02:03:06.528000,18,14,+58.110,+0.755
0 days 02:03:11.896000,18,14,+58.193,+0.661
0 days 02:03:16.189000,18,14,+58.196,+0.625
0 days 02:03:20.844000,18,14,+58.094,+0.530
0 days 02:03:24.503000,18,14,+57.891,+0.286
0 days 02:03:32.708000,18,13,+57.891,+0.286
0 days 02:03:32.793000,18,13,+57.844,+2.425
0 days 02:03:36.863000,18,13,+57.871,+2.432
0 days 02:03:37.565000,18,13,+57.887,+2.404
0 days 02:03:42.016000,18,13,+57.911,+2.307
0 days 02:03:46.330000,18,13,+57.895,+2.290
0 days 02:03:47.642000,18,13,+57.887,+2.277
0 days 02:03:49.793000,18,13,+57.935,+2.283
0 days 02:03:54.888000,18,13,+58.097,+2.361
0 days 02:04:00.323000,18,13,+58.089,+2.201
0 days 02:04:04.443000,18,13,+58.012,+2.037
0 days 02:04:07.492000,18,13,+58.044,+2.058
0 days 02:04:14.555000,18,13,+58.090,+2.026
0 days 02:04:18.239000,18,13,+58.085,+2.002
0 days 02:04:22.343000,18,13,+58.260,+2.029
0 days 02:04:27.868000,18,13,+58.328,+1.904
0 days 02:04:32.592000,18,13,+58.250,+1.758
0 days 02:04:36.546000,18,13,+58.279,+1.742
0 days 02:04:42.905000,18,13,+58.496,+1.763
0 days 02:04:48.232000,18,13,+58.546,+1.613
0 days 02:04:52.560000,18,13,+58.578,+1.615
0 days 02:04:57.392000,18,13,+58.596,+1.629
0 days 02:05:01.231000,18,13,+58.617,+1.657
0 days 02:05:09.714000,18,13,+58.740,+1.737
0 days 02:05:13.746000,18,13,+58.767,+1.742
0 days 02:05:14.594000,18,13,+58.822,+1.761
0 days 02:05:19.021000,18,13,+58.920,+1.775
0 days 02:05:23.349000,18,13,+58.917,+1.759
0 days 02:05:24.607000,18,13,+58.927,+1.748
0 days 02:05:26.795000,18,13,+59.022,+1.779
0 days 02:05:31.817000,18,13,+59.031,+1.763
0 days 02:05:37.340000,18,13,+59.083,+1.631
0 days 02:05:41.512000,18,13,+59.060,+1.529
0 days 02:05:44.492000,18,13,+59.085,+1.537
0 days 02:05:51.571000,18,13,+59.184,+1.475
0 days 02:05:55.292000,18,13,+59.186,+1.454
0 days 02:05:59.472000,18,13,+59.459,+1.596
0 days 02:06:05.132000,18,13,+59.583,+1.548
0 days 02:06:09.877000,18,13,+59.592,+1.448
0 days 02:06:13.815000,18,13,+59.617,+1.470
0 days 02:06:20.067000,18,13,+59.775,+1.397
0 days 02:06:25.371000,18,13,+59.787,+1.341
0 days 02:06:29.707000,18,13,+59.789,+1.338
0 days 02:06:34.525000,18,13,+59.788,+1.327
0 days 02:06:38.355000,18,13,+59.794,+1.336
0 days 02:06:46.800000,18,13,+59.850,+1.367
0 days 02:06:50.740000,18,13,+59.850,+1.363
0 days 02:06:51.627000,18,13,+59.865,+1.352
0 days 02:06:55.944000,18,13,+59.856,+1.277
0 days 02:07:00.323000,18,13,+59.828,+1.247
0 days 02:07:01.518000,18,13,+59.832,+1.230
0 days 02:07:03.652000,18,13,+59.804,+1.128
0 days 02:07:08.859000,18,13,+59.997,+1.250
0 days 02:07:14.241000,18,13,+59.924,+1.088
0 days 02:07:18.614000,18,13,+59.936,+1.003
0 days 02:07:21.497000,18,13,+59.962,+1.016
0 days 02:07:28.522000,18,13,+60.030,+0.995
0 days 02:07:32.293000,18,13,+60.023,+0.995
0 days 02:07:36.297000,18,13,+60.140,+1.010
0 days 02:07:41.767000,18,13,+60.035,+0.755
0 days 02:07:46.556000,18,13,+59.997,+0.717
0 days 02:07:50.484000,18,13,+59.997,+0.713
0 days 02:07:56.741000,18,13,+60.135,+0.637
0 days 02:08:02.093000,18,13,+60.182,+0.688
0 days 02:08:06.384000,18,13,+60.167,+0.700
0 days 02:08:11.093000,18,13,+60.082,+0.636
0 days 02:08:14.771000,18,13,+59.897,+0.450
0 days 02:08:23.193000,18,13,+59.930,+0.341
0 days 02:08:27.147000,18,13,+59.933,+0.352
0 days 02:08:27.973000,18,13,+59.963,+0.372
0 days 02:08:32.428000,18,13,+59.982,+0.343
0 days 02:08:36.586000,18,13,+59.779,+0.133
0 days 02:08:37.814000,18,13,+59.702,+0.059
0 days 02:08:39.928000,18,12,+59.702,+0.059
0 days 02:08:39.991000,18,12,+59.592,+2.025
0 days 02:08:44.667000,18,12,+59.485,+2.019
0 days 02:08:50.267000,18,12,+59.594,+2.071
0 days 02:08:54.512000,18,12,+59.538,+2.010
0 days 02:08:57.509000,18,12,+59.579,+2.023
0 days 02:09:04.613000,18,12,+59.617,+2.002
0 days 02:09:08.393000,18,12,+59.642,+2.030
0 days 02:09:12.631000,18,12,+59.970,+2.432
0 days 02:09:18.284000,18,12,+59.957,+2.359
0 days 02:09:22.841000,18,12,+59.890,+2.239
0 days 02:09:26.783000,18,12,+59.889,+2.205
0 days 02:09:33.124000,18,12,+59.965,+2.182
0 days 02:09:38.327000,18,12,+59.987,+2.106
0 days 02:09:42.694000,18,12,+60.032,+2.106
0 days 02:09:47.488000,18,12,+60.046,+2.100
0 days 02:09:51.318000,18,12,+60.061,+2.050
0 days 02:09:59.753000,18,12,+60.081,+1.916
0 days 02:10:03.667000,18,12,+60.054,+1.836
0 days 02:10:04.418000,18,12,+60.034,+1.840
0 days 02:10:08.984000,18,12,+60.109,+1.900
0 days 02:10:13.370000,18,12,+60.109,+1.870
0 days 02:10:14.510000,18,12,+60.098,+1.826
0 days 02:10:16.565000,18,12,+60.016,+1.793
0 days 02:10:21.597000,18,12,+60.040,+1.866
0 days 02:10:27.082000,18,12,+59.908,+1.830
0 days 02:10:31.357000,18,12,+59.900,+1.815
0 days 02:10:34.394000,18,12,+59.932,+1.796
0 days 02:10:41.461000,18,12,+59.986,+1.733
0 days 02:10:45.179000,18,12,+59.963,+1.714
0 days 02:10:49.146000,18,12,+60.046,+1.847
0 days 02:10:54.544000,18,12,+59.927,+1.767
0 days 02:10:59.298000,18,12,+59.857,+1.764
0 days 02:11:03.420000,18,12,+59.874,+1.734
0 days 02:11:09.494000,18,12,+59.945,+1.728
0 days 02:11:14.871000,18,12,+60.017,+1.709
0 days 02:11:19.228000,18,12,+60.058,+1.709
0 days 02:11:24.035000,18,12,+60.066,+1.683
0 days 02:11:27.842000,18,12,+60.070,+1.623
0 days 02:11:36.309000,18,12,+60.183,+1.555
0 days 02:11:40.294000,18,12,+60.196,+1.485
0 days 02:11:41.061000,18,12,+60.191,+1.480
0 days 02:11:45.568000,18,12,+60.145,+1.476
0 days 02:11:49.871000,18,12,+60.125,+1.453
0 days 02:11:51.294000,18,12,+60.142,+1.444
0 days 02:11:53.195000,18,12,+60.060,+1.433
0 days 02:11:58.237000,18,12,+60.017,+1.486
0 days 02:12:03.738000,18,12,+60.028,+1.546
0 days 02:12:07.994000,18,12,+59.989,+1.459
0 days 02:12:10.943000,18,12,+60.014,+1.440
0 days 02:12:18.123000,18,12,+60.050,+1.403
0 days 02:12:21.803000,18,12,+60.053,+1.389
0 days 02:12:25.770000,18,12,+59.992,+1.486
0 days 02:12:31.306000,18,12,+59.967,+1.590
0 days 02:12:36.252000,18,12,+60.112,+1.696
0 days 02:12:40.495000,18,12,+60.188,+1.697
0 days 02:12:46.569000,18,12,+60.351,+1.776
0 days 02:12:51.934000,18,12,+60.399,+1.722
0 days 02:12:56.258000,18,12,+60.435,+1.692
0 days 02:13:01.089000,18,12,+60.437,+1.676
0 days 02:13:04.932000,18,12,+60.445,+1.615
0 days 02:13:13.357000,18,12,+60.460,+1.619
0 days 02:13:17.269000,18,12,+60.460,+1.560
0 days 02:13:18.069000,18,12,+60.468,+1.590
0 days 02:13:22.538000,18,12,+60.557,+1.681
0 days 02:13:26.915000,18,12,+60.546,+1.662
0 days 02:13:28.164000,18,12,+60.559,+1.649
0 days 02:13:30.399000,18,12,+60.499,+1.670
0 days 02:13:35.221000,18,12,+60.451,+1.622
0 days 02:13:40.712000,18,12,+60.464,+1.617
0 days 02:13:45.023000,18,12,+60.443,+1.575
0 days 02:13:47.996000,18,12,+60.460,+1.552
0 days 02:13:55.127000,18,12,+60.582,+1.525
0 days 02:13:58.829000,18,12,+60.594,+1.522
0 days 02:14:02.817000,18,12,+60.509,+1.559
0 days 02:14:08.216000,18,12,+60.507,+1.594
0 days 02:14:12.971000,18,12,+60.435,+1.547
0 days 02:14:16.938000,18,12,+60.400,+1.519
0 days 02:14:23.252000,18,12,+60.484,+1.569
0 days 02:14:28.560000,18,12,+60.539,+1.554
0 days 02:14:32.870000,18,12,+60.572,+1.537
0 days 02:14:37.695000,18,12,+60.567,+1.518
0 days 02:14:41.543000,18,12,+60.576,+1.475
0 days 02:14:50.018000,18,12,+60.704,+1.395
0 days 02:14:53.927000,18,12,+60.699,+1.315
0 days 02:14:54.743000,18,12,+60.720,+1.363
0 days 02:14:59.187000,18,12,+60.741,+1.437
0 days 02:15:03.567000,18,12,+60.736,+1.407
0 days 02:15:04.740000,18,12,+60.741,+1.386
0 days 02:15:06.922000,18,12,+60.677,+1.406
0 days 02:15:11.820000,18,12,+60.682,+1.518
0 days 02:15:17.450000,18,12,+60.758,+1.646
0 days 02:15:21.644000,18,12,+60.706,+1.562
0 days 02:15:24.596000,18,12,+60.716,+1.534
0 days 02:15:31.761000,18,12,+60.851,+1.510
0 days 02:15:35.496000,18,12,+60.867,+1.507
0 days 02:15:39.526000,18,12,+60.942,+1.684
0 days 02:15:45.018000,18,12,+60.928,+1.808
0 days 02:15:49.812000,18,12,+60.964,+1.765
0 days 02:15:53.791000,18,12,+60.975,+1.731
0 days 02:16:00.098000,18,12,+61.074,+1.833
0 days 02:16:05.496000,18,12,+61.202,+1.851
0 days 02:16:09.944000,18,12,+61.265,+1.859
0 days 02:16:14.647000,18,12,+61.279,+1.850
0 days 02:16:18.473000,18,12,+61.286,+1.810
0 days 02:16:26.909000,18,12,+61.370,+1.733
0 days 02:16:30.772000,18,12,+61.361,+1.657
0 days 02:16:31.624000,18,12,+61.404,+1.683
0 days 02:16:36.118000,18,12,+61.515,+1.754
0 days 02:16:40.478000,18,12,+61.521,+1.723
0 days 02:16:41.670000,18,12,+61.525,+1.696
0 days 02:16:43.751000,18,12,+61.444,+1.680
0 days 02:16:48.688000,18,12,+61.376,+1.770
0 days 02:16:54.218000,18,12,+61.415,+1.835
0 days 02:16:58.514000,18,12,+61.422,+1.786
0 days 02:17:01.470000,18,12,+61.434,+1.770
0 days 02:17:08.594000,18,12,+61.523,+1.802
0 days 02:17:12.317000,18,12,+61.532,+1.814
0 days 02:17:16.216000,18,12,+61.555,+1.882
0 days 02:17:21.800000,18,12,+61.721,+2.032
0 days 02:17:26.643000,18,12,+61.728,+2.010
0 days 02:17:30.588000,18,12,+61.773,+1.981
0 days 02:17:36.866000,18,12,+61.825,+2.064
0 days 02:17:42.237000,18,12,+61.955,+2.093
0 days 02:17:46.612000,18,12,+62.003,+2.076
0 days 02:17:51.389000,18,12,+62.018,+2.063
0 days 02:17:55.192000,18,12,+62.029,+2.031
0 days 02:18:03.571000,18,12,+62.122,+1.858
0 days 02:18:07.497000,18,12,+62.099,+1.784
0 days 02:18:08.321000,18,12,+62.104,+1.828
0 days 02:18:12.788000,18,12,+62.158,+1.848
0 days 02:18:17.097000,18,12,+62.170,+1.814
0 days 02:18:18.284000,18,12,+62.181,+1.792
0 days 02:18:20.371000,18,12,+62.122,+1.767
0 days 02:18:25.418000,18,12,+62.168,+1.914
0 days 02:18:30.934000,18,12,+62.116,+1.999
0 days 02:18:35.245000,18,12,+62.186,+2.030
0 days 02:18:38.261000,18,12,+62.220,+2.011
0 days 02:18:45.370000,18,12,+62.298,+2.025
0 days 02:18:49.098000,18,12,+62.303,+2.019
0 days 02:18:53.039000,18,12,+62.349,+2.124
0 days 02:18:58.571000,18,12,+62.416,+2.254
0 days 02:19:03.391000,18,12,+62.323,+2.196
0 days 02:19:07.338000,18,12,+62.323,+2.159
0 days 02:19:13.632000,18,12,+62.472,+2.166
0 days 02:19:18.983000,18,12,+62.392,+2.232
0 days 02:19:23.319000,18,12,+62.408,+2.236
0 days 02:19:28.190000,18,12,+62.484,+2.231
0 days 02:19:31.936000,18,12,+62.676,+2.195
0 days 02:19:40.298000,18,12,+62.787,+2.061
0 days 02:19:44.189000,18,12,+62.795,+2.018
0 days 02:19:45.067000,18,12,+62.823,+2.064
0 days 02:19:49.448000,18,12,+62.852,+2.085
0 days 02:19:53.772000,18,12,+62.856,+2.053
0 days 02:19:54.960000,18,12,+62.870,+2.032
0 days 02:19:57.061000,18,12,+62.807,+2.017
0 days 02:20:02.092000,18,12,+62.996,+2.191
0 days 02:20:07.772000,18,12,+63.084,+2.209
0 days 02:20:12.046000,18,12,+63.153,+2.178
0 days 02:20:14.972000,18,12,+63.172,+2.161
0 days 02:20:22.136000,18,12,+63.285,+2.100
0 days 02:20:25.800000,18,12,+63.295,+2.089
0 days 02:20:29.898000,18,12,+63.364,+2.191
0 days 02:20:35.402000,18,12,+63.559,+2.388
0 days 02:20:40.267000,18,12,+63.552,+2.332
0 days 02:20:44.222000,18,12,+63.566,+2.303
0 days 02:20:50.394000,18,12,+63.722,+2.241
0 days 02:20:55.768000,18,12,+63.850,+2.350
0 days 02:21:00.127000,18,12,+63.894,+2.361
0 days 02:21:05.063000,18,12,+63.930,+2.365
0 days 02:21:08.772000,18,12,+63.953,+2.339
0 days 02:21:17.106000,18,12,+63.969,+2.154
0 days 02:21:21.009000,18,12,+63.977,+2.106
0 days 02:21:21.892000,18,12,+64.027,+2.166
0 days 02:21:26.335000,18,12,+64.111,+2.184
0 days 02:21:30.633000,18,12,+64.139,+2.159
0 days 02:21:31.898000,18,12,+64.148,+2.131
0 days 02:21:33.946000,18,12,+64.134,+2.150
0 days 02:21:39.026000,18,12,+64.180,+2.265
0 days 02:21:44.572000,18,12,+64.161,+2.350
0 days 02:21:48.856000,18,12,+64.198,+2.375
0 days 02:21:51.862000,18,12,+64.233,+2.356
0 days 02:21:58.951000,18,12,+64.316,+2.230
0 days 02:22:02.631000,18,12,+64.332,+2.221
0 days 02:22:06.561000,18,12,+64.377,+2.320
0 days 02:22:12.173000,18,12,+64.563,+2.500
0 days 02:22:17.056000,18,12,+64.423,+2.420
0 days 02:22:20.873000,18,12,+64.442,+2.401
0 days 02:22:27.222000,18,12,+64.578,+2.548
0 days 02:22:32.667000,18,12,+64.728,+2.714
0 days 02:22:36.992000,18,12,+64.788,+2.719
0 days 02:22:41.873000,18,12,+64.836,+2.724
0 days 02:22:45.651000,18,12,+64.859,+2.693
0 days 02:22:54.073000,18,12,+64.945,+2.582
0 days 02:22:57.973000,18,12,+64.925,+2.537
0 days 02:22:58.813000,18,12,+64.925,+2.576
0 days 02:23:03.285000,18,12,+64.961,+2.621
0 days 02:23:07.667000,18,12,+64.957,+2.609
0 days 02:23:08.832000,18,12,+64.971,+2.594
0 days 02:23:10.915000,18,12,+64.900,+2.597
0 days 02:23:15.999000,18,12,+65.068,+2.789
0 days 02:23:21.593000,18,12,+65.083,+2.896
0 days 02:23:25.873000,18,12,+65.096,+2.912
0 days 02:23:28.863000,18,12,+65.105,+2.895
0 days 02:23:35.970000,18,12,+65.194,+2.861
0 days 02:23:39.891000,18,12,+65.208,+2.859
0 days 02:23:43.562000,18,12,+65.216,+2.908
0 days 02:23:49.218000,18,12,+65.424,+3.151
0 days 02:23:54.062000,18,12,+65.526,+3.174
0 days 02:23:58.050000,18,12,+65.570,+3.165
0 days 02:24:04.322000,18,12,+65.721,+3.304
0 days 02:24:09.728000,18,12,+65.877,+3.315
0 days 02:24:14.024000,18,12,+65.922,+3.316
0 days 02:24:18.866000,18,12,+65.941,+3.320
0 days 02:24:22.694000,18,12,+65.961,+3.287
0 days 02:24:31.100000,18,12,+66.072,+3.104
0 days 02:24:34.994000,18,12,+66.057,+3.064
0 days 02:24:35.843000,18,12,+66.080,+3.110
0 days 02:24:40.274000,18,12,+66.193,+3.077
0 days 02:24:44.648000,18,12,+66.214,+3.065
0 days 02:24:45.832000,18,12,+66.229,+3.050
0 days 02:24:47.937000,18,12,+66.163,+3.052
0 days 02:24:53.029000,18,12,+66.337,+3.112
0 days 02:24:58.794000,18,12,+66.583,+3.252
0 days 02:25:03.020000,18,12,+66.614,+3.170
0 days 02:25:05.974000,18,12,+66.621,+3.137
0 days 02:25:13.069000,18,12,+66.755,+3.084
0 days 02:25:16.751000,18,12,+66.779,+3.090
0 days 02:25:20.716000,18,12,+66.844,+3.221
0 days 02:25:26.374000,18,12,+67.084,+3.325
0 days 02:25:31.230000,18,12,+67.082,+3.263
0 days 02:25:35.172000,18,12,+67.115,+3.232
0 days 02:25:41.449000,18,12,+67.282,+3.296
0 days 02:25:46.804000,18,12,+67.442,+3.211
0 days 02:25:51.174000,18,12,+67.508,+3.229
0 days 02:25:56.069000,18,12,+67.533,+3.241
0 days 02:25:59.867000,18,12,+67.557,+3.208
0 days 02:26:08.268000,18,12,+67.703,+3.077
0 days 02:26:12.163000,18,12,+67.723,+3.019
0 days 02:26:13.049000,18,12,+67.775,+3.067
0 days 02:26:17.494000,18,12,+67.892,+3.076
0 days 02:26:21.851000,18,12,+67.911,+3.049
0 days 02:26:23.080000,18,12,+67.921,+3.026
0 days 02:26:25.221000,18,12,+67.890,+3.072
0 days 02:26:30.256000,18,12,+67.961,+3.059
0 days 02:26:35.857000,18,12,+68.031,+3.169
0 days 02:26:40.221000,18,12,+68.066,+3.189
0 days 02:26:43.093000,18,12,+68.083,+3.182
0 days 02:26:50.175000,18,12,+68.183,+3.086
0 days 02:26:53.905000,18,12,+68.192,+3.080
0 days 02:26:57.867000,18,12,+68.244,+3.176
0 days 02:27:03.492000,18,12,+68.575,+3.366
0 days 02:27:08.276000,18,12,+68.562,+3.297
0 days 02:27:12.251000,18,12,+68.581,+3.267
0 days 02:27:18.513000,18,12,+68.718,+3.379
0 days 02:27:23.918000,18,12,+68.944,+3.314
0 days 02:27:28.213000,18,12,+69.000,+3.301
0 days 02:27:33.101000,18,12,+69.030,+3.305
0 days 02:27:36.896000,18,12,+69.059,+3.292
0 days 02:27:45.307000,18,12,+69.108,+2.903
0 days 02:27:49.175000,18,12,+69.084,+2.837
0 days 02:27:49.994000,18,12,+69.116,+2.853
0 days 02:27:54.475000,18,12,+69.235,+2.785
0 days 02:27:58.872000,18,12,+69.278,+2.772
0 days 02:28:00.149000,18,12,+69.302,+2.776
0 days 02:28:02.303000,18,12,+69.255,+2.773
0 days 02:28:07.201000,18,12,+69.304,+2.861
0 days 02:28:12.855000,18,12,+69.425,+2.954
0 days 02:28:17.126000,18,12,+69.495,+2.982
0 days 02:28:20.076000,18,12,+69.521,+2.990
0 days 02:28:27.165000,18,12,+69.635,+2.927
0 days 02:28:30.875000,18,12,+69.652,+2.931
0 days 02:28:34.842000,18,12,+69.730,+3.031
0 days 02:28:40.375000,18,12,+69.898,+3.148
0 days 02:28:45.159000,18,12,+69.888,+3.105
0 days 02:28:49.110000,18,12,+69.950,+3.118
0 days 02:28:55.326000,18,12,+69.904,+3.100
0 days 02:29:00.797000,18,12,+70.048,+3.139
0 days 02:29:05.107000,18,12,+70.119,+3.167
0 days 02:29:10.052000,18,12,+70.148,+3.177
0 days 02:29:13.865000,18,12,+70.175,+3.166
0 days 02:29:22.297000,18,12,+70.257,+2.967
0 days 02:29:26.203000,18,12,+70.241,+2.946
0 days 02:29:27.075000,18,12,+70.244,+2.992
0 days 02:29:31.554000,18,12,+70.277,+2.998
0 days 02:29:35.898000,18,12,+70.279,+2.995
0 days 02:29:37.102000,18,12,+70.295,+2.991
0 days 02:29:39.276000,18,12,+70.175,+2.969
0 days 02:29:44.151000,18,12,+70.105,+3.019
0 days 02:29:49.804000,18,12,+70.407,+3.160
0 days 02:29:54.076000,18,12,+70.438,+3.141
0 days 02:29:57.064000,18,12,+70.463,+3.131
0 days 02:30:04.093000,18,12,+70.386,+3.000
0 days 02:30:07.826000,18,12,+70.390,+3.001
0 days 02:30:11.624000,18,12,+70.209,+2.976
0 days 02:30:17.277000,18,12,+70.321,+3.103
0 days 02:30:22.076000,18,12,+70.305,+3.092
0 days 02:30:26.069000,18,12,+70.373,+3.109
0 days 02:30:32.284000,18,12,+70.339,+3.148
0 days 02:30:37.731000,18,12,+70.470,+3.136
0 days 02:30:42.077000,18,12,+70.527,+3.170
0 days 02:30:46.902000,18,12,+70.563,+3.189
0 days 02:30:50.753000,18,12,+70.605,+3.188
0 days 02:30:59.152000,18,12,+70.400,+2.958
0 days 02:31:03.033000,18,12,+70.360,+2.936
0 days 02:31:03.920000,18,12,+70.324,+2.986
0 days 02:31:08.351000,18,12,+70.204,+3.009
0 days 00:00:03.711000,55,15,,
0 days 00:59:11.185000,55,15,+1.696,+0.081
0 days 00:59:11.767000,55,15,+1.492,+0.067
0 days 00:59:14.737000,55,15,+1.979,+0.162
0 days 00:59:20.678000,55,16,+1.979,+0.162
0 days 00:59:20.825000,55,16,+2.986,+0.027
0 days 00:59:27.163000,55,15,+2.986,+0.027
0 days 00:59:27.237000,55,15,+3.809,+0.251
0 days 00:59:31.069000,55,14,+3.809,+0.251
0 days 00:59:31.183000,55,14,+3.724,+0.172
0 days 00:59:34.037000,55,14,+3.677,+0.168
0 days 00:59:41.769000,55,14,+4.272,+0.363
0 days 00:59:45.407000,55,14,+4.198,+0.338
0 days 00:59:49.715000,55,14,+4.499,+0.191
0 days 00:59:56.086000,55,15,+4.499,+0.191
0 days 00:59:56.537000,55,14,+4.499,+0.191
0 days 00:59:56.628000,55,14,+5.752,+0.344
0 days 01:00:01.831000,55,15,+5.752,+0.344
0 days 01:00:02.140000,55,15,+6.779,+0.222
0 days 01:00:06.280000,55,15,+7.014,+0.229
0 days 01:00:13.306000,55,15,+7.880,+0.455
0 days 01:00:18.558000,55,15,+8.078,+0.429
0 days 01:00:22.998000,55,15,+8.168,+0.444
0 days 01:00:27.807000,55,15,+8.092,+0.404
0 days 01:00:31.564000,55,15,+7.985,+0.348
0 days 01:00:40.725000,55,15,+8.731,+0.631
0 days 01:00:44.815000,55,15,+8.727,+0.608
0 days 01:00:45.696000,55,15,+8.794,+0.585
0 days 01:00:50.538000,55,15,+8.968,+0.666
0 days 01:00:54.882000,55,15,+8.772,+0.670
0 days 01:00:56.100000,55,15,+8.698,+0.674
0 days 01:00:58.518000,55,15,+8.756,+0.703
0 days 01:01:03.657000,55,15,+8.826,+0.394
0 days 01:01:09.294000,55,15,+9.132,+0.483
0 days 01:01:13.492000,55,15,+9.152,+0.374
0 days 01:01:16.479000,55,15,+9.136,+0.370
0 days 01:01:23.957000,55,15,+9.565,+0.504
0 days 01:01:27.768000,55,15,+9.551,+0.500
0 days 01:01:32.070000,55,15,+9.822,+0.504
0 days 01:01:38.160000,55,15,+10.283,+0.571
0 days 01:01:42.954000,55,15,+10.364,+0.472
0 days 01:01:46.967000,55,15,+10.385,+0.456
0 days 01:01:53.585000,55,15,+10.850,+0.550
0 days 01:01:58.980000,55,15,+10.982,+0.596
0 days 01:02:03.441000,55,15,+11.014,+0.607
0 days 01:02:08.281000,55,15,+10.975,+0.635
0 days 01:02:11.964000,55,15,+10.772,+0.668
0 days 01:02:20.659000,55,15,+11.060,+0.728
0 days 01:02:24.697000,55,15,+11.075,+0.724
0 days 01:02:25.604000,55,15,+11.133,+0.694
0 days 01:02:30.134000,55,15,+11.135,+0.643
0 days 01:02:34.375000,55,15,+10.867,+0.632
0 days 01:02:35.497000,55,15,+10.772,+0.623
0 days 01:02:37.912000,55,15,+10.902,+0.685
0 days 01:02:43.466000,55,15,+11.428,+0.888
0 days 01:02:48.884000,55,15,+11.416,+0.695
0 days 01:02:53.101000,55,15,+11.417,+0.687
0 days 01:02:56.090000,55,15,+11.414,+0.690
0 days 01:03:03.440000,55,15,+11.505,+0.644
0 days 01:03:07.178000,55,15,+11.511,+0.656
0 days 01:03:11.521000,55,15,+11.662,+0.736
0 days 01:03:17.529000,55,15,+11.981,+0.840
0 days 01:03:22.340000,55,15,+12.142,+0.717
0 days 01:03:26.358000,55,15,+12.187,+0.691
0 days 01:03:32.882000,55,15,+12.528,+0.736
0 days 01:03:38.369000,55,15,+12.619,+0.655
0 days 01:03:42.903000,55,15,+12.702,+0.690
0 days 01:03:47.728000,55,15,+12.668,+0.739
0 days 01:03:51.380000,55,15,+12.475,+0.790
0 days 01:03:59.970000,55,15,+12.603,+0.797
0 days 01:04:03.991000,55,15,+12.627,+0.794
0 days 01:04:04.879000,55,15,+12.701,+0.746
0 days 01:04:09.432000,55,15,+12.716,+0.671
0 days 01:04:13.680000,55,15,+12.463,+0.657
0 days 01:04:14.785000,55,15,+12.376,+0.657
0 days 01:04:14.801000,55,15,+12.463,+0.657
0 days 01:04:14.801000,55,15,+12.376,+0.657
0 days 01:04:17.172000,55,15,+12.480,+0.739
0 days 01:04:22.444000,55,15,+12.568,+0.837
0 days 01:04:28.139000,55,15,+12.732,+0.866
0 days 01:04:32.440000,55,15,+12.750,+0.868
0 days 01:04:35.343000,55,14,+12.750,+0.868
0 days 01:04:35.438000,55,14,+12.722,+0.853
0 days 01:04:42.696000,55,14,+12.866,+0.843
0 days 01:04:46.484000,55,14,+12.901,+0.869
0 days 01:04:50.817000,55,14,+13.104,+1.090
0 days 01:04:56.714000,55,14,+13.222,+1.074
0 days 01:05:01.488000,55,14,+13.334,+0.964
0 days 01:05:05.514000,55,14,+13.348,+0.914
0 days 01:05:11.848000,55,14,+13.557,+0.863
0 days 01:05:17.477000,55,14,+13.813,+0.936
0 days 01:05:21.897000,55,14,+13.838,+0.928
0 days 01:05:26.715000,55,14,+13.795,+0.960
0 days 01:05:30.359000,55,14,+13.622,+0.997
0 days 01:05:38.767000,55,14,+13.674,+0.858
0 days 01:05:42.824000,55,14,+13.664,+0.854
0 days 01:05:43.766000,55,14,+13.694,+0.841
0 days 01:05:48.238000,55,14,+13.701,+0.805
0 days 01:05:52.458000,55,14,+13.470,+0.761
0 days 01:05:53.629000,55,14,+13.386,+0.730
0 days 01:05:55.963000,55,14,+13.397,+0.780
0 days 01:06:01.175000,55,14,+13.407,+0.630
0 days 01:06:06.963000,55,14,+13.709,+0.664
0 days 01:06:11.266000,55,14,+13.784,+0.685
0 days 01:06:14.241000,55,14,+13.781,+0.674
0 days 01:06:21.630000,55,14,+13.935,+0.739
0 days 01:06:25.437000,55,14,+13.934,+0.779
0 days 01:06:29.736000,55,14,+14.125,+1.019
0 days 01:06:35.667000,55,14,+14.271,+1.141
0 days 01:06:40.567000,55,14,+14.330,+1.029
0 days 01:06:44.507000,55,14,+14.307,+0.983
0 days 01:06:50.842000,55,14,+14.501,+0.897
0 days 01:06:56.383000,55,14,+14.697,+0.982
0 days 01:07:00.836000,55,14,+14.748,+0.989
0 days 01:07:05.644000,55,14,+14.720,+0.996
0 days 01:07:09.299000,55,14,+14.545,+1.012
0 days 01:07:17.603000,55,14,+14.383,+0.838
0 days 01:07:21.618000,55,14,+14.363,+0.834
0 days 01:07:22.560000,55,14,+14.399,+0.830
0 days 01:07:26.972000,55,14,+14.406,+0.791
0 days 01:07:31.205000,55,14,+14.157,+0.762
0 days 01:07:32.364000,55,14,+14.063,+0.739
0 days 01:07:34.760000,55,14,+14.146,+0.869
0 days 01:07:40.025000,55,14,+14.318,+0.823
0 days 01:07:45.782000,55,14,+14.575,+0.862
0 days 01:07:49.996000,55,14,+14.577,+0.878
0 days 01:07:52.991000,55,14,+14.563,+0.866
0 days 01:08:00.292000,55,14,+14.654,+0.778
0 days 01:08:04.067000,55,14,+14.672,+0.775
0 days 01:08:08.367000,55,14,+14.966,+0.941
0 days 01:08:14.315000,55,14,+15.227,+0.923
0 days 01:08:19.318000,55,14,+15.389,+0.867
0 days 01:08:23.316000,55,14,+15.428,+0.832
0 days 01:08:29.803000,55,14,+15.767,+0.858
0 days 01:08:35.371000,55,14,+16.009,+0.816
0 days 01:08:39.791000,55,14,+16.066,+0.820
0 days 01:08:44.596000,55,14,+16.012,+0.814
0 days 01:08:48.244000,55,14,+15.822,+0.800
0 days 01:08:56.715000,55,14,+15.954,+0.804
0 days 01:09:00.774000,55,14,+15.973,+0.823
0 days 01:09:01.618000,55,14,+16.014,+0.821
0 days 01:09:06.143000,55,14,+16.046,+0.810
0 days 01:09:10.362000,55,14,+15.794,+0.790
0 days 01:09:11.529000,55,14,+15.698,+0.784
0 days 01:09:13.900000,55,14,+15.722,+0.900
0 days 01:09:19.088000,55,14,+15.858,+0.834
0 days 01:09:24.931000,55,14,+16.116,+0.892
0 days 01:09:29.234000,55,14,+16.129,+0.837
0 days 01:09:32.242000,55,14,+16.123,+0.829
0 days 01:09:39.671000,55,14,+16.345,+0.802
0 days 01:09:43.383000,55,14,+16.362,+0.817
0 days 01:09:47.669000,55,14,+16.521,+1.020
0 days 01:09:53.599000,55,14,+16.702,+1.118
0 days 01:09:58.536000,55,14,+16.761,+1.060
0 days 01:10:02.568000,55,14,+16.720,+1.018
0 days 01:10:08.910000,55,14,+16.963,+0.902
0 days 01:10:14.573000,55,14,+17.210,+0.963
0 days 01:10:19,55,14,+17.283,+0.955
0 days 01:10:23.815000,55,14,+17.248,+0.962
0 days 01:10:27.493000,55,14,+17.076,+0.971
0 days 01:10:35.793000,55,14,+17.124,+0.874
0 days 01:10:39.910000,55,14,+17.160,+0.901
0 days 01:10:40.716000,55,14,+17.218,+0.903
0 days 01:10:45.262000,55,14,+17.223,+0.846
0 days 01:10:49.492000,55,14,+16.989,+0.780
0 days 01:10:50.616000,55,14,+16.914,+0.780
0 days 01:10:53.174000,55,14,+17.001,+0.923
0 days 01:10:58.334000,55,14,+17.150,+0.921
0 days 01:11:04.060000,55,14,+17.400,+0.933
0 days 01:11:08.395000,55,14,+17.404,+0.891
0 days 01:11:11.388000,55,14,+17.379,+0.871
0 days 01:11:18.716000,55,14,+17.500,+0.816
0 days 01:11:22.539000,55,14,+17.508,+0.811
0 days 01:11:26.861000,55,14,+17.763,+0.941
0 days 01:11:32.843000,55,14,+18.051,+1.003
0 days 01:11:37.791000,55,14,+18.130,+0.905
0 days 01:11:41.885000,55,14,+18.164,+0.884
0 days 01:11:48.172000,55,14,+18.289,+0.761
0 days 01:11:53.906000,55,14,+18.503,+0.840
0 days 01:11:58.345000,55,14,+18.546,+0.824
0 days 01:12:03.120000,55,14,+18.497,+0.811
0 days 01:12:06.769000,55,14,+18.322,+0.802
0 days 01:12:15.287000,55,14,+18.436,+0.842
0 days 01:12:19.364000,55,14,+18.458,+0.872
0 days 01:12:20.224000,55,14,+18.492,+0.863
0 days 01:12:24.788000,55,14,+18.578,+0.862
0 days 01:12:29.040000,55,14,+18.351,+0.849
0 days 01:12:30.170000,55,14,+18.266,+0.850
0 days 01:12:32.588000,55,14,+18.349,+1.013
0 days 01:12:37.923000,55,14,+18.451,+1.030
0 days 01:12:43.617000,55,14,+18.626,+0.997
0 days 01:12:47.932000,55,14,+18.605,+0.941
0 days 01:12:50.989000,55,14,+18.582,+0.927
0 days 01:12:58.239000,55,14,+18.673,+0.899
0 days 01:13:02.004000,55,14,+18.678,+0.884
0 days 01:13:06.369000,55,14,+18.924,+1.016
0 days 01:13:12.363000,55,14,+19.178,+1.059
0 days 01:13:17.239000,55,14,+19.246,+0.983
0 days 01:13:21.317000,55,14,+19.258,+0.971
0 days 01:13:27.670000,55,14,+19.466,+0.824
0 days 01:13:33.316000,55,14,+19.707,+0.914
0 days 01:13:37.764000,55,14,+19.731,+0.918
0 days 01:13:42.544000,55,14,+19.689,+0.909
0 days 01:13:46.219000,55,14,+19.519,+0.914
0 days 01:13:54.605000,55,14,+19.538,+0.877
0 days 01:13:58.647000,55,14,+19.540,+0.932
0 days 01:13:59.606000,55,14,+19.589,+0.967
0 days 01:14:04.018000,55,14,+19.616,+0.927
0 days 01:14:08.266000,55,14,+19.376,+0.900
0 days 01:14:09.421000,55,14,+19.288,+0.908
0 days 01:14:11.844000,55,14,+19.387,+1.055
0 days 01:14:17.118000,55,14,+19.584,+0.987
0 days 01:14:22.861000,55,14,+19.830,+1.006
0 days 01:14:27.235000,55,14,+19.877,+0.991
0 days 01:14:30.253000,55,14,+19.856,+0.985
0 days 01:14:37.433000,55,14,+19.821,+0.814
0 days 01:14:41.220000,55,14,+19.807,+0.825
0 days 01:14:45.539000,55,14,+20.038,+0.913
0 days 01:14:51.570000,55,14,+20.271,+1.054
0 days 01:14:56.518000,55,14,+20.371,+1.002
0 days 01:15:00.624000,55,14,+20.386,+0.998
0 days 01:15:06.871000,55,14,+20.622,+0.871
0 days 01:15:12.574000,55,14,+20.834,+0.925
0 days 01:15:16.964000,55,14,+20.883,+0.935
0 days 01:15:21.744000,55,14,+20.823,+0.928
0 days 01:15:25.366000,55,14,+20.645,+0.922
0 days 01:15:33.805000,55,14,+20.749,+0.907
0 days 01:15:38.005000,55,14,+20.758,+0.911
0 days 01:15:38.834000,55,14,+20.817,+0.893
0 days 01:15:43.278000,55,13,+20.817,+0.893
0 days 01:15:43.280000,55,13,+20.847,+0.808
0 days 01:15:43.280000,55,13,+20.817,+0.808
0 days 01:15:43.280000,55,13,+20.847,+0.808
0 days 01:15:47.498000,55,13,+20.615,+0.745
0 days 01:15:48.648000,55,13,+20.530,+0.741
0 days 01:15:51.071000,55,13,+20.656,+0.910
0 days 01:15:56.294000,55,13,+20.782,+0.776
0 days 01:16:02.094000,55,13,+21.020,+0.899
0 days 01:16:06.361000,55,13,+20.982,+0.817
0 days 01:16:09.346000,55,13,+20.966,+0.804
0 days 01:16:16.557000,55,13,+20.951,+0.739
0 days 01:16:20.362000,55,13,+20.960,+0.751
0 days 01:16:24.581000,55,13,+21.125,+0.782
0 days 01:16:30.571000,55,13,+21.362,+0.918
0 days 01:16:35.490000,55,13,+21.440,+0.884
0 days 01:16:39.540000,55,13,+21.438,+0.858
0 days 01:16:45.871000,55,13,+21.665,+0.793
0 days 01:16:51.445000,55,13,+21.769,+0.935
0 days 01:16:55.948000,55,13,+21.791,+0.952
0 days 01:17:00.792000,55,13,+21.762,+0.928
0 days 01:17:04.306000,55,13,+21.613,+0.787
0 days 01:17:12.828000,55,13,+21.655,+0.791
0 days 01:17:16.872000,55,13,+21.676,+0.814
0 days 01:17:17.736000,55,13,+21.706,+0.804
0 days 01:17:22.353000,55,12,+21.706,+0.804
0 days 01:17:22.358000,55,12,+21.780,+0.641
0 days 01:17:22.361000,55,12,+21.706,+0.641
0 days 01:17:22.362000,55,12,+21.780,+0.641
0 days 01:17:26.491000,55,11,+21.780,+0.641
0 days 01:17:26.571000,55,11,+21.568,+0.596
0 days 01:17:27.717000,55,11,+21.494,+0.526
0 days 01:17:30.088000,55,11,+21.578,+0.680
0 days 01:17:35.346000,55,11,+21.707,+0.586
0 days 01:17:41.146000,55,11,+21.914,+0.754
0 days 01:17:45.530000,55,11,+21.930,+0.678
0 days 01:17:48.447000,55,11,+21.916,+0.650
0 days 01:17:55.768000,55,11,+22.007,+0.685
0 days 01:17:59.577000,55,11,+22.024,+0.698
0 days 01:18:03.919000,55,11,+22.297,+0.846
0 days 01:18:09.926000,55,11,+22.509,+1.011
0 days 01:18:14.787000,55,11,+22.498,+0.959
0 days 01:18:18.841000,55,11,+22.495,+0.929
0 days 01:18:25.246000,55,11,+22.812,+1.020
0 days 01:18:30.872000,55,11,+22.955,+1.058
0 days 01:18:35.256000,55,11,+22.975,+1.061
0 days 01:18:40.120000,55,11,+22.969,+1.041
0 days 01:18:43.923000,55,11,+22.962,+1.013
0 days 01:18:52.496000,55,11,+23.223,+1.152
0 days 01:18:56.546000,55,11,+23.228,+1.198
0 days 01:18:57.442000,55,11,+23.244,+1.197
0 days 01:19:01.973000,55,11,+23.310,+0.197
0 days 01:19:06.279000,55,9,+23.310,+0.197
0 days 01:19:06.364000,55,9,+23.256,+1.114
0 days 01:19:07.546000,55,9,+23.232,+1.105
0 days 01:19:09.972000,55,9,+23.363,+1.256
0 days 01:19:15.295000,55,9,+23.506,+1.267
0 days 01:19:20.907000,55,9,+23.741,+1.346
0 days 01:19:25.280000,55,9,+23.792,+1.321
0 days 01:19:25.280000,55,9,+23.741,+1.346
0 days 01:19:25.295000,55,9,+23.792,+1.321
0 days 01:19:28.273000,55,9,+23.776,+1.302
0 days 01:19:35.453000,55,9,+23.797,+1.315
0 days 01:19:39.290000,55,9,+23.803,+1.335
0 days 01:19:43.542000,55,9,+24.038,+1.526
0 days 01:19:49.447000,55,9,+24.210,+1.653
0 days 01:19:54.343000,55,9,+24.201,+1.633
0 days 01:19:58.397000,55,9,+24.178,+1.600
0 days 01:20:04.700000,55,9,+24.278,+1.525
0 days 01:20:10.250000,55,9,+24.432,+1.607
0 days 01:20:14.693000,55,9,+24.451,+1.573
0 days 01:20:19.521000,55,9,+24.459,+1.569
0 days 01:20:23.348000,55,9,+24.455,+1.555
0 days 01:20:31.847000,55,9,+24.561,+1.539
0 days 01:20:35.864000,55,9,+24.551,+1.529
0 days 01:20:36.697000,55,9,+24.580,+1.508
0 days 01:20:41.227000,55,9,+24.631,+1.461
0 days 01:20:45.568000,55,7,+24.631,+1.461
0 days 01:20:45.647000,55,7,+24.591,+1.427
0 days 01:20:46.859000,55,7,+24.584,+1.416
0 days 01:20:49.320000,55,7,+24.697,+1.547
0 days 01:20:54.425000,55,7,+24.822,+1.454
0 days 01:21:00.214000,55,7,+24.956,+1.522
0 days 01:21:04.495000,55,7,+25.008,+1.485
0 days 01:21:07.529000,55,7,+25.009,+1.475
0 days 01:21:14.705000,55,7,+24.997,+1.424
0 days 01:21:18.522000,55,7,+24.996,+1.429
0 days 01:21:22.712000,55,7,+25.266,+1.614
0 days 01:21:28.595000,55,7,+25.408,+1.673
0 days 01:21:33.467000,55,7,+25.491,+1.618
0 days 01:21:37.474000,55,7,+25.497,+1.590
0 days 01:21:43.810000,55,7,+25.719,+1.564
0 days 01:21:49.347000,55,7,+25.846,+1.553
0 days 01:21:53.797000,55,7,+25.861,+1.536
0 days 01:21:58.577000,55,7,+22.662,+1.518
0 days 01:22:02.378000,55,7,+22.650,+1.495
0 days 01:22:10.925000,55,7,+22.660,+1.448
0 days 01:22:14.915000,55,7,+22.673,+1.461
0 days 01:22:15.776000,55,7,+22.689,+1.457
0 days 01:22:20.249000,55,7,+22.725,+1.376
0 days 01:22:24.573000,55,6,+22.725,+1.376
0 days 01:22:24.655000,55,6,+22.677,+1.338
0 days 01:22:25.887000,55,6,+22.667,+1.329
0 days 01:22:28.193000,55,6,+22.831,+1.281
0 days 01:22:33.421000,55,6,+22.870,+0.943
0 days 01:22:39.173000,55,6,+23.029,+0.948
0 days 01:22:43.425000,55,6,+22.948,+0.900
0 days 01:22:46.395000,55,6,+22.925,+0.860
0 days 01:22:53.595000,55,6,+22.851,+0.756
0 days 01:22:57.374000,55,6,+22.845,+0.747
0 days 01:23:01.580000,55,6,+23.050,+0.886
0 days 01:23:07.441000,55,6,+23.180,+0.884
0 days 01:23:12.548000,55,6,+23.292,+0.943
0 days 01:23:16.637000,55,6,+23.344,+0.966
0 days 01:23:22.964000,55,6,+23.273,+0.981
0 days 01:23:28.516000,55,6,+23.459,+1.091
0 days 01:23:32.934000,55,6,+23.521,+1.088
0 days 01:23:37.686000,55,6,+23.470,+1.020
0 days 01:23:41.374000,55,6,+23.300,+0.834
0 days 01:23:49.613000,55,7,+23.300,+0.834
0 days 01:23:50.179000,55,7,+23.768,+0.514
0 days 01:23:54.349000,55,7,+23.851,+0.543
0 days 01:23:55.122000,55,7,+24.187,+0.572
0 days 01:23:59.707000,55,7,+18.907,+0.711
0 days 01:24:03.910000,55,6,+18.907,+0.711
0 days 01:24:03.979000,55,6,+5.451,+0.726
0 days 01:24:05.097000,55,6,+5.359,+0.745
0 days 01:24:07.577000,55,6,+5.355,+0.699
0 days 01:24:12.647000,55,6,+5.320,+0.757
0 days 01:24:18.522000,55,6,+5.688,+0.745
0 days 01:24:22.866000,55,6,+5.661,+0.876
0 days 01:24:25.852000,55,6,+5.650,+0.947
0 days 01:24:33.153000,55,6,+5.792,+0.921
0 days 01:24:36.904000,55,6,+5.786,+0.963
0 days 01:24:41.114000,55,6,+5.844,+0.936
0 days 01:24:47.074000,55,6,+6.054,+0.650
0 days 01:24:52.037000,55,6,+6.151,+0.636
0 days 01:24:56.049000,55,6,+6.138,+0.625
0 days 01:25:02.596000,55,6,+6.405,+0.824
0 days 01:25:08.054000,55,6,+6.305,+0.765
0 days 01:25:12.509000,55,6,+6.315,+0.742
0 days 01:25:17.227000,55,6,+6.211,+0.674
0 days 01:25:20.815000,55,6,+6.024,+0.640
0 days 01:25:29.349000,55,6,+6.116,+0.688
0 days 01:25:33.350000,55,6,+6.115,+0.688
0 days 01:25:34.517000,55,6,+6.141,+0.714
0 days 01:25:38.796000,55,6,+6.254,+0.726
0 days 01:25:43.050000,55,6,+6.055,+0.581
0 days 01:25:44.199000,55,6,+5.971,+0.534
0 days 01:25:46.524000,55,6,+5.941,+0.646
0 days 01:25:51.777000,55,6,+5.837,+0.563
0 days 01:25:57.597000,55,6,+6.324,+0.763
0 days 01:26:01.939000,55,6,+6.273,+0.779
0 days 01:26:04.949000,55,6,+6.272,+0.772
0 days 01:26:12.276000,55,6,+6.435,+0.823
0 days 01:26:16.098000,55,6,+6.451,+0.832
0 days 01:26:20.238000,55,6,+6.498,+0.937
0 days 01:26:26.179000,55,6,+6.653,+1.146
0 days 01:26:31.146000,55,6,+6.757,+1.150
0 days 01:26:35.191000,55,6,+6.759,+1.120
0 days 01:26:41.667000,55,6,+6.957,+1.297
0 days 01:26:47.157000,55,6,+6.938,+1.222
0 days 01:26:51.549000,55,6,+6.951,+1.207
0 days 01:26:56.356000,55,6,+6.928,+1.173
0 days 01:27:00.168000,55,6,+6.910,+1.146
0 days 01:27:08.750000,55,7,+6.910,+1.146
0 days 01:27:09.102000,55,8,+6.910,+1.146
0 days 01:27:09.398000,55,8,+7.591,+0.278
0 days 01:27:13.465000,55,8,+7.639,+0.308
0 days 01:27:14.150000,55,8,+7.485,+0.046
0 days 01:27:20.539000,55,9,+7.485,+0.046
0 days 01:27:21.678000,55,10,+7.485,+0.046
0 days 01:27:28.315000,55,11,+7.485,+0.046
0 days 01:27:36.876000,55,12,+7.485,+0.046
0 days 01:27:37.345000,55,13,+7.485,+0.046
0 days 01:27:37.793000,55,14,+7.485,+0.046
0 days 01:27:38.144000,55,15,+7.485,+0.046
0 days 01:27:38.307000,55,16,+7.485,+0.046
0 days 01:27:38.995000,55,17,+7.485,+0.046
0 days 01:27:41.339000,55,18,+7.485,+0.046
0 days 01:27:47.616000,55,18,+30.881,+5.028
0 days 01:27:50.453000,55,18,+31.452,+5.708
0 days 01:27:55.650000,55,18,+31.551,+5.193
0 days 01:28:01.202000,55,18,+31.609,+4.566
0 days 01:28:05.398000,55,18,+31.547,+4.443
0 days 01:28:08.450000,55,18,+31.550,+4.430
0 days 01:28:15.604000,55,18,+31.618,+4.213
0 days 01:28:19.350000,55,18,+31.642,+4.170
0 days 01:28:23.616000,55,18,+31.877,+4.445
0 days 01:28:29.410000,55,18,+31.947,+4.373
0 days 01:28:34.054000,55,18,+31.807,+4.020
0 days 01:28:38.015000,55,18,+31.789,+3.925
0 days 01:28:44.272000,55,18,+31.949,+3.709
0 days 01:28:49.531000,55,18,+31.858,+3.584
0 days 01:28:53.925000,55,18,+31.878,+3.552
0 days 01:28:58.743000,55,18,+31.907,+3.581
0 days 01:29:02.572000,55,18,+31.913,+3.616
0 days 01:29:11.026000,55,18,+31.983,+3.478
0 days 01:29:15.051000,55,18,+31.983,+3.435
0 days 01:29:15.851000,55,18,+32.019,+3.445
0 days 01:29:20.299000,55,18,+32.070,+3.441
0 days 01:29:24.693000,55,17,+32.070,+3.441
0 days 01:29:24.776000,55,17,+32.080,+3.515
0 days 01:29:26.050000,55,17,+32.082,+3.561
0 days 01:29:28.283000,55,17,+32.110,+3.626
0 days 01:29:33.451000,55,17,+32.256,+3.407
0 days 01:29:38.877000,55,17,+32.218,+3.212
0 days 01:29:43.209000,55,17,+32.321,+3.196
0 days 01:29:46.194000,55,17,+32.303,+3.169
0 days 01:29:53.302000,55,17,+32.199,+2.897
0 days 01:29:57.009000,55,17,+32.185,+2.862
0 days 01:30:01.212000,55,17,+32.266,+3.029
0 days 01:30:06.984000,55,17,+32.382,+2.726
0 days 01:30:11.744000,55,17,+32.385,+2.323
0 days 01:30:15.678000,55,17,+32.364,+2.250
0 days 01:30:21.873000,55,17,+32.398,+1.642
0 days 01:30:27.384000,55,17,+32.514,+1.581
0 days 01:30:31.748000,55,17,+32.550,+1.553
0 days 01:30:36.645000,55,17,+32.559,+1.681
0 days 01:30:40.372000,55,17,+32.536,+1.790
0 days 01:30:48.780000,55,17,+32.608,+1.229
0 days 01:30:52.801000,55,17,+32.596,+1.135
0 days 01:30:53.665000,55,17,+32.652,+1.056
0 days 01:30:58.214000,55,17,+32.783,+0.934
0 days 01:31:02.578000,55,17,+32.701,+1.039
0 days 01:31:03.793000,55,17,+32.664,+1.103
0 days 01:31:06.164000,55,17,+32.706,+1.166
0 days 01:31:11.645000,55,17,+32.978,+1.145
0 days 01:31:17.025000,55,17,+33.056,+0.849
0 days 01:31:21.299000,55,17,+33.025,+0.730
0 days 01:31:24.293000,55,17,+33.015,+0.726
0 days 01:31:31.625000,55,17,+33.208,+0.616
0 days 01:31:35.413000,55,17,+33.254,+0.651
0 days 01:31:39.578000,55,17,+33.258,+0.797
0 days 01:31:45.483000,55,17,+33.413,+0.477
0 days 01:31:50.452000,55,17,+33.567,+0.326
0 days 01:31:54.479000,55,17,+33.630,+0.348
0 days 01:32:01.053000,55,17,+34.086,+0.413
0 days 01:32:06.493000,55,17,+34.233,+0.188
0 days 01:32:11.004000,55,17,+34.323,+0.206
0 days 01:32:15.675000,55,17,+34.193,+0.066
0 days 01:32:19.109000,55,16,+34.193,+0.066
0 days 01:32:19.210000,55,16,+34.005,+2.510
0 days 01:32:27.558000,55,16,+33.956,+2.192
0 days 01:32:31.575000,55,16,+33.958,+2.137
0 days 01:32:32.409000,55,16,+34.011,+2.136
0 days 01:32:36.998000,55,16,+34.114,+2.208
0 days 01:32:41.378000,55,16,+34.061,+2.203
0 days 01:32:42.596000,55,16,+34.049,+2.198
0 days 01:32:44.921000,55,16,+34.096,+2.301
0 days 01:32:50.041000,55,16,+34.117,+2.114
0 days 01:32:55.653000,55,16,+34.122,+2.059
0 days 01:32:59.923000,55,16,+34.138,+2.045
0 days 01:33:02.931000,55,16,+34.123,+2.010
0 days 01:33:10.026000,55,16,+34.100,+1.796
0 days 01:33:13.752000,55,16,+34.078,+1.783
0 days 01:33:17.972000,55,16,+34.163,+2.004
0 days 01:33:23.756000,55,16,+34.137,+1.878
0 days 01:33:28.602000,55,16,+34.110,+1.759
0 days 01:33:32.613000,55,16,+34.110,+1.732
0 days 01:33:38.896000,55,16,+34.259,+1.719
0 days 01:33:44.327000,55,16,+34.185,+1.712
0 days 01:33:48.751000,55,16,+34.174,+1.719
0 days 01:33:53.542000,55,16,+34.176,+1.781
0 days 01:33:57.339000,55,16,+34.183,+1.935
0 days 01:34:05.789000,55,16,+34.248,+1.701
0 days 01:34:09.916000,55,16,+34.215,+1.655
0 days 01:34:10.586000,55,16,+34.225,+1.634
0 days 01:34:15.092000,55,16,+34.280,+1.690
0 days 01:34:19.495000,55,16,+34.213,+1.691
0 days 01:34:20.703000,55,16,+34.207,+1.689
0 days 01:34:23.091000,55,16,+34.265,+1.809
0 days 01:34:28.080000,55,16,+34.034,+1.344
0 days 01:34:33.650000,55,16,+34.143,+1.354
0 days 01:34:37.991000,55,16,+34.237,+1.445
0 days 01:34:41.053000,55,16,+34.222,+1.408
0 days 01:34:48.127000,55,16,+34.207,+1.331
0 days 01:34:51.882000,55,16,+34.199,+1.312
0 days 01:34:56.114000,55,16,+34.256,+1.620
0 days 01:35:01.916000,55,16,+34.286,+1.578
0 days 01:35:06.711000,55,16,+34.275,+1.433
0 days 01:35:10.695000,55,16,+34.255,+1.305
0 days 01:35:17.006000,55,16,+34.390,+1.331
0 days 01:35:22.521000,55,16,+34.459,+1.414
0 days 01:35:26.920000,55,16,+34.472,+1.440
0 days 01:35:31.711000,55,16,+34.482,+1.445
0 days 01:35:35.491000,55,16,+34.480,+1.405
0 days 01:35:43.928000,55,16,+34.565,+1.306
0 days 01:35:47.942000,55,16,+34.542,+1.254
0 days 01:35:48.783000,55,16,+34.583,+1.245
0 days 01:35:53.254000,55,16,+34.685,+1.308
0 days 01:35:57.654000,55,16,+34.622,+1.290
0 days 01:35:58.828000,55,16,+34.610,+1.280
0 days 01:36:01.121000,55,16,+34.624,+1.345
0 days 01:36:05.980000,55,16,+34.314,+0.823
0 days 01:36:11.654000,55,16,+34.421,+1.025
0 days 01:36:15.944000,55,16,+34.495,+0.983
0 days 01:36:18.913000,55,16,+34.471,+0.913
0 days 01:36:26.072000,55,16,+34.570,+0.817
0 days 01:36:29.880000,55,16,+34.605,+0.833
0 days 01:36:33.931000,55,16,+34.540,+0.986
0 days 01:36:39.784000,55,16,+34.656,+1.037
0 days 01:36:44.675000,55,16,+34.836,+0.978
0 days 01:36:48.661000,55,16,+34.884,+0.944
0 days 01:36:54.902000,55,16,+34.917,+0.956
0 days 01:37:00.448000,55,16,+35.023,+1.103
0 days 01:37:04.898000,55,16,+35.044,+1.108
0 days 01:37:09.574000,55,16,+35.016,+1.075
0 days 01:37:13.214000,55,16,+34.862,+0.871
0 days 01:37:21.654000,55,16,+35.002,+0.685
0 days 01:37:25.654000,55,16,+35.018,+0.628
0 days 01:37:26.499000,55,16,+35.067,+0.646
0 days 01:37:30.999000,55,16,+35.211,+0.710
0 days 01:37:35.275000,55,16,+35.018,+0.537
0 days 01:37:36.388000,55,16,+34.955,+0.468
0 days 01:37:38.658000,55,16,+34.963,+0.480
0 days 01:37:43.718000,55,16,+34.992,+0.398
0 days 01:37:49.446000,55,16,+35.286,+0.307
0 days 01:37:53.707000,55,16,+35.308,+0.269
0 days 01:37:56.602000,55,16,+35.244,+0.162
0 days 01:38:03.894000,55,15,+35.244,+0.162
0 days 01:38:03.988000,55,15,+35.449,+1.565
0 days 01:38:07.712000,55,15,+35.433,+1.502
0 days 01:38:11.804000,55,15,+35.375,+1.690
0 days 01:38:17.631000,55,15,+35.551,+1.720
0 days 01:38:22.457000,55,15,+35.651,+1.628
0 days 01:38:26.464000,55,15,+35.681,+1.591
0 days 01:38:32.944000,55,15,+35.917,+1.710
0 days 01:38:38.285000,55,15,+35.977,+1.711
0 days 01:38:42.655000,55,15,+36.010,+1.675
0 days 01:38:47.504000,55,15,+36.006,+1.644
0 days 01:38:51.244000,55,15,+36.002,+1.579
0 days 01:38:59.759000,55,15,+36.204,+1.375
0 days 01:39:03.699000,55,15,+36.192,+1.313
0 days 01:39:04.574000,55,15,+36.229,+1.309
0 days 01:39:09.105000,55,15,+36.288,+1.302
0 days 01:39:13.463000,55,15,+36.231,+1.263
0 days 01:39:14.715000,55,15,+36.224,+1.245
0 days 01:39:16.855000,55,15,+36.191,+1.337
0 days 01:39:22.055000,55,15,+36.182,+1.402
0 days 01:39:27.519000,55,15,+36.206,+1.344
0 days 01:39:31.855000,55,15,+36.348,+1.352
0 days 01:39:34.967000,55,15,+36.350,+1.317
0 days 01:39:42.113000,55,15,+36.486,+1.273
0 days 01:39:45.881000,55,15,+36.507,+1.268
0 days 01:39:50.004000,55,15,+36.528,+1.491
0 days 01:39:55.755000,55,15,+36.528,+1.436
0 days 01:40:00.555000,55,15,+36.619,+1.337
0 days 01:40:04.531000,55,15,+36.628,+1.268
0 days 01:40:10.923000,55,15,+36.921,+1.308
0 days 01:40:16.397000,55,15,+37.012,+1.410
0 days 01:40:20.801000,55,15,+37.059,+1.393
0 days 01:40:25.603000,55,15,+37.076,+1.367
0 days 01:40:29.404000,55,15,+37.067,+1.288
0 days 01:40:37.923000,55,15,+37.117,+1.147
0 days 01:40:41.899000,55,15,+37.153,+1.095
0 days 01:40:42.856000,55,15,+37.214,+1.131
0 days 01:40:47.245000,55,15,+37.290,+1.116
0 days 01:40:51.692000,55,15,+37.281,+1.085
0 days 01:40:52.995000,55,15,+37.308,+1.079
0 days 01:40:55.183000,55,15,+37.350,+1.232
0 days 01:41:00.302000,55,15,+37.174,+1.178
0 days 01:41:05.786000,55,15,+37.307,+1.168
0 days 01:41:10.145000,55,15,+37.422,+1.208
0 days 01:41:13.118000,55,15,+37.419,+1.170
0 days 01:41:20.356000,55,15,+37.542,+1.114
0 days 01:41:24.084000,55,15,+37.537,+1.072
0 days 01:41:28.172000,55,15,+37.480,+1.279
0 days 01:41:33.920000,55,15,+37.552,+1.296
0 days 01:41:38.782000,55,15,+37.623,+1.278
0 days 01:41:42.883000,55,15,+37.639,+1.228
0 days 01:41:49.148000,55,15,+37.895,+1.317
0 days 01:41:54.682000,55,15,+38.065,+1.437
0 days 01:41:59.056000,55,15,+38.073,+1.414
0 days 01:42:03.897000,55,15,+38.082,+1.388
0 days 01:42:07.645000,55,15,+38.077,+1.322
0 days 01:42:16.320000,55,15,+38.329,+1.281
0 days 01:42:20.246000,55,15,+38.319,+1.244
0 days 01:42:21.056000,55,15,+38.363,+1.282
0 days 01:42:25.576000,55,15,+38.450,+1.293
0 days 01:42:29.898000,55,14,+38.450,+1.293
0 days 01:42:29.983000,55,14,+38.388,+1.243
0 days 01:42:31.183000,55,14,+38.374,+1.218
0 days 01:42:33.485000,55,14,+38.357,+1.355
0 days 01:42:38.633000,55,14,+38.064,+1.038
0 days 01:42:44.045000,55,14,+38.335,+1.254
0 days 01:42:48.373000,55,14,+38.465,+1.313
0 days 01:42:51.398000,55,14,+38.463,+1.278
0 days 01:42:58.518000,55,14,+38.524,+1.237
0 days 01:43:02.302000,55,14,+38.530,+1.221
0 days 01:43:06.298000,55,14,+38.487,+1.380
0 days 01:43:12.030000,55,14,+38.449,+1.421
0 days 01:43:16.883000,55,14,+38.558,+1.373
0 days 01:43:20.957000,55,14,+38.615,+1.347
0 days 01:43:27.257000,55,14,+38.891,+1.426
0 days 01:43:32.846000,55,14,+39.019,+1.504
0 days 01:43:37.200000,55,14,+39.063,+1.501
0 days 01:43:42.054000,55,14,+39.077,+1.481
0 days 01:43:45.803000,55,14,+39.069,+1.421
0 days 01:43:54.375000,55,14,+39.303,+1.401
0 days 01:43:58.335000,55,14,+39.289,+1.333
0 days 01:43:59.183000,55,14,+39.323,+1.364
0 days 01:44:03.695000,55,14,+39.421,+1.367
0 days 01:44:08.087000,55,14,+39.396,+1.324
0 days 01:44:09.305000,55,14,+39.400,+1.313
0 days 01:44:11.605000,55,14,+39.394,+1.503
0 days 01:44:16.657000,55,14,+39.308,+1.252
0 days 01:44:22.262000,55,14,+39.553,+1.284
0 days 01:44:26.657000,55,14,+39.677,+1.323
0 days 01:44:29.605000,55,14,+39.666,+1.282
0 days 01:44:36.821000,55,14,+39.765,+1.259
0 days 01:44:40.642000,55,14,+39.799,+1.249
0 days 01:44:44.740000,55,14,+39.846,+1.481
0 days 01:44:50.560000,55,14,+40.019,+1.559
0 days 01:44:55.401000,55,14,+40.053,+1.454
0 days 01:44:59.329000,55,14,+40.015,+1.383
0 days 01:45:05.587000,55,14,+40.222,+1.513
0 days 01:45:11.133000,55,14,+40.352,+1.621
0 days 01:45:15.467000,55,14,+40.385,+1.617
0 days 01:45:20.347000,55,14,+40.391,+1.587
0 days 01:45:24.084000,55,14,+40.400,+1.537
0 days 01:45:32.558000,55,14,+40.497,+1.464
0 days 01:45:36.579000,55,14,+40.509,+1.421
0 days 01:45:37.399000,55,14,+40.544,+1.463
0 days 01:45:41.861000,55,14,+40.616,+1.490
0 days 01:45:46.220000,55,14,+40.564,+1.458
0 days 01:45:47.447000,55,14,+40.552,+1.439
0 days 01:45:49.727000,55,14,+40.596,+1.626
0 days 01:45:54.758000,55,14,+40.601,+1.457
0 days 01:46:00.477000,55,14,+40.829,+1.563
0 days 01:46:04.786000,55,14,+40.926,+1.547
0 days 01:46:07.735000,55,14,+40.920,+1.508
0 days 01:46:14.904000,55,14,+41.019,+1.401
0 days 01:46:18.679000,55,14,+41.029,+1.361
0 days 01:46:22.849000,55,14,+41.179,+1.649
0 days 01:46:28.642000,55,14,+41.319,+1.735
0 days 01:46:33.461000,55,14,+41.395,+1.654
0 days 01:46:37.434000,55,14,+41.409,+1.607
0 days 01:46:43.679000,55,14,+41.623,+1.627
0 days 01:46:49.185000,55,14,+41.713,+1.708
0 days 01:46:53.476000,55,14,+41.721,+1.697
0 days 01:46:58.320000,55,14,+41.728,+1.682
0 days 01:47:02.159000,55,14,+41.725,+1.623
0 days 01:47:10.606000,55,14,+41.914,+1.524
0 days 01:47:14.533000,55,14,+41.907,+1.482
0 days 01:47:15.348000,55,14,+41.938,+1.504
0 days 01:47:19.813000,55,14,+42.034,+1.483
0 days 01:47:24.192000,55,14,+41.995,+1.428
0 days 01:47:25.405000,55,14,+41.996,+1.416
0 days 01:47:27.733000,55,14,+42.095,+1.618
0 days 01:47:32.787000,55,14,+42.046,+1.447
0 days 01:47:38.177000,55,14,+42.027,+1.487
0 days 01:47:42.559000,55,14,+42.146,+1.471
0 days 01:47:45.540000,55,14,+42.139,+1.425
0 days 01:47:52.657000,55,14,+42.180,+1.373
0 days 01:47:56.408000,55,14,+42.179,+1.350
0 days 01:48:00.559000,55,14,+42.270,+1.625
0 days 01:48:06.310000,55,14,+42.466,+1.782
0 days 01:48:11.161000,55,14,+42.476,+1.648
0 days 01:48:15.150000,55,14,+42.479,+1.604
0 days 01:48:21.459000,55,14,+42.663,+1.597
0 days 01:48:26.876000,55,14,+42.766,+1.631
0 days 01:48:31.217000,55,14,+42.777,+1.597
0 days 01:48:36.035000,55,14,+42.772,+1.561
0 days 01:48:40.078000,55,14,+42.767,+1.498
0 days 01:48:48.346000,55,14,+42.975,+1.332
0 days 01:48:52.285000,55,14,+42.980,+1.269
0 days 01:48:53.113000,55,14,+43.015,+1.291
0 days 01:48:57.560000,55,14,+42.986,+1.271
0 days 01:49:01.952000,55,14,+42.934,+1.222
0 days 01:49:03.204000,55,14,+42.937,+1.210
0 days 01:49:05.486000,55,14,+42.994,+1.366
0 days 01:49:10.579000,55,14,+43.060,+1.293
0 days 01:49:16.060000,55,14,+43.155,+1.302
0 days 01:49:20.486000,55,14,+43.355,+1.391
0 days 01:49:23.477000,55,14,+43.355,+1.362
0 days 01:49:30.679000,55,14,+43.434,+1.338
0 days 01:49:34.436000,55,14,+43.455,+1.316
0 days 01:49:38.586000,55,14,+43.605,+1.647
0 days 01:49:44.285000,55,14,+43.703,+1.685
0 days 01:49:49.160000,55,14,+43.802,+1.622
0 days 01:49:53.153000,55,14,+43.824,+1.579
0 days 01:49:59.493000,55,14,+44.006,+1.663
0 days 01:50:04.992000,55,14,+44.192,+1.780
0 days 01:50:09.360000,55,14,+44.246,+1.783
0 days 01:50:14.186000,55,14,+44.259,+1.766
0 days 01:50:18.008000,55,14,+44.263,+1.715
0 days 01:50:26.607000,55,14,+44.515,+1.635
0 days 01:50:30.560000,55,14,+44.508,+1.604
0 days 01:50:31.352000,55,14,+44.530,+1.638
0 days 01:50:35.833000,55,14,+44.576,+1.617
0 days 01:50:40.260000,55,14,+44.541,+1.579
0 days 01:50:41.451000,55,14,+44.535,+1.564
0 days 01:50:43.755000,55,14,+44.592,+1.724
0 days 01:50:48.886000,55,14,+44.674,+1.753
0 days 01:50:54.311000,55,14,+44.594,+1.740
0 days 01:50:58.660000,55,14,+44.645,+1.656
0 days 01:51:01.734000,55,14,+44.648,+1.611
0 days 01:51:08.788000,55,14,+44.755,+1.539
0 days 01:51:12.515000,55,14,+44.757,+1.509
0 days 01:51:16.657000,55,14,+44.868,+1.781
0 days 01:51:22.362000,55,14,+44.936,+1.831
0 days 01:51:27.211000,55,14,+45.076,+1.774
0 days 01:51:31.249000,55,14,+45.101,+1.709
0 days 01:51:37.498000,55,14,+45.332,+1.716
0 days 01:51:43.030000,55,14,+45.491,+1.813
0 days 01:51:47.434000,55,14,+45.542,+1.814
0 days 01:51:52.251000,55,14,+45.546,+1.792
0 days 01:51:56.035000,55,14,+45.545,+1.744
0 days 01:52:04.491000,55,14,+45.719,+1.680
0 days 01:52:08.538000,55,14,+45.696,+1.614
0 days 01:52:09.237000,55,14,+45.709,+1.618
0 days 01:52:13.738000,55,14,+45.782,+1.685
0 days 01:52:18.141000,55,14,+45.747,+1.656
0 days 01:52:19.326000,55,14,+45.751,+1.646
0 days 01:52:21.661000,55,14,+45.832,+1.807
0 days 01:52:26.666000,55,14,+45.780,+1.828
0 days 01:52:32.141000,55,14,+45.810,+1.746
0 days 01:52:36.491000,55,14,+45.883,+1.743
0 days 01:52:39.495000,55,14,+45.891,+1.716
0 days 01:52:46.700000,55,14,+46.030,+1.729
0 days 01:52:50.450000,55,14,+46.047,+1.705
0 days 01:52:54.561000,55,14,+46.197,+1.977
0 days 01:53:00.388000,55,14,+46.422,+2.106
0 days 01:53:05.187000,55,14,+46.527,+2.024
0 days 01:53:09.161000,55,14,+46.534,+1.960
0 days 01:53:15.407000,55,14,+46.649,+1.902
0 days 01:53:20.916000,55,14,+46.854,+1.914
0 days 01:53:25.210000,55,14,+46.888,+1.902
0 days 01:53:30.061000,55,14,+46.902,+1.883
0 days 01:53:33.861000,55,14,+46.899,+1.834
0 days 01:53:42.234000,55,14,+46.998,+1.641
0 days 01:53:46.208000,55,14,+47.001,+1.588
0 days 01:53:47.035000,55,14,+47.035,+1.590
0 days 01:53:51.506000,55,14,+47.116,+1.563
0 days 01:53:55.835000,55,13,+47.116,+1.563
0 days 01:53:55.906000,55,13,+47.091,+1.514
0 days 01:53:57.128000,55,13,+47.097,+1.501
0 days 01:53:59.390000,55,13,+47.142,+1.651
0 days 01:54:04.461000,55,13,+47.097,+1.698
0 days 01:54:10.106000,55,13,+47.183,+1.705
0 days 01:54:14.441000,55,13,+47.295,+1.769
0 days 01:54:17.400000,55,13,+47.291,+1.725
0 days 01:54:24.603000,55,13,+47.462,+1.638
0 days 01:54:28.388000,55,13,+47.477,+1.613
0 days 01:54:32.580000,55,13,+47.671,+1.951
0 days 01:54:38.261000,55,13,+47.818,+2.016
0 days 01:54:43.126000,55,13,+47.887,+1.992
0 days 01:54:47.082000,55,13,+47.896,+1.939
0 days 01:54:53.443000,55,13,+48.069,+2.033
0 days 01:54:58.888000,55,13,+48.118,+1.909
0 days 01:55:03.176000,55,13,+48.128,+1.872
0 days 01:55:07.958000,55,13,+48.128,+1.826
0 days 01:55:11.745000,55,13,+48.118,+1.763
0 days 01:55:20.370000,55,13,+48.339,+1.771
0 days 01:55:24.279000,55,13,+48.315,+1.734
0 days 01:55:25.111000,55,13,+48.332,+1.764
0 days 01:55:29.582000,55,13,+48.373,+1.756
0 days 01:55:33.979000,55,13,+48.333,+1.705
0 days 01:55:35.163000,55,13,+48.339,+1.688
0 days 01:55:37.462000,55,13,+48.451,+1.883
0 days 01:55:42.490000,55,13,+48.452,+1.885
0 days 01:55:48.081000,55,13,+48.513,+1.933
0 days 01:55:52.421000,55,13,+48.539,+1.892
0 days 01:55:55.351000,55,13,+48.538,+1.857
0 days 01:56:02.588000,55,13,+48.722,+1.857
0 days 01:56:06.314000,55,13,+48.733,+1.848
0 days 01:56:10.384000,55,13,+48.775,+2.076
0 days 01:56:16.088000,55,13,+48.866,+2.229
0 days 01:56:21.004000,55,13,+48.974,+2.205
0 days 01:56:24.929000,55,13,+48.971,+2.154
0 days 01:56:31.320000,55,13,+49.239,+2.257
0 days 01:56:36.706000,55,13,+49.275,+2.230
0 days 01:56:41.022000,55,13,+49.256,+2.201
0 days 01:56:45.851000,55,13,+49.231,+2.147
0 days 01:56:49.631000,55,13,+49.227,+2.080
0 days 01:56:58.139000,55,14,+49.227,+2.080
0 days 01:56:58.293000,55,14,+49.591,+0.059
0 days 01:57:02.389000,55,14,+49.666,+0.042
0 days 01:57:03.403000,55,14,+49.931,+0.157
0 days 01:57:08.310000,55,14,+50.485,+0.452
0 days 01:57:12.489000,55,13,+50.485,+0.452
0 days 01:57:12.577000,55,13,+50.337,+0.338
0 days 01:57:13.783000,55,13,+50.325,+0.350
0 days 01:57:16.151000,55,13,+50.475,+0.455
0 days 01:57:21.286000,55,13,+50.522,+0.457
0 days 01:57:27.089000,55,13,+50.852,+0.738
0 days 01:57:31.389000,55,13,+50.852,+0.833
0 days 01:57:34.363000,55,13,+50.869,+0.857
0 days 01:57:41.566000,55,13,+51.074,+1.021
0 days 01:57:45.357000,55,13,+51.099,+1.046
0 days 01:57:49.562000,55,13,+51.298,+1.255
0 days 01:57:55.508000,55,13,+51.580,+1.446
0 days 01:58:00.663000,55,13,+51.964,+1.925
0 days 01:58:04.791000,55,13,+52.121,+2.025
0 days 01:58:11.033000,55,13,+52.274,+2.070
0 days 01:58:16.458000,55,13,+52.348,+2.191
0 days 01:58:20.815000,55,13,+52.387,+2.199
0 days 01:58:25.621000,55,13,+52.398,+2.212
0 days 01:58:29.489000,55,13,+52.380,+2.195
0 days 01:58:38.037000,55,13,+52.518,+2.498
0 days 01:58:41.981000,55,13,+52.524,+2.516
0 days 01:58:42.863000,55,13,+52.561,+2.534
0 days 01:58:47.349000,55,13,+52.674,+2.644
0 days 01:58:51.652000,55,12,+52.674,+2.644
0 days 01:58:51.724000,55,12,+52.712,+2.706
0 days 01:58:52.989000,55,12,+52.759,+2.739
0 days 01:58:55.282000,55,12,+52.850,+2.781
0 days 01:59:00.283000,55,12,+52.753,+2.587
0 days 01:59:05.862000,55,12,+52.853,+2.802
0 days 01:59:10.285000,55,12,+52.895,+2.892
0 days 01:59:13.185000,55,12,+52.904,+2.892
0 days 01:59:20.285000,55,12,+52.975,+2.914
0 days 01:59:23.994000,55,12,+52.984,+2.908
0 days 01:59:28.023000,55,12,+52.973,+2.881
0 days 01:59:33.740000,55,12,+53.043,+2.943
0 days 01:59:38.675000,55,12,+53.126,+3.115
0 days 01:59:42.602000,55,12,+53.152,+3.121
0 days 01:59:49.049000,55,12,+53.491,+3.305
0 days 01:59:54.434000,55,12,+53.537,+3.476
0 days 01:59:58.739000,55,12,+53.559,+3.482
0 days 02:00:03.565000,55,12,+53.561,+3.505
0 days 02:00:07.359000,55,12,+53.560,+3.511
0 days 02:00:15.865000,55,12,+53.660,+3.678
0 days 02:00:19.881000,55,12,+53.662,+3.673
0 days 02:00:20.624000,55,12,+53.718,+3.699
0 days 02:00:25.164000,55,12,+53.787,+3.807
0 days 02:00:29.590000,55,12,+53.777,+3.858
0 days 02:00:30.711000,55,12,+53.794,+3.877
0 days 02:00:32.973000,55,12,+53.843,+3.915
0 days 02:00:37.967000,55,12,+53.850,+3.833
0 days 02:00:43.530000,55,12,+53.839,+3.891
0 days 02:00:47.837000,55,12,+53.931,+4.001
0 days 02:00:50.792000,55,12,+53.941,+4.027
0 days 02:00:57.919000,55,12,+54.032,+4.112
0 days 02:01:01.680000,55,12,+54.027,+4.131
0 days 02:01:05.759000,55,12,+54.126,+4.201
0 days 02:01:11.425000,55,12,+54.133,+4.151
0 days 02:01:16.265000,55,12,+54.190,+4.187
0 days 02:01:20.311000,55,12,+54.228,+4.207
0 days 02:01:26.490000,55,12,+54.342,+4.292
0 days 02:01:31.882000,55,12,+54.423,+4.341
0 days 02:01:36.224000,55,12,+54.473,+4.371
0 days 02:01:41.027000,55,12,+54.489,+4.489
0 days 02:01:44.844000,55,12,+54.496,+4.678
0 days 02:01:53.291000,55,12,+54.462,+4.841
0 days 02:01:57.154000,55,12,+54.454,+4.699
0 days 02:01:58.012000,55,12,+54.482,+4.379
0 days 02:02:02.515000,55,12,+54.624,+3.890
0 days 02:02:06.891000,55,12,+54.623,+4.007
0 days 02:02:08.066000,55,12,+54.633,+4.078
0 days 02:02:10.353000,55,12,+54.691,+3.957
0 days 02:02:15.112000,55,12,+54.471,+3.759
0 days 02:02:20.623000,55,12,+54.546,+3.550
0 days 02:02:24.995000,55,12,+54.650,+3.616
0 days 02:02:27.939000,55,12,+54.650,+3.625
0 days 02:02:35.120000,55,12,+54.728,+3.480
0 days 02:02:38.784000,55,12,+54.743,+3.513
0 days 02:02:42.865000,55,12,+54.897,+3.437
0 days 02:02:48.521000,55,12,+55.017,+3.301
0 days 02:02:53.497000,55,12,+55.027,+3.309
0 days 02:02:57.388000,55,12,+55.040,+3.322
0 days 02:03:03.622000,55,12,+55.226,+3.396
0 days 02:03:09.089000,55,12,+55.416,+3.493
0 days 02:03:13.410000,55,12,+55.469,+3.506
0 days 02:03:18.245000,55,12,+55.475,+3.618
0 days 02:03:22.092000,55,12,+55.477,+3.817
0 days 02:03:30.416000,55,12,+55.419,+3.730
0 days 02:03:34.391000,55,12,+55.439,+3.371
0 days 02:03:35.166000,55,12,+55.483,+3.047
0 days 02:03:39.665000,55,12,+55.604,+2.937
0 days 02:03:44.036000,55,12,+55.605,+3.065
0 days 02:03:45.242000,55,12,+55.610,+3.052
0 days 02:03:47.642000,55,12,+55.652,+2.980
0 days 02:03:52.491000,55,12,+55.736,+2.696
0 days 02:03:58.127000,55,12,+55.888,+2.532
0 days 02:04:02.463000,55,12,+55.975,+2.587
0 days 02:04:05.413000,55,12,+55.986,+2.539
0 days 02:04:12.494000,55,12,+56.064,+2.308
0 days 02:04:16.246000,55,12,+56.083,+2.306
0 days 02:04:20.339000,55,12,+56.231,+2.508
0 days 02:04:25.995000,55,12,+56.424,+2.447
0 days 02:04:30.829000,55,12,+56.492,+2.164
0 days 02:04:34.813000,55,12,+56.537,+2.049
0 days 02:04:41.101000,55,12,+56.733,+1.994
0 days 02:04:46.596000,55,12,+56.933,+2.028
0 days 02:04:50.944000,55,12,+56.963,+2.003
0 days 02:04:55.766000,55,12,+56.967,+1.983
0 days 02:04:59.592000,55,12,+56.960,+1.842
0 days 02:05:07.992000,55,12,+57.003,+1.641
0 days 02:05:11.932000,55,12,+57.025,+1.602
0 days 02:05:12.754000,55,12,+57.061,+1.629
0 days 02:05:17.222000,55,12,+57.145,+1.654
0 days 02:05:21.592000,55,12,+57.158,+1.619
0 days 02:05:22.796000,55,12,+57.179,+1.600
0 days 02:05:25.047000,55,12,+57.243,+1.702
0 days 02:05:30.028000,55,12,+57.268,+1.739
0 days 02:05:35.661000,55,12,+57.452,+1.835
0 days 02:05:39.975000,55,12,+57.531,+1.849
0 days 02:05:42.941000,55,12,+57.548,+1.812
0 days 02:05:50.085000,55,12,+57.709,+1.747
0 days 02:05:53.823000,55,12,+57.732,+1.741
0 days 02:05:57.858000,55,12,+57.863,+1.895
0 days 02:06:03.514000,55,12,+58.035,+2.058
0 days 02:06:08.366000,55,12,+58.144,+2.034
0 days 02:06:12.326000,55,12,+58.147,+1.947
0 days 02:06:18.645000,55,12,+58.378,+1.996
0 days 02:06:24.067000,55,12,+58.446,+2.062
0 days 02:06:28.393000,55,12,+58.451,+2.069
0 days 02:06:33.201000,55,12,+58.461,+2.072
0 days 02:06:37.039000,55,12,+58.458,+1.993
0 days 02:06:45.467000,55,12,+58.483,+1.866
0 days 02:06:49.369000,55,12,+58.487,+1.803
0 days 02:06:50.248000,55,12,+58.513,+1.833
0 days 02:06:54.682000,55,12,+58.579,+1.875
0 days 02:06:59.093000,55,12,+58.581,+1.824
0 days 02:07:00.286000,55,12,+58.602,+1.800
0 days 02:07:02.534000,55,12,+58.676,+1.951
0 days 02:07:07.525000,55,12,+58.747,+2.014
0 days 02:07:13.075000,55,12,+58.836,+2.107
0 days 02:07:17.493000,55,12,+58.933,+2.154
0 days 02:07:20.484000,55,12,+58.946,+2.090
0 days 02:07:27.546000,55,12,+59.035,+1.957
0 days 02:07:31.332000,55,12,+59.028,+1.933
0 days 02:07:35.291000,55,12,+59.130,+2.068
0 days 02:07:41.021000,55,12,+59.280,+2.258
0 days 02:07:45.795000,55,12,+59.280,+2.245
0 days 02:07:49.767000,55,12,+59.284,+2.180
0 days 02:07:56.096000,55,12,+59.498,+2.265
0 days 02:08:01.367000,55,12,+59.494,+2.258
0 days 02:08:05.686000,55,12,+59.467,+2.220
0 days 02:08:10.448000,55,12,+59.446,+2.185
0 days 02:08:14.293000,55,12,+59.447,+2.079
0 days 02:08:22.808000,55,12,+59.589,+2.073
0 days 02:08:26.795000,55,12,+59.581,+2.003
0 days 02:08:27.630000,55,12,+59.591,+2.037
0 days 02:08:32.067000,55,12,+59.639,+2.079
0 days 02:08:36.441000,55,12,+59.646,+2.059
0 days 02:08:37.726000,55,12,+59.643,+2.027
0 days 02:08:39.928000,55,13,+59.643,+2.027
0 days 02:08:40.127000,55,13,+59.975,+0.383
0 days 02:08:45.411000,55,13,+60.162,+0.677
0 days 02:08:51.210000,55,13,+60.461,+0.867
0 days 02:08:55.407000,55,13,+60.440,+0.902
0 days 02:08:58.368000,55,13,+60.453,+0.874
0 days 02:09:05.593000,55,13,+60.602,+0.985
0 days 02:09:09.360000,55,13,+60.618,+0.976
0 days 02:09:13.667000,55,13,+60.795,+0.825
0 days 02:09:19.209000,55,13,+61.067,+1.110
0 days 02:09:24.243000,55,13,+61.315,+1.425
0 days 02:09:28.313000,55,13,+61.371,+1.482
0 days 02:09:34.723000,55,13,+61.655,+1.690
0 days 02:09:40.111000,55,13,+61.767,+1.780
0 days 02:09:44.464000,55,13,+61.807,+1.775
0 days 02:09:49.371000,55,13,+61.819,+1.773
0 days 02:09:53.094000,55,13,+61.824,+1.763
0 days 02:10:01.610000,55,13,+61.971,+1.890
0 days 02:10:05.568000,55,13,+61.994,+1.940
0 days 02:10:06.394000,55,13,+62.022,+1.988
0 days 02:10:10.926000,55,13,+62.152,+2.043
0 days 02:10:15.397000,55,13,+62.209,+2.100
0 days 02:10:16.617000,55,13,+62.247,+2.149
0 days 02:10:18.877000,55,13,+62.314,+2.298
0 days 02:10:23.857000,55,13,+62.318,+2.278
0 days 02:10:29.617000,55,13,+62.310,+2.402
0 days 02:10:33.847000,55,13,+62.369,+2.469
0 days 02:10:36.797000,55,13,+62.391,+2.459
0 days 02:10:43.893000,55,13,+62.437,+2.451
0 days 02:10:47.662000,55,13,+62.439,+2.476
0 days 02:10:51.570000,55,13,+62.455,+2.409
0 days 02:10:57.194000,55,13,+62.587,+2.660
0 days 02:11:02.013000,55,13,+62.554,+2.697
0 days 02:11:05.945000,55,13,+62.558,+2.684
0 days 02:11:12.272000,55,13,+62.722,+2.777
0 days 02:11:17.668000,55,13,+62.834,+2.817
0 days 02:11:22.042000,55,13,+62.899,+2.841
0 days 02:11:26.869000,55,13,+62.919,+2.853
0 days 02:11:30.706000,55,13,+62.922,+2.852
0 days 02:11:39.207000,55,13,+63.057,+2.874
0 days 02:11:43.144000,55,13,+63.054,+2.858
0 days 02:11:43.935000,55,13,+63.071,+2.880
0 days 02:11:48.516000,55,13,+63.169,+3.024
0 days 02:11:52.875000,55,13,+63.175,+3.050
0 days 02:11:54.145000,55,13,+63.194,+3.052
0 days 02:11:56.314000,55,13,+63.214,+3.154
0 days 02:12:01.396000,55,13,+63.167,+3.150
0 days 02:12:06.946000,55,13,+63.232,+3.204
0 days 02:12:11.248000,55,13,+63.261,+3.272
0 days 02:12:14.194000,55,13,+63.263,+3.249
0 days 02:12:21.295000,55,13,+63.264,+3.214
0 days 02:12:25.019000,55,13,+63.271,+3.218
0 days 02:12:28.942000,55,13,+63.169,+3.177
0 days 02:12:34.522000,55,13,+63.209,+3.242
0 days 02:12:39.413000,55,13,+63.294,+3.182
0 days 02:12:43.368000,55,13,+63.297,+3.109
0 days 02:12:49.743000,55,13,+63.533,+3.182
0 days 02:12:54.998000,55,13,+63.483,+3.084
0 days 02:12:59.342000,55,13,+63.498,+3.063
0 days 02:13:04.186000,55,13,+63.495,+3.058
0 days 02:13:08.001000,55,13,+63.506,+3.061
0 days 02:13:16.586000,55,13,+63.561,+3.101
0 days 02:13:20.394000,55,13,+63.559,+3.099
0 days 02:13:21.230000,55,13,+63.596,+3.128
0 days 02:13:25.737000,55,13,+63.688,+3.131
0 days 02:13:30.022000,55,13,+63.677,+3.131
0 days 02:13:31.302000,55,13,+63.687,+3.128
0 days 02:13:33.570000,55,13,+63.777,+3.278
0 days 02:13:38.465000,55,13,+63.688,+3.237
0 days 02:13:44.145000,55,13,+63.861,+3.397
0 days 02:13:48.420000,55,13,+63.808,+3.365
0 days 02:13:51.336000,55,13,+63.817,+3.357
0 days 02:13:58.446000,55,13,+63.941,+3.359
0 days 02:14:02.210000,55,13,+63.965,+3.371
0 days 02:14:06.144000,55,13,+63.925,+3.416
0 days 02:14:11.665000,55,13,+63.989,+3.482
0 days 02:14:16.596000,55,13,+64.044,+3.609
0 days 02:14:20.595000,55,13,+64.000,+3.600
0 days 02:14:26.860000,55,13,+64.119,+3.635
0 days 02:14:32.295000,55,13,+64.282,+3.743
0 days 02:14:36.637000,55,13,+64.333,+3.761
0 days 02:14:41.489000,55,13,+64.344,+3.777
0 days 02:14:45.397000,55,13,+64.358,+3.782
0 days 02:14:53.754000,55,13,+64.454,+3.750
0 days 02:14:57.696000,55,13,+64.486,+3.787
0 days 02:14:58.543000,55,13,+64.538,+3.818
0 days 02:15:03.259000,55,13,+64.583,+3.842
0 days 02:15:07.527000,55,13,+64.628,+3.892
0 days 02:15:08.670000,55,13,+64.662,+3.921
0 days 02:15:10.816000,55,13,+64.671,+3.994
0 days 02:15:15.772000,55,13,+64.565,+3.883
0 days 02:15:21.494000,55,13,+64.778,+4.020
0 days 02:15:25.744000,55,13,+64.790,+4.084
0 days 02:15:28.709000,55,13,+64.807,+4.091
0 days 02:15:35.834000,55,13,+64.879,+4.028
0 days 02:15:39.589000,55,13,+64.895,+4.028
0 days 02:15:43.414000,55,13,+64.871,+3.929
0 days 02:15:49.017000,55,13,+64.852,+3.924
0 days 02:15:54.004000,55,13,+65.002,+4.038
0 days 02:15:57.858000,55,13,+65.018,+4.043
0 days 02:16:04.154000,55,13,+65.169,+4.095
0 days 02:16:09.517000,55,13,+65.259,+4.057
0 days 02:16:13.871000,55,13,+65.274,+4.009
0 days 02:16:18.699000,55,13,+65.282,+4.003
0 days 02:16:22.579000,55,13,+65.291,+4.005
0 days 02:16:30.997000,55,13,+65.475,+4.105
0 days 02:16:34.903000,55,13,+65.480,+4.119
0 days 02:16:35.696000,55,13,+65.499,+4.095
0 days 02:16:40.201000,55,13,+65.588,+4.073
0 days 02:16:44.615000,55,13,+65.680,+4.159
0 days 02:16:45.897000,55,13,+65.727,+4.202
0 days 02:16:48.019000,55,13,+65.731,+4.287
0 days 02:16:53.096000,55,13,+65.779,+4.403
0 days 02:16:58.691000,55,13,+65.857,+4.442
0 days 02:17:03.045000,55,13,+65.917,+4.495
0 days 02:17:05.975000,55,13,+65.946,+4.512
0 days 02:17:13.071000,55,13,+66.002,+4.479
0 days 02:17:16.793000,55,13,+66.011,+4.479
0 days 02:17:20.749000,55,13,+66.080,+4.525
0 days 02:17:26.371000,55,13,+66.267,+4.546
0 days 02:17:31.334000,55,13,+66.389,+4.661
0 days 02:17:35.289000,55,13,+66.430,+4.657
0 days 02:17:41.645000,55,13,+66.556,+4.731
0 days 02:17:46.897000,55,13,+66.624,+4.669
0 days 02:17:51.274000,55,13,+66.678,+4.675
0 days 02:17:56.110000,55,13,+66.697,+4.679
0 days 02:17:59.971000,55,13,+66.713,+4.684
0 days 02:18:08.244000,55,13,+66.801,+4.679
0 days 02:18:12.224000,55,13,+66.833,+4.734
0 days 02:18:13.071000,55,13,+66.861,+4.757
0 days 02:18:17.521000,55,13,+66.935,+4.777
0 days 02:18:21.888000,55,13,+66.985,+4.815
0 days 02:18:23.135000,55,13,+67.026,+4.845
0 days 02:18:25.388000,55,13,+67.152,+5.030
0 days 02:18:30.199000,55,13,+67.014,+4.846
0 days 02:18:35.898000,55,13,+67.063,+4.947
0 days 02:18:40.213000,55,13,+67.132,+4.946
0 days 02:18:43.272000,55,13,+67.193,+4.973
0 days 02:18:50.298000,55,13,+67.192,+4.894
0 days 02:18:54.013000,55,13,+67.194,+4.891
0 days 02:18:57.845000,55,13,+67.182,+4.833
0 days 02:19:03.440000,55,13,+67.279,+4.863
0 days 02:19:08.374000,55,13,+67.278,+4.955
0 days 02:19:12.397000,55,13,+67.301,+4.978
0 days 02:19:18.669000,55,13,+67.433,+4.961
0 days 02:19:23.923000,55,13,+67.327,+4.935
0 days 02:19:28.280000,55,13,+67.340,+4.932
0 days 02:19:33.023000,55,13,+67.415,+4.931
0 days 02:19:36.838000,55,13,+67.605,+4.929
0 days 02:19:45.218000,55,13,+67.718,+4.931
0 days 02:19:49.231000,55,13,+67.751,+4.956
0 days 02:19:50.004000,55,13,+67.784,+4.961
0 days 02:19:54.442000,55,13,+67.858,+5.006
0 days 02:19:58.773000,55,13,+67.883,+5.027
0 days 02:20:00.149000,55,13,+67.921,+5.051
0 days 02:20:02.217000,55,13,+67.995,+5.188
0 days 02:20:07.013000,55,13,+67.927,+4.931
0 days 02:20:12.672000,55,13,+68.052,+4.968
0 days 02:20:17.019000,55,13,+68.160,+5.007
0 days 02:20:20.034000,55,13,+68.202,+5.030
0 days 02:20:27.168000,55,13,+68.328,+5.043
0 days 02:20:30.846000,55,13,+68.349,+5.054
0 days 02:20:34.709000,55,13,+68.316,+4.952
0 days 02:20:40.289000,55,13,+68.379,+4.820
0 days 02:20:45.172000,55,13,+68.459,+4.907
0 days 02:20:49.119000,55,13,+68.494,+4.928
0 days 02:20:55.371000,55,13,+68.671,+4.949
0 days 02:21:00.605000,55,13,+68.665,+4.815
0 days 02:21:04.916000,55,13,+68.692,+4.798
0 days 02:21:09.708000,55,13,+68.706,+4.776
0 days 02:21:13.682000,55,13,+68.733,+4.780
0 days 02:21:22.004000,55,13,+68.859,+4.890
0 days 02:21:25.972000,55,13,+68.888,+4.911
0 days 02:21:26.788000,55,13,+68.921,+4.894
0 days 02:21:31.221000,55,13,+69.013,+4.902
0 days 02:21:35.668000,55,13,+69.057,+4.918
0 days 02:21:36.822000,55,13,+69.102,+4.954
0 days 02:21:39.097000,55,13,+69.232,+5.098
0 days 02:21:43.831000,55,13,+69.015,+4.835
0 days 02:21:49.508000,55,13,+69.085,+4.924
0 days 02:21:53.834000,55,13,+69.137,+4.939
0 days 02:21:56.799000,55,13,+69.192,+4.959
0 days 02:22:03.846000,55,13,+69.268,+4.952
0 days 02:22:07.569000,55,13,+69.279,+4.947
0 days 02:22:11.392000,55,13,+69.215,+4.838
0 days 02:22:17.103000,55,13,+69.409,+4.846
0 days 02:22:21.837000,55,13,+69.364,+4.941
0 days 02:22:25.821000,55,13,+69.394,+4.952
0 days 02:22:32.101000,55,13,+69.436,+4.858
0 days 02:22:37.447000,55,13,+69.501,+4.773
0 days 02:22:41.728000,55,13,+69.513,+4.725
0 days 02:22:46.547000,55,13,+69.545,+4.709
0 days 02:22:50.343000,55,13,+69.556,+4.697
0 days 02:22:58.774000,55,13,+69.663,+4.718
0 days 02:23:02.748000,55,13,+69.675,+4.750
0 days 02:23:03.615000,55,13,+69.714,+4.789
0 days 02:23:08.040000,55,13,+69.760,+4.799
0 days 02:23:12.536000,55,13,+69.766,+4.809
0 days 02:23:13.641000,55,13,+69.796,+4.825
0 days 02:23:15.899000,55,13,+69.820,+4.920
0 days 02:23:20.673000,55,13,+69.707,+4.639
0 days 02:23:26.308000,55,13,+69.766,+4.683
0 days 02:23:30.566000,55,13,+69.803,+4.707
0 days 02:23:33.574000,55,13,+69.841,+4.736
0 days 02:23:40.804000,55,13,+69.854,+4.660
0 days 02:23:44.365000,55,13,+69.868,+4.660
0 days 02:23:48.200000,55,13,+69.831,+4.615
0 days 02:23:53.730000,55,13,+69.953,+4.529
0 days 02:23:58.610000,55,13,+70.094,+4.568
0 days 02:24:02.623000,55,13,+70.160,+4.590
0 days 02:24:08.874000,55,13,+70.251,+4.530
0 days 02:24:14.325000,55,13,+70.510,+4.633
0 days 02:24:18.623000,55,13,+70.525,+4.603
0 days 02:24:23.493000,55,13,+70.528,+4.587
0 days 02:24:27.263000,55,13,+70.549,+4.588
0 days 02:24:35.763000,55,13,+70.756,+4.684
0 days 02:24:39.874000,55,13,+70.777,+4.720
0 days 02:24:40.654000,55,13,+70.795,+4.715
0 days 02:24:45,55,13,+70.945,+4.752
0 days 02:24:49.377000,55,13,+70.975,+4.761
0 days 02:24:50.626000,55,13,+71.006,+4.777
0 days 02:24:52.763000,55,13,+71.014,+4.851
0 days 02:24:57.759000,55,13,+71.013,+4.676
0 days 02:25:03.531000,55,13,+71.363,+4.780
0 days 02:25:07.815000,55,13,+71.409,+4.795
0 days 02:25:10.769000,55,13,+71.451,+4.830
0 days 02:25:17.912000,55,13,+71.628,+4.873
0 days 02:25:21.681000,55,13,+71.644,+4.865
0 days 02:25:25.492000,55,13,+71.616,+4.772
0 days 02:25:31.193000,55,13,+71.886,+4.802
0 days 02:25:35.999000,55,13,+71.881,+4.799
0 days 02:25:39.932000,55,13,+71.919,+4.804
0 days 02:25:46.424000,55,13,+72.246,+4.964
0 days 02:25:51.794000,55,13,+72.389,+4.947
0 days 02:25:56.100000,55,13,+72.419,+4.911
0 days 02:26:00.874000,55,13,+72.440,+4.907
0 days 02:26:04.774000,55,13,+72.460,+4.903
0 days 02:26:13.300000,55,13,+72.719,+5.016
0 days 02:26:17.203000,55,13,+72.762,+5.039
0 days 02:26:18.094000,55,13,+72.812,+5.037
0 days 02:26:22.639000,55,13,+73.006,+5.114
0 days 02:26:26.974000,55,13,+73.044,+5.133
0 days 02:26:28.281000,55,13,+73.096,+5.175
0 days 02:26:30.574000,55,13,+73.246,+5.356
0 days 02:26:35.519000,55,13,+73.138,+5.177
0 days 02:26:41.075000,55,13,+73.281,+5.250
0 days 02:26:45.361000,55,13,+73.234,+5.168
0 days 02:26:48.353000,55,13,+73.296,+5.213
0 days 02:26:55.592000,55,13,+73.550,+5.367
0 days 02:26:59.275000,55,13,+73.552,+5.360
0 days 02:27:03.136000,55,13,+73.548,+5.304
0 days 02:27:08.670000,55,13,+73.781,+5.206
0 days 02:27:13.515000,55,13,+73.825,+5.263
0 days 02:27:17.505000,55,13,+73.885,+5.304
0 days 02:27:23.871000,55,13,+74.079,+5.361
0 days 02:27:29.151000,55,13,+74.158,+5.214
0 days 02:27:33.409000,55,13,+74.165,+5.165
0 days 02:27:38.247000,55,13,+74.177,+5.147
0 days 02:27:42.069000,55,13,+74.220,+5.161
0 days 02:27:50.427000,55,13,+74.264,+5.156
0 days 02:27:54.401000,55,13,+74.310,+5.226
0 days 02:27:55.231000,55,13,+74.347,+5.231
0 days 02:27:59.772000,55,13,+74.457,+5.222
0 days 02:28:04.175000,55,13,+74.520,+5.242
0 days 02:28:05.538000,55,13,+74.590,+5.288
0 days 02:28:07.701000,55,13,+74.755,+5.500
0 days 02:28:12.404000,55,13,+74.495,+5.191
0 days 02:28:18.105000,55,13,+74.628,+5.203
0 days 02:28:22.281000,55,13,+74.643,+5.148
0 days 02:28:25.249000,55,13,+74.698,+5.177
0 days 02:28:32.502000,55,13,+74.962,+5.327
0 days 02:28:36.201000,55,13,+74.959,+5.307
0 days 02:28:40.038000,55,13,+74.981,+5.251
0 days 02:28:45.575000,55,13,+75.120,+5.222
0 days 02:28:50.423000,55,13,+75.167,+5.279
0 days 02:28:54.381000,55,13,+75.240,+5.290
0 days 02:29:00.864000,55,13,+75.415,+5.511
0 days 02:29:06.206000,55,13,+75.453,+5.405
0 days 02:29:10.501000,55,13,+75.467,+5.348
0 days 02:29:15.276000,55,13,+75.477,+5.329
0 days 02:29:19.110000,55,13,+75.503,+5.328
0 days 02:29:27.880000,55,13,+75.853,+5.596
0 days 02:29:31.850000,55,13,+75.867,+5.626
0 days 02:29:32.705000,55,13,+75.855,+5.611
0 days 02:29:37.149000,55,13,+75.910,+5.633
0 days 02:29:41.525000,55,13,+75.930,+5.651
0 days 02:29:42.777000,55,13,+75.993,+5.698
0 days 02:29:45.093000,55,13,+76.103,+5.928
0 days 02:29:49.919000,55,13,+75.905,+5.800
0 days 02:29:55.524000,55,13,+76.132,+5.725
0 days 02:29:59.776000,55,13,+76.136,+5.698
0 days 02:30:02.776000,55,13,+76.182,+5.719
0 days 02:30:09.971000,55,13,+76.265,+5.879
0 days 02:30:13.769000,55,13,+76.248,+5.858
0 days 02:30:17.558000,55,13,+76.128,+5.919
0 days 02:30:22.993000,55,13,+76.061,+5.740
0 days 02:30:27.933000,55,13,+76.144,+5.839
0 days 02:30:31.974000,55,13,+76.289,+5.916
0 days 02:30:38.402000,55,13,+76.445,+6.106
0 days 02:30:43.669000,55,13,+76.383,+5.913
0 days 02:30:47.903000,55,13,+76.370,+5.843
0 days 02:30:52.702000,55,13,+76.372,+5.809
0 days 02:30:56.534000,55,13,+76.384,+5.779
0 days 02:31:05.199000,55,13,+76.506,+6.106
0 days 02:31:09.207000,55,13,+76.484,+6.124
0 days 02:31:10.067000,55,13,+76.444,+6.120
0 days 02:31:14.551000,55,13,+76.387,+6.183
0 days 00:00:03.711000,10,16,,
0 days 00:59:11.311000,10,16,+1.881,+0.185
0 days 00:59:11.969000,10,16,+1.674,+0.182
0 days 00:59:14.887000,10,17,+1.674,+0.182
0 days 00:59:14.987000,10,17,+2.173,+0.007
0 days 00:59:20.678000,10,15,+2.173,+0.007
0 days 00:59:20.764000,10,15,+2.959,+0.217
0 days 00:59:27.163000,10,16,+2.959,+0.217
0 days 00:59:27.281000,10,16,+3.840,+0.031
0 days 00:59:31.382000,10,15,+3.840,+0.031
0 days 00:59:31.468000,10,15,+4.111,+0.387
0 days 00:59:34.522000,10,15,+4.179,+0.502
0 days 00:59:41.966000,10,15,+4.556,+0.284
0 days 00:59:45.766000,10,15,+4.552,+0.354
0 days 00:59:50.109000,10,15,+4.859,+0.360
0 days 00:59:56.086000,10,13,+4.859,+0.360
0 days 00:59:56.173000,10,13,+5.408,+0.766
0 days 01:00:01.519000,10,13,+6.195,+0.879
0 days 01:00:05.533000,10,13,+6.281,+0.636
0 days 01:00:13.289000,10,13,+6.892,+0.312
0 days 01:00:17.560000,10,13,+7.105,+0.340
0 days 01:00:22.064000,10,13,+7.198,+0.358
0 days 01:00:26.864000,10,13,+7.134,+0.406
0 days 01:00:30.627000,10,13,+7.047,+0.483
0 days 01:00:39.515000,10,13,+7.533,+0.275
0 days 01:00:43.613000,10,13,+7.562,+0.278
0 days 01:00:44.544000,10,13,+7.622,+0.300
0 days 01:00:49.165000,10,13,+7.696,+0.279
0 days 01:00:53.538000,10,13,+7.450,+0.225
0 days 01:00:54.738000,10,13,+7.356,+0.203
0 days 01:00:57.125000,10,13,+7.347,+0.151
0 days 01:01:02.283000,10,13,+7.448,+0.053
0 days 01:01:08.487000,10,13,+8.274,+0.440
0 days 01:01:12.657000,10,13,+8.335,+0.511
0 days 01:01:15.697000,10,13,+8.361,+0.546
0 days 01:01:23.089000,10,13,+8.663,+0.532
0 days 01:01:26.880000,10,13,+8.686,+0.514
0 days 01:01:31.038000,10,13,+8.788,+0.449
0 days 01:01:37.092000,10,13,+9.223,+0.530
0 days 01:01:42.027000,10,13,+9.400,+0.513
0 days 01:01:46.065000,10,13,+9.481,+0.523
0 days 01:01:52.585000,10,13,+9.874,+0.572
0 days 01:01:57.812000,10,13,+9.855,+0.540
0 days 01:02:02.254000,10,13,+9.847,+0.487
0 days 01:02:07.034000,10,13,+9.733,+0.386
0 days 01:02:10.658000,10,13,+9.462,+0.295
0 days 01:02:19.413000,10,13,+9.829,+0.477
0 days 01:02:23.534000,10,13,+9.898,+0.491
0 days 01:02:24.466000,10,13,+9.935,+0.462
0 days 01:02:28.987000,10,13,+9.950,+0.493
0 days 01:02:33.199000,10,13,+9.678,+0.434
0 days 01:02:34.307000,10,13,+9.585,+0.426
0 days 01:02:36.539000,10,13,+9.535,+0.393
0 days 01:02:41.914000,10,13,+9.954,+0.521
0 days 01:02:47.514000,10,13,+10.015,+0.400
0 days 01:02:51.787000,10,13,+10.109,+0.389
0 days 01:02:54.842000,10,13,+10.129,+0.399
0 days 01:03:02.299000,10,13,+10.433,+0.467
0 days 01:03:06.106000,10,13,+10.452,+0.443
0 days 01:03:10.213000,10,13,+10.351,+0.502
0 days 01:03:16.173000,10,13,+10.601,+0.469
0 days 01:03:21.083000,10,13,+10.892,+0.467
0 days 01:03:25.158000,10,13,+10.964,+0.403
0 days 01:03:31.677000,10,13,+11.362,+0.471
0 days 01:03:37.169000,10,13,+11.426,+0.496
0 days 01:03:41.650000,10,13,+11.477,+0.496
0 days 01:03:46.443000,10,13,+11.413,+0.436
0 days 01:03:50.078000,10,13,+11.190,+0.385
0 days 01:03:58.528000,10,13,+11.216,+0.288
0 days 01:04:02.618000,10,13,+11.270,+0.320
0 days 01:04:03.505000,10,13,+11.310,+0.346
0 days 01:04:08.083000,10,13,+11.386,+0.362
0 days 01:04:12.336000,10,13,+11.136,+0.268
0 days 01:04:13.466000,10,13,+11.042,+0.231
0 days 01:04:15.739000,10,13,+11.037,+0.318
0 days 01:04:20.961000,10,13,+10.995,+0.328
0 days 01:04:26.728000,10,13,+11.260,+0.342
0 days 01:04:31.004000,10,13,+11.300,+0.115
0 days 01:04:33.903000,10,12,+11.300,+0.115
0 days 01:04:33.986000,10,12,+11.324,+1.040
0 days 01:04:41.369000,10,12,+11.531,+0.912
0 days 01:04:45.139000,10,12,+11.575,+0.909
0 days 01:04:49.241000,10,12,+11.472,+0.760
0 days 01:04:55.024000,10,12,+11.497,+0.632
0 days 01:04:59.869000,10,12,+11.729,+0.720
0 days 01:05:03.940000,10,12,+11.797,+0.765
0 days 01:05:10.330000,10,12,+11.979,+0.719
0 days 01:05:15.709000,10,12,+12.075,+0.708
0 days 01:05:20.188000,10,12,+12.106,+0.716
0 days 01:05:24.994000,10,12,+12.074,+0.692
0 days 01:05:28.684000,10,12,+11.929,+0.556
0 days 01:05:37.286000,10,12,+12.221,+0.677
0 days 01:05:41.340000,10,12,+12.236,+0.702
0 days 01:05:42.325000,10,12,+12.232,+0.673
0 days 01:05:46.787000,10,12,+12.283,+0.814
0 days 01:05:51.114000,10,12,+12.100,+0.696
0 days 01:05:52.240000,10,12,+12.030,+0.636
0 days 01:05:54.446000,10,12,+11.861,+0.494
0 days 01:05:59.759000,10,12,+11.972,+0.647
0 days 01:06:05.397000,10,12,+12.186,+0.715
0 days 01:06:09.790000,10,12,+12.276,+0.745
0 days 01:06:12.841000,10,12,+12.313,+0.800
0 days 01:06:20.040000,10,12,+12.363,+0.717
0 days 01:06:23.844000,10,12,+12.336,+0.717
0 days 01:06:27.829000,10,12,+12.215,+0.602
0 days 01:06:33.585000,10,12,+12.243,+0.653
0 days 01:06:38.592000,10,12,+12.422,+0.696
0 days 01:06:42.742000,10,12,+12.477,+0.745
0 days 01:06:49.069000,10,12,+12.739,+0.717
0 days 01:06:54.472000,10,12,+12.798,+0.705
0 days 01:06:58.908000,10,12,+12.835,+0.708
0 days 01:07:03.708000,10,12,+12.790,+0.737
0 days 01:07:07.351000,10,12,+12.622,+0.769
0 days 01:07:15.852000,10,12,+12.659,+0.748
0 days 01:07:19.949000,10,12,+12.694,+0.785
0 days 01:07:20.803000,10,12,+12.705,+0.749
0 days 01:07:25.319000,10,12,+12.729,+0.796
0 days 01:07:29.564000,10,12,+12.506,+0.833
0 days 01:07:30.721000,10,12,+12.438,+0.840
0 days 01:07:32.985000,10,12,+12.378,+0.661
0 days 01:07:38.238000,10,12,+12.564,+0.770
0 days 01:07:43.921000,10,12,+12.791,+0.687
0 days 01:07:48.270000,10,12,+12.839,+0.734
0 days 01:07:51.289000,10,12,+12.860,+0.760
0 days 01:07:58.715000,10,12,+13.117,+0.784
0 days 01:08:02.584000,10,12,+13.165,+0.822
0 days 01:08:06.636000,10,12,+13.217,+0.709
0 days 01:08:12.623000,10,12,+13.491,+0.794
0 days 01:08:17.644000,10,12,+13.760,+0.885
0 days 01:08:21.741000,10,12,+13.837,+0.894
0 days 01:08:28.119000,10,12,+14.092,+0.771
0 days 01:08:33.659000,10,12,+14.286,+0.798
0 days 01:08:38.042000,10,12,+14.323,+0.785
0 days 01:08:42.831000,10,12,+14.271,+0.811
0 days 01:08:46.532000,10,12,+14.112,+0.854
0 days 01:08:55.070000,10,12,+14.243,+0.804
0 days 01:08:59.113000,10,12,+14.292,+0.788
0 days 01:08:59.941000,10,12,+14.313,+0.734
0 days 01:09:04.489000,10,12,+14.352,+0.835
0 days 01:09:08.758000,10,12,+14.141,+0.882
0 days 01:09:09.861000,10,12,+14.066,+0.888
0 days 01:09:12.037000,10,12,+13.889,+0.628
0 days 01:09:17.335000,10,12,+14.080,+0.791
0 days 01:09:23.142000,10,12,+14.304,+0.868
0 days 01:09:27.485000,10,12,+14.368,+0.855
0 days 01:09:30.531000,10,12,+14.400,+0.877
0 days 01:09:37.810000,10,12,+14.596,+0.821
0 days 01:09:41.664000,10,12,+14.639,+0.870
0 days 01:09:45.669000,10,12,+14.512,+0.746
0 days 01:09:51.488000,10,12,+14.639,+0.670
0 days 01:09:56.594000,10,12,+14.828,+0.703
0 days 01:10:00.682000,10,12,+14.861,+0.747
0 days 01:10:07.142000,10,12,+15.226,+0.657
0 days 01:10:12.702000,10,12,+15.338,+0.693
0 days 01:10:17.160000,10,12,+15.417,+0.688
0 days 01:10:21.916000,10,12,+15.377,+0.703
0 days 01:10:25.583000,10,12,+15.225,+0.746
0 days 01:10:34.106000,10,12,+15.448,+0.757
0 days 01:10:38.242000,10,12,+15.504,+0.798
0 days 01:10:39.127000,10,12,+15.511,+0.753
0 days 01:10:43.543000,10,12,+15.544,+0.834
0 days 01:10:47.826000,10,12,+15.345,+0.891
0 days 01:10:48.974000,10,12,+15.278,+0.910
0 days 01:10:51.146000,10,12,+15.115,+0.714
0 days 01:10:56.469000,10,12,+15.326,+0.784
0 days 01:11:02.321000,10,12,+15.649,+0.852
0 days 01:11:06.755000,10,12,+15.753,+0.933
0 days 01:11:09.794000,10,12,+15.774,+0.967
0 days 01:11:17.188000,10,12,+15.991,+0.936
0 days 01:11:21.020000,10,12,+16.040,+0.941
0 days 01:11:25.038000,10,12,+15.929,+0.786
0 days 01:11:30.960000,10,12,+16.182,+0.768
0 days 01:11:36.079000,10,12,+16.389,+0.820
0 days 01:11:40.165000,10,12,+16.446,+0.845
0 days 01:11:46.543000,10,12,+16.630,+0.705
0 days 01:11:52.100000,10,12,+16.729,+0.741
0 days 01:11:56.569000,10,12,+16.773,+0.757
0 days 01:12:01.343000,10,12,+16.737,+0.799
0 days 01:12:05.019000,10,12,+16.592,+0.835
0 days 01:12:13.490000,10,12,+16.671,+0.768
0 days 01:12:17.621000,10,12,+16.713,+0.811
0 days 01:12:18.378000,10,12,+16.697,+0.788
0 days 01:12:22.973000,10,12,+16.725,+0.868
0 days 01:12:27.196000,10,12,+16.512,+0.912
0 days 01:12:28.373000,10,12,+16.434,+0.922
0 days 01:12:30.487000,10,12,+16.243,+0.604
0 days 01:12:35.736000,10,12,+16.301,+0.506
0 days 01:12:41.684000,10,12,+16.628,+0.721
0 days 01:12:45.988000,10,12,+16.684,+0.700
0 days 01:12:49.038000,10,12,+16.711,+0.764
0 days 01:12:56.444000,10,12,+16.911,+0.791
0 days 01:13:00.288000,10,12,+16.956,+0.821
0 days 01:13:04.343000,10,12,+16.866,+0.597
0 days 01:13:10.297000,10,12,+17.146,+0.669
0 days 01:13:15.362000,10,12,+17.347,+0.740
0 days 01:13:19.439000,10,12,+17.402,+0.780
0 days 01:13:25.817000,10,12,+17.650,+0.658
0 days 01:13:31.363000,10,12,+17.762,+0.676
0 days 01:13:35.794000,10,12,+17.798,+0.652
0 days 01:13:40.586000,10,12,+17.749,+0.652
0 days 01:13:44.260000,10,12,+17.573,+0.649
0 days 01:13:52.809000,10,12,+17.728,+0.586
0 days 01:13:56.899000,10,12,+17.755,+0.604
0 days 01:13:57.802000,10,12,+17.782,+0.580
0 days 01:14:02.363000,10,12,+17.906,+0.725
0 days 01:14:06.574000,10,12,+17.702,+0.752
0 days 01:14:07.718000,10,12,+17.615,+0.760
0 days 01:14:09.818000,10,12,+17.392,+0.483
0 days 01:14:15.244000,10,12,+17.666,+0.378
0 days 01:14:21.033000,10,12,+17.969,+0.503
0 days 01:14:25.532000,10,12,+18.126,+0.667
0 days 01:14:28.518000,10,12,+18.143,+0.705
0 days 01:14:35.805000,10,12,+18.233,+0.698
0 days 01:14:39.662000,10,12,+18.237,+0.698
0 days 01:14:43.670000,10,12,+18.177,+0.528
0 days 01:14:49.571000,10,12,+18.298,+0.556
0 days 01:14:54.704000,10,12,+18.582,+0.633
0 days 01:14:58.821000,10,12,+18.634,+0.669
0 days 01:15:05.270000,10,12,+18.943,+0.732
0 days 01:15:10.770000,10,12,+19.030,+0.732
0 days 01:15:15.163000,10,12,+19.083,+0.757
0 days 01:15:20.084000,10,12,+19.036,+0.782
0 days 01:15:23.603000,10,12,+18.884,+0.808
0 days 01:15:32.114000,10,12,+19.048,+0.815
0 days 01:15:36.262000,10,12,+19.026,+0.762
0 days 01:15:36.735000,10,12,+18.771,+0.469
0 days 01:15:42.445000,10,13,+18.771,+0.469
0 days 01:15:43.278000,10,14,+18.771,+0.469
0 days 01:15:45.562000,10,15,+18.771,+0.469
0 days 01:15:46.445000,10,16,+18.771,+0.469
0 days 01:15:51.956000,10,17,+18.771,+0.469
0 days 01:15:57.091000,10,18,+18.771,+0.469
0 days 01:16:10.571000,10,18,+42.440,+12.179
0 days 01:16:13.176000,10,18,+42.790,+12.649
0 days 01:16:18.266000,10,18,+42.788,+12.377
0 days 01:16:23.645000,10,18,+42.545,+12.037
0 days 01:16:27.774000,10,18,+42.417,+11.763
0 days 01:16:30.811000,10,18,+42.429,+11.782
0 days 01:16:37.863000,10,18,+42.247,+11.561
0 days 01:16:41.622000,10,18,+42.234,+11.511
0 days 01:16:45.571000,10,18,+42.129,+11.333
0 days 01:16:51.117000,10,18,+41.945,+10.990
0 days 01:16:55.909000,10,18,+41.704,+10.624
0 days 01:16:59.794000,10,18,+41.663,+10.546
0 days 01:17:05.793000,10,18,+41.619,+10.268
0 days 01:17:11.031000,10,18,+41.375,+9.929
0 days 01:17:15.522000,10,18,+41.380,+9.952
0 days 01:17:20.284000,10,18,+41.422,+9.991
0 days 01:17:24.245000,10,18,+41.490,+10.060
0 days 01:17:32.597000,10,18,+41.384,+9.906
0 days 01:17:36.571000,10,18,+41.381,+9.882
0 days 01:17:37.372000,10,18,+41.337,+16.824
0 days 01:17:41.889000,10,18,+41.355,+9.630
0 days 01:17:46.274000,10,17,+41.355,+9.630
0 days 01:17:46.346000,10,17,+41.372,+9.630
0 days 01:17:47.519000,10,16,+41.372,+9.630
0 days 01:17:47.595000,10,16,+41.370,+2.418
0 days 01:17:49.700000,10,16,+41.185,+1.660
0 days 01:17:54.798000,10,16,+41.121,+1.372
0 days 01:18:00.192000,10,16,+40.980,+1.391
0 days 01:18:04.491000,10,16,+40.985,+1.457
0 days 01:18:07.549000,10,16,+41.003,+1.490
0 days 01:18:14.668000,10,16,+40.909,+1.481
0 days 01:18:18.446000,10,16,+40.902,+1.482
0 days 01:18:22.442000,10,16,+40.801,+1.054
0 days 01:18:28.120000,10,16,+40.753,+0.786
0 days 01:18:32.964000,10,16,+40.662,+0.976
0 days 01:18:36.990000,10,16,+40.641,+1.015
0 days 01:18:43.205000,10,16,+40.709,+1.051
0 days 01:18:48.490000,10,16,+40.602,+1.122
0 days 01:18:52.874000,10,16,+40.607,+1.149
0 days 01:18:57.788000,10,16,+40.615,+1.161
0 days 01:19:01.451000,10,17,+40.615,+1.161
0 days 01:19:01.587000,10,17,+40.647,+0.077
0 days 01:19:10.264000,10,17,+40.979,+0.425
0 days 01:19:14.309000,10,17,+40.995,+0.482
0 days 01:19:15.159000,10,17,+41.028,+0.504
0 days 01:19:19.791000,10,17,+41.082,+0.570
0 days 01:19:23.999000,10,17,+40.909,+0.455
0 days 01:19:25.089000,10,16,+40.909,+0.455
0 days 01:19:25.167000,10,16,+40.838,+0.401
0 days 01:19:27.364000,10,16,+40.784,+0.333
0 days 01:19:32.824000,10,16,+41.140,+0.559
0 days 01:19:38.399000,10,16,+41.154,+0.626
0 days 01:19:42.698000,10,16,+41.235,+0.804
0 days 01:19:45.705000,10,16,+41.253,+0.854
0 days 01:19:52.950000,10,16,+41.300,+0.886
0 days 01:19:56.765000,10,16,+41.309,+0.932
0 days 01:20:00.800000,10,16,+41.238,+0.721
0 days 01:20:06.526000,10,16,+41.319,+0.605
0 days 01:20:11.459000,10,16,+41.349,+0.634
0 days 01:20:15.523000,10,16,+41.360,+0.707
0 days 01:20:21.947000,10,16,+41.453,+0.551
0 days 01:20:27.181000,10,16,+41.382,+0.789
0 days 01:20:31.605000,10,16,+41.395,+0.856
0 days 01:20:36.387000,10,16,+41.330,+0.946
0 days 01:20:40.047000,10,16,+41.164,+1.035
0 days 01:20:48.599000,10,16,+41.285,+0.955
0 days 01:20:52.736000,10,16,+41.320,+0.977
0 days 01:20:53.447000,10,16,+41.322,+0.916
0 days 01:20:57.999000,10,16,+41.358,+0.964
0 days 01:21:02.210000,10,16,+41.159,+0.954
0 days 01:21:03.367000,10,16,+41.094,+0.962
0 days 01:21:05.501000,10,16,+40.962,+0.713
0 days 01:21:10.910000,10,16,+41.203,+0.553
0 days 01:21:16.563000,10,16,+41.292,+0.571
0 days 01:21:20.905000,10,16,+41.381,+0.773
0 days 01:21:24.047000,10,16,+41.400,+0.813
0 days 01:21:31.236000,10,16,+41.535,+0.828
0 days 01:21:35.008000,10,16,+41.532,+0.889
0 days 01:21:39.047000,10,16,+41.604,+0.670
0 days 01:21:45.027000,10,16,+41.913,+0.663
0 days 01:21:50.022000,10,16,+42.045,+0.721
0 days 01:21:54.042000,10,16,+42.068,+0.783
0 days 01:22:00.498000,10,16,+39.303,+0.742
0 days 01:22:06.002000,10,16,+39.240,+1.005
0 days 01:22:10.374000,10,16,+39.265,+1.068
0 days 01:22:15.148000,10,16,+39.215,+1.188
0 days 01:22:18.686000,10,17,+39.215,+1.188
0 days 01:22:18.801000,10,17,+39.020,+0.005
0 days 01:22:27.474000,10,17,+39.224,+0.437
0 days 01:22:31.575000,10,17,+39.321,+0.393
0 days 01:22:32.463000,10,17,+39.401,+0.371
0 days 01:22:37.094000,10,17,+39.574,+0.531
0 days 01:22:41.362000,10,17,+39.345,+0.553
0 days 01:22:42.474000,10,17,+39.250,+0.567
0 days 01:22:44.607000,10,17,+39.252,+0.339
0 days 01:22:50.150000,10,17,+39.584,+0.452
0 days 01:22:55.849000,10,17,+39.681,+0.472
0 days 01:23:00.165000,10,17,+39.724,+0.676
0 days 01:23:03.218000,10,17,+39.756,+0.699
0 days 01:23:10.614000,10,17,+39.845,+0.770
0 days 01:23:14.396000,10,17,+39.867,+0.830
0 days 01:23:18.413000,10,17,+39.942,+0.538
0 days 01:23:24.394000,10,17,+40.162,+0.528
0 days 01:23:29.422000,10,17,+40.176,+0.635
0 days 01:23:33.474000,10,17,+40.209,+0.703
0 days 01:23:39.961000,10,17,+40.233,+0.723
0 days 01:23:45.322000,10,17,+40.274,+0.728
0 days 01:23:49.737000,10,17,+40.339,+0.748
0 days 01:23:54.524000,10,17,+40.289,+0.780
0 days 01:23:58.134000,10,17,+40.106,+0.820
0 days 01:24:06.709000,10,17,+21.985,+0.615
0 days 01:24:10.763000,10,17,+22.014,+0.536
0 days 01:24:11.553000,10,17,+21.975,+0.475
0 days 01:24:16.175000,10,17,+35.384,+0.640
0 days 01:24:20.450000,10,17,+21.914,+0.660
0 days 01:24:21.538000,10,17,+21.813,+0.682
0 days 01:24:23.626000,10,17,+21.534,+0.510
0 days 01:24:29.048000,10,17,+21.734,+0.445
0 days 01:24:34.769000,10,17,+21.882,+0.638
0 days 01:24:39.067000,10,17,+21.851,+0.696
0 days 01:24:42.066000,10,17,+21.873,+0.689
0 days 01:24:49.395000,10,17,+22.041,+0.845
0 days 01:24:53.209000,10,17,+22.074,+0.884
0 days 01:24:57.194000,10,17,+21.951,+0.638
0 days 01:25:02.983000,10,17,+21.997,+0.539
0 days 01:25:08.012000,10,17,+22.105,+0.668
0 days 01:25:12.055000,10,17,+22.132,+0.734
0 days 01:25:18.425000,10,17,+22.190,+0.611
0 days 01:25:23.924000,10,17,+22.193,+0.678
0 days 01:25:28.349000,10,17,+22.210,+0.724
0 days 01:25:33.153000,10,17,+22.158,+0.770
0 days 01:25:36.803000,10,17,+21.957,+0.724
0 days 01:25:45.375000,10,17,+22.115,+0.839
0 days 01:25:49.449000,10,17,+22.177,+0.792
0 days 01:25:50.262000,10,17,+22.186,+0.698
0 days 01:25:54.795000,10,17,+22.266,+0.650
0 days 01:25:59.050000,10,17,+22.034,+0.699
0 days 01:26:00.152000,10,17,+21.932,+0.725
0 days 01:26:02.272000,10,17,+21.695,+0.429
0 days 01:26:08.001000,10,17,+22.108,+0.439
0 days 01:26:13.797000,10,17,+22.528,+0.466
0 days 01:26:18.086000,10,17,+22.405,+0.575
0 days 01:26:21.128000,10,17,+22.413,+0.667
0 days 01:26:28.576000,10,17,+22.764,+0.487
0 days 01:26:32.416000,10,17,+22.787,+0.511
0 days 01:26:36.650000,10,17,+22.963,+0.221
0 days 01:26:43.016000,10,17,+23.471,+0.424
0 days 01:26:48.180000,10,17,+23.779,+0.643
0 days 01:26:52.271000,10,17,+23.854,+0.729
0 days 01:26:58.670000,10,17,+23.964,+0.588
0 days 01:27:04.129000,10,17,+23.158,+0.659
0 days 01:27:08.476000,10,17,+23.204,+0.682
0 days 01:27:13.209000,10,17,+23.213,+0.718
0 days 01:27:16.778000,10,17,+23.201,+0.766
0 days 01:27:25.350000,10,17,+23.540,+0.681
0 days 01:27:29.469000,10,17,+23.607,+0.654
0 days 01:27:30.296000,10,17,+23.660,+0.593
0 days 01:27:34.824000,10,17,+23.811,+0.601
0 days 01:27:38.995000,10,16,+23.811,+0.601
0 days 01:27:39.078000,10,16,+23.594,+0.688
0 days 01:27:40.237000,10,16,+23.502,+0.730
0 days 01:27:42.353000,10,16,+23.372,+0.431
0 days 01:27:48.034000,10,16,+23.949,+0.376
0 days 01:27:53.770000,10,16,+24.213,+0.300
0 days 01:27:58.088000,10,16,+24.255,+0.415
0 days 01:28:01.171000,10,16,+24.239,+0.423
0 days 01:28:08.768000,10,16,+24.806,+0.454
0 days 01:28:12.529000,10,16,+24.827,+0.461
0 days 01:28:16.684000,10,16,+24.944,+0.248
0 days 01:28:23.136000,10,16,+25.749,+0.458
0 days 01:28:28.254000,10,16,+26.047,+0.516
0 days 01:28:32.350000,10,16,+26.112,+0.544
0 days 01:28:38.932000,10,16,+26.570,+0.388
0 days 01:28:44.378000,10,16,+26.687,+0.553
0 days 01:28:48.774000,10,16,+26.768,+0.637
0 days 01:28:53.529000,10,16,+26.666,+0.747
0 days 01:28:57.147000,10,16,+26.438,+0.762
0 days 01:29:05.895000,10,16,+26.949,+0.422
0 days 01:29:10.010000,10,16,+27.038,+0.431
0 days 01:29:11.022000,10,16,+27.123,+0.363
0 days 01:29:15.600000,10,16,+27.312,+0.331
0 days 01:29:19.690000,10,15,+27.312,+0.331
0 days 01:29:19.779000,10,15,+27.035,+0.287
0 days 01:29:20.779000,10,15,+26.888,+0.254
0 days 01:29:23.076000,10,15,+26.858,+0.158
0 days 01:29:28.144000,10,14,+26.858,+0.158
0 days 01:29:28.211000,10,14,+26.971,+0.542
0 days 01:29:34.065000,10,14,+27.408,+0.653
0 days 01:29:38.443000,10,14,+27.579,+0.752
0 days 01:29:41.472000,10,14,+27.594,+0.759
0 days 01:29:48.827000,10,14,+27.790,+0.713
0 days 01:29:52.680000,10,14,+27.816,+0.721
0 days 01:29:56.625000,10,14,+27.678,+0.512
0 days 01:30:02.524000,10,14,+27.918,+0.661
0 days 01:30:07.547000,10,14,+28.164,+0.783
0 days 01:30:11.473000,10,14,+28.194,+0.817
0 days 01:30:17.770000,10,14,+28.244,+0.725
0 days 01:30:23.202000,10,14,+28.369,+0.941
0 days 01:30:27.577000,10,14,+28.402,+0.980
0 days 01:30:32.354000,10,14,+28.360,+1.015
0 days 01:30:35.977000,10,14,+28.190,+0.987
0 days 01:30:44.478000,10,14,+28.275,+1.082
0 days 01:30:48.683000,10,14,+28.300,+1.055
0 days 01:30:49.325000,10,14,+28.334,+0.977
0 days 01:30:53.919000,10,14,+28.452,+1.015
0 days 01:30:58.447000,10,14,+28.407,+1.211
0 days 01:30:59.577000,10,14,+28.384,+1.303
0 days 01:31:01.691000,10,14,+28.212,+1.147
0 days 01:31:07.095000,10,14,+28.339,+1.173
0 days 01:31:12.551000,10,14,+28.509,+1.135
0 days 01:31:16.844000,10,14,+28.563,+1.218
0 days 01:31:19.882000,10,14,+28.597,+1.254
0 days 01:31:27.211000,10,14,+28.770,+1.350
0 days 01:31:31.053000,10,14,+28.814,+1.400
0 days 01:31:34.951000,10,14,+28.603,+1.244
0 days 01:31:40.751000,10,14,+28.689,+1.303
0 days 01:31:45.695000,10,14,+28.829,+1.331
0 days 01:31:49.777000,10,14,+28.887,+1.395
0 days 01:31:55.978000,10,14,+29.062,+1.248
0 days 01:32:01.385000,10,14,+29.131,+1.369
0 days 01:32:05.781000,10,14,+29.143,+1.420
0 days 01:32:10.642000,10,14,+29.153,+1.558
0 days 01:32:14.448000,10,14,+29.169,+1.793
0 days 01:32:23.108000,10,14,+29.448,+1.798
0 days 01:32:27.121000,10,14,+29.530,+1.788
0 days 01:32:27.964000,10,14,+29.568,+1.672
0 days 01:32:32.530000,10,14,+29.663,+1.682
0 days 01:32:36.966000,10,14,+29.636,+1.682
0 days 01:32:38.078000,10,13,+29.636,+1.682
0 days 01:32:38.154000,10,13,+29.637,+2.000
0 days 01:32:40.332000,10,13,+29.472,+1.692
0 days 01:32:45.557000,10,13,+29.646,+1.656
0 days 01:32:51.094000,10,13,+29.647,+1.574
0 days 01:32:55.493000,10,13,+29.715,+1.723
0 days 01:32:58.547000,10,13,+29.752,+1.736
0 days 01:33:05.894000,10,13,+30.016,+1.956
0 days 01:33:09.741000,10,13,+30.061,+2.024
0 days 01:33:13.631000,10,13,+29.825,+1.855
0 days 01:33:19.552000,10,13,+29.928,+1.920
0 days 01:33:24.479000,10,13,+29.984,+1.947
0 days 01:33:28.571000,10,13,+30.039,+2.002
0 days 01:33:34.781000,10,13,+30.193,+1.935
0 days 01:33:40.327000,10,13,+30.135,+2.079
0 days 01:33:44.702000,10,13,+30.167,+2.142
0 days 01:33:49.524000,10,13,+30.182,+2.239
0 days 01:33:53.404000,10,13,+30.241,+2.487
0 days 01:34:01.974000,10,13,+30.413,+2.703
0 days 01:34:06.001000,10,13,+30.438,+2.642
0 days 01:34:06.823000,10,13,+30.425,+2.555
0 days 01:34:11.410000,10,13,+30.576,+2.705
0 days 01:34:15.853000,10,13,+30.577,+2.962
0 days 01:34:17.115000,10,13,+30.599,+3.073
0 days 01:34:19.253000,10,13,+30.424,+2.877
0 days 01:34:24.489000,10,13,+30.405,+2.637
0 days 01:34:30.053000,10,13,+30.519,+2.692
0 days 01:34:34.406000,10,13,+30.632,+2.767
0 days 01:34:37.423000,10,13,+30.668,+2.780
0 days 01:34:44.653000,10,13,+30.746,+2.814
0 days 01:34:48.453000,10,13,+30.773,+2.834
0 days 01:34:52.381000,10,13,+30.514,+2.627
0 days 01:34:58.134000,10,13,+30.541,+2.645
0 days 01:35:03.083000,10,13,+30.645,+2.620
0 days 01:35:07.153000,10,13,+30.716,+2.641
0 days 01:35:13.494000,10,13,+30.827,+2.514
0 days 01:35:18.852000,10,13,+30.808,+2.630
0 days 01:35:23.201000,10,13,+30.847,+2.704
0 days 01:35:28.051000,10,13,+30.870,+2.765
0 days 01:35:31.920000,10,13,+30.908,+2.836
0 days 01:35:40.354000,10,14,+30.908,+2.836
0 days 01:35:40.920000,10,14,+31.539,+0.449
0 days 01:35:44.953000,10,14,+31.616,+0.511
0 days 01:35:45.842000,10,14,+31.685,+0.506
0 days 01:35:50.415000,10,14,+31.852,+0.615
0 days 01:35:54.657000,10,14,+31.677,+0.494
0 days 01:35:55.827000,10,14,+31.618,+0.442
0 days 01:35:58.086000,10,14,+31.597,+0.308
0 days 01:36:03.554000,10,14,+31.854,+0.539
0 days 01:36:09.224000,10,14,+32.020,+0.819
0 days 01:36:13.508000,10,14,+32.091,+0.900
0 days 01:36:16.581000,10,14,+32.125,+0.937
0 days 01:36:23.836000,10,14,+32.358,+1.124
0 days 01:36:27.655000,10,14,+32.405,+1.159
0 days 01:36:31.591000,10,14,+32.180,+0.897
0 days 01:36:37.354000,10,14,+32.247,+0.954
0 days 01:36:42.354000,10,14,+32.506,+1.207
0 days 01:36:46.380000,10,14,+32.603,+1.289
0 days 01:36:52.674000,10,14,+32.692,+1.320
0 days 01:36:58.102000,10,14,+32.707,+1.390
0 days 01:37:02.476000,10,14,+32.739,+1.393
0 days 01:37:07.302000,10,14,+32.768,+1.408
0 days 01:37:11.170000,10,14,+32.836,+1.460
0 days 01:37:19.789000,10,14,+33.138,+1.632
0 days 01:37:23.939000,10,14,+33.223,+1.668
0 days 01:37:24.680000,10,14,+33.258,+1.641
0 days 01:37:29.200000,10,14,+33.395,+1.743
0 days 01:37:33.615000,10,14,+33.398,+1.782
0 days 01:37:34.828000,10,14,+33.414,+1.792
0 days 01:37:36.994000,10,14,+33.309,+1.552
0 days 01:37:42.226000,10,14,+33.456,+1.576
0 days 01:37:47.697000,10,14,+33.554,+1.695
0 days 01:37:52.059000,10,14,+33.693,+1.778
0 days 01:37:55.083000,10,14,+33.730,+1.823
0 days 01:38:02.417000,10,14,+33.884,+1.940
0 days 01:38:06.197000,10,14,+33.931,+1.974
0 days 01:38:10.138000,10,14,+33.685,+1.748
0 days 01:38:15.951000,10,14,+33.831,+1.779
0 days 01:38:20.855000,10,14,+34.023,+1.877
0 days 01:38:24.855000,10,14,+34.090,+1.946
0 days 01:38:31.181000,10,14,+34.207,+1.960
0 days 01:38:36.621000,10,14,+34.266,+2.009
0 days 01:38:40.978000,10,14,+34.335,+2.038
0 days 01:38:45.830000,10,14,+34.362,+2.063
0 days 01:38:49.697000,10,14,+34.423,+2.118
0 days 01:38:58.425000,10,14,+34.829,+2.409
0 days 01:39:02.381000,10,14,+34.879,+2.451
0 days 01:39:03.255000,10,14,+34.920,+2.422
0 days 01:39:07.772000,10,14,+34.986,+2.532
0 days 01:39:12.181000,10,14,+34.968,+2.590
0 days 01:39:13.401000,10,14,+34.979,+2.608
0 days 01:39:15.544000,10,14,+34.854,+2.454
0 days 01:39:20.602000,10,14,+34.780,+2.259
0 days 01:39:26.172000,10,14,+34.862,+2.319
0 days 01:39:30.555000,10,14,+34.996,+2.384
0 days 01:39:33.551000,10,14,+35.033,+2.422
0 days 01:39:40.783000,10,14,+35.213,+2.495
0 days 01:39:44.583000,10,14,+35.239,+2.508
0 days 01:39:48.519000,10,14,+35.037,+2.313
0 days 01:39:54.282000,10,14,+35.092,+2.278
0 days 01:39:59.190000,10,14,+35.282,+2.420
0 days 01:40:03.256000,10,14,+35.360,+2.477
0 days 01:40:09.629000,10,14,+35.613,+2.596
0 days 01:40:15.011000,10,14,+35.602,+2.591
0 days 01:40:19.385000,10,14,+35.666,+2.649
0 days 01:40:24.231000,10,14,+35.709,+2.679
0 days 01:40:28.115000,10,14,+35.779,+2.744
0 days 01:40:36.735000,10,14,+35.970,+2.992
0 days 01:40:40.804000,10,14,+36.058,+3.038
0 days 01:40:41.629000,10,14,+36.083,+3.004
0 days 01:40:46.114000,10,14,+36.174,+3.131
0 days 01:40:50.604000,10,14,+36.196,+3.220
0 days 01:40:51.825000,10,14,+36.229,+3.256
0 days 01:40:54.012000,10,14,+36.118,+3.073
0 days 01:40:59.101000,10,14,+35.996,+2.887
0 days 01:41:04.598000,10,14,+36.139,+2.969
0 days 01:41:08.998000,10,14,+36.214,+3.010
0 days 01:41:11.982000,10,14,+36.249,+3.049
0 days 01:41:19.249000,10,14,+36.428,+3.086
0 days 01:41:23.037000,10,14,+36.465,+3.127
0 days 01:41:26.882000,10,14,+36.201,+2.852
0 days 01:41:32.630000,10,14,+36.256,+2.719
0 days 01:41:37.483000,10,14,+36.345,+2.701
0 days 01:41:41.503000,10,14,+36.411,+2.738
0 days 01:41:47.883000,10,14,+36.578,+2.733
0 days 01:41:53.235000,10,14,+36.628,+2.746
0 days 01:41:57.630000,10,14,+36.659,+2.767
0 days 01:42:02.483000,10,14,+36.694,+2.790
0 days 01:42:06.331000,10,14,+36.755,+2.843
0 days 01:42:14.983000,10,14,+37.048,+3.065
0 days 01:42:18.957000,10,14,+37.075,+3.101
0 days 01:42:19.818000,10,14,+37.081,+3.044
0 days 01:42:24.283000,10,14,+37.157,+3.100
0 days 01:42:28.650000,10,13,+37.157,+3.100
0 days 01:42:28.722000,10,13,+37.145,+3.171
0 days 01:42:29.989000,10,13,+37.156,+3.200
0 days 01:42:32.174000,10,13,+37.002,+3.019
0 days 01:42:37.346000,10,13,+37.026,+3.023
0 days 01:42:42.803000,10,13,+37.081,+3.045
0 days 01:42:47.104000,10,13,+37.152,+3.068
0 days 01:42:50.078000,10,13,+37.185,+3.105
0 days 01:42:57.276000,10,13,+37.287,+3.128
0 days 01:43:01.021000,10,13,+37.309,+3.157
0 days 01:43:04.974000,10,13,+37.107,+2.975
0 days 01:43:10.537000,10,13,+37.028,+2.821
0 days 01:43:15.483000,10,13,+37.185,+2.891
0 days 01:43:19.578000,10,13,+37.268,+2.934
0 days 01:43:25.944000,10,13,+37.465,+2.896
0 days 01:43:31.307000,10,13,+37.515,+2.878
0 days 01:43:35.683000,10,13,+37.562,+2.890
0 days 01:43:40.531000,10,13,+37.596,+2.913
0 days 01:43:44.383000,10,13,+37.648,+2.967
0 days 01:43:53.046000,10,13,+37.902,+3.007
0 days 01:43:57.049000,10,13,+37.956,+3.033
0 days 01:43:57.825000,10,13,+37.959,+2.975
0 days 01:44:02.393000,10,13,+38.054,+2.973
0 days 01:44:06.754000,10,13,+38.072,+3.018
0 days 01:44:08.031000,10,13,+38.087,+3.036
0 days 01:44:10.100000,10,13,+37.891,+2.711
0 days 01:44:15.457000,10,13,+38.056,+2.683
0 days 01:44:21.012000,10,13,+38.269,+2.819
0 days 01:44:25.334000,10,13,+38.354,+2.854
0 days 01:44:28.358000,10,13,+38.384,+2.881
0 days 01:44:35.595000,10,13,+38.506,+2.891
0 days 01:44:39.344000,10,13,+38.550,+2.919
0 days 01:44:43.258000,10,13,+38.365,+2.664
0 days 01:44:48.977000,10,13,+38.460,+2.451
0 days 01:44:53.898000,10,13,+38.599,+2.544
0 days 01:44:57.933000,10,13,+38.632,+2.590
0 days 01:45:04.084000,10,13,+38.709,+2.470
0 days 01:45:09.473000,10,13,+38.731,+2.367
0 days 01:45:13.852000,10,13,+38.768,+2.333
0 days 01:45:18.684000,10,13,+38.804,+2.350
0 days 01:45:22.546000,10,13,+38.863,+2.394
0 days 01:45:31.132000,10,13,+39.033,+2.490
0 days 01:45:35.153000,10,13,+39.088,+2.499
0 days 01:45:35.915000,10,13,+39.081,+2.426
0 days 01:45:40.369000,10,13,+39.126,+2.456
0 days 01:45:44.786000,10,13,+39.106,+2.504
0 days 01:45:46.005000,10,13,+39.113,+2.527
0 days 01:45:48.089000,10,13,+38.970,+2.307
0 days 01:45:53.346000,10,13,+39.144,+2.312
0 days 01:45:58.902000,10,13,+39.266,+2.401
0 days 01:46:03.251000,10,13,+39.379,+2.399
0 days 01:46:06.232000,10,13,+39.412,+2.424
0 days 01:46:13.501000,10,13,+39.618,+2.560
0 days 01:46:17.284000,10,13,+39.668,+2.623
0 days 01:46:21.207000,10,13,+39.530,+2.336
0 days 01:46:26.955000,10,13,+39.584,+2.081
0 days 01:46:31.784000,10,13,+39.741,+2.244
0 days 01:46:35.804000,10,13,+39.802,+2.273
0 days 01:46:42.136000,10,13,+39.996,+2.266
0 days 01:46:47.478000,10,13,+40.005,+2.180
0 days 01:46:51.789000,10,13,+40.024,+2.163
0 days 01:46:56.600000,10,13,+40.046,+2.181
0 days 01:47:00.486000,10,13,+40.102,+2.235
0 days 01:47:09.118000,10,13,+40.390,+2.342
0 days 01:47:13.059000,10,13,+40.425,+2.350
0 days 01:47:13.832000,10,13,+40.434,+2.270
0 days 01:47:18.340000,10,13,+40.551,+2.343
0 days 01:47:22.748000,10,13,+40.567,+2.397
0 days 01:47:23.988000,10,13,+40.580,+2.415
0 days 01:47:26.119000,10,13,+40.477,+2.244
0 days 01:47:31.302000,10,13,+40.599,+2.171
0 days 01:47:36.718000,10,13,+40.540,+2.244
0 days 01:47:41.062000,10,13,+40.675,+2.314
0 days 01:47:44.257000,10,13,+40.714,+2.349
0 days 01:47:51.285000,10,13,+40.807,+2.393
0 days 01:47:55.053000,10,13,+40.829,+2.433
0 days 01:47:58.911000,10,13,+40.645,+2.188
0 days 01:48:04.554000,10,13,+40.684,+1.916
0 days 01:48:09.535000,10,13,+40.828,+2.096
0 days 01:48:13.524000,10,13,+40.875,+2.144
0 days 01:48:19.888000,10,13,+41.066,+2.232
0 days 01:48:25.233000,10,13,+41.135,+2.169
0 days 01:48:29.646000,10,13,+41.180,+2.185
0 days 01:48:34.485000,10,13,+41.211,+2.204
0 days 01:48:38.355000,10,13,+41.269,+2.253
0 days 01:48:47,10,13,+41.643,+2.484
0 days 01:48:51.008000,10,13,+41.711,+2.509
0 days 01:48:51.880000,10,13,+41.724,+2.442
0 days 01:48:56.359000,10,13,+41.715,+2.463
0 days 01:49:00.748000,10,13,+41.712,+2.514
0 days 01:49:01.989000,10,13,+41.727,+2.535
0 days 01:49:04.126000,10,13,+41.628,+2.364
0 days 01:49:09.277000,10,13,+41.767,+2.236
0 days 01:49:14.765000,10,13,+41.853,+2.388
0 days 01:49:19.086000,10,13,+41.964,+2.435
0 days 01:49:22.124000,10,13,+41.993,+2.469
0 days 01:49:29.281000,10,13,+42.096,+2.516
0 days 01:49:33.090000,10,13,+42.139,+2.542
0 days 01:49:36.977000,10,13,+41.958,+2.291
0 days 01:49:42.586000,10,13,+42.018,+2.116
0 days 01:49:47.529000,10,13,+42.180,+2.295
0 days 01:49:51.586000,10,13,+42.245,+2.368
0 days 01:49:57.860000,10,13,+42.343,+2.391
0 days 01:50:03.217000,10,13,+42.412,+2.276
0 days 01:50:07.718000,10,13,+42.463,+2.257
0 days 01:50:12.411000,10,13,+42.493,+2.272
0 days 01:50:16.286000,10,13,+42.548,+2.317
0 days 01:50:24.927000,10,13,+42.880,+2.509
0 days 01:50:28.935000,10,13,+42.904,+2.522
0 days 01:50:29.701000,10,13,+42.892,+2.474
0 days 01:50:34.304000,10,13,+42.959,+2.546
0 days 01:50:38.833000,10,13,+42.962,+2.575
0 days 01:50:40.186000,10,13,+42.971,+2.590
0 days 01:50:42.049000,10,13,+42.868,+2.367
0 days 01:50:47.151000,10,13,+42.921,+2.176
0 days 01:50:52.534000,10,13,+42.854,+2.282
0 days 01:50:56.994000,10,13,+42.989,+2.352
0 days 01:51:00.027000,10,13,+43.037,+2.396
0 days 01:51:07.277000,10,13,+43.216,+2.521
0 days 01:51:11.039000,10,13,+43.248,+2.541
0 days 01:51:14.889000,10,13,+43.087,+2.312
0 days 01:51:20.538000,10,13,+43.105,+2.169
0 days 01:51:25.486000,10,13,+43.302,+2.297
0 days 01:51:29.486000,10,13,+43.392,+2.365
0 days 01:51:35.886000,10,13,+43.616,+2.481
0 days 01:51:41.212000,10,13,+43.678,+2.346
0 days 01:51:45.607000,10,13,+43.728,+2.322
0 days 01:51:50.435000,10,13,+43.754,+2.339
0 days 01:51:54.288000,10,13,+43.801,+2.380
0 days 01:52:02.824000,10,13,+44.039,+2.466
0 days 01:52:06.874000,10,13,+44.082,+2.487
0 days 01:52:07.615000,10,13,+44.091,+2.433
0 days 01:52:12.019000,10,13,+44.097,+2.466
0 days 01:52:16.455000,10,13,+44.091,+2.501
0 days 01:52:17.687000,10,13,+44.105,+2.516
0 days 01:52:20.038000,10,13,+44.025,+2.296
0 days 01:52:24.813000,10,13,+43.952,+1.968
0 days 01:52:30.413000,10,13,+44.064,+2.178
0 days 01:52:34.778000,10,13,+44.140,+2.231
0 days 01:52:37.756000,10,13,+44.175,+2.265
0 days 01:52:44.994000,10,13,+44.301,+2.356
0 days 01:52:48.750000,10,13,+44.342,+2.382
0 days 01:52:52.623000,10,13,+44.220,+2.127
0 days 01:52:58.239000,10,13,+44.316,+1.965
0 days 01:53:03.204000,10,13,+44.503,+2.150
0 days 01:53:07.187000,10,13,+44.574,+2.219
0 days 01:53:13.527000,10,13,+44.747,+2.368
0 days 01:53:18.964000,10,13,+44.940,+2.404
0 days 01:53:23.329000,10,13,+44.986,+2.395
0 days 01:53:28.161000,10,13,+45.019,+2.424
0 days 01:53:32.057000,10,13,+45.065,+2.474
0 days 01:53:40.597000,10,13,+45.357,+2.648
0 days 01:53:44.641000,10,13,+45.413,+2.674
0 days 01:53:45.434000,10,13,+45.445,+2.642
0 days 01:53:49.981000,10,13,+45.553,+0.428
0 days 01:53:54.288000,10,12,+45.553,+0.428
0 days 01:53:54.361000,10,12,+45.577,+2.845
0 days 01:53:55.609000,10,12,+45.596,+2.868
0 days 01:53:57.762000,10,12,+45.491,+2.686
0 days 01:54:02.687000,10,12,+45.399,+2.474
0 days 01:54:08.335000,10,12,+45.478,+2.688
0 days 01:54:12.702000,10,12,+45.526,+2.755
0 days 01:54:15.687000,10,12,+45.566,+2.796
0 days 01:54:23.036000,10,12,+45.824,+2.927
0 days 01:54:26.750000,10,12,+45.864,+2.954
0 days 01:54:30.718000,10,12,+45.720,+2.695
0 days 01:54:36.235000,10,12,+45.802,+2.539
0 days 01:54:41.161000,10,12,+45.895,+2.652
0 days 01:54:45.113000,10,12,+45.957,+2.698
0 days 01:54:51.440000,10,12,+46.036,+2.770
0 days 01:54:56.936000,10,12,+46.209,+2.830
0 days 01:55:01.279000,10,12,+46.256,+2.828
0 days 01:55:06.107000,10,12,+46.302,+2.865
0 days 01:55:09.994000,10,12,+46.355,+2.920
0 days 01:55:18.635000,10,12,+46.568,+3.136
0 days 01:55:22.539000,10,12,+46.581,+3.151
0 days 01:55:23.338000,10,12,+46.568,+3.086
0 days 01:55:27.837000,10,12,+46.617,+3.178
0 days 01:55:32.238000,10,12,+46.628,+3.240
0 days 01:55:33.490000,10,12,+46.651,+3.266
0 days 01:55:35.606000,10,12,+46.568,+3.035
0 days 01:55:40.608000,10,12,+46.567,+2.811
0 days 01:55:46.136000,10,12,+46.580,+2.975
0 days 01:55:50.535000,10,12,+46.647,+3.023
0 days 01:55:53.512000,10,12,+46.681,+3.066
0 days 01:56:00.688000,10,12,+46.865,+3.154
0 days 01:56:04.460000,10,12,+46.885,+3.161
0 days 01:56:08.307000,10,12,+46.699,+2.938
0 days 01:56:13.901000,10,12,+46.637,+2.757
0 days 01:56:18.755000,10,12,+46.769,+2.916
0 days 01:56:22.772000,10,12,+46.817,+2.973
0 days 01:56:29.062000,10,12,+46.982,+3.064
0 days 01:56:34.473000,10,12,+47.045,+3.041
0 days 01:56:38.839000,10,12,+47.055,+3.043
0 days 01:56:43.689000,10,12,+47.084,+3.063
0 days 01:56:47.529000,10,12,+47.147,+3.116
0 days 01:56:56.065000,10,12,+47.396,+3.194
0 days 01:57:00.054000,10,12,+47.409,+3.200
0 days 01:57:00.906000,10,12,+47.392,+3.130
0 days 01:57:05.282000,10,12,+47.418,+3.166
0 days 01:57:09.604000,10,11,+47.418,+3.166
0 days 01:57:09.689000,10,11,+47.440,+3.225
0 days 01:57:10.940000,10,11,+47.464,+3.256
0 days 01:57:13.015000,10,11,+47.344,+3.016
0 days 01:57:18.089000,10,11,+47.302,+2.842
0 days 01:57:23.622000,10,11,+47.336,+2.907
0 days 01:57:27.948000,10,11,+47.362,+2.938
0 days 01:57:30.898000,10,11,+47.392,+2.977
0 days 01:57:38.106000,10,11,+47.576,+3.079
0 days 01:57:41.862000,10,11,+47.608,+3.107
0 days 01:57:45.689000,10,11,+47.432,+2.875
0 days 01:57:51.288000,10,11,+47.381,+2.703
0 days 01:57:56.163000,10,11,+47.468,+2.840
0 days 01:58:00.239000,10,11,+47.537,+2.917
0 days 01:58:06.511000,10,11,+47.689,+2.991
0 days 01:58:11.840000,10,11,+47.736,+2.929
0 days 01:58:16.189000,10,11,+47.772,+2.892
0 days 01:58:21.037000,10,11,+47.801,+2.911
0 days 01:58:24.903000,10,11,+47.858,+2.973
0 days 01:58:33.385000,10,11,+47.901,+3.123
0 days 01:58:37.358000,10,11,+47.911,+3.125
0 days 01:58:38.184000,10,11,+47.886,+3.054
0 days 01:58:42.609000,10,11,+47.989,+3.162
0 days 01:58:46.981000,10,10,+47.989,+3.162
0 days 01:58:47.062000,10,10,+48.039,+3.248
0 days 01:58:48.289000,10,10,+48.077,+3.285
0 days 01:58:50.413000,10,10,+47.976,+3.058
0 days 01:58:55.437000,10,10,+47.895,+2.860
0 days 01:59:00.918000,10,10,+47.912,+3.045
0 days 01:59:05.244000,10,10,+47.942,+3.039
0 days 01:59:08.263000,10,10,+47.984,+3.073
0 days 01:59:15.432000,10,10,+48.121,+3.037
0 days 01:59:19.190000,10,10,+48.162,+3.041
0 days 01:59:23.104000,10,10,+47.980,+2.682
0 days 01:59:28.665000,10,10,+47.965,+2.529
0 days 01:59:33.537000,10,10,+48.038,+2.697
0 days 01:59:37.564000,10,10,+48.119,+2.758
0 days 01:59:43.964000,10,10,+48.332,+2.807
0 days 01:59:49.205000,10,10,+48.346,+2.772
0 days 01:59:53.583000,10,10,+48.391,+2.765
0 days 01:59:58.372000,10,10,+48.409,+2.774
0 days 02:00:02.290000,10,10,+48.474,+2.835
0 days 02:00:10.846000,10,10,+48.612,+2.979
0 days 02:00:14.811000,10,10,+48.661,+3.005
0 days 02:00:15.612000,10,10,+48.670,+2.961
0 days 02:00:20.091000,10,10,+48.711,+3.035
0 days 02:00:24.464000,10,10,+48.741,+3.073
0 days 02:00:25.715000,10,10,+48.772,+3.079
0 days 02:00:27.798000,10,10,+48.677,+2.890
0 days 02:00:32.764000,10,10,+48.675,+2.586
0 days 02:00:38.458000,10,10,+48.794,+2.808
0 days 02:00:42.759000,10,10,+48.857,+2.823
0 days 02:00:45.764000,10,10,+48.903,+2.863
0 days 02:00:52.961000,10,10,+49.070,+2.925
0 days 02:00:56.738000,10,10,+49.078,+2.947
0 days 02:01:00.593000,10,10,+48.966,+2.803
0 days 02:01:06.183000,10,10,+48.914,+2.675
0 days 02:01:11.040000,10,10,+49.003,+2.800
0 days 02:01:15.083000,10,10,+49.080,+2.853
0 days 02:01:21.391000,10,10,+49.308,+3.059
0 days 02:01:26.787000,10,10,+49.368,+3.014
0 days 02:01:31.133000,10,10,+49.400,+3.012
0 days 02:01:35.942000,10,10,+49.423,+3.028
0 days 02:01:39.943000,10,10,+49.462,+3.069
0 days 02:01:48.311000,10,11,+49.462,+3.069
0 days 02:01:48.391000,10,11,+49.632,+0.011
0 days 02:01:52.322000,10,10,+49.632,+0.011
0 days 02:01:52.464000,10,10,+49.703,+3.345
0 days 02:01:53.345000,10,10,+49.869,+3.479
0 days 02:01:58.285000,10,10,+50.431,+4.033
0 days 02:02:02.791000,10,10,+50.492,+4.109
0 days 02:02:03.995000,10,10,+50.488,+4.087
0 days 02:02:06.191000,10,10,+50.552,+4.025
0 days 02:02:11.141000,10,10,+50.411,+3.739
0 days 02:02:16.686000,10,10,+50.608,+4.037
0 days 02:02:21.039000,10,10,+50.671,+4.019
0 days 02:02:24.012000,10,10,+50.716,+4.045
0 days 02:02:31.165000,10,10,+50.861,+4.101
0 days 02:02:34.996000,10,10,+50.882,+4.113
0 days 02:02:38.793000,10,10,+50.805,+3.950
0 days 02:02:44.323000,10,10,+50.828,+3.782
0 days 02:02:49.112000,10,10,+50.838,+3.833
0 days 02:02:53.130000,10,10,+50.900,+3.883
0 days 02:02:59.365000,10,10,+50.995,+3.889
0 days 02:03:04.855000,10,10,+51.194,+3.921
0 days 02:03:09.229000,10,10,+51.262,+3.919
0 days 02:03:14.065000,10,10,+51.281,+3.934
0 days 02:03:17.929000,10,10,+51.351,+4.006
0 days 02:03:26.604000,10,10,+51.640,+4.345
0 days 02:03:30.881000,10,10,+51.962,+4.645
0 days 02:03:31.857000,10,10,+52.152,+4.767
0 days 02:03:36.579000,10,10,+52.479,+5.082
0 days 02:03:40.865000,10,11,+52.479,+5.082
0 days 02:03:41.044000,10,11,+52.540,+0.070
0 days 02:03:42.318000,10,11,+52.558,+0.165
0 days 02:03:44.610000,10,11,+52.672,+0.261
0 days 02:03:49.909000,10,11,+53.040,+0.429
0 days 02:03:55.539000,10,11,+53.356,+0.695
0 days 02:03:59.876000,10,11,+53.388,+0.736
0 days 02:04:03.007000,10,11,+53.447,+0.747
0 days 02:04:10.182000,10,11,+53.756,+0.971
0 days 02:04:13.912000,10,11,+53.777,+0.937
0 days 02:04:17.793000,10,11,+53.723,+0.691
0 days 02:04:23.519000,10,11,+53.977,+0.761
0 days 02:04:28.709000,10,11,+54.328,+1.202
0 days 02:04:32.788000,10,11,+54.488,+1.333
0 days 02:04:39.133000,10,11,+54.739,+1.491
0 days 02:04:44.593000,10,11,+54.905,+1.635
0 days 02:04:48.962000,10,11,+54.960,+1.680
0 days 02:04:53.783000,10,11,+54.984,+1.715
0 days 02:04:57.761000,10,11,+55.118,+1.813
0 days 02:05:06.314000,10,11,+55.362,+2.033
0 days 02:05:10.312000,10,11,+55.423,+2.083
0 days 02:05:11.120000,10,11,+55.432,+2.070
0 days 02:05:15.558000,10,11,+55.491,+2.142
0 days 02:05:20.241000,10,11,+55.539,+2.207
0 days 02:05:21.212000,10,11,+55.579,+2.233
0 days 02:05:23.314000,10,11,+55.541,+2.149
0 days 02:05:28.266000,10,11,+55.529,+2.009
0 days 02:05:33.819000,10,11,+55.617,+2.133
0 days 02:05:38.126000,10,11,+55.682,+2.211
0 days 02:05:41.117000,10,11,+55.736,+2.261
0 days 02:05:48.340000,10,11,+55.962,+2.467
0 days 02:05:52.174000,10,11,+55.991,+2.505
0 days 02:05:55.961000,10,11,+55.968,+2.348
0 days 02:06:01.466000,10,11,+55.977,+2.109
0 days 02:06:06.344000,10,11,+56.110,+2.251
0 days 02:06:10.344000,10,11,+56.200,+2.346
0 days 02:06:16.627000,10,11,+56.382,+2.408
0 days 02:06:21.975000,10,11,+56.384,+2.525
0 days 02:06:26.304000,10,11,+56.382,+2.528
0 days 02:06:31.127000,10,11,+56.389,+2.553
0 days 02:06:35.037000,10,11,+56.465,+2.624
0 days 02:06:43.565000,10,11,+56.617,+2.785
0 days 02:06:47.590000,10,11,+56.684,+2.855
0 days 02:06:48.382000,10,11,+56.680,+2.841
0 days 02:06:52.795000,10,11,+56.704,+2.801
0 days 02:06:57.224000,10,11,+56.757,+2.874
0 days 02:06:58.470000,10,11,+56.802,+2.912
0 days 02:07:00.596000,10,11,+56.725,+2.784
0 days 02:07:05.520000,10,11,+56.733,+2.635
0 days 02:07:11.107000,10,11,+56.729,+2.732
0 days 02:07:15.335000,10,11,+56.779,+2.766
0 days 02:07:18.614000,10,11,+56.856,+2.841
0 days 02:07:25.572000,10,11,+57.078,+3.039
0 days 02:07:29.341000,10,11,+57.095,+3.058
0 days 02:07:33.264000,10,11,+57.062,+2.862
0 days 02:07:38.767000,10,11,+57.022,+2.779
0 days 02:07:43.572000,10,11,+57.035,+2.895
0 days 02:07:47.571000,10,11,+57.104,+2.986
0 days 02:07:53.817000,10,11,+57.233,+3.075
0 days 02:07:59.094000,10,11,+57.236,+3.190
0 days 02:08:03.432000,10,11,+57.247,+3.197
0 days 02:08:08.278000,10,11,+57.261,+3.230
0 days 02:08:12.194000,10,11,+57.368,+3.345
0 days 02:08:20.727000,10,11,+57.516,+3.489
0 days 02:08:24.741000,10,11,+57.578,+3.557
0 days 02:08:25.590000,10,11,+57.554,+3.552
0 days 02:08:29.969000,10,11,+57.560,+3.590
0 days 02:08:34.367000,10,11,+57.587,+3.645
0 days 02:08:35.767000,10,11,+57.616,+3.673
0 days 02:08:37.896000,10,11,+57.567,+3.603
0 days 02:08:42.816000,10,11,+57.466,+3.343
0 days 02:08:48.167000,10,11,+57.523,+3.422
0 days 02:08:52.494000,10,11,+57.528,+3.428
0 days 02:08:55.514000,10,11,+57.556,+3.463
0 days 02:09:02.616000,10,11,+57.615,+3.542
0 days 02:09:06.385000,10,11,+57.612,+3.543
0 days 02:09:10.194000,10,11,+57.538,+3.373
0 days 02:09:15.767000,10,11,+57.598,+3.216
0 days 02:09:20.585000,10,11,+57.651,+3.331
0 days 02:09:24.567000,10,11,+57.684,+3.380
0 days 02:09:30.841000,10,11,+57.783,+3.550
0 days 02:09:36.260000,10,11,+57.881,+3.671
0 days 02:09:40.568000,10,11,+57.926,+3.676
0 days 02:09:45.447000,10,11,+57.946,+3.708
0 days 02:09:49.294000,10,11,+58.011,+3.775
0 days 02:09:57.851000,10,11,+58.165,+3.933
0 days 02:10:01.797000,10,11,+58.218,+4.025
0 days 02:10:02.631000,10,11,+58.194,+4.027
0 days 02:10:07.021000,10,11,+58.209,+4.062
0 days 02:10:11.397000,10,11,+58.239,+4.130
0 days 02:10:12.783000,10,11,+58.272,+4.161
0 days 02:10:14.834000,10,11,+58.223,+4.080
0 days 02:10:19.843000,10,11,+58.174,+3.933
0 days 02:10:25.242000,10,11,+58.078,+4.058
0 days 02:10:29.668000,10,11,+58.085,+4.066
0 days 02:10:32.563000,10,11,+58.136,+4.121
0 days 02:10:39.812000,10,11,+58.253,+4.170
0 days 02:10:43.456000,10,11,+58.249,+4.179
0 days 02:10:47.305000,10,11,+58.199,+4.085
0 days 02:10:52.746000,10,11,+58.160,+3.822
0 days 02:10:57.535000,10,11,+58.093,+3.876
0 days 02:11:01.530000,10,11,+58.140,+3.918
0 days 02:11:07.768000,10,11,+58.217,+3.953
0 days 02:11:13.164000,10,11,+58.308,+4.045
0 days 02:11:17.496000,10,11,+58.349,+4.070
0 days 02:11:22.391000,10,11,+58.383,+4.104
0 days 02:11:26.249000,10,11,+58.447,+4.173
0 days 02:11:34.833000,10,11,+58.628,+4.273
0 days 02:11:38.837000,10,11,+58.711,+4.369
0 days 02:11:39.611000,10,11,+58.711,+4.374
0 days 02:11:43.991000,10,11,+58.669,+4.434
0 days 02:11:48.364000,10,11,+58.672,+4.490
0 days 02:11:49.668000,10,11,+58.698,+4.513
0 days 02:11:51.743000,10,11,+58.627,+4.424
0 days 02:11:56.758000,10,11,+58.531,+4.251
0 days 02:12:02.260000,10,11,+58.482,+4.318
0 days 02:12:06.540000,10,11,+58.530,+4.334
0 days 02:12:09.498000,10,11,+58.574,+4.379
0 days 02:12:16.706000,10,11,+58.647,+4.423
0 days 02:12:20.439000,10,11,+58.664,+4.448
0 days 02:12:24.290000,10,11,+58.506,+4.271
0 days 02:12:29.727000,10,11,+58.377,+3.952
0 days 02:12:34.559000,10,11,+58.416,+4.108
0 days 02:12:38.560000,10,11,+58.491,+4.207
0 days 02:12:44.817000,10,11,+58.575,+4.229
0 days 02:12:50.199000,10,11,+58.677,+4.391
0 days 02:12:54.748000,10,11,+58.743,+4.426
0 days 02:12:59.432000,10,11,+58.761,+4.452
0 days 02:13:03.369000,10,11,+58.830,+4.517
0 days 02:13:11.749000,10,11,+58.841,+4.520
0 days 02:13:15.717000,10,11,+58.900,+4.568
0 days 02:13:16.669000,10,11,+58.878,+4.520
0 days 02:13:20.869000,10,11,+58.876,+4.589
0 days 02:13:25.245000,10,11,+58.884,+4.657
0 days 02:13:26.562000,10,11,+58.910,+4.684
0 days 02:13:28.558000,10,11,+58.829,+4.580
0 days 02:13:33.600000,10,11,+58.829,+4.449
0 days 02:13:39.090000,10,11,+58.847,+4.558
0 days 02:13:43.405000,10,11,+58.868,+4.630
0 days 02:13:46.436000,10,11,+58.908,+4.675
0 days 02:13:53.565000,10,11,+59.057,+4.739
0 days 02:13:57.295000,10,11,+59.072,+4.743
0 days 02:14:01.131000,10,11,+58.950,+4.535
0 days 02:14:06.613000,10,11,+58.913,+4.236
0 days 02:14:11.463000,10,11,+58.888,+4.383
0 days 02:14:15.396000,10,11,+58.881,+4.436
0 days 02:14:21.610000,10,11,+58.915,+4.375
0 days 02:14:26.996000,10,11,+58.985,+4.529
0 days 02:14:31.389000,10,11,+59.035,+4.540
0 days 02:14:36.169000,10,11,+59.049,+4.562
0 days 02:14:40.096000,10,11,+59.101,+4.615
0 days 02:14:48.624000,10,11,+59.309,+4.812
0 days 02:14:52.623000,10,11,+59.384,+4.900
0 days 02:14:53.418000,10,11,+59.357,+4.892
0 days 02:14:57.789000,10,11,+59.304,+4.924
0 days 02:15:02.144000,10,11,+59.329,+4.992
0 days 02:15:03.420000,10,11,+59.355,+5.023
0 days 02:15:05.431000,10,11,+59.271,+4.910
0 days 02:15:10.360000,10,11,+59.164,+4.681
0 days 02:15:15.822000,10,11,+59.112,+4.654
0 days 02:15:20.096000,10,11,+59.144,+4.723
0 days 02:15:23.106000,10,11,+59.182,+4.770
0 days 02:15:30.315000,10,11,+59.341,+4.834
0 days 02:15:33.989000,10,11,+59.360,+4.839
0 days 02:15:37.814000,10,11,+59.258,+4.682
0 days 02:15:43.231000,10,11,+59.120,+4.382
0 days 02:15:48.099000,10,11,+59.199,+4.469
0 days 02:15:52.049000,10,11,+59.244,+4.479
0 days 02:15:58.243000,10,11,+59.241,+4.406
0 days 02:16:03.605000,10,11,+59.351,+4.522
0 days 02:16:07.964000,10,11,+59.406,+4.535
0 days 02:16:12.798000,10,11,+59.429,+4.566
0 days 02:16:16.646000,10,11,+59.476,+4.616
0 days 02:16:25.221000,10,11,+59.637,+4.730
0 days 02:16:29.187000,10,11,+59.704,+4.808
0 days 02:16:29.956000,10,11,+59.721,+4.832
0 days 02:16:34.396000,10,11,+59.761,+4.878
0 days 02:16:38.752000,10,11,+59.798,+4.942
0 days 02:16:39.975000,10,11,+59.829,+4.970
0 days 02:16:42.053000,10,11,+59.764,+4.858
0 days 02:16:46.935000,10,11,+59.606,+4.559
0 days 02:16:52.544000,10,11,+59.580,+4.572
0 days 02:16:56.724000,10,11,+59.636,+4.633
0 days 02:16:59.788000,10,11,+59.664,+4.671
0 days 02:17:06.771000,10,11,+59.721,+4.650
0 days 02:17:10.558000,10,11,+59.718,+4.643
0 days 02:17:14.317000,10,11,+59.673,+4.409
0 days 02:17:19.828000,10,11,+59.689,+4.143
0 days 02:17:24.623000,10,11,+59.718,+4.161
0 days 02:17:28.624000,10,11,+59.792,+4.203
0 days 02:17:34.799000,10,11,+59.761,+4.176
0 days 02:17:40.144000,10,11,+59.862,+4.248
0 days 02:17:44.482000,10,11,+59.927,+4.270
0 days 02:17:49.331000,10,11,+59.955,+4.305
0 days 02:17:53.171000,10,11,+59.998,+4.351
0 days 02:18:01.699000,10,11,+60.264,+4.517
0 days 02:18:05.729000,10,11,+60.315,+4.586
0 days 02:18:06.597000,10,11,+60.276,+4.549
0 days 02:18:10.913000,10,11,+60.310,+4.593
0 days 02:18:15.297000,10,11,+60.356,+4.648
0 days 02:18:16.497000,10,11,+60.389,+4.672
0 days 02:18:18.563000,10,11,+60.355,+4.547
0 days 02:18:23.522000,10,11,+60.254,+4.256
0 days 02:18:28.988000,10,11,+60.117,+4.274
0 days 02:18:33.275000,10,11,+60.156,+4.267
0 days 02:18:36.204000,10,11,+60.209,+4.304
0 days 02:18:43.460000,10,11,+60.273,+4.301
0 days 02:18:47.097000,10,11,+60.284,+4.312
0 days 02:18:50.897000,10,11,+60.225,+4.064
0 days 02:18:56.328000,10,11,+60.162,+3.730
0 days 02:19:01.233000,10,11,+60.127,+3.804
0 days 02:19:05.226000,10,11,+60.164,+3.824
0 days 02:19:11.497000,10,11,+60.306,+3.938
0 days 02:19:16.740000,10,11,+60.160,+3.964
0 days 02:19:21.047000,10,11,+60.172,+3.968
0 days 02:19:25.871000,10,11,+60.253,+3.994
0 days 02:19:29.747000,10,11,+60.481,+4.044
0 days 02:19:38.218000,10,11,+60.726,+4.157
0 days 02:19:42.198000,10,11,+60.777,+4.208
0 days 02:19:42.998000,10,11,+60.759,+4.158
0 days 02:19:47.298000,10,11,+60.767,+4.205
0 days 02:19:51.729000,10,11,+60.803,+4.253
0 days 02:19:52.923000,10,11,+60.838,+4.266
0 days 02:19:55.073000,10,11,+60.790,+4.180
0 days 02:20:00.149000,10,11,+60.805,+3.995
0 days 02:20:05.521000,10,11,+60.875,+4.092
0 days 02:20:09.863000,10,11,+60.975,+4.202
0 days 02:20:12.800000,10,11,+61.011,+4.237
0 days 02:20:20.034000,10,11,+61.185,+4.304
0 days 02:20:23.749000,10,11,+61.206,+4.298
0 days 02:20:27.551000,10,11,+61.173,+4.035
0 days 02:20:33.108000,10,11,+61.171,+3.714
0 days 02:20:38.023000,10,11,+61.220,+3.781
0 days 02:20:41.839000,10,11,+61.263,+3.802
0 days 02:20:48.146000,10,11,+61.481,+3.856
0 days 02:20:53.409000,10,11,+61.500,+3.915
0 days 02:20:57.768000,10,11,+61.533,+3.926
0 days 02:21:02.572000,10,11,+61.565,+3.951
0 days 02:21:06.410000,10,11,+61.614,+3.986
0 days 02:21:14.967000,10,11,+61.815,+4.168
0 days 02:21:18.916000,10,11,+61.871,+4.228
0 days 02:21:19.800000,10,11,+61.861,+4.205
0 days 02:21:24.117000,10,11,+61.927,+4.250
0 days 02:21:28.543000,10,11,+61.980,+4.301
0 days 02:21:29.718000,10,11,+62.017,+4.323
0 days 02:21:31.855000,10,11,+61.984,+4.124
0 days 02:21:36.772000,10,11,+61.915,+3.960
0 days 02:21:42.235000,10,11,+61.811,+3.808
0 days 02:21:46.562000,10,11,+61.823,+3.848
0 days 02:21:49.472000,10,11,+61.877,+3.887
0 days 02:21:56.649000,10,11,+62.086,+4.016
0 days 02:22:00.448000,10,11,+62.111,+4.038
0 days 02:22:04.222000,10,11,+62.057,+3.855
0 days 02:22:09.673000,10,11,+62.063,+3.625
0 days 02:22:14.483000,10,11,+62.003,+3.713
0 days 02:22:18.468000,10,11,+62.041,+3.752
0 days 02:22:24.673000,10,11,+62.030,+3.771
0 days 02:22:29.928000,10,11,+62.014,+3.836
0 days 02:22:34.301000,10,11,+62.069,+3.857
0 days 02:22:39.068000,10,11,+62.112,+3.882
0 days 02:22:42.971000,10,11,+62.166,+3.938
0 days 02:22:51.473000,10,11,+62.363,+4.146
0 days 02:22:55.526000,10,11,+62.388,+4.210
0 days 02:22:56.260000,10,11,+62.349,+4.176
0 days 02:23:00.650000,10,11,+62.340,+4.266
0 days 02:23:04.999000,10,11,+62.348,+4.328
0 days 02:23:06.219000,10,11,+62.377,+4.352
0 days 02:23:08.428000,10,11,+62.303,+4.269
0 days 02:23:13.264000,10,11,+62.279,+4.093
0 days 02:23:18.712000,10,11,+62.187,+4.116
0 days 02:23:22.947000,10,11,+62.184,+4.157
0 days 02:23:25.951000,10,11,+62.210,+4.197
0 days 02:23:33.104000,10,11,+62.333,+4.286
0 days 02:23:36.810000,10,11,+62.349,+4.293
0 days 02:23:40.824000,10,11,+62.308,+4.147
0 days 02:23:46.073000,10,11,+62.273,+3.864
0 days 02:23:50.936000,10,11,+62.352,+3.930
0 days 02:23:54.873000,10,11,+62.405,+3.981
0 days 02:24:00.960000,10,11,+62.417,+3.969
0 days 02:24:06.422000,10,11,+62.562,+4.111
0 days 02:24:10.700000,10,11,+62.606,+4.134
0 days 02:24:15.547000,10,11,+62.621,+4.160
0 days 02:24:19.475000,10,11,+62.674,+4.217
0 days 02:24:28.003000,10,11,+62.968,+4.366
0 days 02:24:31.917000,10,11,+62.993,+4.388
0 days 02:24:32.730000,10,11,+62.970,+4.340
0 days 02:24:37.227000,10,11,+63.116,+4.459
0 days 02:24:41.574000,10,11,+63.149,+4.523
0 days 02:24:42.793000,10,11,+63.179,+4.549
0 days 02:24:44.858000,10,11,+63.111,+4.439
0 days 02:24:49.932000,10,11,+63.225,+4.470
0 days 02:24:55.538000,10,11,+63.331,+4.420
0 days 02:24:59.803000,10,11,+63.444,+4.488
0 days 02:25:02.802000,10,11,+63.484,+4.528
0 days 02:25:09.978000,10,11,+63.671,+4.577
0 days 02:25:13.704000,10,11,+63.689,+4.577
0 days 02:25:17.510000,10,11,+63.623,+4.337
0 days 02:25:23.042000,10,11,+63.759,+4.168
0 days 02:25:28.043000,10,11,+63.819,+4.244
0 days 02:25:31.951000,10,11,+63.883,+4.278
0 days 02:25:38.140000,10,11,+63.986,+4.406
0 days 02:25:43.621000,10,11,+64.231,+4.589
0 days 02:25:47.929000,10,11,+64.279,+4.602
0 days 02:25:52.749000,10,11,+64.292,+4.625
0 days 02:25:56.613000,10,11,+64.349,+4.687
0 days 02:26:05.335000,10,11,+64.626,+4.726
0 days 02:26:09.134000,10,11,+64.704,+4.810
0 days 02:26:09.977000,10,11,+64.708,+4.794
0 days 02:26:14.425000,10,11,+64.816,+4.820
0 days 02:26:18.792000,10,11,+64.862,+4.867
0 days 02:26:20.046000,10,11,+64.895,+4.884
0 days 02:26:22.168000,10,11,+64.818,+4.787
0 days 02:26:27.162000,10,11,+64.902,+4.795
0 days 02:26:32.656000,10,11,+64.862,+4.837
0 days 02:26:36.994000,10,11,+64.877,+4.900
0 days 02:26:39.929000,10,11,+64.901,+4.933
0 days 02:26:47.101000,10,11,+65.097,+4.989
0 days 02:26:50.887000,10,11,+65.112,+4.988
0 days 02:26:54.605000,10,11,+65.068,+4.797
0 days 02:27:00.136000,10,11,+65.209,+4.671
0 days 02:27:04.965000,10,11,+65.265,+4.714
0 days 02:27:08.983000,10,11,+65.314,+4.757
0 days 02:27:15.179000,10,11,+65.339,+4.728
0 days 02:27:20.638000,10,11,+65.630,+4.966
0 days 02:27:24.953000,10,11,+65.699,+5.002
0 days 02:27:29.775000,10,11,+65.725,+5.035
0 days 02:27:33.627000,10,11,+65.767,+5.071
0 days 02:27:42.357000,10,11,+66.205,+5.449
0 days 02:27:46.349000,10,11,+66.247,+5.511
0 days 02:27:47.201000,10,11,+66.263,+5.510
0 days 02:27:51.707000,10,11,+66.450,+5.661
0 days 02:27:56.078000,10,11,+66.506,+5.721
0 days 02:27:57.320000,10,11,+66.526,+5.720
0 days 02:27:59.416000,10,11,+66.482,+5.664
0 days 02:28:04.369000,10,11,+66.443,+5.619
0 days 02:28:09.898000,10,11,+66.471,+5.629
0 days 02:28:14.151000,10,11,+66.513,+5.643
0 days 02:28:17.075000,10,11,+66.531,+5.654
0 days 02:28:24.243000,10,11,+66.708,+5.705
0 days 02:28:28.045000,10,11,+66.721,+5.713
0 days 02:28:31.751000,10,11,+66.699,+5.511
0 days 02:28:37.201000,10,11,+66.750,+5.293
0 days 02:28:42.023000,10,11,+66.783,+5.395
0 days 02:28:45.964000,10,11,+66.832,+5.416
0 days 02:28:52.247000,10,11,+66.804,+5.474
0 days 02:28:57.693000,10,11,+66.909,+5.600
0 days 02:29:01.953000,10,11,+66.952,+5.618
0 days 02:29:06.773000,10,11,+66.971,+5.648
0 days 02:29:10.622000,10,11,+67.009,+5.684
0 days 02:29:19.340000,10,11,+67.290,+5.901
0 days 02:29:23.302000,10,11,+67.295,+5.913
0 days 02:29:24.102000,10,11,+67.252,+5.860
0 days 02:29:28.524000,10,11,+67.279,+5.890
0 days 02:29:32.905000,10,11,+67.284,+5.934
0 days 02:29:34.076000,10,11,+67.304,+5.944
0 days 02:29:36.176000,10,11,+67.206,+5.854
0 days 02:29:41.106000,10,11,+67.086,+5.696
0 days 02:29:46.624000,10,11,+67.247,+5.742
0 days 02:29:50.954000,10,11,+67.297,+5.796
0 days 02:29:53.902000,10,11,+67.332,+5.830
0 days 02:30:01.077000,10,11,+67.386,+5.809
0 days 02:30:04.876000,10,11,+67.389,+5.836
0 days 02:30:08.634000,10,11,+67.233,+5.741
0 days 02:30:14.145000,10,11,+67.218,+5.750
0 days 02:30:19.022000,10,11,+67.213,+5.822
0 days 02:30:22.943000,10,11,+67.264,+5.877
0 days 02:30:29.165000,10,11,+67.191,+5.871
0 days 02:30:34.564000,10,11,+67.334,+6.062
0 days 02:30:38.880000,10,11,+67.357,+6.066
0 days 02:30:43.727000,10,11,+67.374,+6.091
0 days 02:30:47.571000,10,11,+67.417,+6.121
0 days 02:30:56.176000,10,11,+67.442,+6.007
0 days 02:31:00.127000,10,11,+67.424,+5.951
0 days 02:31:00.943000,10,11,+67.338,+5.889
0 days 02:31:05.342000,10,11,+67.195,+5.892
0 days 00:00:03.711000,87,17,,
0 days 00:59:11.347000,87,17,+1.957,+0.076
0 days 00:59:12.032000,87,17,+1.751,+0.077
0 days 00:59:14.887000,87,16,+1.751,+0.077
0 days 00:59:14.966000,87,16,+2.166,+0.187
0 days 00:59:20.678000,87,17,+2.166,+0.187
0 days 00:59:21.033000,87,17,+3.239,+0.253
0 days 00:59:27.511000,87,17,+4.077,+0.237
0 days 00:59:31.553000,87,16,+4.077,+0.237
0 days 00:59:31.654000,87,16,+4.260,+0.149
0 days 00:59:34.612000,87,16,+4.263,+0.084
0 days 00:59:42.438000,87,17,+4.263,+0.084
0 days 00:59:42.737000,87,17,+5.122,+0.030
0 days 00:59:46.137000,87,16,+5.122,+0.030
0 days 00:59:46.197000,87,16,+5.043,+0.491
0 days 00:59:50.581000,87,16,+5.314,+0.455
0 days 00:59:57.094000,87,16,+6.270,+0.445
0 days 01:00:02.338000,87,16,+6.977,+0.198
0 days 01:00:06.405000,87,16,+7.144,+0.130
0 days 01:00:13.564000,87,16,+8.131,+0.251
0 days 01:00:18.816000,87,16,+8.356,+0.278
0 days 01:00:23.238000,87,16,+8.433,+0.265
0 days 01:00:28.032000,87,16,+8.317,+0.225
0 days 01:00:31.811000,87,16,+8.187,+0.202
0 days 01:00:41.042000,87,16,+9.023,+0.292
0 days 01:00:45.198000,87,16,+9.113,+0.386
0 days 01:00:46.115000,87,16,+9.211,+0.417
0 days 01:00:50.819000,87,16,+9.343,+0.375
0 days 01:00:55.238000,87,16,+9.082,+0.310
0 days 01:00:56.398000,87,16,+8.998,+0.300
0 days 01:00:58.974000,87,16,+9.191,+0.435
0 days 01:01:04.162000,87,17,+9.191,+0.435
0 days 01:01:04.568000,87,17,+9.435,+0.031
0 days 01:01:09.784000,87,16,+9.435,+0.031
0 days 01:01:09.881000,87,16,+9.678,+0.546
0 days 01:01:14.067000,87,16,+9.728,+0.576
0 days 01:01:17.093000,87,16,+9.704,+0.568
0 days 01:01:24.478000,87,16,+10.074,+0.509
0 days 01:01:28.284000,87,16,+10.099,+0.548
0 days 01:01:32.612000,87,16,+10.348,+0.526
0 days 01:01:38.669000,87,16,+10.837,+0.554
0 days 01:01:43.638000,87,16,+11.058,+0.694
0 days 01:01:47.620000,87,16,+11.088,+0.703
0 days 01:01:54.097000,87,16,+11.362,+0.512
0 days 01:01:59.427000,87,16,+11.437,+0.455
0 days 01:02:03.865000,87,16,+11.412,+0.398
0 days 01:02:08.587000,87,16,+11.290,+0.315
0 days 01:02:12.172000,87,16,+11.009,+0.237
0 days 01:02:21.181000,87,16,+11.526,+0.466
0 days 01:02:25.239000,87,16,+11.612,+0.537
0 days 01:02:26.184000,87,16,+11.715,+0.582
0 days 01:02:30.756000,87,16,+11.769,+0.634
0 days 01:02:35.021000,87,16,+11.499,+0.632
0 days 01:02:36.127000,87,16,+11.394,+0.622
0 days 01:02:38.514000,87,16,+11.492,+0.590
0 days 01:02:43.939000,87,16,+11.958,+0.530
0 days 01:02:49.583000,87,16,+12.102,+0.686
0 days 01:02:53.825000,87,16,+12.121,+0.704
0 days 01:02:56.776000,87,16,+12.087,+0.673
0 days 01:03:04.139000,87,16,+12.230,+0.725
0 days 01:03:07.935000,87,16,+12.245,+0.734
0 days 01:03:12.239000,87,16,+12.395,+0.733
0 days 01:03:18.257000,87,16,+12.691,+0.710
0 days 01:03:23.099000,87,16,+12.896,+0.754
0 days 01:03:27.094000,87,16,+12.944,+0.757
0 days 01:03:33.488000,87,16,+13.142,+0.614
0 days 01:03:38.943000,87,16,+13.154,+0.535
0 days 01:03:43.366000,87,16,+13.157,+0.455
0 days 01:03:48.083000,87,16,+13.042,+0.374
0 days 01:03:51.661000,87,16,+12.757,+0.282
0 days 01:04:00.322000,87,16,+12.965,+0.362
0 days 01:04:04.415000,87,16,+13.051,+0.424
0 days 01:04:05.361000,87,16,+13.147,+0.446
0 days 01:04:09.866000,87,16,+13.167,+0.451
0 days 01:04:14.073000,87,16,+12.875,+0.412
0 days 01:04:15.183000,87,16,+12.773,+0.397
0 days 01:04:17.599000,87,16,+12.899,+0.419
0 days 01:04:23.166000,87,16,+13.258,+0.690
0 days 01:04:28.740000,87,16,+13.363,+0.631
0 days 01:04:33.082000,87,16,+13.406,+0.656
0 days 01:04:36.066000,87,16,+13.356,+0.398
0 days 01:04:43.789000,87,15,+13.356,+0.398
0 days 01:04:43.882000,87,15,+14.056,+1.190
0 days 01:04:47.695000,87,15,+14.095,+1.194
0 days 01:04:51.937000,87,15,+14.220,+1.116
0 days 01:04:57.880000,87,15,+14.422,+1.200
0 days 01:05:02.731000,87,15,+14.596,+1.262
0 days 01:05:06.724000,87,15,+14.619,+1.271
0 days 01:05:13.030000,87,15,+14.736,+1.179
0 days 01:05:18.472000,87,15,+14.850,+1.037
0 days 01:05:22.965000,87,15,+14.851,+1.013
0 days 01:05:27.742000,87,15,+14.822,+1.027
0 days 01:05:31.486000,87,15,+14.777,+1.155
0 days 01:05:40.142000,87,15,+15.012,+1.338
0 days 01:05:44.181000,87,15,+15.048,+1.384
0 days 01:05:45.218000,87,15,+15.098,+1.404
0 days 01:05:49.644000,87,15,+15.113,+1.412
0 days 01:05:54.014000,87,15,+15.009,+1.539
0 days 01:05:55.167000,87,15,+14.954,+1.568
0 days 01:05:57.463000,87,15,+14.895,+1.498
0 days 01:06:02.840000,87,15,+15.037,+1.630
0 days 01:06:08.536000,87,15,+15.272,+1.563
0 days 01:06:12.959000,87,15,+15.464,+1.680
0 days 01:06:15.934000,87,15,+15.463,+1.682
0 days 01:06:23.318000,87,15,+15.577,+1.642
0 days 01:06:27.079000,87,15,+15.547,+1.613
0 days 01:06:31.303000,87,15,+15.671,+1.546
0 days 01:06:37.214000,87,15,+15.816,+1.545
0 days 01:06:42.131000,87,15,+15.947,+1.617
0 days 01:06:46.167000,87,15,+15.968,+1.661
0 days 01:06:52.402000,87,15,+16.082,+1.581
0 days 01:06:57.806000,87,15,+16.117,+1.420
0 days 01:07:02.201000,87,15,+16.096,+1.348
0 days 01:07:07.002000,87,15,+16.076,+1.356
0 days 01:07:10.769000,87,15,+16.039,+1.494
0 days 01:07:19.235000,87,15,+16.004,+1.621
0 days 01:07:23.262000,87,15,+15.985,+1.622
0 days 01:07:24.167000,87,15,+16.026,+1.627
0 days 01:07:28.683000,87,15,+16.089,+1.683
0 days 01:07:33.062000,87,15,+15.986,+1.829
0 days 01:07:34.241000,87,15,+15.955,+1.892
0 days 01:07:36.501000,87,15,+15.922,+1.776
0 days 01:07:41.886000,87,15,+16.228,+1.910
0 days 01:07:47.567000,87,15,+16.410,+1.835
0 days 01:07:51.880000,87,15,+16.468,+1.891
0 days 01:07:54.885000,87,15,+16.448,+1.885
0 days 01:08:02.142000,87,15,+16.501,+1.847
0 days 01:08:05.951000,87,15,+16.532,+1.860
0 days 01:08:10.139000,87,15,+16.743,+1.777
0 days 01:08:16.215000,87,15,+17.113,+1.886
0 days 01:08:21.168000,87,15,+17.278,+1.889
0 days 01:08:25.220000,87,15,+17.331,+1.903
0 days 01:08:31.517000,87,15,+17.524,+1.757
0 days 01:08:36.964000,87,15,+17.611,+1.602
0 days 01:08:41.332000,87,15,+17.608,+1.542
0 days 01:08:46.174000,87,15,+17.584,+1.572
0 days 01:08:49.996000,87,15,+17.558,+1.736
0 days 01:08:58.517000,87,15,+17.667,+1.713
0 days 01:09:02.491000,87,15,+17.679,+1.706
0 days 01:09:03.484000,87,15,+17.736,+1.722
0 days 01:09:07.885000,87,15,+17.779,+1.733
0 days 01:09:12.298000,87,15,+17.673,+1.879
0 days 01:09:13.442000,87,15,+17.640,+1.942
0 days 01:09:15.738000,87,15,+17.595,+1.873
0 days 01:09:21.181000,87,15,+17.928,+2.070
0 days 01:09:26.971000,87,15,+18.118,+2.002
0 days 01:09:31.342000,87,15,+18.224,+2.095
0 days 01:09:34.318000,87,15,+18.216,+2.093
0 days 01:09:41.642000,87,15,+18.363,+2.018
0 days 01:09:45.404000,87,15,+18.391,+2.029
0 days 01:09:49.629000,87,15,+18.468,+1.947
0 days 01:09:55.609000,87,15,+18.707,+2.005
0 days 01:10:00.561000,87,15,+18.801,+2.040
0 days 01:10:04.617000,87,15,+18.788,+2.068
0 days 01:10:10.930000,87,15,+18.981,+2.018
0 days 01:10:16.438000,87,15,+19.058,+1.848
0 days 01:10:20.838000,87,15,+19.096,+1.813
0 days 01:10:25.642000,87,15,+19.085,+1.837
0 days 01:10:29.604000,87,15,+19.076,+2.000
0 days 01:10:37.917000,87,15,+19.234,+2.110
0 days 01:10:41.958000,87,15,+19.261,+2.101
0 days 01:10:42.988000,87,15,+19.329,+2.111
0 days 01:10:47.410000,87,15,+19.374,+2.151
0 days 01:10:51.831000,87,15,+19.301,+2.312
0 days 01:10:52.997000,87,15,+19.277,+2.363
0 days 01:10:55.305000,87,15,+19.257,+2.256
0 days 01:11:00.668000,87,15,+19.490,+2.340
0 days 01:11:06.375000,87,15,+19.654,+2.254
0 days 01:11:10.701000,87,15,+19.702,+2.298
0 days 01:11:13.702000,87,15,+19.677,+2.298
0 days 01:11:20.946000,87,15,+19.728,+2.228
0 days 01:11:24.799000,87,15,+19.776,+2.268
0 days 01:11:28.989000,87,15,+19.890,+2.127
0 days 01:11:34.943000,87,15,+20.134,+2.083
0 days 01:11:39.930000,87,15,+20.250,+2.120
0 days 01:11:43.971000,87,15,+20.258,+2.094
0 days 01:11:50.273000,87,15,+20.373,+2.084
0 days 01:11:55.843000,87,15,+20.421,+1.918
0 days 01:12:00.243000,87,15,+20.434,+1.888
0 days 01:12:05.043000,87,15,+20.422,+1.925
0 days 01:12:08.843000,87,15,+20.405,+2.083
0 days 01:12:17.343000,87,15,+20.478,+2.042
0 days 01:12:21.369000,87,15,+20.489,+2.031
0 days 01:12:22.277000,87,15,+20.521,+2.029
0 days 01:12:26.769000,87,15,+20.572,+1.994
0 days 01:12:31.143000,87,15,+20.464,+2.113
0 days 01:12:32.341000,87,15,+20.422,+2.156
0 days 01:12:34.684000,87,15,+20.398,+2.049
0 days 01:12:40.020000,87,15,+20.555,+2.104
0 days 01:12:45.739000,87,15,+20.761,+2.135
0 days 01:12:50.151000,87,15,+20.822,+2.217
0 days 01:12:53.119000,87,15,+20.797,+2.215
0 days 01:13:00.370000,87,15,+20.795,+2.122
0 days 01:13:04.187000,87,15,+20.827,+2.149
0 days 01:13:08.352000,87,15,+20.915,+1.991
0 days 01:13:14.373000,87,15,+21.195,+2.017
0 days 01:13:19.320000,87,15,+21.324,+2.078
0 days 01:13:23.411000,87,15,+21.360,+2.102
0 days 01:13:29.733000,87,15,+21.530,+2.064
0 days 01:13:35.206000,87,15,+21.601,+1.894
0 days 01:13:39.608000,87,15,+21.591,+1.860
0 days 01:13:44.432000,87,15,+21.576,+1.887
0 days 01:13:48.217000,87,15,+21.560,+2.041
0 days 01:13:56.717000,87,15,+21.635,+2.097
0 days 01:14:00.788000,87,15,+21.640,+2.100
0 days 01:14:01.686000,87,15,+21.679,+2.090
0 days 01:14:06.144000,87,15,+21.727,+2.111
0 days 01:14:10.490000,87,15,+21.637,+2.261
0 days 01:14:11.710000,87,15,+21.590,+2.302
0 days 01:14:14.001000,87,15,+21.567,+2.180
0 days 01:14:19.422000,87,15,+21.847,+2.263
0 days 01:14:25.025000,87,15,+22.023,+2.193
0 days 01:14:29.521000,87,15,+22.123,+2.246
0 days 01:14:32.499000,87,15,+22.100,+2.244
0 days 01:14:39.837000,87,15,+22.189,+2.368
0 days 01:14:43.640000,87,15,+22.206,+2.399
0 days 01:14:47.871000,87,15,+22.384,+2.346
0 days 01:14:53.864000,87,15,+22.531,+2.260
0 days 01:14:58.821000,87,15,+22.674,+2.303
0 days 01:15:02.884000,87,15,+22.717,+2.331
0 days 01:15:09.172000,87,15,+22.922,+2.300
0 days 01:15:14.664000,87,15,+22.981,+2.147
0 days 01:15:19.085000,87,15,+22.977,+2.094
0 days 01:15:23.916000,87,15,+22.961,+2.138
0 days 01:15:27.667000,87,15,+22.948,+2.303
0 days 01:15:36.262000,87,15,+23.042,+2.293
0 days 01:15:40.196000,87,15,+23.051,+2.293
0 days 01:15:41.119000,87,15,+23.097,+2.280
0 days 01:15:45.562000,87,14,+23.097,+2.280
0 days 01:15:45.567000,87,14,+23.134,+2.287
0 days 01:15:49.937000,87,14,+23.052,+2.437
0 days 01:15:51.120000,87,14,+23.011,+2.481
0 days 01:15:53.410000,87,14,+23.003,+2.347
0 days 01:15:58.761000,87,14,+23.239,+2.457
0 days 01:16:04.474000,87,14,+23.442,+2.422
0 days 01:16:08.834000,87,14,+23.468,+2.486
0 days 01:16:11.820000,87,14,+23.440,+2.474
0 days 01:16:18.964000,87,14,+23.351,+2.400
0 days 01:16:22.764000,87,14,+23.360,+2.400
0 days 01:16:26.931000,87,14,+23.480,+2.355
0 days 01:16:32.881000,87,14,+23.642,+2.280
0 days 01:16:37.819000,87,14,+23.743,+2.303
0 days 01:16:41.840000,87,14,+23.772,+2.334
0 days 01:16:48.146000,87,14,+23.931,+2.266
0 days 01:16:53.684000,87,14,+24.010,+2.241
0 days 01:16:58.071000,87,14,+24.013,+2.222
0 days 01:17:02.847000,87,14,+24.004,+2.242
0 days 01:17:06.703000,87,14,+23.988,+2.375
0 days 01:17:15.246000,87,14,+24.034,+2.379
0 days 01:17:19.276000,87,14,+24.068,+2.392
0 days 01:17:20.191000,87,14,+24.131,+2.425
0 days 01:17:24.687000,87,14,+24.154,+0.586
0 days 01:17:28.983000,87,12,+24.154,+0.586
0 days 01:17:29.060000,87,12,+24.086,+2.518
0 days 01:17:30.289000,87,12,+24.070,+2.576
0 days 01:17:32.572000,87,12,+24.069,+2.491
0 days 01:17:37.933000,87,12,+24.311,+2.604
0 days 01:17:43.542000,87,12,+24.338,+2.424
0 days 01:17:47.962000,87,12,+24.436,+2.506
0 days 01:17:50.949000,87,12,+24.424,+2.508
0 days 01:17:58.157000,87,12,+24.407,+2.400
0 days 01:18:01.955000,87,12,+24.401,+2.377
0 days 01:18:06.107000,87,12,+24.481,+2.184
0 days 01:18:12.028000,87,12,+24.619,+2.110
0 days 01:18:17.026000,87,12,+24.726,+2.228
0 days 01:18:21.063000,87,12,+24.744,+2.249
0 days 01:18:27.313000,87,12,+24.886,+2.074
0 days 01:18:32.923000,87,12,+25.036,+2.081
0 days 01:18:37.372000,87,12,+25.072,+2.097
0 days 01:18:42.188000,87,12,+25.064,+2.095
0 days 01:18:46.140000,87,12,+25.056,+2.094
0 days 01:18:54.535000,87,12,+25.234,+2.011
0 days 01:18:58.546000,87,12,+25.237,+2.009
0 days 01:18:59.471000,87,12,+25.257,+2.013
0 days 01:19:03.913000,87,12,+25.280,+1.970
0 days 01:19:08.247000,87,10,+25.280,+1.970
0 days 01:19:08.335000,87,10,+25.221,+1.965
0 days 01:19:09.528000,87,10,+25.193,+1.961
0 days 01:19:11.921000,87,10,+25.253,+1.890
0 days 01:19:17.277000,87,10,+25.579,+2.073
0 days 01:19:22.924000,87,10,+25.691,+1.950
0 days 01:19:27.229000,87,10,+25.761,+1.969
0 days 01:19:30.220000,87,10,+25.738,+1.962
0 days 01:19:37.420000,87,10,+25.746,+1.949
0 days 01:19:41.211000,87,10,+25.752,+1.949
0 days 01:19:45.442000,87,10,+25.910,+1.872
0 days 01:19:51.373000,87,10,+26.144,+1.934
0 days 01:19:56.323000,87,10,+26.193,+1.992
0 days 01:20:00.347000,87,10,+26.183,+2.005
0 days 01:20:06.636000,87,10,+26.252,+1.974
0 days 01:20:12.230000,87,10,+26.377,+1.945
0 days 01:20:16.599000,87,10,+26.374,+1.923
0 days 01:20:21.436000,87,10,+26.357,+1.898
0 days 01:20:25.346000,87,10,+26.342,+1.887
0 days 01:20:33.706000,87,10,+26.407,+1.846
0 days 01:20:37.742000,87,10,+26.403,+1.852
0 days 01:20:38.549000,87,10,+26.444,+1.864
0 days 01:20:43.105000,87,10,+26.483,+1.852
0 days 01:20:47.440000,87,8,+26.483,+1.852
0 days 01:20:47.522000,87,8,+26.435,+1.844
0 days 01:20:48.741000,87,8,+26.423,+1.839
0 days 01:20:51.007000,87,8,+26.433,+1.736
0 days 01:20:56.389000,87,8,+26.742,+1.920
0 days 01:21:02.029000,87,8,+26.858,+1.902
0 days 01:21:06.494000,87,8,+26.955,+1.947
0 days 01:21:09.464000,87,8,+26.942,+1.933
0 days 01:21:16.649000,87,8,+26.939,+1.942
0 days 01:21:20.463000,87,8,+26.925,+1.929
0 days 01:21:24.595000,87,8,+27.126,+1.860
0 days 01:21:30.470000,87,8,+27.285,+1.877
0 days 01:21:35.348000,87,8,+27.389,+1.898
0 days 01:21:39.363000,87,8,+27.381,+1.884
0 days 01:21:45.621000,87,8,+27.527,+1.808
0 days 01:21:51.161000,87,8,+27.677,+1.831
0 days 01:21:55.547000,87,8,+27.667,+1.806
0 days 01:22:00.401000,87,8,+24.453,+1.791
0 days 01:22:04.179000,87,8,+24.434,+1.784
0 days 01:22:12.705000,87,8,+24.469,+1.809
0 days 01:22:16.715000,87,8,+24.479,+1.806
0 days 01:22:17.574000,87,8,+24.518,+1.829
0 days 01:22:22.112000,87,8,+24.566,+1.841
0 days 01:22:26.488000,87,8,+24.504,+1.841
0 days 01:22:27.629000,87,7,+24.504,+1.841
0 days 01:22:27.700000,87,7,+24.487,+1.820
0 days 01:22:30.001000,87,7,+24.608,+1.777
0 days 01:22:35.462000,87,7,+24.843,+1.973
0 days 01:22:41.080000,87,7,+24.942,+1.913
0 days 01:22:45.421000,87,7,+24.933,+1.985
0 days 01:22:48.409000,87,7,+24.920,+1.995
0 days 01:22:55.596000,87,8,+24.920,+1.995
0 days 01:22:56.074000,87,8,+25.323,+0.487
0 days 01:23:00.001000,87,8,+25.307,+0.484
0 days 01:23:04.190000,87,8,+25.709,+0.733
0 days 01:23:10.250000,87,8,+25.967,+1.109
0 days 01:23:15.214000,87,8,+25.979,+1.456
0 days 01:23:19.224000,87,8,+26.001,+1.592
0 days 01:23:25.564000,87,8,+25.881,+1.831
0 days 01:23:31.117000,87,8,+26.042,+2.086
0 days 01:23:35.474000,87,8,+26.091,+2.186
0 days 01:23:40.325000,87,8,+26.082,+2.358
0 days 01:23:44.095000,87,8,+26.072,+2.661
0 days 01:23:52.651000,87,8,+26.224,+2.456
0 days 01:23:56.688000,87,8,+26.304,+2.453
0 days 01:23:57.498000,87,8,+26.596,+2.409
0 days 01:24:02.078000,87,8,+21.238,+2.331
0 days 01:24:06.449000,87,8,+7.915,+2.331
0 days 01:24:07.577000,87,7,+7.915,+2.331
0 days 01:24:07.598000,87,7,+7.868,+2.509
0 days 01:24:09.848000,87,7,+7.758,+2.403
0 days 01:24:15.172000,87,7,+7.863,+2.543
0 days 01:24:20.923000,87,7,+8.029,+2.341
0 days 01:24:25.204000,87,7,+7.992,+2.331
0 days 01:24:28.175000,87,7,+7.970,+2.320
0 days 01:24:35.387000,87,7,+7.971,+2.179
0 days 01:24:39.114000,87,7,+7.971,+2.185
0 days 01:24:43.194000,87,7,+7.961,+2.117
0 days 01:24:49.175000,87,7,+8.158,+2.104
0 days 01:24:54.138000,87,7,+8.251,+2.100
0 days 01:24:58.154000,87,7,+8.253,+2.115
0 days 01:25:04.476000,87,7,+8.299,+1.894
0 days 01:25:09.973000,87,7,+8.190,+1.885
0 days 01:25:14.349000,87,7,+8.195,+1.880
0 days 01:25:19.166000,87,7,+8.177,+1.966
0 days 01:25:22.976000,87,7,+8.153,+2.129
0 days 01:25:31.265000,87,8,+8.153,+2.129
0 days 01:25:31.745000,87,9,+8.153,+2.129
0 days 01:25:31.862000,87,9,+8.563,+0.004
0 days 01:25:36.123000,87,9,+8.800,+0.246
0 days 01:25:37.007000,87,9,+8.904,+0.331
0 days 01:25:41.627000,87,9,+9.086,+0.479
0 days 01:25:45.889000,87,9,+8.884,+0.511
0 days 01:25:46.978000,87,9,+8.790,+0.505
0 days 01:25:49.449000,87,9,+8.837,+0.580
0 days 01:25:54.980000,87,9,+9.038,+1.050
0 days 01:26:00.518000,87,9,+9.270,+1.077
0 days 01:26:04.892000,87,9,+9.235,+1.201
0 days 01:26:07.924000,87,9,+9.216,+1.229
0 days 01:26:15.163000,87,9,+9.312,+1.279
0 days 01:26:18.951000,87,9,+9.310,+1.345
0 days 01:26:23.004000,87,9,+9.330,+1.280
0 days 01:26:28.963000,87,9,+9.379,+1.342
0 days 01:26:33.827000,87,9,+9.463,+1.469
0 days 01:26:37.857000,87,9,+9.463,+1.551
0 days 01:26:44.194000,87,9,+9.495,+1.432
0 days 01:26:49.650000,87,9,+9.444,+1.597
0 days 01:26:54.076000,87,9,+9.452,+1.675
0 days 01:26:58.850000,87,9,+9.427,+1.895
0 days 01:27:02.692000,87,9,+9.038,+2.221
0 days 01:27:11.265000,87,9,+9.293,+1.702
0 days 01:27:15.176000,87,9,+9.323,+1.684
0 days 01:27:16.097000,87,9,+9.394,+1.909
0 days 01:27:20.539000,87,8,+9.394,+1.909
0 days 01:27:20.539000,87,8,+9.492,+1.968
0 days 01:27:20.544000,87,8,+9.394,+1.968
0 days 01:27:20.547000,87,8,+9.492,+1.968
0 days 01:27:24.914000,87,8,+9.410,+2.094
0 days 01:27:26.099000,87,8,+9.380,+2.145
0 days 01:27:28.330000,87,8,+9.361,+2.111
0 days 01:27:33.576000,87,8,+9.517,+2.260
0 days 01:27:39.381000,87,8,+9.826,+2.276
0 days 01:27:43.726000,87,8,+9.887,+2.388
0 days 01:27:46.709000,87,8,+9.855,+2.413
0 days 01:27:53.872000,87,8,+9.918,+2.344
0 days 01:27:57.650000,87,8,+9.950,+2.424
0 days 01:28:01.808000,87,8,+10.081,+2.370
0 days 01:28:07.726000,87,8,+10.291,+2.373
0 days 01:28:12.650000,87,8,+10.406,+2.410
0 days 01:28:16.653000,87,8,+10.444,+2.460
0 days 01:28:22.997000,87,8,+10.668,+2.295
0 days 01:28:28.350000,87,8,+10.686,+2.242
0 days 01:28:32.756000,87,8,+10.728,+2.263
0 days 01:28:37.570000,87,8,+10.718,+2.378
0 days 01:28:41.376000,87,8,+10.704,+2.594
0 days 01:28:50.012000,87,9,+10.704,+2.594
0 days 01:28:50.345000,87,9,+11.375,+0.249
0 days 01:28:54.357000,87,9,+11.378,+0.288
0 days 01:28:55.271000,87,9,+11.484,+0.401
0 days 01:28:59.898000,87,9,+11.617,+0.310
0 days 01:29:04.040000,87,9,+11.387,+0.124
0 days 01:29:05.228000,87,9,+11.324,+0.121
0 days 01:29:07.709000,87,9,+11.524,+0.344
0 days 01:29:13.068000,87,9,+11.829,+0.491
0 days 01:29:18.981000,87,9,+12.251,+0.802
0 days 01:29:23.246000,87,9,+12.367,+0.800
0 days 01:29:26.203000,87,9,+12.329,+0.794
0 days 01:29:33.451000,87,9,+12.370,+0.826
0 days 01:29:37.196000,87,9,+12.351,+0.804
0 days 01:29:41.331000,87,9,+12.353,+0.912
0 days 01:29:47.329000,87,9,+12.690,+1.114
0 days 01:29:52.276000,87,9,+12.922,+1.179
0 days 01:29:56.280000,87,9,+12.961,+1.198
0 days 01:30:02.605000,87,9,+13.122,+1.285
0 days 01:30:08.137000,87,9,+13.274,+1.331
0 days 01:30:12.528000,87,9,+13.292,+1.372
0 days 01:30:17.269000,87,9,+13.274,+1.389
0 days 01:30:21.094000,87,9,+13.260,+1.401
0 days 01:30:29.509000,87,9,+13.276,+1.428
0 days 01:30:33.504000,87,9,+13.248,+1.412
0 days 01:30:34.277000,87,9,+13.278,+1.433
0 days 01:30:38.751000,87,9,+13.331,+1.385
0 days 01:30:43.147000,87,9,+13.247,+1.388
0 days 01:30:44.377000,87,9,+13.210,+1.402
0 days 01:30:46.628000,87,9,+13.159,+1.352
0 days 01:30:51.963000,87,9,+13.307,+1.505
0 days 01:30:57.504000,87,9,+13.531,+1.546
0 days 01:31:01.847000,87,9,+13.563,+1.573
0 days 01:31:04.802000,87,9,+13.539,+1.575
0 days 01:31:11.979000,87,9,+13.583,+1.545
0 days 01:31:15.783000,87,9,+13.588,+1.540
0 days 01:31:19.895000,87,9,+13.572,+1.582
0 days 01:31:25.727000,87,9,+13.658,+1.649
0 days 01:31:30.690000,87,9,+13.817,+1.674
0 days 01:31:34.708000,87,9,+13.844,+1.673
0 days 01:31:41.011000,87,9,+14.023,+1.604
0 days 01:31:46.383000,87,9,+14.127,+1.558
0 days 01:31:50.752000,87,9,+14.118,+1.563
0 days 01:31:55.540000,87,9,+14.105,+1.661
0 days 01:31:59.378000,87,9,+14.091,+1.886
0 days 01:32:07.841000,87,9,+14.205,+1.644
0 days 01:32:11.853000,87,9,+14.205,+1.587
0 days 01:32:12.652000,87,9,+14.248,+1.520
0 days 01:32:17.144000,87,9,+14.314,+1.398
0 days 01:32:21.478000,87,8,+14.314,+1.398
0 days 01:32:21.552000,87,8,+14.211,+1.474
0 days 01:32:22.710000,87,8,+14.171,+1.499
0 days 01:32:24.994000,87,8,+14.167,+1.440
0 days 01:32:30.252000,87,8,+14.345,+1.322
0 days 01:32:36.081000,87,8,+14.476,+1.206
0 days 01:32:40.285000,87,8,+14.466,+1.159
0 days 01:32:43.230000,87,8,+14.432,+1.105
0 days 01:32:50.399000,87,8,+14.502,+1.003
0 days 01:32:54.195000,87,8,+14.486,+0.991
0 days 01:32:58.247000,87,8,+14.407,+1.057
0 days 01:33:04.314000,87,8,+14.635,+1.172
0 days 01:33:09.261000,87,8,+14.768,+1.164
0 days 01:33:13.298000,87,8,+14.781,+1.156
0 days 01:33:19.626000,87,8,+15.006,+1.045
0 days 01:33:25.129000,87,8,+14.951,+1.038
0 days 01:33:29.529000,87,8,+14.969,+1.033
0 days 01:33:34.283000,87,8,+14.945,+0.992
0 days 01:33:38.095000,87,8,+14.928,+0.944
0 days 01:33:46.618000,87,8,+15.022,+0.885
0 days 01:33:50.553000,87,8,+14.998,+0.854
0 days 01:33:51.427000,87,8,+15.043,+0.849
0 days 01:33:55.967000,87,8,+15.116,+0.802
0 days 01:34:00.205000,87,8,+14.919,+0.620
0 days 01:34:01.374000,87,8,+14.858,+0.551
0 days 01:34:03.728000,87,8,+14.922,+0.672
0 days 01:34:09.031000,87,8,+14.946,+0.727
0 days 01:34:14.779000,87,8,+15.196,+0.717
0 days 01:34:18.999000,87,8,+15.236,+0.716
0 days 01:34:22.004000,87,8,+15.217,+0.685
0 days 01:34:29.179000,87,8,+15.263,+0.683
0 days 01:34:32.928000,87,8,+15.247,+0.654
0 days 01:34:37.001000,87,8,+15.116,+0.721
0 days 01:34:42.927000,87,8,+15.278,+0.798
0 days 01:34:47.821000,87,8,+15.381,+0.790
0 days 01:34:51.831000,87,8,+15.389,+0.761
0 days 01:34:58.222000,87,8,+15.631,+0.814
0 days 01:35:03.671000,87,8,+15.624,+0.740
0 days 01:35:07.997000,87,8,+15.612,+0.715
0 days 01:35:12.697000,87,8,+15.508,+0.599
0 days 01:35:16.330000,87,8,+15.318,+0.389
0 days 01:35:24.971000,87,8,+15.560,+0.493
0 days 01:35:28.927000,87,8,+15.559,+0.518
0 days 01:35:29.854000,87,8,+15.661,+0.570
0 days 01:35:34.327000,87,8,+15.749,+0.487
0 days 01:35:38.575000,87,8,+15.562,+0.289
0 days 01:35:39.754000,87,8,+15.499,+0.229
0 days 01:35:42.153000,87,8,+15.665,+0.472
0 days 01:35:47.469000,87,8,+15.802,+0.623
0 days 01:35:53.254000,87,8,+16.070,+0.666
0 days 01:35:57.614000,87,8,+16.152,+0.676
0 days 01:36:00.606000,87,8,+16.138,+0.642
0 days 01:36:07.812000,87,8,+16.336,+0.508
0 days 01:36:11.589000,87,8,+16.340,+0.463
0 days 01:36:15.705000,87,8,+16.278,+0.555
0 days 01:36:21.627000,87,8,+16.512,+0.701
0 days 01:36:26.564000,87,8,+16.743,+0.748
0 days 01:36:30.514000,87,8,+16.769,+0.729
0 days 01:36:37.003000,87,8,+17.004,+0.852
0 days 01:36:42.433000,87,8,+17.010,+0.752
0 days 01:36:46.829000,87,8,+17.054,+0.741
0 days 01:36:51.522000,87,8,+16.991,+0.647
0 days 01:36:55.158000,87,8,+16.831,+0.456
0 days 01:37:03.787000,87,8,+17.136,+0.504
0 days 01:37:07.776000,87,8,+17.155,+0.520
0 days 01:37:08.691000,87,8,+17.246,+0.580
0 days 01:37:13.198000,87,8,+17.390,+0.587
0 days 01:37:17.450000,87,8,+17.222,+0.393
0 days 01:37:18.582000,87,8,+17.164,+0.313
0 days 01:37:21.028000,87,8,+17.306,+0.418
0 days 01:37:26.128000,87,8,+17.380,+0.403
0 days 01:37:31.954000,87,8,+17.851,+0.514
0 days 01:37:36.335000,87,8,+17.949,+0.525
0 days 01:37:39.345000,87,8,+17.929,+0.485
0 days 01:37:46.554000,87,8,+18.013,+0.490
0 days 01:37:50.283000,87,8,+18.007,+0.471
0 days 01:37:54.345000,87,8,+17.918,+0.526
0 days 01:38:00.282000,87,8,+18.157,+0.694
0 days 01:38:05.172000,87,8,+18.351,+0.720
0 days 01:38:09.181000,87,8,+18.377,+0.723
0 days 01:38:15.683000,87,8,+18.689,+0.697
0 days 01:38:21.075000,87,8,+18.714,+0.735
0 days 01:38:25.428000,87,8,+18.772,+0.707
0 days 01:38:30.129000,87,8,+18.681,+0.581
0 days 01:38:33.755000,87,8,+18.496,+0.363
0 days 01:38:42.455000,87,8,+18.900,+0.427
0 days 01:38:46.444000,87,8,+18.928,+0.470
0 days 01:38:47.385000,87,8,+19.061,+0.565
0 days 01:38:51.983000,87,8,+19.182,+0.602
0 days 01:38:56.233000,87,8,+19.024,+0.406
0 days 01:38:57.555000,87,8,+18.973,+0.315
0 days 01:38:59.795000,87,8,+19.090,+0.421
0 days 01:39:04.882000,87,8,+19.066,+0.373
0 days 01:39:10.918000,87,8,+19.589,+0.560
0 days 01:39:15.155000,87,8,+19.619,+0.551
0 days 01:39:18.129000,87,8,+19.615,+0.523
0 days 01:39:25.417000,87,8,+19.795,+0.517
0 days 01:39:29.155000,87,8,+19.781,+0.484
0 days 01:39:33.193000,87,8,+19.721,+0.603
0 days 01:39:39.121000,87,8,+19.907,+0.638
0 days 01:39:44.135000,87,8,+20.206,+0.750
0 days 01:39:48.182000,87,8,+20.276,+0.753
0 days 01:39:54.682000,87,8,+20.659,+0.741
0 days 01:40:00.076000,87,8,+20.679,+0.770
0 days 01:40:04.476000,87,8,+20.716,+0.758
0 days 01:40:09.255000,87,8,+20.672,+0.707
0 days 01:40:12.882000,87,8,+20.533,+0.549
0 days 01:40:21.483000,87,8,+20.684,+0.593
0 days 01:40:25.500000,87,8,+20.730,+0.622
0 days 01:40:26.352000,87,8,+20.813,+0.662
0 days 01:40:30.898000,87,8,+20.930,+0.651
0 days 01:40:35.183000,87,8,+20.760,+0.404
0 days 01:40:36.309000,87,8,+20.712,+0.293
0 days 01:40:38.732000,87,8,+20.872,+0.344
0 days 01:40:43.993000,87,8,+20.920,+0.411
0 days 01:40:49.786000,87,8,+21.348,+0.583
0 days 01:40:54.132000,87,8,+21.379,+0.526
0 days 01:40:57.087000,87,8,+21.371,+0.475
0 days 01:41:04.403000,87,8,+21.589,+0.588
0 days 01:41:08.162000,87,8,+21.579,+0.565
0 days 01:41:12.267000,87,8,+21.584,+0.605
0 days 01:41:18.232000,87,8,+21.870,+0.787
0 days 01:41:23.131000,87,8,+21.989,+0.829
0 days 01:41:27.152000,87,8,+22.013,+0.813
0 days 01:41:33.556000,87,8,+22.302,+0.813
0 days 01:41:39.019000,87,8,+22.370,+0.868
0 days 01:41:43.383000,87,8,+22.408,+0.878
0 days 01:41:48.152000,87,8,+22.371,+0.830
0 days 01:41:51.847000,87,8,+22.239,+0.668
0 days 01:42:00.357000,87,8,+22.427,+0.673
0 days 01:42:04.334000,87,8,+22.431,+0.646
0 days 01:42:04.976000,87,8,+22.268,+0.429
0 days 01:42:13.183000,87,9,+22.268,+0.429
0 days 01:42:20.064000,87,10,+22.268,+0.429
0 days 01:42:22.502000,87,11,+22.268,+0.429
0 days 01:42:23.360000,87,12,+22.268,+0.429
0 days 01:42:25.485000,87,13,+22.268,+0.429
0 days 01:42:28.650000,87,14,+22.268,+0.429
0 days 01:42:29.898000,87,15,+22.268,+0.429
0 days 01:42:30.430000,87,16,+22.268,+0.429
0 days 01:42:33.690000,87,17,+22.268,+0.429
0 days 01:42:38.286000,87,17,+45.476,+3.388
0 days 01:42:41.067000,87,17,+45.960,+3.962
0 days 01:42:46.012000,87,17,+45.717,+3.650
0 days 01:42:51.283000,87,17,+45.606,+3.471
0 days 01:42:55.450000,87,17,+45.536,+3.310
0 days 01:42:58.395000,87,17,+45.513,+3.288
0 days 01:43:05.518000,87,17,+45.530,+3.178
0 days 01:43:09.232000,87,17,+45.496,+3.117
0 days 01:43:13.322000,87,17,+45.490,+3.260
0 days 01:43:18.909000,87,17,+45.386,+2.938
0 days 01:43:23.518000,87,17,+45.199,+2.654
0 days 01:43:27.457000,87,17,+45.174,+2.579
0 days 01:43:33.686000,87,17,+45.280,+2.530
0 days 01:43:38.936000,87,17,+45.156,+2.295
0 days 01:43:43.303000,87,17,+45.173,+2.250
0 days 01:43:48.104000,87,17,+45.173,+2.238
0 days 01:43:51.958000,87,17,+45.186,+2.249
0 days 01:44:00.333000,87,17,+45.201,+2.114
0 days 01:44:04.252000,87,17,+45.194,+2.098
0 days 01:44:05.078000,87,17,+45.236,+2.113
0 days 01:44:09.533000,87,17,+45.311,+2.115
0 days 01:44:14.093000,87,17,+45.283,+2.115
0 days 01:44:15.278000,87,17,+45.278,+2.134
0 days 01:44:17.475000,87,17,+45.236,+2.175
0 days 01:44:22.700000,87,17,+45.323,+2.331
0 days 01:44:27.947000,87,17,+45.251,+2.123
0 days 01:44:32.183000,87,17,+45.193,+2.012
0 days 01:44:35.114000,87,17,+45.176,+2.005
0 days 01:44:42.134000,87,17,+45.051,+1.825
0 days 01:44:45.846000,87,17,+45.048,+1.806
0 days 01:44:50.031000,87,17,+45.110,+2.070
0 days 01:44:55.817000,87,17,+45.293,+2.001
0 days 01:45:00.587000,87,17,+45.208,+1.805
0 days 01:45:04.455000,87,17,+45.180,+1.769
0 days 01:45:10.710000,87,17,+45.307,+1.781
0 days 01:45:15.928000,87,17,+45.177,+1.523
0 days 01:45:20.284000,87,17,+45.183,+1.455
0 days 01:45:25.074000,87,17,+45.176,+1.433
0 days 01:45:29.020000,87,17,+45.193,+1.433
0 days 01:45:37.296000,87,17,+45.110,+1.301
0 days 01:45:41.147000,87,17,+45.111,+1.304
0 days 01:45:42.090000,87,17,+45.142,+1.335
0 days 01:45:46.484000,87,17,+45.200,+1.379
0 days 01:45:50.840000,87,17,+45.132,+1.375
0 days 01:45:52.033000,87,17,+45.118,+1.394
0 days 01:45:54.284000,87,17,+45.141,+1.471
0 days 01:45:59.384000,87,17,+45.229,+1.394
0 days 01:46:04.900000,87,17,+45.346,+1.440
0 days 01:46:09.184000,87,17,+45.292,+1.312
0 days 01:46:12.082000,87,17,+45.264,+1.293
0 days 01:46:19.140000,87,17,+45.260,+1.191
0 days 01:46:22.898000,87,17,+45.254,+1.185
0 days 01:46:27.222000,87,17,+45.396,+1.426
0 days 01:46:32.948000,87,17,+45.600,+1.389
0 days 01:46:37.558000,87,17,+45.538,+1.143
0 days 01:46:41.485000,87,17,+45.516,+1.091
0 days 01:46:47.684000,87,17,+45.617,+0.966
0 days 01:46:52.978000,87,17,+45.551,+0.828
0 days 01:46:57.297000,87,17,+45.552,+0.784
0 days 01:47:02.070000,87,17,+45.485,+0.715
0 days 01:47:05.696000,87,17,+45.332,+0.558
0 days 01:47:14.154000,87,17,+45.497,+0.523
0 days 01:47:18.133000,87,17,+45.518,+0.530
0 days 01:47:19.063000,87,17,+45.596,+0.572
0 days 01:47:23.406000,87,17,+45.643,+0.568
0 days 01:47:27.634000,87,17,+45.447,+0.419
0 days 01:47:28.787000,87,17,+45.378,+0.377
0 days 01:47:31.232000,87,17,+45.597,+0.575
0 days 01:47:36.752000,87,17,+46.085,+0.865
0 days 01:47:42.191000,87,17,+46.059,+0.804
0 days 01:47:46.452000,87,17,+46.012,+0.652
0 days 01:47:49.359000,87,17,+45.990,+0.634
0 days 01:47:56.511000,87,17,+46.023,+0.615
0 days 01:48:00.226000,87,17,+46.007,+0.586
0 days 01:48:04.502000,87,17,+46.192,+0.891
0 days 01:48:10.328000,87,17,+46.470,+0.904
0 days 01:48:15.015000,87,17,+46.356,+0.658
0 days 01:48:18.985000,87,17,+46.316,+0.582
0 days 01:48:25.356000,87,17,+46.563,+0.684
0 days 01:48:30.611000,87,17,+46.480,+0.507
0 days 01:48:34.935000,87,17,+46.450,+0.453
0 days 01:48:39.633000,87,17,+46.338,+0.335
0 days 01:48:43.245000,87,17,+46.126,+0.115
0 days 01:48:51.560000,87,16,+46.126,+0.115
0 days 01:48:51.636000,87,16,+46.253,+1.642
0 days 01:48:55.525000,87,16,+46.205,+1.536
0 days 01:48:56.387000,87,16,+46.240,+1.529
0 days 01:49:00.819000,87,16,+46.172,+1.494
0 days 01:49:05.169000,87,16,+46.143,+1.482
0 days 01:49:06.411000,87,16,+46.159,+1.482
0 days 01:49:08.713000,87,16,+46.235,+1.551
0 days 01:49:14.105000,87,16,+46.602,+1.514
0 days 01:49:19.549000,87,16,+46.644,+1.571
0 days 01:49:23.752000,87,16,+46.604,+1.428
0 days 01:49:26.734000,87,16,+46.613,+1.405
0 days 01:49:33.852000,87,16,+46.574,+1.204
0 days 01:49:37.553000,87,16,+46.557,+1.166
0 days 01:49:41.673000,87,16,+46.679,+1.452
0 days 01:49:47.462000,87,16,+46.864,+1.426
0 days 01:49:52.122000,87,16,+46.771,+1.193
0 days 01:49:56.086000,87,16,+46.763,+1.146
0 days 01:50:02.304000,87,16,+46.797,+1.109
0 days 01:50:07.718000,87,16,+46.811,+0.891
0 days 01:50:11.989000,87,16,+46.834,+0.889
0 days 01:50:16.743000,87,16,+46.815,+0.854
0 days 01:50:20.598000,87,16,+46.822,+0.810
0 days 01:50:29.017000,87,16,+46.941,+0.628
0 days 01:50:32.899000,87,16,+46.920,+0.535
0 days 01:50:33.769000,87,16,+46.948,+0.527
0 days 01:50:38.189000,87,16,+46.936,+0.498
0 days 01:50:42.424000,87,16,+46.730,+0.301
0 days 01:50:43.635000,87,16,+46.663,+0.224
0 days 01:50:45.879000,87,16,+46.762,+0.302
0 days 01:50:51.186000,87,16,+46.927,+0.506
0 days 01:50:56.699000,87,16,+47.025,+0.468
0 days 01:51:00.981000,87,16,+46.961,+0.416
0 days 01:51:03.946000,87,16,+46.945,+0.374
0 days 01:51:11.009000,87,16,+46.969,+0.217
0 days 01:51:14.683000,87,16,+46.916,+0.119
0 days 01:51:18.979000,87,16,+47.205,+0.530
0 days 01:51:24.909000,87,16,+47.479,+0.652
0 days 01:51:29.734000,87,16,+47.596,+0.543
0 days 01:51:33.737000,87,16,+47.620,+0.460
0 days 01:51:40.068000,87,16,+47.876,+0.622
0 days 01:51:45.407000,87,16,+47.863,+0.506
0 days 01:51:49.721000,87,16,+47.865,+0.498
0 days 01:51:54.434000,87,16,+47.745,+0.374
0 days 01:51:58.080000,87,16,+47.537,+0.135
0 days 01:52:06.387000,87,15,+47.537,+0.135
0 days 01:52:06.461000,87,15,+47.640,+1.921
0 days 01:52:10.353000,87,15,+47.611,+1.915
0 days 01:52:11.222000,87,15,+47.662,+1.953
0 days 01:52:15.623000,87,15,+47.625,+1.843
0 days 01:52:20.049000,87,15,+47.596,+1.849
0 days 01:52:21.234000,87,15,+47.616,+1.865
0 days 01:52:23.534000,87,15,+47.762,+1.930
0 days 01:52:28.749000,87,15,+47.904,+2.124
0 days 01:52:34.161000,87,15,+47.879,+2.069
0 days 01:52:38.465000,87,15,+47.836,+1.953
0 days 01:52:41.461000,87,15,+47.848,+1.957
0 days 01:52:48.534000,87,15,+47.850,+1.820
0 days 01:52:52.280000,87,15,+47.862,+1.815
0 days 01:52:56.437000,87,15,+48.056,+1.859
0 days 01:53:02.268000,87,15,+48.327,+1.905
0 days 01:53:06.961000,87,15,+48.274,+1.747
0 days 01:53:10.934000,87,15,+48.294,+1.760
0 days 01:53:17.087000,87,15,+48.336,+1.687
0 days 01:53:22.442000,87,15,+48.412,+1.558
0 days 01:53:26.772000,87,15,+48.440,+1.552
0 days 01:53:31.587000,87,15,+48.435,+1.533
0 days 01:53:35.482000,87,15,+48.457,+1.558
0 days 01:53:43.863000,87,15,+48.613,+1.615
0 days 01:53:47.902000,87,15,+48.629,+1.628
0 days 01:53:48.657000,87,15,+48.672,+1.637
0 days 01:53:53.080000,87,15,+48.672,+1.556
0 days 01:53:57.327000,87,14,+48.672,+1.556
0 days 01:53:57.407000,87,14,+48.618,+1.527
0 days 01:53:58.615000,87,14,+48.615,+1.518
0 days 01:54:00.922000,87,14,+48.684,+1.542
0 days 01:54:06.123000,87,14,+48.839,+1.742
0 days 01:54:11.562000,87,14,+48.760,+1.577
0 days 01:54:15.888000,87,14,+48.724,+1.429
0 days 01:54:18.851000,87,14,+48.721,+1.430
0 days 01:54:25.884000,87,14,+48.737,+1.275
0 days 01:54:29.650000,87,14,+48.750,+1.273
0 days 01:54:33.777000,87,14,+48.840,+1.169
0 days 01:54:39.510000,87,14,+49.045,+1.227
0 days 01:54:44.264000,87,14,+49.024,+1.137
0 days 01:54:48.204000,87,14,+49.053,+1.157
0 days 01:54:54.461000,87,14,+49.069,+1.000
0 days 01:54:59.840000,87,14,+49.084,+0.966
0 days 01:55:04.124000,87,14,+49.100,+0.972
0 days 01:55:08.879000,87,14,+49.044,+0.916
0 days 01:55:12.521000,87,14,+48.901,+0.783
0 days 01:55:20.960000,87,14,+48.894,+0.555
0 days 01:55:24.909000,87,14,+48.906,+0.591
0 days 01:55:25.772000,87,14,+48.955,+0.623
0 days 01:55:30.092000,87,14,+48.876,+0.503
0 days 01:55:34.335000,87,14,+48.727,+0.394
0 days 01:55:35.555000,87,14,+48.691,+0.352
0 days 01:55:37.862000,87,14,+48.854,+0.403
0 days 01:55:43.110000,87,14,+48.894,+0.442
0 days 01:55:48.588000,87,14,+49.030,+0.517
0 days 01:55:52.888000,87,14,+49.015,+0.476
0 days 01:55:55.862000,87,14,+49.009,+0.471
0 days 01:56:03.069000,87,14,+49.240,+0.518
0 days 01:56:06.838000,87,14,+49.248,+0.515
0 days 01:56:10.980000,87,14,+49.330,+0.555
0 days 01:56:16.804000,87,14,+49.536,+0.670
0 days 01:56:21.689000,87,14,+49.528,+0.554
0 days 01:56:25.489000,87,14,+49.523,+0.552
0 days 01:56:31.838000,87,14,+49.739,+0.500
0 days 01:56:37.262000,87,14,+49.812,+0.537
0 days 01:56:41.560000,87,14,+49.791,+0.535
0 days 01:56:46.265000,87,14,+49.692,+0.461
0 days 01:56:49.907000,87,14,+49.505,+0.278
0 days 01:56:58.139000,87,13,+49.505,+0.278
0 days 01:56:58.219000,87,13,+49.532,+2.136
0 days 01:57:02.309000,87,13,+49.624,+2.215
0 days 01:57:03.236000,87,13,+49.774,+2.382
0 days 01:57:07.914000,87,13,+50.033,+2.615
0 days 01:57:12.148000,87,12,+50.033,+2.615
0 days 01:57:12.221000,87,12,+49.999,+2.559
0 days 01:57:13.413000,87,12,+49.975,+2.511
0 days 01:57:15.689000,87,12,+50.020,+2.676
0 days 01:57:20.863000,87,12,+50.065,+2.763
0 days 01:57:26.363000,87,12,+50.114,+2.778
0 days 01:57:30.563000,87,12,+50.019,+2.657
0 days 01:57:33.584000,87,12,+50.012,+2.620
0 days 01:57:40.609000,87,12,+50.053,+2.477
0 days 01:57:44.305000,87,12,+50.053,+2.445
0 days 01:57:48.310000,87,12,+50.043,+2.611
0 days 01:57:54.036000,87,12,+50.134,+2.753
0 days 01:57:58.713000,87,12,+50.039,+2.571
0 days 01:58:02.746000,87,12,+50.096,+2.559
0 days 01:58:08.975000,87,12,+50.204,+2.515
0 days 01:58:14.252000,87,12,+50.157,+2.421
0 days 01:58:18.613000,87,12,+50.188,+2.416
0 days 01:58:23.416000,87,12,+50.186,+2.385
0 days 01:58:27.239000,87,12,+50.185,+2.327
0 days 01:58:35.510000,87,12,+50.020,+2.119
0 days 01:58:39.489000,87,12,+50.008,+2.097
0 days 01:58:40.313000,87,12,+50.027,+2.141
0 days 01:58:44.665000,87,12,+50.030,+2.041
0 days 01:58:48.957000,87,11,+50.030,+2.041
0 days 01:58:49.040000,87,11,+50.006,+1.967
0 days 01:58:50.263000,87,11,+50.020,+1.943
0 days 01:58:52.489000,87,11,+50.069,+2.093
0 days 01:58:57.659000,87,11,+50.166,+2.271
0 days 01:59:03.089000,87,11,+50.051,+2.139
0 days 01:59:07.352000,87,11,+50.003,+2.061
0 days 01:59:10.345000,87,11,+50.012,+2.028
0 days 01:59:17.367000,87,11,+50.061,+1.940
0 days 01:59:21.089000,87,11,+50.076,+1.914
0 days 01:59:25.137000,87,11,+50.092,+2.112
0 days 01:59:30.809000,87,11,+50.100,+2.135
0 days 01:59:35.523000,87,11,+50.011,+1.973
0 days 01:59:39.490000,87,11,+50.031,+1.912
0 days 01:59:45.726000,87,11,+50.186,+1.854
0 days 01:59:50.979000,87,11,+50.061,+1.715
0 days 01:59:55.255000,87,11,+50.077,+1.686
0 days 02:00:00.040000,87,11,+50.056,+1.647
0 days 02:00:03.883000,87,11,+50.049,+1.575
0 days 02:00:12.307000,87,11,+49.982,+1.370
0 days 02:00:16.164000,87,11,+49.989,+1.328
0 days 02:00:16.940000,87,11,+50.019,+1.349
0 days 02:00:21.324000,87,11,+49.980,+1.269
0 days 02:00:25.639000,87,11,+49.919,+1.178
0 days 02:00:26.820000,87,11,+49.917,+1.145
0 days 02:00:29.085000,87,11,+49.928,+1.251
0 days 02:00:34.211000,87,11,+50.017,+1.342
0 days 02:00:39.628000,87,11,+49.948,+1.154
0 days 02:00:43.855000,87,11,+49.930,+1.073
0 days 02:00:46.792000,87,11,+49.914,+1.011
0 days 02:00:53.827000,87,11,+49.920,+0.850
0 days 02:00:57.683000,87,11,+49.896,+0.818
0 days 02:01:01.566000,87,11,+49.925,+0.959
0 days 02:01:07.263000,87,11,+49.982,+1.068
0 days 02:01:12.068000,87,11,+50.003,+1.000
0 days 02:01:15.990000,87,11,+50.021,+0.941
0 days 02:01:22.227000,87,11,+50.050,+0.742
0 days 02:01:27.505000,87,11,+50.082,+0.714
0 days 02:01:31.853000,87,11,+50.102,+0.702
0 days 02:01:36.590000,87,11,+50.000,+0.577
0 days 02:01:40.273000,87,11,+49.818,+0.356
0 days 02:01:48.311000,87,10,+49.818,+0.356
0 days 02:01:48.389000,87,10,+49.621,+3.260
0 days 02:01:52.322000,87,11,+49.621,+3.260
0 days 02:01:52.538000,87,11,+49.755,+0.052
0 days 02:01:53.613000,87,11,+50.103,+0.234
0 days 02:01:58.687000,87,11,+50.734,+0.303
0 days 02:02:02.843000,87,11,+50.616,+0.124
0 days 02:02:04.170000,87,11,+50.555,+0.067
0 days 02:02:06.338000,87,11,+50.734,+0.182
0 days 02:02:11.411000,87,11,+50.712,+0.301
0 days 02:02:17.088000,87,11,+50.996,+0.388
0 days 02:02:21.378000,87,11,+51.034,+0.363
0 days 02:02:24.291000,87,11,+51.025,+0.309
0 days 02:02:31.565000,87,11,+51.248,+0.387
0 days 02:02:35.291000,87,11,+51.230,+0.348
0 days 02:02:39.466000,87,11,+51.460,+0.655
0 days 02:02:45.208000,87,11,+51.716,+0.888
0 days 02:02:50.005000,87,11,+51.718,+0.880
0 days 02:02:53.979000,87,11,+51.718,+0.818
0 days 02:03:00.291000,87,11,+51.830,+0.835
0 days 02:03:05.592000,87,11,+51.923,+0.729
0 days 02:03:09.946000,87,11,+51.963,+0.701
0 days 02:03:14.665000,87,11,+51.857,+0.576
0 days 02:03:18.291000,87,11,+51.660,+0.309
0 days 02:03:26.656000,87,11,+51.689,+0.049
0 days 02:03:30.983000,87,11,+52.068,+0.106
0 days 02:03:32.130000,87,11,+52.436,+0.284
0 days 02:03:36.852000,87,11,+52.667,+0.188
0 days 02:03:40.865000,87,10,+52.667,+0.188
0 days 02:03:40.942000,87,10,+52.470,+5.065
0 days 02:03:42.085000,87,10,+52.393,+4.968
0 days 02:03:44.248000,87,10,+52.411,+4.910
0 days 02:03:49.355000,87,10,+52.611,+4.913
0 days 02:03:54.852000,87,10,+52.661,+4.944
0 days 02:03:59.419000,87,10,+52.652,+4.912
0 days 02:04:02.113000,87,10,+52.700,+4.952
0 days 02:04:09.204000,87,10,+52.785,+4.922
0 days 02:04:13.003000,87,10,+52.840,+4.959
0 days 02:04:17.108000,87,10,+53.032,+5.028
0 days 02:04:22.757000,87,10,+53.216,+5.007
0 days 02:04:27.466000,87,10,+53.126,+4.940
0 days 02:04:31.433000,87,10,+53.155,+4.943
0 days 02:04:37.615000,87,10,+53.248,+4.957
0 days 02:04:42.940000,87,10,+53.270,+4.802
0 days 02:04:47.398000,87,10,+53.280,+4.761
0 days 02:04:52.097000,87,10,+53.269,+4.744
0 days 02:04:55.929000,87,10,+53.305,+4.783
0 days 02:05:04.357000,87,10,+53.329,+4.841
0 days 02:05:08.240000,87,10,+53.340,+4.831
0 days 02:05:09.066000,87,10,+53.362,+4.801
0 days 02:05:13.440000,87,10,+53.349,+4.750
0 days 02:05:17.807000,87,10,+53.332,+4.731
0 days 02:05:18.993000,87,10,+53.346,+4.725
0 days 02:05:21.176000,87,10,+53.392,+4.588
0 days 02:05:26.269000,87,10,+53.520,+4.449
0 days 02:05:31.740000,87,10,+53.484,+4.486
0 days 02:05:35.930000,87,10,+53.471,+4.442
0 days 02:05:38.876000,87,10,+53.475,+4.429
0 days 02:05:45.866000,87,10,+53.495,+4.332
0 days 02:05:49.592000,87,10,+53.486,+4.321
0 days 02:05:53.636000,87,10,+53.620,+4.227
0 days 02:05:59.318000,87,10,+53.868,+4.281
0 days 02:06:04.124000,87,10,+53.859,+4.274
0 days 02:06:08.030000,87,10,+53.854,+4.285
0 days 02:06:14.266000,87,10,+53.974,+4.273
0 days 02:06:19.441000,87,10,+53.859,+4.064
0 days 02:06:23.810000,87,10,+53.854,+4.037
0 days 02:06:28.615000,87,10,+53.836,+4.023
0 days 02:06:32.411000,87,10,+53.841,+4.034
0 days 02:06:40.778000,87,10,+53.832,+4.069
0 days 02:06:44.759000,87,10,+53.829,+4.031
0 days 02:06:45.744000,87,10,+53.839,+3.981
0 days 02:06:50.043000,87,10,+53.903,+4.072
0 days 02:06:54.392000,87,10,+53.883,+4.042
0 days 02:06:55.569000,87,10,+53.890,+4.018
0 days 02:06:57.909000,87,10,+53.941,+3.902
0 days 02:07:02.891000,87,10,+54.098,+3.743
0 days 02:07:08.221000,87,10,+53.997,+3.800
0 days 02:07:12.567000,87,10,+54.013,+3.845
0 days 02:07:15.521000,87,10,+54.015,+3.830
0 days 02:07:22.593000,87,10,+54.039,+3.787
0 days 02:07:26.355000,87,10,+54.037,+3.787
0 days 02:07:30.367000,87,10,+54.200,+3.791
0 days 02:07:35.993000,87,10,+54.243,+3.765
0 days 02:07:40.695000,87,10,+54.140,+3.762
0 days 02:07:44.628000,87,10,+54.118,+3.767
0 days 02:07:50.740000,87,10,+54.158,+3.745
0 days 02:07:55.995000,87,10,+54.046,+3.547
0 days 02:08:00.242000,87,10,+54.050,+3.534
0 days 02:08:05.205000,87,10,+54.031,+3.518
0 days 02:08:08.846000,87,10,+54.023,+3.511
0 days 02:08:17.296000,87,10,+54.027,+3.500
0 days 02:08:21.184000,87,10,+54.021,+3.475
0 days 02:08:21.981000,87,10,+54.002,+3.441
0 days 02:08:26.401000,87,10,+53.970,+3.490
0 days 02:08:30.758000,87,10,+53.942,+3.476
0 days 02:08:31.936000,87,10,+53.943,+3.461
0 days 02:08:34.143000,87,10,+53.964,+3.366
0 days 02:08:39.323000,87,10,+54.123,+3.408
0 days 02:08:44.748000,87,10,+54.101,+3.499
0 days 02:08:49.067000,87,10,+54.100,+3.505
0 days 02:08:52.070000,87,10,+54.093,+3.493
0 days 02:08:59.060000,87,10,+54.073,+3.471
0 days 02:09:02.811000,87,10,+54.069,+3.458
0 days 02:09:06.830000,87,10,+54.165,+3.416
0 days 02:09:12.541000,87,10,+54.382,+3.523
0 days 02:09:17.226000,87,10,+54.320,+3.498
0 days 02:09:21.268000,87,10,+54.304,+3.500
0 days 02:09:27.325000,87,10,+54.233,+3.383
0 days 02:09:32.627000,87,10,+54.210,+3.298
0 days 02:09:36.885000,87,10,+54.250,+3.295
0 days 02:09:41.694000,87,10,+54.238,+3.290
0 days 02:09:45.513000,87,10,+54.236,+3.287
0 days 02:09:53.899000,87,10,+54.232,+3.270
0 days 02:09:57.789000,87,10,+54.193,+3.232
0 days 02:09:58.594000,87,10,+54.167,+3.157
0 days 02:10:02.931000,87,10,+54.147,+3.158
0 days 02:10:07.329000,87,10,+54.109,+3.123
0 days 02:10:08.468000,87,10,+54.111,+3.098
0 days 02:10:10.716000,87,10,+54.143,+3.072
0 days 02:10:15.796000,87,10,+54.241,+3.058
0 days 02:10:21.198000,87,10,+54.020,+3.130
0 days 02:10:25.469000,87,10,+54.019,+3.109
0 days 02:10:28.441000,87,10,+54.015,+3.103
0 days 02:10:35.557000,87,10,+54.083,+3.101
0 days 02:10:39.276000,87,10,+54.070,+3.088
0 days 02:10:43.252000,87,10,+54.114,+3.030
0 days 02:10:48.928000,87,10,+54.338,+3.097
0 days 02:10:53.658000,87,10,+54.217,+3.042
0 days 02:10:57.608000,87,10,+54.222,+3.045
0 days 02:11:03.796000,87,10,+54.264,+3.027
0 days 02:11:09.096000,87,10,+54.263,+2.945
0 days 02:11:13.423000,87,10,+54.279,+2.932
0 days 02:11:18.247000,87,10,+54.279,+2.931
0 days 02:11:22.094000,87,10,+54.274,+2.931
0 days 02:11:30.526000,87,10,+54.355,+3.031
0 days 02:11:34.417000,87,10,+54.342,+2.988
0 days 02:11:35.250000,87,10,+54.337,+2.933
0 days 02:11:39.595000,87,10,+54.235,+2.916
0 days 02:11:43.895000,87,10,+54.182,+2.880
0 days 02:11:45.173000,87,10,+54.185,+2.864
0 days 02:11:47.317000,87,10,+54.203,+2.809
0 days 02:11:52.469000,87,10,+54.280,+2.799
0 days 02:11:57.923000,87,10,+54.164,+2.909
0 days 02:12:02.246000,87,10,+54.196,+2.888
0 days 02:12:05.132000,87,10,+54.195,+2.885
0 days 02:12:12.269000,87,10,+54.224,+2.974
0 days 02:12:15.973000,87,10,+54.216,+2.989
0 days 02:12:20.031000,87,10,+54.235,+2.943
0 days 02:12:25.726000,87,10,+54.425,+3.047
0 days 02:12:30.417000,87,10,+54.308,+3.004
0 days 02:12:34.343000,87,10,+54.284,+2.988
0 days 02:12:40.670000,87,10,+54.346,+2.970
0 days 02:12:45.817000,87,10,+54.286,+2.747
0 days 02:12:50.145000,87,10,+54.317,+2.749
0 days 02:12:54.957000,87,10,+54.309,+2.747
0 days 02:12:58.827000,87,10,+54.313,+2.751
0 days 02:13:07.216000,87,10,+54.321,+2.828
0 days 02:13:11.195000,87,10,+54.332,+2.828
0 days 02:13:12.034000,87,10,+54.358,+2.793
0 days 02:13:16.313000,87,10,+54.287,+2.766
0 days 02:13:20.589000,87,10,+54.227,+2.737
0 days 02:13:21.797000,87,10,+54.226,+2.723
0 days 02:13:24.057000,87,10,+54.249,+2.686
0 days 02:13:29.108000,87,10,+54.380,+2.687
0 days 02:13:34.559000,87,10,+54.289,+2.659
0 days 02:13:38.778000,87,10,+54.238,+2.593
0 days 02:13:41.745000,87,10,+54.233,+2.580
0 days 02:13:48.841000,87,10,+54.318,+2.596
0 days 02:13:52.569000,87,10,+54.329,+2.601
0 days 02:13:56.596000,87,10,+54.415,+2.646
0 days 02:14:02.395000,87,10,+54.677,+2.822
0 days 02:14:07.043000,87,10,+54.505,+2.768
0 days 02:14:11.032000,87,10,+54.445,+2.768
0 days 02:14:17.285000,87,10,+54.540,+2.831
0 days 02:14:22.474000,87,10,+54.456,+2.749
0 days 02:14:26.814000,87,10,+54.495,+2.781
0 days 02:14:31.620000,87,10,+54.487,+2.789
0 days 02:14:35.497000,87,10,+54.486,+2.795
0 days 02:14:43.816000,87,10,+54.497,+2.814
0 days 02:14:47.814000,87,10,+54.484,+2.790
0 days 02:14:48.496000,87,10,+54.465,+2.736
0 days 02:14:52.816000,87,10,+54.380,+2.749
0 days 02:14:57.166000,87,10,+54.337,+2.700
0 days 02:14:58.369000,87,10,+54.332,+2.668
0 days 02:15:00.513000,87,10,+54.361,+2.619
0 days 02:15:05.726000,87,10,+54.483,+2.583
0 days 02:15:11.135000,87,10,+54.458,+2.683
0 days 02:15:15.362000,87,10,+54.421,+2.637
0 days 02:15:18.296000,87,10,+54.412,+2.622
0 days 02:15:25.470000,87,10,+54.507,+2.703
0 days 02:15:29.206000,87,10,+54.521,+2.710
0 days 02:15:33.146000,87,10,+54.576,+2.743
0 days 02:15:38.844000,87,10,+54.738,+2.886
0 days 02:15:43.596000,87,10,+54.730,+2.858
0 days 02:15:47.573000,87,10,+54.765,+2.862
0 days 02:15:53.833000,87,10,+54.835,+2.883
0 days 02:15:59.105000,87,10,+54.829,+2.824
0 days 02:16:03.414000,87,10,+54.871,+2.839
0 days 02:16:08.257000,87,10,+54.863,+2.844
0 days 02:16:12.100000,87,10,+54.860,+2.852
0 days 02:16:20.416000,87,10,+54.907,+2.850
0 days 02:16:24.499000,87,10,+54.896,+2.827
0 days 02:16:25.120000,87,10,+54.889,+2.798
0 days 02:16:29.491000,87,10,+54.883,+2.857
0 days 02:16:33.813000,87,10,+54.856,+2.832
0 days 02:16:35.020000,87,10,+54.859,+2.817
0 days 02:16:37.188000,87,10,+54.906,+2.813
0 days 02:16:42.426000,87,10,+55.047,+2.990
0 days 02:16:47.821000,87,10,+55.008,+3.031
0 days 02:16:52.138000,87,10,+55.003,+3.000
0 days 02:16:55.013000,87,10,+54.993,+2.992
0 days 02:17:02.112000,87,10,+55.071,+2.976
0 days 02:17:05.911000,87,10,+55.075,+2.981
0 days 02:17:09.914000,87,10,+55.264,+3.111
0 days 02:17:15.679000,87,10,+55.546,+3.325
0 days 02:17:20.518000,87,10,+55.557,+3.309
0 days 02:17:24.440000,87,10,+55.589,+3.332
0 days 02:17:30.621000,87,10,+55.585,+3.316
0 days 02:17:35.931000,87,10,+55.614,+3.277
0 days 02:17:40.266000,87,10,+55.657,+3.296
0 days 02:17:44.993000,87,10,+55.650,+3.299
0 days 02:17:48.823000,87,10,+55.647,+3.308
0 days 02:17:57.217000,87,10,+55.747,+3.335
0 days 02:18:01.251000,87,10,+55.729,+3.328
0 days 02:18:01.935000,87,10,+55.727,+3.306
0 days 02:18:06.406000,87,10,+55.717,+3.320
0 days 02:18:10.675000,87,10,+55.708,+3.290
0 days 02:18:11.835000,87,10,+55.717,+3.268
0 days 02:18:14.025000,87,10,+55.808,+3.306
0 days 02:18:19.280000,87,10,+55.998,+3.358
0 days 02:18:24.688000,87,10,+55.843,+3.419
0 days 02:18:28.988000,87,10,+55.889,+3.402
0 days 02:18:31.915000,87,10,+55.905,+3.387
0 days 02:18:39.041000,87,10,+55.972,+3.401
0 days 02:18:42.781000,87,10,+55.972,+3.392
0 days 02:18:46.846000,87,10,+56.161,+3.526
0 days 02:18:52.590000,87,10,+56.432,+3.705
0 days 02:18:57.391000,87,10,+56.323,+3.690
0 days 02:19:01.398000,87,10,+56.340,+3.711
0 days 02:19:07.573000,87,10,+56.368,+3.717
0 days 02:19:12.836000,87,10,+56.196,+3.674
0 days 02:19:17.072000,87,10,+56.204,+3.692
0 days 02:19:21.897000,87,10,+56.259,+3.693
0 days 02:19:25.695000,87,10,+56.437,+3.697
0 days 02:19:34.072000,87,10,+56.569,+3.696
0 days 02:19:37.989000,87,10,+56.569,+3.669
0 days 02:19:38.855000,87,10,+56.601,+3.638
0 days 02:19:43.120000,87,10,+56.562,+3.652
0 days 02:19:47.551000,87,10,+56.550,+3.577
0 days 02:19:48.668000,87,10,+56.572,+3.550
0 days 02:19:50.867000,87,10,+56.610,+3.572
0 days 02:19:55.949000,87,10,+56.810,+3.736
0 days 02:20:01.419000,87,10,+56.783,+3.762
0 days 02:20:05.638000,87,10,+56.773,+3.692
0 days 02:20:08.590000,87,10,+56.774,+3.667
0 days 02:20:15.698000,87,10,+56.881,+3.688
0 days 02:20:19.447000,87,10,+56.908,+3.673
0 days 02:20:23.592000,87,10,+57.138,+3.843
0 days 02:20:29.298000,87,10,+57.457,+4.083
0 days 02:20:34.122000,87,10,+57.439,+4.074
0 days 02:20:38.172000,87,10,+57.461,+4.097
0 days 02:20:44.306000,87,10,+57.625,+4.133
0 days 02:20:49.561000,87,10,+57.585,+4.125
0 days 02:20:53.800000,87,10,+57.607,+4.140
0 days 02:20:58.603000,87,10,+57.614,+4.153
0 days 02:21:02.436000,87,10,+57.628,+4.173
0 days 02:21:10.772000,87,10,+57.647,+4.139
0 days 02:21:14.722000,87,10,+57.643,+4.116
0 days 02:21:15.582000,87,10,+57.656,+4.083
0 days 02:21:19.940000,87,10,+57.677,+4.106
0 days 02:21:24.345000,87,10,+57.679,+4.024
0 days 02:21:25.393000,87,10,+57.694,+3.990
0 days 02:21:27.710000,87,10,+57.860,+4.097
0 days 02:21:32.775000,87,10,+57.955,+4.191
0 days 02:21:38.419000,87,10,+58.003,+4.415
0 days 02:21:42.629000,87,10,+57.975,+4.395
0 days 02:21:45.610000,87,10,+57.990,+4.367
0 days 02:21:52.673000,87,10,+58.070,+4.333
0 days 02:21:56.373000,87,10,+58.073,+4.318
0 days 02:22:00.375000,87,10,+58.202,+4.434
0 days 02:22:06.048000,87,10,+58.438,+4.644
0 days 02:22:10.773000,87,10,+58.290,+4.578
0 days 02:22:14.873000,87,10,+58.289,+4.563
0 days 02:22:20.913000,87,10,+58.259,+4.620
0 days 02:22:26.095000,87,10,+58.178,+4.467
0 days 02:22:30.434000,87,10,+58.212,+4.461
0 days 02:22:35.199000,87,10,+58.230,+4.465
0 days 02:22:39.025000,87,10,+58.228,+4.468
0 days 02:22:47.362000,87,10,+58.217,+4.488
0 days 02:22:51.275000,87,10,+58.178,+4.454
0 days 02:22:52.080000,87,10,+58.173,+4.404
0 days 02:22:56.403000,87,10,+58.074,+4.316
0 days 02:23:00.698000,87,10,+58.020,+4.219
0 days 02:23:01.873000,87,10,+58.025,+4.182
0 days 02:23:04.021000,87,10,+58.034,+4.180
0 days 02:23:09.111000,87,10,+58.186,+4.262
0 days 02:23:14.713000,87,10,+58.071,+4.305
0 days 02:23:18.803000,87,10,+58.027,+4.252
0 days 02:23:21.709000,87,10,+58.013,+4.230
0 days 02:23:28.821000,87,10,+58.047,+4.212
0 days 02:23:32.562000,87,10,+58.056,+4.196
0 days 02:23:36.475000,87,10,+58.161,+4.263
0 days 02:23:42.240000,87,10,+58.409,+4.515
0 days 02:23:46.993000,87,10,+58.422,+4.499
0 days 02:23:50.934000,87,10,+58.424,+4.495
0 days 02:23:57.042000,87,10,+58.448,+4.534
0 days 02:24:02.288000,87,10,+58.451,+4.414
0 days 02:24:06.595000,87,10,+58.472,+4.414
0 days 02:24:11.407000,87,10,+58.461,+4.424
0 days 02:24:15.147000,87,10,+58.457,+4.438
0 days 02:24:23.674000,87,10,+58.602,+4.475
0 days 02:24:27.589000,87,10,+58.605,+4.444
0 days 02:24:28.401000,87,10,+58.630,+4.412
0 days 02:24:32.762000,87,10,+58.657,+4.425
0 days 02:24:37.076000,87,10,+58.626,+4.359
0 days 02:24:38.245000,87,10,+58.630,+4.324
0 days 02:24:40.643000,87,10,+58.672,+4.237
0 days 02:24:45.465000,87,10,+58.755,+4.292
0 days 02:24:51.108000,87,10,+58.911,+4.401
0 days 02:24:55.320000,87,10,+58.956,+4.434
0 days 02:24:58.237000,87,10,+58.956,+4.421
0 days 02:25:05.410000,87,10,+59.094,+4.414
0 days 02:25:09.138000,87,10,+59.112,+4.401
0 days 02:25:13.170000,87,10,+59.286,+4.594
0 days 02:25:18.911000,87,10,+59.591,+4.870
0 days 02:25:23.675000,87,10,+59.575,+4.844
0 days 02:25:27.648000,87,10,+59.605,+4.853
0 days 02:25:33.735000,87,10,+59.580,+4.714
0 days 02:25:39.016000,87,10,+59.642,+4.657
0 days 02:25:43.324000,87,10,+59.677,+4.659
0 days 02:25:48.123000,87,10,+59.667,+4.665
0 days 02:25:51.948000,87,10,+59.662,+4.679
0 days 02:26:00.450000,87,10,+59.900,+4.686
0 days 02:26:04.383000,87,10,+59.894,+4.643
0 days 02:26:05.319000,87,10,+59.914,+4.597
0 days 02:26:09.600000,87,10,+59.996,+4.667
0 days 02:26:13.942000,87,10,+59.995,+4.636
0 days 02:26:15.130000,87,10,+60.011,+4.630
0 days 02:26:17.331000,87,10,+60.031,+4.611
0 days 02:26:22.391000,87,10,+60.107,+4.609
0 days 02:26:27.851000,87,10,+60.025,+4.611
0 days 02:26:32.042000,87,10,+59.977,+4.610
0 days 02:26:34.963000,87,10,+59.968,+4.596
0 days 02:26:42.128000,87,10,+60.108,+4.562
0 days 02:26:45.854000,87,10,+60.124,+4.554
0 days 02:26:49.854000,87,10,+60.271,+4.665
0 days 02:26:55.470000,87,10,+60.538,+4.792
0 days 02:27:00.257000,87,10,+60.551,+4.805
0 days 02:27:04.205000,87,10,+60.557,+4.803
0 days 02:27:10.401000,87,10,+60.611,+4.744
0 days 02:27:15.677000,87,10,+60.664,+4.582
0 days 02:27:20.181000,87,10,+60.697,+4.581
0 days 02:27:24.690000,87,10,+60.690,+4.576
0 days 02:27:28.522000,87,10,+60.696,+4.587
0 days 02:27:36.942000,87,10,+60.756,+4.513
0 days 02:27:40.852000,87,10,+60.736,+4.473
0 days 02:27:41.717000,87,10,+60.753,+4.435
0 days 02:27:46.026000,87,10,+60.789,+4.473
0 days 02:27:50.375000,87,10,+60.785,+4.439
0 days 02:27:51.575000,87,10,+60.806,+4.414
0 days 02:27:53.734000,87,10,+60.818,+4.336
0 days 02:27:58.745000,87,10,+60.824,+4.194
0 days 02:28:04.271000,87,10,+60.842,+4.357
0 days 02:28:08.526000,87,10,+60.870,+4.369
0 days 02:28:11.449000,87,10,+60.877,+4.346
0 days 02:28:18.531000,87,10,+61.003,+4.331
0 days 02:28:22.218000,87,10,+61.008,+4.317
0 days 02:28:26.264000,87,10,+61.188,+4.369
0 days 02:28:31.934000,87,10,+61.457,+4.593
0 days 02:28:36.624000,87,10,+61.388,+4.567
0 days 02:28:40.575000,87,10,+61.416,+4.579
0 days 02:28:46.760000,87,10,+61.330,+4.404
0 days 02:28:52.064000,87,10,+61.309,+4.438
0 days 02:28:56.340000,87,10,+61.334,+4.428
0 days 02:29:01.145000,87,10,+61.323,+4.432
0 days 02:29:04.921000,87,10,+61.325,+4.447
0 days 02:29:13.426000,87,10,+61.389,+4.456
0 days 02:29:17.401000,87,10,+61.382,+4.449
0 days 02:29:18.304000,87,10,+61.392,+4.426
0 days 02:29:22.632000,87,10,+61.389,+4.486
0 days 02:29:26.937000,87,10,+61.350,+4.389
0 days 02:29:28.160000,87,10,+61.360,+4.350
0 days 02:29:30.349000,87,10,+61.352,+4.303
0 days 02:29:35.376000,87,10,+61.390,+4.288
0 days 02:29:40.933000,87,10,+61.505,+4.490
0 days 02:29:45.206000,87,10,+61.501,+4.517
0 days 02:29:48.094000,87,10,+61.502,+4.485
0 days 02:29:55.302000,87,10,+61.577,+4.564
0 days 02:29:59.001000,87,10,+61.553,+4.535
0 days 02:30:02.876000,87,10,+61.492,+4.531
0 days 02:30:08.386000,87,10,+61.468,+4.565
0 days 02:30:13.195000,87,10,+61.391,+4.570
0 days 02:30:17.076000,87,10,+61.387,+4.560
0 days 02:30:23.276000,87,10,+61.320,+4.517
0 days 02:30:28.520000,87,10,+61.272,+4.402
0 days 02:30:32.824000,87,10,+61.291,+4.413
0 days 02:30:37.629000,87,10,+61.283,+4.413
0 days 02:30:41.421000,87,10,+61.296,+4.433
0 days 02:30:50.220000,87,10,+61.435,+4.755
0 days 02:30:54.156000,87,10,+61.473,+4.842
0 days 02:30:55.071000,87,10,+61.449,+4.864
0 days 02:30:59.471000,87,10,+61.303,+4.982
0 days 00:00:03.711000,7,18,,
0 days 00:59:11.366000,7,18,+2.185,+0.228
0 days 00:59:12.293000,7,18,+1.971,+0.220
0 days 00:59:15.091000,7,19,+1.971,+0.220
0 days 00:59:15.212000,7,19,+2.407,+0.020
0 days 00:59:21.097000,7,18,+2.407,+0.020
0 days 00:59:21.185000,7,18,+3.404,+0.165
0 days 00:59:27.673000,7,18,+4.275,+0.198
0 days 00:59:31.901000,7,19,+4.275,+0.198
0 days 00:59:32.001000,7,19,+4.646,+0.155
0 days 00:59:34.998000,7,18,+4.646,+0.155
0 days 00:59:35.083000,7,18,+4.749,+0.271
0 days 00:59:43.217000,7,18,+5.573,+0.451
0 days 00:59:46.755000,7,18,+5.538,+0.435
0 days 00:59:50.970000,7,18,+5.765,+0.338
0 days 00:59:57.338000,7,17,+5.765,+0.338
0 days 00:59:57.422000,7,17,+6.563,+0.293
0 days 01:00:02.793000,7,17,+7.481,+0.504
0 days 01:00:06.915000,7,17,+7.673,+0.529
0 days 01:00:13.963000,7,17,+8.585,+0.454
0 days 01:00:19.155000,7,17,+8.680,+0.324
0 days 01:00:23.564000,7,17,+8.750,+0.317
0 days 01:00:28.381000,7,17,+8.678,+0.361
0 days 01:00:32.173000,7,17,+8.588,+0.401
0 days 01:00:41.464000,7,17,+9.441,+0.418
0 days 01:00:45.583000,7,17,+9.498,+0.385
0 days 01:00:46.480000,7,17,+9.550,+0.339
0 days 01:00:51.016000,7,17,+9.560,+0.217
0 days 01:00:55.367000,7,17,+9.276,+0.194
0 days 01:00:56.564000,7,17,+9.166,+0.168
0 days 01:00:59.115000,7,17,+9.335,+0.144
0 days 01:01:04.162000,7,16,+9.335,+0.144
0 days 01:01:04.238000,7,16,+9.404,+0.578
0 days 01:01:09.784000,7,17,+9.404,+0.578
0 days 01:01:10.258000,7,17,+10.090,+0.412
0 days 01:01:14.456000,7,17,+10.118,+0.390
0 days 01:01:17.469000,7,17,+10.117,+0.413
0 days 01:01:24.792000,7,17,+10.402,+0.328
0 days 01:01:28.591000,7,17,+10.386,+0.287
0 days 01:01:32.840000,7,17,+10.586,+0.238
0 days 01:01:38.981000,7,17,+11.111,+0.274
0 days 01:01:43.865000,7,17,+11.303,+0.245
0 days 01:01:47.938000,7,17,+11.346,+0.258
0 days 01:01:54.465000,7,17,+11.766,+0.404
0 days 01:01:59.899000,7,17,+11.817,+0.380
0 days 01:02:04.227000,7,17,+11.803,+0.391
0 days 01:02:08.995000,7,17,+11.684,+0.394
0 days 01:02:12.582000,7,17,+11.385,+0.376
0 days 01:02:21.387000,7,17,+11.777,+0.251
0 days 01:02:25.508000,7,17,+11.872,+0.260
0 days 01:02:26.483000,7,17,+11.948,+0.233
0 days 01:02:31.090000,7,17,+12.088,+0.319
0 days 01:02:35.313000,7,17,+11.815,+0.316
0 days 01:02:36.438000,7,17,+11.712,+0.318
0 days 01:02:38.739000,7,17,+11.739,+0.247
0 days 01:02:44.264000,7,17,+12.285,+0.327
0 days 01:02:49.906000,7,17,+12.443,+0.341
0 days 01:02:54.165000,7,17,+12.469,+0.348
0 days 01:02:57.190000,7,17,+12.478,+0.391
0 days 01:03:04.516000,7,17,+12.619,+0.389
0 days 01:03:08.290000,7,17,+12.631,+0.386
0 days 01:03:12.513000,7,17,+12.678,+0.283
0 days 01:03:18.586000,7,17,+13.068,+0.377
0 days 01:03:23.570000,7,17,+13.352,+0.456
0 days 01:03:27.599000,7,17,+13.453,+0.509
0 days 01:03:33.991000,7,17,+13.648,+0.506
0 days 01:03:39.456000,7,17,+13.681,+0.527
0 days 01:03:43.898000,7,17,+13.715,+0.558
0 days 01:03:48.708000,7,17,+13.657,+0.615
0 days 01:03:52.340000,7,17,+13.436,+0.679
0 days 01:04:00.970000,7,17,+13.619,+0.654
0 days 01:04:05.065000,7,17,+13.702,+0.651
0 days 01:04:05.957000,7,17,+13.778,+0.631
0 days 01:04:10.565000,7,17,+13.882,+0.715
0 days 01:04:14.880000,7,17,+13.642,+0.767
0 days 01:04:15.970000,7,17,+13.561,+0.788
0 days 01:04:18.266000,7,17,+13.585,+0.686
0 days 01:04:23.700000,7,17,+13.810,+0.552
0 days 01:04:29.273000,7,17,+13.886,+0.523
0 days 01:04:33.667000,7,17,+13.946,+0.540
0 days 01:04:36.640000,7,17,+13.923,+0.567
0 days 01:04:44.043000,7,16,+13.923,+0.567
0 days 01:04:44.128000,7,16,+14.288,+0.232
0 days 01:04:47.903000,7,16,+14.318,+0.223
0 days 01:04:52.217000,7,16,+14.472,+0.252
0 days 01:04:58.366000,7,16,+14.910,+0.488
0 days 01:05:03.331000,7,16,+15.185,+0.589
0 days 01:05:07.366000,7,16,+15.237,+0.618
0 days 01:05:13.733000,7,16,+15.420,+0.684
0 days 01:05:19.142000,7,16,+15.494,+0.644
0 days 01:05:23.540000,7,16,+15.486,+0.635
0 days 01:05:28.304000,7,16,+15.414,+0.592
0 days 01:05:31.975000,7,16,+15.230,+0.453
0 days 01:05:40.614000,7,16,+15.522,+0.510
0 days 01:05:44.768000,7,16,+15.548,+0.500
0 days 01:05:45.600000,7,16,+15.554,+0.456
0 days 01:05:50.130000,7,16,+15.600,+0.487
0 days 01:05:54.366000,7,16,+15.383,+0.374
0 days 01:05:55.518000,7,16,+15.300,+0.346
0 days 01:05:57.792000,7,16,+15.222,+0.327
0 days 01:06:03.267000,7,16,+15.526,+0.489
0 days 01:06:08.989000,7,16,+15.756,+0.484
0 days 01:06:13.371000,7,16,+15.818,+0.354
0 days 01:06:16.340000,7,16,+15.843,+0.380
0 days 01:06:23.656000,7,16,+15.977,+0.400
0 days 01:06:27.467000,7,16,+15.955,+0.408
0 days 01:06:31.544000,7,16,+15.891,+0.220
0 days 01:06:37.584000,7,16,+16.175,+0.359
0 days 01:06:42.646000,7,16,+16.445,+0.498
0 days 01:06:46.725000,7,16,+16.489,+0.521
0 days 01:06:52.972000,7,16,+16.643,+0.561
0 days 01:06:58.467000,7,16,+16.773,+0.656
0 days 01:07:02.896000,7,16,+16.801,+0.705
0 days 01:07:07.699000,7,16,+16.753,+0.677
0 days 01:07:11.415000,7,16,+16.591,+0.552
0 days 01:07:19.884000,7,16,+16.643,+0.639
0 days 01:07:23.935000,7,16,+16.670,+0.685
0 days 01:07:24.793000,7,16,+16.701,+0.675
0 days 01:07:29.281000,7,16,+16.697,+0.608
0 days 01:07:33.541000,7,16,+16.475,+0.489
0 days 01:07:34.720000,7,16,+16.400,+0.445
0 days 01:07:36.927000,7,16,+16.345,+0.423
0 days 01:07:42.358000,7,16,+16.712,+0.484
0 days 01:07:48.115000,7,16,+16.929,+0.519
0 days 01:07:52.369000,7,16,+16.944,+0.476
0 days 01:07:55.450000,7,16,+16.982,+0.534
0 days 01:08:02.685000,7,16,+17.069,+0.568
0 days 01:08:06.516000,7,16,+17.102,+0.570
0 days 01:08:10.567000,7,16,+17.168,+0.425
0 days 01:08:16.667000,7,16,+17.570,+0.457
0 days 01:08:21.767000,7,16,+17.852,+0.574
0 days 01:08:25.867000,7,16,+17.931,+0.600
0 days 01:08:32.186000,7,16,+18.198,+0.674
0 days 01:08:37.774000,7,16,+18.429,+0.818
0 days 01:08:42.200000,7,16,+18.467,+0.859
0 days 01:08:47.042000,7,16,+18.416,+0.832
0 days 01:08:50.684000,7,16,+18.272,+0.714
0 days 01:08:59.268000,7,16,+18.506,+0.839
0 days 01:09:03.537000,7,16,+18.615,+0.936
0 days 01:09:04.317000,7,16,+18.670,+0.934
0 days 01:09:08.819000,7,16,+18.691,+0.912
0 days 01:09:13.085000,7,16,+18.485,+0.812
0 days 01:09:14.220000,7,16,+18.412,+0.772
0 days 01:09:16.606000,7,16,+18.381,+0.786
0 days 01:09:21.842000,7,16,+18.623,+0.695
0 days 01:09:27.680000,7,16,+18.825,+0.707
0 days 01:09:32.045000,7,16,+18.930,+0.706
0 days 01:09:35.088000,7,16,+18.978,+0.762
0 days 01:09:42.576000,7,16,+19.261,+0.898
0 days 01:09:46.334000,7,16,+19.308,+0.917
0 days 01:09:50.359000,7,16,+19.202,+0.734
0 days 01:09:56.342000,7,16,+19.443,+0.736
0 days 01:10:01.342000,7,16,+19.560,+0.759
0 days 01:10:05.396000,7,16,+19.575,+0.787
0 days 01:10:11.818000,7,16,+19.826,+0.845
0 days 01:10:17.231000,7,16,+19.870,+0.812
0 days 01:10:21.703000,7,16,+19.942,+0.846
0 days 01:10:26.536000,7,16,+19.910,+0.825
0 days 01:10:30.129000,7,16,+19.770,+0.694
0 days 01:10:38.760000,7,16,+20.034,+0.800
0 days 01:10:42.921000,7,16,+20.100,+0.839
0 days 01:10:43.684000,7,16,+20.124,+0.795
0 days 01:10:48.199000,7,16,+20.189,+0.815
0 days 01:10:52.488000,7,16,+19.997,+0.696
0 days 01:10:53.643000,7,16,+19.927,+0.650
0 days 01:10:55.885000,7,16,+19.817,+0.560
0 days 01:11:01.259000,7,16,+20.077,+0.587
0 days 01:11:06.998000,7,16,+20.337,+0.683
0 days 01:11:11.322000,7,16,+20.321,+0.619
0 days 01:11:14.342000,7,16,+20.340,+0.663
0 days 01:11:21.669000,7,16,+20.449,+0.721
0 days 01:11:25.518000,7,16,+20.490,+0.714
0 days 01:11:29.522000,7,16,+20.412,+0.522
0 days 01:11:35.493000,7,16,+20.691,+0.557
0 days 01:11:40.619000,7,16,+20.873,+0.623
0 days 01:11:44.618000,7,16,+20.909,+0.651
0 days 01:11:51.021000,7,16,+21.095,+0.722
0 days 01:11:56.592000,7,16,+21.188,+0.767
0 days 01:12:01.019000,7,16,+21.216,+0.782
0 days 01:12:05.771000,7,16,+21.175,+0.753
0 days 01:12:09.469000,7,16,+21.031,+0.626
0 days 01:12:18.159000,7,16,+21.279,+0.801
0 days 01:12:22.262000,7,16,+21.303,+0.814
0 days 01:12:23.259000,7,16,+21.306,+0.785
0 days 01:12:27.544000,7,16,+21.318,+0.746
0 days 01:12:31.788000,7,16,+21.096,+0.632
0 days 01:12:32.973000,7,16,+21.018,+0.596
0 days 01:12:35.163000,7,16,+20.929,+0.531
0 days 01:12:40.617000,7,16,+21.185,+0.630
0 days 01:12:46.418000,7,16,+21.405,+0.644
0 days 01:12:50.725000,7,16,+21.392,+0.570
0 days 01:12:53.761000,7,16,+21.398,+0.601
0 days 01:13:01.078000,7,16,+21.504,+0.709
0 days 01:13:04.936000,7,16,+21.538,+0.711
0 days 01:13:08.931000,7,16,+21.489,+0.574
0 days 01:13:14.911000,7,16,+21.716,+0.521
0 days 01:13:20.019000,7,16,+21.997,+0.673
0 days 01:13:24.082000,7,16,+22.053,+0.693
0 days 01:13:30.470000,7,16,+22.237,+0.707
0 days 01:13:36.064000,7,16,+22.448,+0.847
0 days 01:13:40.535000,7,16,+22.511,+0.920
0 days 01:13:45.349000,7,16,+22.485,+0.909
0 days 01:13:48.975000,7,16,+22.339,+0.779
0 days 01:13:57.619000,7,16,+22.529,+0.894
0 days 01:14:01.873000,7,16,+22.574,+0.934
0 days 01:14:02.600000,7,16,+22.613,+0.934
0 days 01:14:07.044000,7,16,+22.650,+0.923
0 days 01:14:11.306000,7,16,+22.436,+0.799
0 days 01:14:12.473000,7,16,+22.345,+0.755
0 days 01:14:14.738000,7,16,+22.294,+0.727
0 days 01:14:20.177000,7,16,+22.646,+0.799
0 days 01:14:25.802000,7,16,+22.782,+0.759
0 days 01:14:30.253000,7,16,+22.866,+0.743
0 days 01:14:33.270000,7,16,+22.879,+0.779
0 days 01:14:40.618000,7,16,+22.977,+0.788
0 days 01:14:44.403000,7,16,+22.972,+0.766
0 days 01:14:48.452000,7,16,+22.921,+0.537
0 days 01:14:54.444000,7,16,+23.153,+0.622
0 days 01:14:59.567000,7,16,+23.374,+0.700
0 days 01:15:03.568000,7,16,+23.394,+0.677
0 days 01:15:09.937000,7,16,+23.695,+0.773
0 days 01:15:15.501000,7,16,+23.821,+0.840
0 days 01:15:20.037000,7,16,+23.857,+0.880
0 days 01:15:24.796000,7,16,+23.814,+0.853
0 days 01:15:28.391000,7,16,+23.667,+0.719
0 days 01:15:37.093000,7,16,+23.961,+0.919
0 days 01:15:41.171000,7,16,+24.002,+0.951
0 days 01:15:41.989000,7,16,+24.039,+0.942
0 days 01:15:46.445000,7,15,+24.039,+0.942
0 days 01:15:46.445000,7,15,+24.040,+0.906
0 days 01:15:50.722000,7,15,+23.818,+0.766
0 days 01:15:51.854000,7,15,+23.735,+0.724
0 days 01:15:54.092000,7,15,+23.699,+0.696
0 days 01:15:59.472000,7,15,+24.027,+0.788
0 days 01:16:05.207000,7,15,+24.173,+0.731
0 days 01:16:09.587000,7,15,+24.169,+0.701
0 days 01:16:12.598000,7,15,+24.172,+0.732
0 days 01:16:19.820000,7,15,+24.193,+0.842
0 days 01:16:23.619000,7,15,+24.204,+0.844
0 days 01:16:27.545000,7,15,+24.117,+0.637
0 days 01:16:33.488000,7,15,+24.279,+0.637
0 days 01:16:38.587000,7,15,+24.534,+0.791
0 days 01:16:42.671000,7,15,+24.583,+0.811
0 days 01:16:49.066000,7,15,+24.853,+0.922
0 days 01:16:54.605000,7,15,+24.947,+0.937
0 days 01:16:59.033000,7,15,+24.978,+0.965
0 days 01:17:03.863000,7,15,+24.929,+0.925
0 days 01:17:07.563000,7,15,+24.774,+0.786
0 days 01:17:16.034000,7,15,+24.837,+0.803
0 days 01:17:20.095000,7,15,+24.802,+0.734
0 days 01:17:20.594000,7,15,+24.513,+0.382
0 days 01:17:26.774000,7,16,+24.513,+0.382
0 days 01:17:36.641000,7,17,+24.513,+0.382
0 days 01:17:46.274000,7,18,+24.513,+0.382
0 days 01:17:53.819000,7,18,+47.595,+5.530
0 days 01:17:56.589000,7,18,+48.082,+5.535
0 days 01:18:01.592000,7,18,+47.914,+5.450
0 days 01:18:06.912000,7,18,+47.727,+5.551
0 days 01:18:11.197000,7,18,+47.674,+5.664
0 days 01:18:14.272000,7,18,+47.696,+5.721
0 days 01:18:21.299000,7,18,+47.521,+5.757
0 days 01:18:25.077000,7,18,+47.522,+5.822
0 days 01:18:29.040000,7,18,+47.430,+5.917
0 days 01:18:34.836000,7,18,+47.377,+6.010
0 days 01:18:39.378000,7,18,+47.100,+5.909
0 days 01:18:43.410000,7,18,+47.120,+6.005
0 days 01:18:49.598000,7,18,+47.160,+5.961
0 days 01:18:54.802000,7,18,+46.932,+5.973
0 days 01:18:59.252000,7,18,+46.954,+6.060
0 days 01:19:04.135000,7,18,+46.983,+6.368
0 days 01:19:07.970000,7,18,+47.037,+6.390
0 days 01:19:16.420000,7,18,+47.083,+6.104
0 days 01:19:20.531000,7,18,+47.077,+6.082
0 days 01:19:21.196000,7,18,+47.051,+6.023
0 days 01:19:25.703000,7,18,+47.072,+5.990
0 days 01:19:30.173000,7,18,+47.078,+5.990
0 days 01:19:31.420000,7,18,+47.086,+5.872
0 days 01:19:33.648000,7,18,+47.034,+5.220
0 days 01:19:38.820000,7,18,+47.142,+5.030
0 days 01:19:44.032000,7,18,+46.853,+4.809
0 days 01:19:48.311000,7,18,+46.834,+4.874
0 days 01:19:51.295000,7,18,+46.849,+4.851
0 days 01:19:58.427000,7,18,+46.750,+4.711
0 days 01:20:02.211000,7,18,+46.745,+4.716
0 days 01:20:06.149000,7,18,+46.654,+4.431
0 days 01:20:11.962000,7,18,+46.730,+4.310
0 days 01:20:16.686000,7,18,+46.536,+4.229
0 days 01:20:20.665000,7,18,+46.492,+4.215
0 days 01:20:26.777000,7,18,+46.381,+3.968
0 days 01:20:32.194000,7,18,+46.344,+4.007
0 days 01:20:36.647000,7,18,+46.441,+4.054
0 days 01:20:41.551000,7,18,+46.497,+4.147
0 days 01:20:45.444000,7,18,+46.559,+4.428
0 days 01:20:54.113000,7,18,+46.765,+4.821
0 days 01:20:58.221000,7,18,+46.824,+4.775
0 days 01:20:59.047000,7,18,+46.856,+4.730
0 days 01:21:03.468000,7,18,+46.879,+4.778
0 days 01:21:07.922000,7,18,+46.872,+5.061
0 days 01:21:09.174000,7,18,+46.881,+5.188
0 days 01:21:11.373000,7,18,+46.772,+5.065
0 days 01:21:16.748000,7,18,+47.126,+5.029
0 days 01:21:22.238000,7,18,+47.020,+5.062
0 days 01:21:26.542000,7,18,+47.033,+5.082
0 days 01:21:29.591000,7,18,+47.069,+5.075
0 days 01:21:36.775000,7,18,+47.066,+5.010
0 days 01:21:40.634000,7,18,+47.086,+5.073
0 days 01:21:44.590000,7,18,+47.157,+4.817
0 days 01:21:50.359000,7,18,+47.184,+4.642
0 days 01:21:55.174000,7,18,+47.206,+4.680
0 days 01:21:59.173000,7,18,+44.285,+4.729
0 days 01:22:05.407000,7,18,+44.197,+4.419
0 days 01:22:10.765000,7,18,+44.039,+4.597
0 days 01:22:15.191000,7,18,+44.049,+4.628
0 days 01:22:20.044000,7,18,+44.085,+4.870
0 days 01:22:23.874000,7,18,+44.111,+5.091
0 days 01:22:32.521000,7,18,+44.236,+5.012
0 days 01:22:36.514000,7,18,+44.273,+4.952
0 days 01:22:37.312000,7,18,+44.262,+4.861
0 days 01:22:41.776000,7,18,+44.265,+4.691
0 days 01:22:46.228000,7,18,+44.229,+4.884
0 days 01:22:47.482000,7,18,+44.224,+4.974
0 days 01:22:49.650000,7,18,+44.276,+5.024
0 days 01:22:54.874000,7,18,+44.363,+4.779
0 days 01:23:00.415000,7,18,+44.291,+4.610
0 days 01:23:04.703000,7,18,+44.235,+4.511
0 days 01:23:07.699000,7,18,+44.260,+4.504
0 days 01:23:15.006000,7,18,+44.189,+4.344
0 days 01:23:18.759000,7,18,+44.227,+4.360
0 days 01:23:22.686000,7,18,+44.223,+4.281
0 days 01:23:28.474000,7,18,+44.221,+4.059
0 days 01:23:33.348000,7,18,+44.103,+3.927
0 days 01:23:37.369000,7,18,+44.119,+3.910
0 days 01:23:43.603000,7,18,+43.944,+3.711
0 days 01:23:49.037000,7,18,+43.995,+3.721
0 days 01:23:53.449000,7,18,+44.040,+3.701
0 days 01:23:58.389000,7,18,+44.064,+3.775
0 days 01:24:02.315000,7,18,+25.938,+4.000
0 days 01:24:10.822000,7,18,+26.061,+4.076
0 days 01:24:14.774000,7,18,+26.045,+4.031
0 days 01:24:15.526000,7,18,+25.975,+4.000
0 days 01:24:20.009000,7,18,+39.203,+3.819
0 days 01:24:24.392000,7,18,+25.909,+3.995
0 days 01:24:25.626000,7,18,+25.882,+4.069
0 days 01:24:27.774000,7,18,+25.684,+4.150
0 days 01:24:33.012000,7,18,+25.716,+3.982
0 days 01:24:38.422000,7,18,+25.590,+3.708
0 days 01:24:42.722000,7,18,+25.514,+3.663
0 days 01:24:45.749000,7,18,+25.541,+3.668
0 days 01:24:53.083000,7,18,+25.717,+3.676
0 days 01:24:56.882000,7,18,+25.735,+3.661
0 days 01:25:00.842000,7,18,+25.578,+3.627
0 days 01:25:06.575000,7,18,+25.569,+3.572
0 days 01:25:11.452000,7,18,+25.562,+3.457
0 days 01:25:15.525000,7,18,+25.572,+3.440
0 days 01:25:21.812000,7,18,+25.528,+3.338
0 days 01:25:27.168000,7,18,+25.431,+3.238
0 days 01:25:31.595000,7,18,+25.448,+3.238
0 days 01:25:36.475000,7,18,+25.462,+3.304
0 days 01:25:40.301000,7,18,+25.492,+3.535
0 days 01:25:48.958000,7,18,+25.689,+3.574
0 days 01:25:53.072000,7,18,+25.735,+3.558
0 days 01:25:53.751000,7,18,+25.676,+3.490
0 days 01:25:58.349000,7,18,+25.817,+3.551
0 days 01:26:02.797000,7,18,+25.802,+3.768
0 days 01:26:03.991000,7,18,+25.792,+3.860
0 days 01:26:06.183000,7,18,+25.611,+3.916
0 days 01:26:11.425000,7,18,+25.581,+3.473
0 days 01:26:17.023000,7,18,+25.736,+3.208
0 days 01:26:21.290000,7,18,+25.595,+3.190
0 days 01:26:24.295000,7,18,+25.612,+3.199
0 days 01:26:31.550000,7,18,+25.690,+2.926
0 days 01:26:35.339000,7,18,+25.692,+2.905
0 days 01:26:39.275000,7,18,+25.574,+2.611
0 days 01:26:45.030000,7,18,+25.486,+2.015
0 days 01:26:50.133000,7,18,+25.749,+1.970
0 days 01:26:54.215000,7,18,+25.783,+1.929
0 days 01:27:00.523000,7,18,+25.753,+1.789
0 days 01:27:05.877000,7,18,+24.946,+1.788
0 days 01:27:10.257000,7,18,+24.978,+1.774
0 days 01:27:15.089000,7,18,+25.081,+1.868
0 days 01:27:18.877000,7,18,+25.296,+2.095
0 days 01:27:27.629000,7,18,+25.783,+2.243
0 days 01:27:31.676000,7,18,+25.842,+2.235
0 days 01:27:32.539000,7,18,+25.872,+2.212
0 days 01:27:36.997000,7,18,+25.936,+2.125
0 days 01:27:41.339000,7,17,+25.936,+2.125
0 days 01:27:41.415000,7,17,+25.876,+2.282
0 days 01:27:42.585000,7,17,+25.853,+2.351
0 days 01:27:44.796000,7,17,+25.744,+2.372
0 days 01:27:50.402000,7,17,+26.358,+2.409
0 days 01:27:56.589000,7,17,+27.043,+2.830
0 days 01:28:00.952000,7,17,+27.104,+2.849
0 days 01:28:03.969000,7,17,+27.120,+2.881
0 days 01:28:11.364000,7,17,+27.405,+2.599
0 days 01:28:15.199000,7,17,+27.472,+2.645
0 days 01:28:19.176000,7,17,+27.432,+2.488
0 days 01:28:25.025000,7,17,+27.574,+1.825
0 days 01:28:29.999000,7,17,+27.787,+1.740
0 days 01:28:34.119000,7,17,+27.864,+1.752
0 days 01:28:40.576000,7,17,+28.240,+1.670
0 days 01:28:45.955000,7,17,+28.274,+1.587
0 days 01:28:50.377000,7,17,+28.326,+1.558
0 days 01:28:55.168000,7,17,+28.326,+1.660
0 days 01:28:58.951000,7,17,+28.297,+1.859
0 days 01:29:07.524000,7,17,+28.505,+1.556
0 days 01:29:11.605000,7,17,+28.548,+1.510
0 days 01:29:12.351000,7,17,+28.574,+1.451
0 days 01:29:16.890000,7,17,+28.629,+1.317
0 days 01:29:21.144000,7,16,+28.629,+1.317
0 days 01:29:21.228000,7,16,+28.565,+1.530
0 days 01:29:22.451000,7,16,+28.521,+1.633
0 days 01:29:24.693000,7,16,+28.484,+1.626
0 days 01:29:30.051000,7,16,+28.849,+1.699
0 days 01:29:35.626000,7,16,+29.006,+1.204
0 days 01:29:40.004000,7,16,+29.125,+1.067
0 days 01:29:43.046000,7,16,+29.134,+1.087
0 days 01:29:50.351000,7,16,+29.302,+0.795
0 days 01:29:54.152000,7,16,+29.323,+0.788
0 days 01:29:58.246000,7,16,+29.237,+0.650
0 days 01:30:04.268000,7,16,+29.656,+0.300
0 days 01:30:09.379000,7,16,+30.062,+0.279
0 days 01:30:13.408000,7,16,+30.114,+0.247
0 days 01:30:20.316000,7,16,+30.756,+0.479
0 days 01:30:25.768000,7,16,+30.933,+0.281
0 days 01:30:30.198000,7,16,+30.997,+0.268
0 days 01:30:34.939000,7,16,+30.878,+0.134
0 days 01:30:38.369000,7,15,+30.878,+0.134
0 days 01:30:38.457000,7,15,+30.672,+2.482
0 days 01:30:47.098000,7,15,+30.887,+2.612
0 days 01:30:51.110000,7,15,+30.898,+2.598
0 days 01:30:52.004000,7,15,+30.918,+2.584
0 days 01:30:56.451000,7,15,+30.990,+2.538
0 days 01:31:00.852000,7,15,+30.956,+2.549
0 days 01:31:02.053000,7,15,+30.940,+2.556
0 days 01:31:04.306000,7,15,+30.867,+2.655
0 days 01:31:09.630000,7,15,+31.051,+2.712
0 days 01:31:15.100000,7,15,+31.104,+2.595
0 days 01:31:19.356000,7,15,+31.078,+2.515
0 days 01:31:22.407000,7,15,+31.105,+2.508
0 days 01:31:29.709000,7,15,+31.274,+2.504
0 days 01:31:33.514000,7,15,+31.301,+2.487
0 days 01:31:37.383000,7,15,+31.067,+2.464
0 days 01:31:43.155000,7,15,+31.102,+2.413
0 days 01:31:48,7,15,+31.169,+2.340
0 days 01:31:52.021000,7,15,+31.195,+2.308
0 days 01:31:58.215000,7,15,+31.234,+2.172
0 days 01:32:03.716000,7,15,+31.440,+2.309
0 days 01:32:08.078000,7,15,+31.447,+2.304
0 days 01:32:12.952000,7,15,+31.462,+2.309
0 days 01:32:16.778000,7,15,+31.495,+2.326
0 days 01:32:25.419000,7,15,+31.764,+2.316
0 days 01:32:29.446000,7,15,+31.821,+2.291
0 days 01:32:30.295000,7,15,+31.875,+2.307
0 days 01:32:34.898000,7,15,+31.906,+2.243
0 days 01:32:39.198000,7,15,+31.858,+2.243
0 days 01:32:40.394000,7,15,+31.851,+1.689
0 days 01:32:42.678000,7,15,+31.795,+0.944
0 days 01:32:47.919000,7,15,+32.003,+0.803
0 days 01:32:53.541000,7,15,+32.063,+0.791
0 days 01:32:57.893000,7,15,+32.093,+0.860
0 days 01:33:00.892000,7,15,+32.113,+0.881
0 days 01:33:08.204000,7,15,+32.304,+0.844
0 days 01:33:11.974000,7,15,+32.295,+0.839
0 days 01:33:15.990000,7,15,+32.159,+0.628
0 days 01:33:21.898000,7,15,+32.259,+0.682
0 days 01:33:26.872000,7,15,+32.351,+0.931
0 days 01:33:30.857000,7,15,+32.378,+1.014
0 days 01:33:37.179000,7,15,+32.540,+0.855
0 days 01:33:42.599000,7,15,+32.473,+0.953
0 days 01:33:47.027000,7,15,+32.455,+0.959
0 days 01:33:51.773000,7,15,+32.395,+0.901
0 days 01:33:55.429000,7,15,+32.248,+0.739
0 days 01:34:04.091000,7,15,+32.547,+1.027
0 days 01:34:08.201000,7,15,+32.560,+1.032
0 days 01:34:08.991000,7,15,+32.591,+0.985
0 days 01:34:13.401000,7,15,+32.590,+0.900
0 days 01:34:17.853000,7,15,+32.522,+0.810
0 days 01:34:19.048000,7,15,+32.518,+0.772
0 days 01:34:21.320000,7,15,+32.456,+0.632
0 days 01:34:26.756000,7,15,+32.690,+0.883
0 days 01:34:32.337000,7,15,+32.789,+1.046
0 days 01:34:36.580000,7,15,+32.792,+1.129
0 days 01:34:39.560000,7,15,+32.814,+1.184
0 days 01:34:46.797000,7,15,+32.876,+1.252
0 days 01:34:50.561000,7,15,+32.887,+1.289
0 days 01:34:54.513000,7,15,+32.636,+1.123
0 days 01:35:00.320000,7,15,+32.708,+1.160
0 days 01:35:05.303000,7,15,+32.842,+1.381
0 days 01:35:09.379000,7,15,+32.950,+1.511
0 days 01:35:15.671000,7,15,+33.059,+1.473
0 days 01:35:21.142000,7,15,+33.045,+1.687
0 days 01:35:25.518000,7,15,+33.032,+1.695
0 days 01:35:30.232000,7,15,+33.037,+1.793
0 days 01:35:34.081000,7,15,+33.075,+2.036
0 days 01:35:42.671000,7,15,+33.259,+1.720
0 days 01:35:46.654000,7,15,+33.288,+1.672
0 days 01:35:47.500000,7,15,+33.338,+1.653
0 days 01:35:51.967000,7,15,+33.377,+1.525
0 days 01:35:56.332000,7,15,+33.332,+1.655
0 days 01:35:57.555000,7,15,+33.330,+1.712
0 days 01:35:59.967000,7,15,+33.279,+1.682
0 days 01:36:05.162000,7,15,+33.491,+1.637
0 days 01:36:10.579000,7,15,+33.396,+1.376
0 days 01:36:14.965000,7,15,+33.512,+1.421
0 days 01:36:17.980000,7,15,+33.558,+1.433
0 days 01:36:25.221000,7,15,+33.753,+1.395
0 days 01:36:29.010000,7,15,+33.772,+1.367
0 days 01:36:32.943000,7,15,+33.554,+1.374
0 days 01:36:38.746000,7,15,+33.619,+1.372
0 days 01:36:43.717000,7,15,+33.858,+1.352
0 days 01:36:47.729000,7,15,+33.940,+1.337
0 days 01:36:53.943000,7,15,+33.961,+1.269
0 days 01:36:59.372000,7,15,+33.920,+1.213
0 days 01:37:03.708000,7,15,+33.936,+1.197
0 days 01:37:08.488000,7,15,+33.941,+1.173
0 days 01:37:12.329000,7,15,+33.991,+1.155
0 days 01:37:21.038000,7,15,+34.317,+1.179
0 days 01:37:25.006000,7,15,+34.390,+1.167
0 days 01:37:25.919000,7,15,+34.421,+1.163
0 days 01:37:30.322000,7,15,+34.501,+1.106
0 days 01:37:34.726000,7,15,+34.481,+1.083
0 days 01:37:35.911000,7,15,+34.487,+1.073
0 days 01:37:38.154000,7,15,+34.483,+1.174
0 days 01:37:43.348000,7,15,+34.594,+1.138
0 days 01:37:49.081000,7,15,+34.979,+1.425
0 days 01:37:53.443000,7,15,+35.039,+1.346
0 days 01:37:56.554000,7,15,+35.082,+1.352
0 days 01:38:03.894000,7,16,+35.082,+1.352
0 days 01:38:04.043000,7,16,+35.464,+0.015
0 days 01:38:07.776000,7,16,+35.503,+0.070
0 days 01:38:11.941000,7,16,+35.539,+0.164
0 days 01:38:18.099000,7,16,+36.020,+0.469
0 days 01:38:23.104000,7,16,+36.256,+0.605
0 days 01:38:27.084000,7,16,+36.317,+0.636
0 days 01:38:33.515000,7,16,+36.560,+0.643
0 days 01:38:39.034000,7,16,+36.711,+0.734
0 days 01:38:43.403000,7,16,+36.751,+0.741
0 days 01:38:48.150000,7,16,+36.701,+0.695
0 days 01:38:51.829000,7,16,+36.557,+0.555
0 days 01:39:00.381000,7,16,+36.860,+0.656
0 days 01:39:04.436000,7,16,+36.896,+0.704
0 days 01:39:05.418000,7,16,+36.920,+0.691
0 days 01:39:09.779000,7,16,+36.954,+0.666
0 days 01:39:13.972000,7,16,+36.766,+0.535
0 days 01:39:15.155000,7,16,+36.717,+0.493
0 days 01:39:17.408000,7,16,+36.702,+0.511
0 days 01:39:22.786000,7,16,+36.959,+0.777
0 days 01:39:28.384000,7,16,+37.099,+0.893
0 days 01:39:32.693000,7,16,+37.191,+0.843
0 days 01:39:35.755000,7,16,+37.226,+0.876
0 days 01:39:43.018000,7,16,+37.405,+0.919
0 days 01:39:46.784000,7,16,+37.427,+0.920
0 days 01:39:50.750000,7,16,+37.249,+0.721
0 days 01:39:56.544000,7,16,+37.352,+0.824
0 days 01:40:01.576000,7,16,+37.627,+1.008
0 days 01:40:05.624000,7,16,+37.709,+1.081
0 days 01:40:11.909000,7,16,+37.893,+0.972
0 days 01:40:17.400000,7,16,+37.979,+0.967
0 days 01:40:21.756000,7,16,+38.005,+0.946
0 days 01:40:26.532000,7,16,+37.991,+0.915
0 days 01:40:30.239000,7,16,+37.861,+0.794
0 days 01:40:38.818000,7,16,+38.021,+0.904
0 days 01:40:42.998000,7,16,+38.110,+0.957
0 days 01:40:43.756000,7,16,+38.157,+0.943
0 days 01:40:48.144000,7,16,+38.176,+0.886
0 days 01:40:52.376000,7,16,+37.982,+0.701
0 days 01:40:53.544000,7,16,+37.925,+0.617
0 days 01:40:55.759000,7,16,+37.913,+0.563
0 days 01:41:01.199000,7,16,+38.148,+0.974
0 days 01:41:06.759000,7,16,+38.304,+0.997
0 days 01:41:11.135000,7,16,+38.357,+0.935
0 days 01:41:14.139000,7,16,+38.382,+0.963
0 days 01:41:21.377000,7,16,+38.571,+1.029
0 days 01:41:25.163000,7,16,+38.580,+1.043
0 days 01:41:29.092000,7,16,+38.421,+0.941
0 days 01:41:34.900000,7,16,+38.532,+0.980
0 days 01:41:39.845000,7,16,+38.699,+1.076
0 days 01:41:43.856000,7,16,+38.746,+1.107
0 days 01:41:50.106000,7,16,+38.845,+0.950
0 days 01:41:55.553000,7,16,+38.932,+0.867
0 days 01:41:59.945000,7,16,+38.944,+0.871
0 days 01:42:04.716000,7,16,+38.915,+0.833
0 days 01:42:08.385000,7,16,+38.787,+0.710
0 days 01:42:17.011000,7,16,+39.077,+0.748
0 days 01:42:21.024000,7,16,+39.114,+0.795
0 days 01:42:21.915000,7,16,+39.152,+0.789
0 days 01:42:26.257000,7,16,+39.134,+0.684
0 days 01:42:30.430000,7,15,+39.134,+0.684
0 days 01:42:30.511000,7,15,+38.913,+0.525
0 days 01:42:31.647000,7,15,+38.838,+0.464
0 days 01:42:33.921000,7,15,+38.808,+0.451
0 days 01:42:39.214000,7,15,+38.958,+0.894
0 days 01:42:44.757000,7,15,+39.119,+0.784
0 days 01:42:49.105000,7,15,+39.175,+0.710
0 days 01:42:52.088000,7,15,+39.195,+0.732
0 days 01:42:59.346000,7,15,+39.339,+0.815
0 days 01:43:03.101000,7,15,+39.371,+0.841
0 days 01:43:07.099000,7,15,+39.241,+0.754
0 days 01:43:12.927000,7,15,+39.342,+0.893
0 days 01:43:17.823000,7,15,+39.500,+0.942
0 days 01:43:21.854000,7,15,+39.587,+0.972
0 days 01:43:28.231000,7,15,+39.810,+0.919
0 days 01:43:33.633000,7,15,+39.836,+0.817
0 days 01:43:37.976000,7,15,+39.851,+0.788
0 days 01:43:42.753000,7,15,+39.807,+0.730
0 days 01:43:46.397000,7,15,+39.647,+0.578
0 days 01:43:55.022000,7,15,+39.938,+0.635
0 days 01:43:59.039000,7,15,+39.982,+0.693
0 days 01:43:59.972000,7,15,+40.033,+0.710
0 days 01:44:04.356000,7,15,+40.046,+0.625
0 days 01:44:08.528000,7,15,+39.850,+0.454
0 days 01:44:09.754000,7,15,+39.780,+0.380
0 days 01:44:11.979000,7,15,+39.774,+0.380
0 days 01:44:17.357000,7,15,+39.970,+0.662
0 days 01:44:22.912000,7,15,+40.221,+0.668
0 days 01:44:27.232000,7,15,+40.264,+0.587
0 days 01:44:30.278000,7,15,+40.280,+0.614
0 days 01:44:37.491000,7,15,+40.435,+0.670
0 days 01:44:41.300000,7,15,+40.479,+0.680
0 days 01:44:45.232000,7,15,+40.326,+0.480
0 days 01:44:51.121000,7,15,+40.599,+0.580
0 days 01:44:56.104000,7,15,+40.786,+0.733
0 days 01:45:00.077000,7,15,+40.801,+0.786
0 days 01:45:06.384000,7,15,+40.982,+0.760
0 days 01:45:11.854000,7,15,+41.069,+0.717
0 days 01:45:16.178000,7,15,+41.106,+0.721
0 days 01:45:20.978000,7,15,+41.066,+0.675
0 days 01:45:24.619000,7,15,+40.936,+0.536
0 days 01:45:33.378000,7,15,+41.263,+0.766
0 days 01:45:37.380000,7,15,+41.313,+0.804
0 days 01:45:38.215000,7,15,+41.346,+0.802
0 days 01:45:42.603000,7,15,+41.376,+0.760
0 days 01:45:46.853000,7,15,+41.164,+0.600
0 days 01:45:47.985000,7,15,+41.093,+0.541
0 days 01:45:50.184000,7,15,+41.047,+0.451
0 days 01:45:55.638000,7,15,+41.460,+0.859
0 days 01:46:01.241000,7,15,+41.647,+0.818
0 days 01:46:05.601000,7,15,+41.712,+0.786
0 days 01:46:08.554000,7,15,+41.722,+0.802
0 days 01:46:15.956000,7,15,+42.071,+1.052
0 days 01:46:19.821000,7,15,+42.105,+1.076
0 days 01:46:23.715000,7,15,+42.049,+0.870
0 days 01:46:29.548000,7,15,+42.238,+0.919
0 days 01:46:34.532000,7,15,+42.462,+1.067
0 days 01:46:38.507000,7,15,+42.514,+1.105
0 days 01:46:44.832000,7,15,+42.769,+1.146
0 days 01:46:50.278000,7,15,+42.838,+1.125
0 days 01:46:54.633000,7,15,+42.842,+1.121
0 days 01:46:59.454000,7,15,+42.845,+1.117
0 days 01:47:03.280000,7,15,+42.885,+1.160
0 days 01:47:11.914000,7,15,+43.208,+1.294
0 days 01:47:15.867000,7,15,+43.241,+1.334
0 days 01:47:16.658000,7,15,+43.262,+1.324
0 days 01:47:21.195000,7,15,+43.397,+1.363
0 days 01:47:25.577000,7,15,+43.387,+1.392
0 days 01:47:26.828000,7,15,+43.391,+1.395
0 days 01:47:29.038000,7,15,+43.407,+1.312
0 days 01:47:34.284000,7,15,+43.616,+1.570
0 days 01:47:39.836000,7,15,+43.566,+1.539
0 days 01:47:44.259000,7,15,+43.667,+1.521
0 days 01:47:47.080000,7,15,+43.690,+1.551
0 days 01:47:54.286000,7,15,+43.809,+1.629
0 days 01:47:58.029000,7,15,+43.803,+1.624
0 days 01:48:01.915000,7,15,+43.637,+1.367
0 days 01:48:07.757000,7,15,+43.853,+1.387
0 days 01:48:12.661000,7,15,+43.993,+1.517
0 days 01:48:16.715000,7,15,+44.012,+1.533
0 days 01:48:23.061000,7,15,+44.221,+1.558
0 days 01:48:28.357000,7,15,+44.247,+1.481
0 days 01:48:32.704000,7,15,+44.256,+1.479
0 days 01:48:37.559000,7,15,+44.270,+1.498
0 days 01:48:41.386000,7,15,+44.313,+1.546
0 days 01:48:49.990000,7,15,+44.611,+1.636
0 days 01:48:54.087000,7,15,+44.669,+1.689
0 days 01:48:54.788000,7,15,+44.711,+1.696
0 days 01:48:59.277000,7,15,+44.678,+1.692
0 days 01:49:03.718000,7,15,+44.661,+1.727
0 days 01:49:04.955000,7,15,+44.677,+1.740
0 days 01:49:07.205000,7,15,+44.684,+1.690
0 days 01:49:12.561000,7,15,+45.088,+2.028
0 days 01:49:17.959000,7,15,+45.073,+1.918
0 days 01:49:22.385000,7,15,+45.176,+1.821
0 days 01:49:25.311000,7,15,+45.208,+1.853
0 days 01:49:32.580000,7,15,+45.370,+1.936
0 days 01:49:36.386000,7,15,+45.391,+1.936
0 days 01:49:40.259000,7,15,+45.227,+1.622
0 days 01:49:46.088000,7,15,+45.438,+1.735
0 days 01:49:50.930000,7,15,+45.578,+1.776
0 days 01:49:54.954000,7,15,+45.617,+1.793
0 days 01:50:01.161000,7,15,+45.688,+1.682
0 days 01:50:06.723000,7,15,+45.920,+1.728
0 days 01:50:11.065000,7,15,+45.945,+1.699
0 days 01:50:15.886000,7,15,+45.961,+1.702
0 days 01:50:19.788000,7,15,+46.012,+1.749
0 days 01:50:28.402000,7,15,+46.313,+1.798
0 days 01:50:32.407000,7,15,+46.385,+1.877
0 days 01:50:33.277000,7,15,+46.421,+1.891
0 days 01:50:37.736000,7,15,+46.438,+1.862
0 days 01:50:42.126000,7,15,+46.429,+1.888
0 days 01:50:43.360000,7,15,+46.439,+1.904
0 days 01:50:45.591000,7,15,+46.460,+1.868
0 days 01:50:50.586000,7,15,+46.421,+1.747
0 days 01:50:56.250000,7,15,+46.557,+1.963
0 days 01:51:00.587000,7,15,+46.545,+1.900
0 days 01:51:03.539000,7,15,+46.571,+1.923
0 days 01:51:10.780000,7,15,+46.752,+1.997
0 days 01:51:14.586000,7,15,+46.797,+2.040
0 days 01:51:18.471000,7,15,+46.675,+1.807
0 days 01:51:24.260000,7,15,+46.827,+1.891
0 days 01:51:29.197000,7,15,+47.053,+1.977
0 days 01:51:33.234000,7,15,+47.160,+2.059
0 days 01:51:39.456000,7,15,+47.254,+1.922
0 days 01:51:44.904000,7,15,+47.357,+1.866
0 days 01:51:49.231000,7,15,+47.367,+1.825
0 days 01:51:54.080000,7,15,+47.371,+1.825
0 days 01:51:57.928000,7,15,+47.402,+1.857
0 days 01:52:06.387000,7,16,+47.402,+1.857
0 days 01:52:06.686000,7,16,+47.875,+0.235
0 days 01:52:10.737000,7,16,+47.939,+0.328
0 days 01:52:11.594000,7,16,+48.030,+0.368
0 days 01:52:16.137000,7,16,+48.195,+0.570
0 days 01:52:20.406000,7,16,+48.050,+0.454
0 days 01:52:21.609000,7,16,+47.998,+0.382
0 days 01:52:23.852000,7,16,+48.085,+0.323
0 days 01:52:29.323000,7,16,+48.475,+0.571
0 days 01:52:34.911000,7,16,+48.595,+0.716
0 days 01:52:39.283000,7,16,+48.605,+0.769
0 days 01:52:42.261000,7,16,+48.651,+0.803
0 days 01:52:49.464000,7,16,+48.796,+0.946
0 days 01:52:53.228000,7,16,+48.809,+0.947
0 days 01:52:57.225000,7,16,+48.752,+0.696
0 days 01:53:03.081000,7,16,+49.090,+0.763
0 days 01:53:07.948000,7,16,+49.240,+0.966
0 days 01:53:11.928000,7,16,+49.298,+1.004
0 days 01:53:18.264000,7,16,+49.423,+1.087
0 days 01:53:23.611000,7,16,+49.587,+1.175
0 days 01:53:27.980000,7,16,+49.636,+1.196
0 days 01:53:32.809000,7,16,+49.655,+1.220
0 days 01:53:36.712000,7,16,+49.746,+1.289
0 days 01:53:45.335000,7,16,+50.095,+1.482
0 days 01:53:49.361000,7,16,+50.158,+1.529
0 days 01:53:50.188000,7,16,+50.191,+1.519
0 days 01:53:54.589000,7,16,+50.197,+1.525
0 days 01:53:58.969000,7,15,+50.197,+1.525
0 days 01:53:59.035000,7,15,+50.217,+1.599
0 days 01:54:00.289000,7,15,+50.243,+1.628
0 days 01:54:02.461000,7,15,+50.229,+1.545
0 days 01:54:07.813000,7,15,+50.548,+1.709
0 days 01:54:13.214000,7,15,+50.389,+1.629
0 days 01:54:17.588000,7,15,+50.417,+1.693
0 days 01:54:20.588000,7,15,+50.463,+1.742
0 days 01:54:27.787000,7,15,+50.634,+1.897
0 days 01:54:31.562000,7,15,+50.658,+1.908
0 days 01:54:35.463000,7,15,+50.521,+1.681
0 days 01:54:41.205000,7,15,+50.747,+1.702
0 days 01:54:46.139000,7,15,+50.883,+1.859
0 days 01:54:50.128000,7,15,+50.962,+1.909
0 days 01:54:56.399000,7,15,+51.055,+1.986
0 days 01:55:01.845000,7,15,+51.091,+2.007
0 days 01:55:06.157000,7,15,+51.123,+2.023
0 days 01:55:10.966000,7,15,+51.141,+2.097
0 days 01:55:14.879000,7,15,+51.237,+2.336
0 days 01:55:23.409000,7,15,+51.408,+2.514
0 days 01:55:27.567000,7,15,+51.484,+2.578
0 days 01:55:28.279000,7,15,+51.500,+2.545
0 days 01:55:32.723000,7,15,+51.520,+2.644
0 days 01:55:37.173000,7,15,+51.535,+2.808
0 days 01:55:38.373000,7,15,+51.563,+2.872
0 days 01:55:40.654000,7,15,+51.577,+2.723
0 days 01:55:45.931000,7,15,+51.886,+2.992
0 days 01:55:51.813000,7,15,+52.251,+3.221
0 days 01:55:56.148000,7,15,+52.275,+3.260
0 days 01:55:59.188000,7,15,+52.340,+3.331
0 days 01:56:06.454000,7,15,+52.616,+3.376
0 days 01:56:10.214000,7,15,+52.637,+3.389
0 days 01:56:14.088000,7,15,+52.491,+3.161
0 days 01:56:19.901000,7,15,+52.593,+3.057
0 days 01:56:24.735000,7,15,+52.749,+3.221
0 days 01:56:28.790000,7,15,+52.806,+3.283
0 days 01:56:35.057000,7,15,+52.974,+3.235
0 days 01:56:40.519000,7,15,+53.018,+3.206
0 days 01:56:44.851000,7,15,+53.010,+3.219
0 days 01:56:49.688000,7,15,+53.030,+3.338
0 days 01:56:53.510000,7,15,+53.137,+3.632
0 days 01:57:02.108000,7,15,+53.407,+3.816
0 days 01:57:06.137000,7,15,+53.475,+3.809
0 days 01:57:06.963000,7,15,+53.490,+3.559
0 days 01:57:11.347000,7,15,+53.507,+3.022
0 days 01:57:15.663000,7,14,+53.507,+3.022
0 days 01:57:15.736000,7,14,+53.517,+3.180
0 days 01:57:17.023000,7,14,+53.533,+3.208
0 days 01:57:19.425000,7,14,+53.567,+3.092
0 days 01:57:24.436000,7,14,+53.624,+3.102
0 days 01:57:29.823000,7,14,+53.595,+2.743
0 days 01:57:34.188000,7,14,+53.642,+2.790
0 days 01:57:37.236000,7,14,+53.690,+2.821
0 days 01:57:44.381000,7,14,+53.871,+2.797
0 days 01:57:48.130000,7,14,+53.887,+2.788
0 days 01:57:52.028000,7,14,+53.738,+2.440
0 days 01:57:57.752000,7,14,+53.788,+2.208
0 days 01:58:02.638000,7,14,+53.916,+1.952
0 days 01:58:06.652000,7,14,+54.001,+1.880
0 days 01:58:12.906000,7,14,+54.137,+1.863
0 days 01:58:18.313000,7,14,+54.192,+1.844
0 days 01:58:22.658000,7,14,+54.222,+1.835
0 days 01:58:27.489000,7,14,+54.242,+1.844
0 days 01:58:31.390000,7,14,+54.308,+1.928
0 days 01:58:39.952000,7,14,+54.435,+1.917
0 days 01:58:43.968000,7,14,+54.503,+1.979
0 days 01:58:44.865000,7,14,+54.518,+1.957
0 days 01:58:49.190000,7,14,+54.549,+1.875
0 days 01:58:53.493000,7,13,+54.549,+1.875
0 days 01:58:53.580000,7,13,+54.548,+1.836
0 days 01:58:54.830000,7,13,+54.568,+1.809
0 days 01:58:56.983000,7,13,+54.570,+1.720
0 days 01:59:02.307000,7,13,+54.807,+2.054
0 days 01:59:07.810000,7,13,+54.787,+1.934
0 days 01:59:12.139000,7,13,+54.856,+1.961
0 days 01:59:15.148000,7,13,+54.896,+1.992
0 days 01:59:22.456000,7,13,+55.095,+2.120
0 days 01:59:26.116000,7,13,+55.126,+2.142
0 days 01:59:30.037000,7,13,+54.989,+2.016
0 days 01:59:35.810000,7,13,+55.073,+2.030
0 days 01:59:40.643000,7,13,+55.140,+2.014
0 days 01:59:44.681000,7,13,+55.213,+2.061
0 days 01:59:51.009000,7,13,+55.421,+1.930
0 days 01:59:56.294000,7,13,+55.430,+1.893
0 days 02:00:00.661000,7,13,+55.449,+1.890
0 days 02:00:05.463000,7,13,+55.454,+1.893
0 days 02:00:09.331000,7,13,+55.508,+1.948
0 days 02:00:17.864000,7,13,+55.667,+2.007
0 days 02:00:21.864000,7,13,+55.715,+2.053
0 days 02:00:22.705000,7,13,+55.744,+2.026
0 days 02:00:27.085000,7,13,+55.755,+1.968
0 days 02:00:31.468000,7,13,+55.752,+1.975
0 days 02:00:32.690000,7,13,+55.771,+1.977
0 days 02:00:34.859000,7,13,+55.722,+1.879
0 days 02:00:40.183000,7,13,+56.102,+2.252
0 days 02:00:45.597000,7,13,+55.933,+2.094
0 days 02:00:49.947000,7,13,+56.021,+2.090
0 days 02:00:52.910000,7,13,+56.059,+2.118
0 days 02:01:00.130000,7,13,+56.176,+2.144
0 days 02:01:03.811000,7,13,+56.156,+2.129
0 days 02:01:07.715000,7,13,+56.075,+1.949
0 days 02:01:13.411000,7,13,+56.127,+1.994
0 days 02:01:18.250000,7,13,+56.195,+2.005
0 days 02:01:22.263000,7,13,+56.267,+2.039
0 days 02:01:28.494000,7,13,+56.330,+1.988
0 days 02:01:33.918000,7,13,+56.455,+2.032
0 days 02:01:38.232000,7,13,+56.483,+2.010
0 days 02:01:43.040000,7,13,+56.491,+2.002
0 days 02:01:46.951000,7,13,+56.545,+2.049
0 days 02:01:55.386000,7,13,+56.626,+2.164
0 days 02:01:59.373000,7,13,+56.675,+2.221
0 days 02:02:00.212000,7,13,+56.691,+2.209
0 days 02:02:04.638000,7,13,+56.730,+2.106
0 days 02:02:08.960000,7,13,+56.721,+2.098
0 days 02:02:10.205000,7,13,+56.733,+2.100
0 days 02:02:12.314000,7,13,+56.753,+2.062
0 days 02:02:17.586000,7,13,+56.928,+2.457
0 days 02:02:22.894000,7,13,+56.828,+2.282
0 days 02:02:27.338000,7,13,+57.001,+2.351
0 days 02:02:30.357000,7,13,+57.065,+2.415
0 days 02:02:37.491000,7,13,+57.194,+2.466
0 days 02:02:41.265000,7,13,+57.211,+2.468
0 days 02:02:45.165000,7,13,+57.164,+2.267
0 days 02:02:50.741000,7,13,+57.229,+2.212
0 days 02:02:55.565000,7,13,+57.271,+2.244
0 days 02:02:59.566000,7,13,+57.305,+2.265
0 days 02:03:05.791000,7,13,+57.355,+2.129
0 days 02:03:11.194000,7,13,+57.532,+2.116
0 days 02:03:15.519000,7,13,+57.571,+2.102
0 days 02:03:20.339000,7,13,+57.564,+2.089
0 days 02:03:24.191000,7,13,+57.605,+2.128
0 days 02:03:32.708000,7,14,+57.605,+2.128
0 days 02:03:33.072000,7,14,+58.102,+0.258
0 days 02:03:37.061000,7,14,+58.175,+0.304
0 days 02:03:38.008000,7,14,+58.289,+0.402
0 days 02:03:42.419000,7,14,+58.391,+0.480
0 days 02:03:46.665000,7,14,+58.215,+0.320
0 days 02:03:47.794000,7,14,+58.152,+0.265
0 days 02:03:50.112000,7,14,+58.247,+0.312
0 days 02:03:55.585000,7,14,+58.829,+0.732
0 days 02:04:01.128000,7,14,+58.942,+0.853
0 days 02:04:05.352000,7,14,+58.882,+0.870
0 days 02:04:08.317000,7,14,+58.900,+0.856
0 days 02:04:15.566000,7,14,+59.129,+1.039
0 days 02:04:19.285000,7,14,+59.157,+1.072
0 days 02:04:23.229000,7,14,+59.166,+0.906
0 days 02:04:28.946000,7,14,+59.397,+1.069
0 days 02:04:33.905000,7,14,+59.526,+1.276
0 days 02:04:37.861000,7,14,+59.584,+1.305
0 days 02:04:44.162000,7,14,+59.781,+1.285
0 days 02:04:49.566000,7,14,+59.906,+1.360
0 days 02:04:53.934000,7,14,+59.938,+1.360
0 days 02:04:58.751000,7,14,+59.944,+1.348
0 days 02:05:02.610000,7,14,+59.989,+1.372
0 days 02:05:11.140000,7,14,+60.163,+1.423
0 days 02:05:15.145000,7,14,+60.218,+1.451
0 days 02:05:15.934000,7,14,+60.246,+1.424
0 days 02:05:20.383000,7,14,+60.272,+1.352
0 days 02:05:24.706000,7,14,+60.276,+1.359
0 days 02:05:25.912000,7,14,+60.293,+1.366
0 days 02:05:28.088000,7,14,+60.310,+1.288
0 days 02:05:33.466000,7,14,+60.698,+1.667
0 days 02:05:38.869000,7,14,+60.620,+1.537
0 days 02:05:43.145000,7,14,+60.702,+1.642
0 days 02:05:46.166000,7,14,+60.747,+1.662
0 days 02:05:53.382000,7,14,+61.019,+1.835
0 days 02:05:57.142000,7,14,+61.036,+1.850
0 days 02:06:01.008000,7,14,+61.009,+1.550
0 days 02:06:06.644000,7,14,+61.179,+1.596
0 days 02:06:11.540000,7,14,+61.329,+1.737
0 days 02:06:15.569000,7,14,+61.354,+1.737
0 days 02:06:21.821000,7,14,+61.541,+1.766
0 days 02:06:27.262000,7,14,+61.550,+1.763
0 days 02:06:31.487000,7,14,+61.536,+1.747
0 days 02:06:36.296000,7,14,+61.528,+1.740
0 days 02:06:40.184000,7,14,+61.544,+1.750
0 days 02:06:48.566000,7,14,+61.568,+1.718
0 days 02:06:52.514000,7,14,+61.624,+1.774
0 days 02:06:53.355000,7,14,+61.636,+1.771
0 days 02:06:57.704000,7,14,+61.609,+1.753
0 days 02:07:02.093000,7,14,+61.632,+1.804
0 days 02:07:03.316000,7,14,+61.661,+1.829
0 days 02:07:05.620000,7,14,+61.691,+1.887
0 days 02:07:10.668000,7,14,+61.918,+1.921
0 days 02:07:16.167000,7,14,+61.867,+1.943
0 days 02:07:20.515000,7,14,+61.929,+1.993
0 days 02:07:23.476000,7,14,+61.982,+2.020
0 days 02:07:30.708000,7,14,+62.189,+2.159
0 days 02:07:34.444000,7,14,+62.188,+2.165
0 days 02:07:38.336000,7,14,+62.159,+2.019
0 days 02:07:43.922000,7,14,+62.189,+2.154
0 days 02:07:48.786000,7,14,+62.248,+2.251
0 days 02:07:52.768000,7,14,+62.279,+2.282
0 days 02:07:58.969000,7,14,+62.392,+2.257
0 days 02:08:04.227000,7,14,+62.373,+2.191
0 days 02:08:08.567000,7,14,+62.377,+2.210
0 days 02:08:13.393000,7,14,+62.389,+2.307
0 days 02:08:17.274000,7,14,+62.418,+2.521
0 days 02:08:25.717000,7,14,+62.442,+2.512
0 days 02:08:29.666000,7,14,+62.485,+2.552
0 days 02:08:30.465000,7,14,+62.466,+2.503
0 days 02:08:34.859000,7,14,+62.453,+2.471
0 days 02:08:39.293000,7,14,+62.494,+2.715
0 days 02:08:40.530000,7,14,+62.525,+2.882
0 days 02:08:42.972000,7,14,+62.602,+2.627
0 days 02:08:47.782000,7,14,+62.615,+2.453
0 days 02:08:53.371000,7,14,+62.652,+2.191
0 days 02:08:57.767000,7,14,+62.726,+2.286
0 days 02:09:00.709000,7,14,+62.790,+2.337
0 days 02:09:07.894000,7,14,+62.912,+2.310
0 days 02:09:11.693000,7,14,+62.952,+2.334
0 days 02:09:15.594000,7,14,+62.951,+2.156
0 days 02:09:21.268000,7,14,+63.041,+1.974
0 days 02:09:26.050000,7,14,+63.115,+1.800
0 days 02:09:30.068000,7,14,+63.158,+1.787
0 days 02:09:36.368000,7,14,+63.305,+1.650
0 days 02:09:41.757000,7,14,+63.408,+1.641
0 days 02:09:46.102000,7,14,+63.482,+1.675
0 days 02:09:50.934000,7,14,+63.488,+1.669
0 days 02:09:54.767000,7,15,+63.488,+1.669
0 days 02:09:54.877000,7,15,+63.585,+0.119
0 days 02:10:03.741000,7,15,+64.107,+0.476
0 days 02:10:07.757000,7,15,+64.182,+0.512
0 days 02:10:08.687000,7,15,+64.252,+0.550
0 days 02:10:13.168000,7,15,+64.375,+0.657
0 days 02:10:17.430000,7,15,+64.236,+0.558
0 days 02:10:18.593000,7,15,+64.187,+0.521
0 days 02:10:20.843000,7,15,+64.286,+0.498
0 days 02:10:26.141000,7,15,+64.598,+0.646
0 days 02:10:31.668000,7,15,+64.503,+0.784
0 days 02:10:35.988000,7,15,+64.504,+0.759
0 days 02:10:38.970000,7,15,+64.549,+0.802
0 days 02:10:46.158000,7,15,+64.707,+0.945
0 days 02:10:49.999000,7,15,+64.722,+0.974
0 days 02:10:53.796000,7,15,+64.701,+0.857
0 days 02:10:59.484000,7,15,+64.893,+0.967
0 days 02:11:04.488000,7,15,+64.995,+1.172
0 days 02:11:08.431000,7,15,+65.053,+1.243
0 days 02:11:14.687000,7,15,+65.161,+1.263
0 days 02:11:20.131000,7,15,+65.275,+1.329
0 days 02:11:24.468000,7,15,+65.303,+1.328
0 days 02:11:29.335000,7,15,+65.308,+1.334
0 days 02:11:33.149000,7,15,+65.378,+1.422
0 days 02:11:41.762000,7,15,+65.612,+1.545
0 days 02:11:45.796000,7,15,+65.711,+1.608
0 days 02:11:46.695000,7,15,+65.762,+1.633
0 days 02:11:51.031000,7,15,+65.697,+1.623
0 days 02:11:55.418000,7,15,+65.702,+1.696
0 days 02:11:56.668000,7,15,+65.726,+1.749
0 days 02:11:58.866000,7,15,+65.767,+1.709
0 days 02:12:03.812000,7,15,+65.619,+1.665
0 days 02:12:09.415000,7,15,+65.701,+1.701
0 days 02:12:13.702000,7,15,+65.718,+1.680
0 days 02:12:16.687000,7,15,+65.752,+1.601
0 days 02:12:23.895000,7,15,+65.876,+1.659
0 days 02:12:27.664000,7,15,+65.882,+1.665
0 days 02:12:31.495000,7,15,+65.743,+1.568
0 days 02:12:37.116000,7,15,+65.786,+1.562
0 days 02:12:41.986000,7,15,+65.861,+1.672
0 days 02:12:45.977000,7,15,+65.886,+1.715
0 days 02:12:52.351000,7,15,+66.057,+1.766
0 days 02:12:57.615000,7,15,+66.089,+1.815
0 days 02:13:02.114000,7,15,+66.122,+1.825
0 days 02:13:06.748000,7,15,+66.123,+1.894
0 days 02:13:10.619000,7,15,+66.149,+2.114
0 days 02:13:19.956000,7,15,+67.049,+2.975
0 days 02:13:24.068000,7,15,+67.197,+3.098
0 days 02:13:24.933000,7,15,+67.296,+3.117
0 days 02:13:29.369000,7,15,+67.368,+3.185
0 days 02:13:33.726000,7,15,+67.376,+3.424
0 days 02:13:34.988000,7,15,+67.397,+3.531
0 days 02:13:37.213000,7,15,+67.435,+3.297
0 days 02:13:42.313000,7,15,+67.543,+2.940
0 days 02:13:47.690000,7,15,+67.432,+2.558
0 days 02:13:51.966000,7,15,+67.374,+2.370
0 days 02:13:54.925000,7,15,+67.414,+2.410
0 days 02:14:02.200000,7,15,+67.670,+2.415
0 days 02:14:05.958000,7,15,+67.720,+2.443
0 days 02:14:09.769000,7,15,+67.600,+1.935
0 days 02:14:15.465000,7,15,+67.746,+1.269
0 days 02:14:20.271000,7,15,+67.728,+0.802
0 days 02:14:24.269000,7,15,+67.694,+0.615
0 days 02:14:30.598000,7,15,+67.888,+0.354
0 days 02:14:36.302000,7,15,+68.152,+0.304
0 days 02:14:40.496000,7,15,+68.188,+0.093
0 days 02:14:45.196000,7,14,+68.188,+0.093
0 days 02:14:45.243000,7,14,+68.101,+3.757
0 days 02:14:48.934000,7,14,+67.974,+3.616
0 days 02:14:57.496000,7,14,+68.142,+3.688
0 days 02:15:01.445000,7,14,+68.213,+3.727
0 days 02:15:02.277000,7,14,+68.239,+3.701
0 days 02:15:06.667000,7,14,+68.196,+3.613
0 days 02:15:11.060000,7,14,+68.233,+3.605
0 days 02:15:12.270000,7,14,+68.265,+3.603
0 days 02:15:14.487000,7,14,+68.323,+3.652
0 days 02:15:19.497000,7,14,+68.354,+3.789
0 days 02:15:24.986000,7,14,+68.308,+3.530
0 days 02:15:29.206000,7,14,+68.220,+3.430
0 days 02:15:32.181000,7,14,+68.269,+3.462
0 days 02:15:39.395000,7,14,+68.387,+3.508
0 days 02:15:43.025000,7,14,+68.389,+3.494
0 days 02:15:46.825000,7,14,+68.270,+3.399
0 days 02:15:52.398000,7,14,+68.307,+3.455
0 days 02:15:57.240000,7,14,+68.360,+3.358
0 days 02:16:01.296000,7,14,+68.417,+3.399
0 days 02:16:07.371000,7,14,+68.386,+3.217
0 days 02:16:07.371000,7,14,+68.417,+3.399
0 days 02:16:07.371000,7,14,+68.386,+3.217
0 days 02:16:12.692000,7,14,+68.445,+3.186
0 days 02:16:17.052000,7,14,+68.478,+3.204
0 days 02:16:21.851000,7,14,+68.490,+3.208
0 days 02:16:25.727000,7,14,+68.520,+3.229
0 days 02:16:34.144000,7,14,+68.631,+3.156
0 days 02:16:38.121000,7,14,+68.693,+3.213
0 days 02:16:38.969000,7,14,+68.719,+3.220
0 days 02:16:43.317000,7,14,+68.699,+3.111
0 days 02:16:47.767000,7,14,+68.748,+3.068
0 days 02:16:48.926000,7,14,+68.784,+3.057
0 days 02:16:51.171000,7,14,+68.844,+3.113
0 days 02:16:56.070000,7,14,+68.786,+3.007
0 days 02:17:01.544000,7,14,+68.702,+2.845
0 days 02:17:05.760000,7,14,+68.655,+2.738
0 days 02:17:08.820000,7,14,+68.711,+2.765
0 days 02:17:15.978000,7,14,+68.881,+2.879
0 days 02:17:19.724000,7,14,+68.885,+2.874
0 days 02:17:23.538000,7,14,+68.842,+2.762
0 days 02:17:29.049000,7,14,+68.917,+2.650
0 days 02:17:33.852000,7,14,+68.956,+2.567
0 days 02:17:37.866000,7,14,+69.029,+2.599
0 days 02:17:44.100000,7,14,+69.080,+2.524
0 days 02:17:49.459000,7,14,+69.171,+2.547
0 days 02:17:53.904000,7,14,+69.338,+2.660
0 days 02:17:58.748000,7,14,+69.387,+2.690
0 days 02:18:02.590000,7,14,+69.421,+2.708
0 days 02:18:11.310000,7,14,+69.886,+3.085
0 days 02:18:15.401000,7,14,+70.009,+3.176
0 days 02:18:16.260000,7,14,+70.017,+3.156
0 days 02:18:20.619000,7,14,+70.014,+3.079
0 days 02:18:25.025000,7,14,+70.092,+3.107
0 days 02:18:26.262000,7,14,+70.139,+3.113
0 days 02:18:28.644000,7,14,+70.433,+3.281
0 days 02:18:33.666000,7,14,+70.455,+3.441
0 days 02:18:39.362000,7,14,+70.495,+3.432
0 days 02:18:43.531000,7,14,+70.473,+3.341
0 days 02:18:46.571000,7,14,+70.567,+3.374
0 days 02:18:53.801000,7,14,+70.688,+3.496
0 days 02:18:57.497000,7,14,+70.694,+3.500
0 days 02:19:01.334000,7,14,+70.692,+3.510
0 days 02:19:07.018000,7,14,+70.827,+3.548
0 days 02:19:11.860000,7,14,+70.769,+3.491
0 days 02:19:15.871000,7,14,+70.810,+3.509
0 days 02:19:22.227000,7,14,+71.004,+3.571
0 days 02:19:27.407000,7,14,+70.795,+3.468
0 days 02:19:31.672000,7,14,+70.810,+3.470
0 days 02:19:36.545000,7,14,+70.887,+3.472
0 days 02:19:40.398000,7,14,+71.103,+3.498
0 days 02:19:49.146000,7,14,+71.529,+3.811
0 days 02:19:53.042000,7,14,+71.621,+3.870
0 days 02:19:53.928000,7,14,+71.692,+3.908
0 days 02:19:58.398000,7,14,+71.794,+3.936
0 days 02:20:02.778000,7,14,+71.882,+3.999
0 days 02:20:04.051000,7,14,+71.941,+4.020
0 days 02:20:06.267000,7,14,+72.012,+4.017
0 days 02:20:11.248000,7,14,+72.148,+4.221
0 days 02:20:16.772000,7,14,+72.142,+4.090
0 days 02:20:21.023000,7,14,+72.149,+3.989
0 days 02:20:24.041000,7,14,+72.237,+4.035
0 days 02:20:31.241000,7,14,+72.430,+4.102
0 days 02:20:34.972000,7,14,+72.439,+4.090
0 days 02:20:38.802000,7,14,+72.397,+4.081
0 days 02:20:44.322000,7,14,+72.445,+4.066
0 days 02:20:49.168000,7,14,+72.468,+4.009
0 days 02:20:53.174000,7,14,+72.531,+4.037
0 days 02:20:59.303000,7,14,+72.630,+3.959
0 days 02:21:04.573000,7,14,+72.657,+3.992
0 days 02:21:08.872000,7,14,+72.668,+3.976
0 days 02:21:13.719000,7,14,+72.688,+3.982
0 days 02:21:17.598000,7,14,+72.800,+4.067
0 days 02:21:26.084000,7,14,+72.945,+4.086
0 days 02:21:30.120000,7,14,+73.072,+4.184
0 days 02:21:30.999000,7,14,+73.108,+4.187
0 days 02:21:35.394000,7,14,+73.160,+4.147
0 days 02:21:39.950000,7,14,+73.256,+4.199
0 days 02:21:41.106000,7,14,+73.312,+4.210
0 days 02:21:43.223000,7,14,+73.411,+4.179
0 days 02:21:48.373000,7,14,+73.524,+4.509
0 days 02:21:53.799000,7,14,+73.358,+4.273
0 days 02:21:57.996000,7,14,+73.339,+4.202
0 days 02:22:01.056000,7,14,+73.447,+4.255
0 days 02:22:08.144000,7,14,+73.550,+4.282
0 days 02:22:11.865000,7,14,+73.562,+4.283
0 days 02:22:15.674000,7,14,+73.499,+4.284
0 days 02:22:21.147000,7,14,+73.529,+4.120
0 days 02:22:25.915000,7,14,+73.396,+4.032
0 days 02:22:29.896000,7,14,+73.455,+4.061
0 days 02:22:36.099000,7,14,+73.470,+4.034
0 days 02:22:41.436000,7,14,+73.482,+3.981
0 days 02:22:45.710000,7,14,+73.492,+3.979
0 days 02:22:50.546000,7,14,+73.523,+3.978
0 days 02:22:54.401000,7,14,+73.627,+4.071
0 days 02:23:02.802000,7,14,+73.671,+4.008
0 days 02:23:06.916000,7,14,+73.772,+4.097
0 days 02:23:07.799000,7,14,+73.784,+4.070
0 days 02:23:12.033000,7,14,+73.757,+3.997
0 days 02:23:16.447000,7,14,+73.762,+3.996
0 days 02:23:17.669000,7,14,+73.796,+4.000
0 days 02:23:19.818000,7,14,+73.804,+3.984
0 days 02:23:24.823000,7,14,+73.902,+4.195
0 days 02:23:30.293000,7,14,+73.752,+3.986
0 days 02:23:34.519000,7,14,+73.726,+3.923
0 days 02:23:37.525000,7,14,+73.780,+3.939
0 days 02:23:44.675000,7,14,+73.908,+4.054
0 days 02:23:48.399000,7,14,+73.923,+4.055
0 days 02:23:52.220000,7,14,+73.836,+4.005
0 days 02:23:57.699000,7,14,+73.870,+3.917
0 days 02:24:02.463000,7,14,+73.899,+3.805
0 days 02:24:06.464000,7,14,+73.952,+3.792
0 days 02:24:12.710000,7,14,+74.121,+3.870
0 days 02:24:17.900000,7,14,+74.065,+3.555
0 days 02:24:22.206000,7,14,+74.073,+3.548
0 days 02:24:26.976000,7,14,+74.074,+3.546
0 days 02:24:30.851000,7,14,+74.143,+3.594
0 days 02:24:39.305000,7,14,+74.294,+3.538
0 days 02:24:43.303000,7,14,+74.381,+3.604
0 days 02:24:44.167000,7,14,+74.396,+3.601
0 days 02:24:48.493000,7,14,+74.401,+3.456
0 days 02:24:52.841000,7,14,+74.433,+3.458
0 days 02:24:54.127000,7,14,+74.473,+3.467
0 days 02:24:56.274000,7,14,+74.514,+3.500
0 days 02:25:01.421000,7,14,+74.716,+3.703
0 days 02:25:06.970000,7,14,+74.792,+3.429
0 days 02:25:11.374000,7,14,+74.837,+3.428
0 days 02:25:14.191000,7,14,+74.891,+3.440
0 days 02:25:21.377000,7,14,+75.098,+3.470
0 days 02:25:25.122000,7,14,+75.128,+3.484
0 days 02:25:28.919000,7,14,+75.042,+3.426
0 days 02:25:34.520000,7,14,+75.073,+3.187
0 days 02:25:39.130000,7,14,+75.002,+3.121
0 days 02:25:43.091000,7,14,+75.068,+3.149
0 days 02:25:49.275000,7,14,+75.118,+2.872
0 days 02:25:54.540000,7,14,+75.165,+2.776
0 days 02:25:58.849000,7,14,+75.186,+2.767
0 days 02:26:03.665000,7,14,+75.195,+2.755
0 days 02:26:07.500000,7,14,+75.250,+2.790
0 days 02:26:16.001000,7,14,+75.450,+2.731
0 days 02:26:19.992000,7,14,+75.529,+2.767
0 days 02:26:20.800000,7,14,+75.543,+2.731
0 days 02:26:25.274000,7,14,+75.610,+2.604
0 days 02:26:29.576000,7,14,+75.641,+2.597
0 days 02:26:30.900000,7,14,+75.676,+2.580
0 days 02:26:33.231000,7,14,+75.832,+2.586
0 days 02:26:38.070000,7,14,+75.818,+2.680
0 days 02:26:43.852000,7,14,+76.021,+2.740
0 days 02:26:48.005000,7,14,+75.945,+2.711
0 days 02:26:51.007000,7,14,+76.003,+2.707
0 days 02:26:58.301000,7,14,+76.216,+2.666
0 days 02:27:01.935000,7,14,+76.208,+2.656
0 days 02:27:05.763000,7,14,+76.191,+2.643
0 days 02:27:11.295000,7,14,+76.341,+2.560
0 days 02:27:16.032000,7,14,+76.324,+2.499
0 days 02:27:20.280000,7,14,+76.349,+2.464
0 days 02:27:26.320000,7,14,+76.517,+2.438
0 days 02:27:31.631000,7,14,+76.676,+2.518
0 days 02:27:35.985000,7,14,+76.741,+2.576
0 days 02:27:40.803000,7,14,+76.757,+2.580
0 days 02:27:44.677000,7,14,+76.797,+2.577
0 days 02:27:53.203000,7,14,+77.066,+2.802
0 days 02:27:57.203000,7,14,+77.104,+2.794
0 days 02:27:58.021000,7,14,+77.120,+2.773
0 days 02:28:02.494000,7,14,+77.161,+2.704
0 days 02:28:06.794000,7,14,+77.183,+2.663
0 days 02:28:08.004000,7,14,+77.209,+2.619
0 days 02:28:10.132000,7,14,+77.215,+2.460
0 days 02:28:15.104000,7,14,+77.208,+2.713
0 days 02:28:20.684000,7,14,+77.245,+2.617
0 days 02:28:24.875000,7,14,+77.267,+2.624
0 days 02:28:27.896000,7,14,+77.300,+2.602
0 days 02:28:35.005000,7,14,+77.431,+2.469
0 days 02:28:38.656000,7,14,+77.420,+2.461
0 days 02:28:42.452000,7,14,+77.391,+2.410
0 days 02:28:48.064000,7,14,+77.463,+2.343
0 days 02:28:52.775000,7,14,+77.508,+2.341
0 days 02:28:56.701000,7,14,+77.550,+2.310
0 days 02:29:02.893000,7,14,+77.466,+2.051
0 days 02:29:08.231000,7,14,+77.489,+2.036
0 days 02:29:12.576000,7,14,+77.504,+2.037
0 days 02:29:17.364000,7,14,+77.521,+2.044
0 days 02:29:21.175000,7,14,+77.559,+2.056
0 days 02:29:29.680000,7,14,+77.656,+1.803
0 days 02:29:33.676000,7,14,+77.678,+1.811
0 days 02:29:34.506000,7,14,+77.699,+1.844
0 days 02:29:39.062000,7,14,+77.813,+1.903
0 days 02:29:43.449000,7,14,+77.831,+1.901
0 days 02:29:44.598000,7,15,+77.831,+1.901
0 days 02:29:44.676000,7,15,+77.836,+0.003
0 days 02:29:46.901000,7,15,+77.940,+0.136
0 days 02:29:51.620000,7,14,+77.940,+0.136
0 days 02:29:51.695000,7,14,+77.647,+1.742
0 days 02:29:57.731000,7,14,+78.323,+2.191
0 days 02:30:01.822000,7,14,+78.181,+2.045
0 days 02:30:04.841000,7,14,+78.214,+2.032
0 days 02:30:12.076000,7,14,+78.375,+2.110
0 days 02:30:15.837000,7,14,+78.389,+2.141
0 days 02:30:19.737000,7,14,+78.258,+2.130
0 days 02:30:25.111000,7,14,+78.213,+2.152
0 days 02:30:29.945000,7,14,+78.175,+2.031
0 days 02:30:33.893000,7,14,+78.195,+1.906
0 days 02:30:40.156000,7,14,+78.180,+1.735
0 days 02:30:45.352000,7,14,+78.119,+1.736
0 days 02:30:49.667000,7,14,+78.136,+1.766
0 days 02:30:54.476000,7,14,+78.132,+1.760
0 days 02:30:58.293000,7,14,+78.158,+1.774
0 days 02:31:07.009000,7,14,+78.278,+1.772
0 days 02:31:10.950000,7,14,+78.220,+1.736
0 days 02:31:11.802000,7,14,+78.236,+1.792
0 days 02:31:16.621000,7,14,+88.401,+12.014
0 days 02:31:17.027000,7,14,+88.401,+9.526
0 days 02:31:19.308000,7,15,+88.401,+7.254
0 days 02:32:38.777000,7,16,+88.401,+7.254
0 days 00:00:03.711000,5,19,,
0 days 00:59:11.386000,5,19,+2.233,+0.048
0 days 00:59:12.337000,5,19,+2.014,+0.043
0 days 00:59:15.091000,5,18,+2.014,+0.043
0 days 00:59:15.185000,5,18,+2.387,+0.214
0 days 00:59:21.097000,5,19,+2.387,+0.214
0 days 00:59:21.464000,5,19,+3.610,+0.206
0 days 00:59:27.753000,5,19,+4.415,+0.140
0 days 00:59:31.901000,5,18,+4.415,+0.140
0 days 00:59:31.985000,5,18,+4.491,+0.053
0 days 00:59:34.714000,5,17,+4.491,+0.053
0 days 00:59:34.812000,5,17,+4.478,+0.215
0 days 00:59:42.438000,5,16,+4.478,+0.215
0 days 00:59:42.737000,5,16,+5.092,+0.536
0 days 00:59:46.137000,5,17,+5.092,+0.536
0 days 00:59:46.364000,5,17,+5.103,+0.060
0 days 00:59:50.663000,5,17,+5.427,+0.113
0 days 00:59:57.338000,5,18,+5.427,+0.113
0 days 00:59:58.989000,5,19,+5.427,+0.113
0 days 00:59:59.942000,5,20,+5.427,+0.113
0 days 01:00:08.438000,5,20,+17.614,+8.412
0 days 01:00:13.588000,5,20,+18.276,+8.323
0 days 01:00:17.819000,5,20,+18.548,+8.374
0 days 01:00:24.881000,5,20,+19.582,+8.938
0 days 01:00:30.342000,5,20,+19.903,+8.883
0 days 01:00:34.877000,5,20,+20.063,+8.941
0 days 01:00:39.859000,5,20,+20.151,+9.035
0 days 01:00:43.786000,5,20,+20.218,+9.102
0 days 01:00:52.480000,5,20,+20.412,+9.055
0 days 01:00:56.433000,5,20,+20.356,+8.993
0 days 01:00:57.060000,5,20,+20.155,+8.734
0 days 01:01:31.220000,5,20,+43.834,+32.614
0 days 01:01:34.260000,5,20,+44.492,+33.373
0 days 01:01:39.529000,5,20,+44.672,+33.328
0 days 01:01:44.840000,5,20,+44.632,+33.138
0 days 01:01:49.115000,5,20,+44.750,+33.079
0 days 01:01:52.128000,5,20,+44.773,+33.118
0 days 01:01:59.139000,5,20,+44.790,+32.794
0 days 01:02:03,5,20,+44.785,+32.808
0 days 01:02:07.115000,5,20,+44.864,+32.613
0 days 01:02:12.805000,5,20,+45.002,+32.207
0 days 01:02:17.464000,5,20,+44.888,+31.886
0 days 01:02:21.440000,5,20,+44.868,+31.786
0 days 01:02:27.637000,5,20,+44.971,+31.494
0 days 01:02:32.839000,5,20,+44.839,+31.162
0 days 01:02:37.218000,5,20,+44.799,+31.126
0 days 01:02:42.097000,5,20,+44.802,+31.132
0 days 01:02:45.968000,5,20,+44.807,+31.175
0 days 01:02:54.386000,5,20,+44.784,+30.986
0 days 01:02:58.440000,5,20,+44.823,+31.040
0 days 01:02:59.378000,5,20,+44.849,+30.998
0 days 01:03:03.865000,5,20,+44.877,+30.912
0 days 01:03:08.340000,5,20,+44.856,+31.017
0 days 01:03:09.581000,5,20,+44.869,+31.075
0 days 01:03:11.769000,5,20,+44.800,+30.905
0 days 01:03:16.896000,5,20,+44.927,+30.609
0 days 01:03:22.313000,5,20,+44.790,+30.228
0 days 01:03:26.501000,5,20,+44.851,+30.018
0 days 01:03:29.521000,5,20,+44.858,+30.016
0 days 01:03:36.639000,5,20,+44.765,+29.646
0 days 01:03:40.431000,5,20,+44.743,+29.605
0 days 01:03:44.557000,5,20,+44.719,+29.495
0 days 01:03:50.280000,5,20,+44.760,+29.121
0 days 01:03:55.034000,5,20,+44.832,+28.854
0 days 01:03:59.051000,5,20,+44.846,+28.729
0 days 01:04:05.460000,5,20,+45.090,+28.585
0 days 01:04:10.771000,5,20,+44.946,+28.396
0 days 01:04:15.140000,5,20,+44.966,+28.436
0 days 01:04:20.003000,5,20,+44.956,+28.435
0 days 01:04:23.945000,5,20,+44.945,+28.452
0 days 01:04:32.313000,5,20,+44.997,+28.309
0 days 01:04:36.384000,5,20,+45.048,+28.346
0 days 01:04:37.283000,5,20,+45.106,+28.358
0 days 01:04:41.840000,5,20,+45.153,+28.289
0 days 01:04:46.362000,5,20,+45.126,+28.363
0 days 01:04:47.536000,5,20,+45.142,+28.405
0 days 01:04:49.768000,5,20,+45.076,+28.207
0 days 01:04:54.940000,5,20,+45.022,+34.355
0 days 01:05:00.340000,5,20,+44.894,+33.976
0 days 01:05:04.540000,5,20,+44.874,+33.689
0 days 01:05:07.571000,5,20,+44.868,+31.910
0 days 01:05:14.666000,5,20,+44.861,+28.673
0 days 01:05:18.451000,5,20,+44.890,+27.499
0 days 01:05:22.644000,5,20,+44.932,+26.002
0 days 01:05:28.460000,5,20,+44.967,+23.700
0 days 01:05:33.189000,5,20,+45.039,+23.070
0 days 01:05:37.260000,5,20,+45.084,+21.446
0 days 01:05:43.717000,5,20,+45.376,+19.025
0 days 01:05:48.962000,5,20,+45.322,+18.444
0 days 01:05:53.414000,5,20,+45.330,+18.393
0 days 01:05:58.266000,5,20,+45.333,+16.506
0 days 01:06:02.083000,5,20,+45.348,+13.025
0 days 01:06:10.693000,5,20,+45.648,+7.454
0 days 01:06:14.891000,5,20,+45.702,+4.842
0 days 01:06:15.814000,5,20,+45.733,+4.210
0 days 01:06:20.403000,5,19,+45.733,+4.210
0 days 01:06:20.403000,5,19,+45.774,+26.727
0 days 01:06:24.721000,5,19,+45.749,+26.793
0 days 01:06:25.962000,5,19,+45.756,+26.842
0 days 01:06:28.167000,5,19,+45.605,+26.730
0 days 01:06:33.440000,5,19,+45.668,+26.826
0 days 01:06:38.914000,5,19,+45.701,+26.746
0 days 01:06:43.241000,5,19,+45.783,+26.652
0 days 01:06:46.284000,5,19,+45.812,+26.681
0 days 01:06:53.449000,5,19,+45.804,+26.631
0 days 01:06:57.266000,5,19,+45.787,+26.628
0 days 01:07:01.507000,5,19,+45.880,+26.506
0 days 01:07:07.267000,5,19,+45.900,+26.156
0 days 01:07:12.092000,5,19,+45.921,+25.979
0 days 01:07:16.121000,5,19,+45.911,+25.930
0 days 01:07:22.617000,5,19,+46.225,+25.931
0 days 01:07:27.858000,5,19,+46.188,+25.786
0 days 01:07:32.243000,5,19,+46.184,+25.785
0 days 01:07:37.103000,5,19,+46.186,+25.790
0 days 01:07:41.025000,5,19,+46.215,+25.823
0 days 01:07:49.641000,5,19,+46.488,+25.922
0 days 01:07:53.741000,5,19,+46.513,+25.987
0 days 01:07:54.661000,5,19,+46.514,+25.994
0 days 01:07:59.149000,5,19,+46.584,+25.813
0 days 01:08:03.594000,5,19,+46.555,+25.840
0 days 01:08:04.867000,5,19,+46.561,+25.881
0 days 01:08:07.015000,5,19,+46.437,+25.766
0 days 01:08:12.488000,5,19,+46.841,+26.035
0 days 01:08:17.921000,5,19,+46.772,+25.874
0 days 01:08:22.242000,5,19,+46.833,+25.797
0 days 01:08:25.304000,5,19,+46.842,+25.813
0 days 01:08:32.487000,5,19,+46.868,+25.773
0 days 01:08:36.270000,5,19,+46.893,+25.760
0 days 01:08:40.516000,5,19,+47.051,+25.697
0 days 01:08:46.318000,5,19,+47.234,+25.450
0 days 01:08:51.220000,5,19,+47.337,+25.330
0 days 01:08:55.287000,5,19,+47.376,+25.273
0 days 01:09:01.703000,5,19,+47.741,+25.299
0 days 01:09:07.089000,5,19,+47.768,+25.154
0 days 01:09:11.537000,5,19,+47.766,+25.151
0 days 01:09:16.326000,5,19,+47.743,+25.144
0 days 01:09:20.172000,5,19,+47.741,+25.152
0 days 01:09:28.863000,5,19,+48.034,+25.291
0 days 01:09:32.872000,5,19,+48.084,+25.337
0 days 01:09:33.810000,5,19,+48.121,+25.323
0 days 01:09:38.283000,5,19,+48.181,+25.268
0 days 01:09:42.742000,5,19,+48.147,+25.317
0 days 01:09:43.945000,5,19,+48.145,+25.360
0 days 01:09:46.194000,5,19,+48.023,+25.398
0 days 01:09:51.318000,5,19,+48.110,+25.278
0 days 01:09:56.938000,5,19,+48.127,+25.225
0 days 01:10:01.288000,5,19,+48.190,+25.173
0 days 01:10:04.312000,5,19,+48.197,+25.192
0 days 01:10:11.544000,5,19,+48.322,+25.166
0 days 01:10:15.359000,5,19,+48.366,+25.146
0 days 01:10:19.590000,5,19,+48.421,+25.012
0 days 01:10:25.468000,5,19,+48.517,+24.687
0 days 01:10:30.339000,5,19,+48.559,+24.577
0 days 01:10:34.409000,5,19,+48.545,+24.540
0 days 01:10:40.901000,5,19,+48.908,+24.510
0 days 01:10:46.294000,5,19,+48.944,+24.452
0 days 01:10:50.704000,5,19,+48.974,+24.455
0 days 01:10:55.519000,5,19,+48.976,+24.457
0 days 01:10:59.338000,5,19,+48.987,+24.473
0 days 01:11:08.022000,5,19,+49.276,+24.560
0 days 01:11:12.030000,5,19,+49.313,+24.552
0 days 01:11:12.898000,5,19,+49.324,+24.487
0 days 01:11:17.388000,5,19,+49.383,+24.446
0 days 01:11:21.844000,5,19,+49.373,+24.492
0 days 01:11:23.117000,5,19,+49.383,+24.533
0 days 01:11:25.244000,5,19,+49.222,+24.356
0 days 01:11:30.476000,5,19,+49.323,+24.355
0 days 01:11:36.171000,5,19,+49.501,+24.475
0 days 01:11:40.623000,5,19,+49.586,+24.471
0 days 01:11:43.585000,5,19,+49.584,+24.493
0 days 01:11:50.869000,5,19,+49.665,+24.499
0 days 01:11:54.710000,5,19,+49.687,+24.471
0 days 01:11:58.832000,5,19,+49.723,+24.275
0 days 01:12:04.694000,5,19,+49.844,+23.989
0 days 01:12:09.539000,5,19,+49.853,+23.857
0 days 01:12:13.570000,5,19,+49.854,+23.831
0 days 01:12:20.002000,5,19,+50.087,+23.736
0 days 01:12:25.393000,5,19,+50.020,+23.563
0 days 01:12:29.832000,5,19,+50.013,+23.565
0 days 01:12:34.632000,5,19,+50.016,+23.567
0 days 01:12:38.444000,5,19,+50.026,+23.580
0 days 01:12:47.007000,5,19,+50.157,+23.557
0 days 01:12:51.076000,5,19,+50.180,+23.576
0 days 01:12:51.976000,5,19,+50.182,+23.541
0 days 01:12:56.444000,5,19,+50.242,+23.455
0 days 01:13:00.880000,5,19,+50.203,+23.471
0 days 01:13:02.085000,5,19,+50.190,+23.496
0 days 01:13:04.318000,5,19,+50.071,+23.377
0 days 01:13:09.459000,5,19,+50.025,+23.236
0 days 01:13:15.206000,5,19,+50.159,+23.289
0 days 01:13:19.517000,5,19,+50.217,+23.231
0 days 01:13:22.554000,5,19,+50.217,+23.245
0 days 01:13:29.748000,5,19,+50.233,+23.158
0 days 01:13:33.588000,5,19,+50.262,+23.117
0 days 01:13:37.715000,5,19,+50.269,+22.965
0 days 01:13:43.461000,5,19,+50.311,+22.554
0 days 01:13:48.492000,5,19,+50.444,+22.486
0 days 01:13:52.546000,5,19,+50.512,+22.487
0 days 01:13:59.063000,5,19,+50.835,+22.535
0 days 01:14:04.406000,5,19,+50.775,+22.390
0 days 01:14:08.772000,5,19,+50.743,+22.374
0 days 01:14:13.586000,5,19,+50.730,+22.369
0 days 01:14:17.370000,5,19,+50.719,+22.364
0 days 01:14:25.877000,5,19,+50.842,+22.350
0 days 01:14:29.963000,5,19,+50.850,+22.382
0 days 01:14:30.874000,5,19,+50.857,+22.361
0 days 01:14:35.340000,5,19,+50.940,+22.310
0 days 01:14:39.797000,5,19,+50.919,+22.337
0 days 01:14:41.018000,5,19,+50.904,+22.364
0 days 01:14:43.202000,5,19,+50.772,+22.278
0 days 01:14:48.483000,5,19,+50.902,+22.319
0 days 01:14:54.107000,5,19,+51.075,+22.279
0 days 01:14:58.597000,5,19,+51.190,+22.246
0 days 01:15:01.590000,5,19,+51.192,+22.259
0 days 01:15:08.801000,5,19,+51.223,+22.254
0 days 01:15:12.622000,5,19,+51.209,+22.217
0 days 01:15:16.747000,5,19,+51.274,+22.165
0 days 01:15:22.617000,5,19,+51.309,+21.928
0 days 01:15:27.640000,5,19,+51.427,+21.836
0 days 01:15:31.605000,5,19,+51.435,+21.811
0 days 01:15:38.018000,5,19,+51.729,+21.812
0 days 01:15:43.471000,5,19,+51.684,+21.682
0 days 01:15:47.840000,5,19,+51.684,+21.683
0 days 01:15:52.590000,5,19,+51.674,+21.675
0 days 01:15:56.371000,5,19,+51.685,+21.679
0 days 01:16:05.040000,5,19,+51.956,+32.908
0 days 01:16:09.096000,5,19,+51.971,+32.945
0 days 01:16:09.991000,5,19,+51.999,+33.228
0 days 01:16:14.445000,5,19,+52.044,+21.693
0 days 01:16:18.886000,5,19,+52.012,+21.693
0 days 01:16:20.107000,5,19,+52.007,+9.567
0 days 01:16:22.284000,5,19,+51.897,+9.107
0 days 01:16:27.519000,5,19,+52.040,+9.252
0 days 01:16:33.275000,5,19,+52.227,+9.682
0 days 01:16:37.645000,5,19,+52.295,+9.878
0 days 01:16:40.673000,5,19,+52.297,+9.868
0 days 01:16:47.921000,5,19,+52.292,+10.045
0 days 01:16:51.675000,5,19,+52.289,+10.055
0 days 01:16:55.845000,5,19,+52.298,+10.169
0 days 01:17:01.496000,5,19,+52.310,+10.365
0 days 01:17:06.422000,5,19,+52.352,+10.648
0 days 01:17:10.468000,5,19,+52.358,+10.695
0 days 01:17:16.774000,5,19,+52.564,+10.945
0 days 01:17:22.142000,5,19,+52.480,+11.105
0 days 01:17:26.511000,5,19,+52.448,+11.068
0 days 01:17:31.320000,5,19,+52.446,+11.024
0 days 01:17:35.144000,5,19,+52.456,+10.966
0 days 01:17:43.654000,5,19,+52.477,+11.093
0 days 01:17:47.702000,5,19,+52.504,+27.702
0 days 01:17:48.520000,5,19,+52.503,+27.990
0 days 01:17:53.023000,5,19,+52.527,+11.172
0 days 01:17:57.469000,5,19,+52.489,+11.172
0 days 01:17:58.704000,5,19,+52.493,+4.898
0 days 01:18:00.855000,5,19,+52.336,+4.254
0 days 01:18:06.175000,5,19,+52.510,+4.596
0 days 01:18:11.746000,5,19,+52.515,+4.788
0 days 01:18:16.173000,5,19,+52.667,+4.993
0 days 01:18:19.236000,5,19,+52.677,+4.981
0 days 01:18:26.474000,5,19,+52.746,+5.225
0 days 01:18:30.272000,5,19,+52.742,+5.220
0 days 01:18:34.372000,5,19,+52.765,+5.335
0 days 01:18:40.146000,5,19,+52.736,+5.359
0 days 01:18:45.096000,5,19,+52.796,+5.696
0 days 01:18:49.147000,5,19,+52.802,+5.682
0 days 01:18:55.468000,5,19,+52.976,+5.816
0 days 01:19:00.994000,5,19,+53.011,+6.079
0 days 01:19:05.294000,5,19,+53.016,+6.062
0 days 01:19:10.124000,5,19,+53.007,+6.024
0 days 01:19:13.967000,5,19,+53.014,+5.977
0 days 01:19:22.507000,5,19,+53.264,+6.181
0 days 01:19:26.596000,5,19,+53.284,+6.207
0 days 01:19:27.521000,5,19,+53.299,+6.248
0 days 01:19:31.935000,5,19,+53.284,+6.212
0 days 01:19:36.324000,5,19,+53.239,+6.161
0 days 01:19:37.548000,5,19,+53.222,+6.136
0 days 01:19:39.753000,5,19,+53.132,+6.098
0 days 01:19:44.997000,5,19,+53.292,+6.150
0 days 01:19:50.512000,5,19,+53.334,+6.481
0 days 01:19:54.933000,5,19,+53.459,+6.625
0 days 01:19:57.921000,5,19,+53.460,+6.611
0 days 01:20:05.131000,5,19,+53.517,+6.767
0 days 01:20:08.969000,5,19,+53.528,+6.783
0 days 01:20:13.015000,5,19,+53.543,+6.889
0 days 01:20:18.848000,5,19,+53.656,+6.926
0 days 01:20:23.772000,5,19,+53.667,+7.131
0 days 01:20:27.843000,5,19,+53.637,+7.145
0 days 01:20:34.173000,5,19,+53.780,+7.399
0 days 01:20:39.638000,5,19,+53.772,+7.428
0 days 01:20:43.964000,5,19,+53.740,+7.299
0 days 01:20:48.793000,5,19,+53.725,+7.228
0 days 01:20:52.636000,5,19,+53.727,+7.168
0 days 01:21:01.220000,5,19,+53.937,+7.172
0 days 01:21:05.273000,5,19,+53.953,+7.129
0 days 01:21:06.187000,5,19,+53.995,+7.139
0 days 01:21:10.641000,5,19,+54.035,+7.156
0 days 01:21:15.047000,5,19,+53.996,+7.124
0 days 01:21:16.261000,5,19,+53.990,+7.109
0 days 01:21:18.493000,5,19,+53.917,+7.145
0 days 01:21:24.017000,5,19,+54.187,+7.061
0 days 01:21:29.421000,5,19,+54.137,+7.117
0 days 01:21:33.739000,5,19,+54.224,+7.191
0 days 01:21:36.742000,5,19,+54.227,+7.158
0 days 01:21:43.914000,5,19,+54.232,+7.166
0 days 01:21:47.748000,5,19,+54.232,+7.146
0 days 01:21:51.810000,5,19,+54.369,+7.212
0 days 01:21:57.708000,5,19,+51.577,+7.283
0 days 01:22:02.622000,5,19,+51.721,+7.459
0 days 01:22:06.665000,5,19,+51.749,+7.464
0 days 01:22:13.169000,5,19,+51.962,+7.765
0 days 01:22:18.615000,5,19,+51.914,+7.875
0 days 01:22:23.010000,5,19,+51.909,+7.860
0 days 01:22:27.849000,5,19,+51.923,+7.838
0 days 01:22:31.669000,5,19,+51.931,+7.820
0 days 01:22:40.388000,5,19,+52.153,+7.917
0 days 01:22:44.421000,5,19,+52.204,+7.931
0 days 01:22:45.329000,5,19,+52.210,+7.948
0 days 01:22:49.810000,5,19,+52.250,+7.985
0 days 01:22:54.174000,5,19,+52.192,+7.963
0 days 01:22:55.390000,5,19,+52.165,+7.941
0 days 01:22:57.493000,5,19,+52.131,+7.855
0 days 01:23:02.776000,5,19,+52.247,+7.884
0 days 01:23:08.474000,5,19,+52.376,+8.085
0 days 01:23:12.876000,5,19,+52.421,+8.186
0 days 01:23:15.891000,5,19,+52.427,+8.167
0 days 01:23:23.124000,5,19,+52.398,+8.209
0 days 01:23:26.979000,5,19,+52.432,+8.205
0 days 01:23:31.037000,5,19,+52.539,+8.316
0 days 01:23:36.923000,5,19,+52.628,+8.407
0 days 01:23:41.849000,5,19,+52.649,+8.546
0 days 01:23:45.892000,5,19,+52.630,+8.511
0 days 01:23:52.375000,5,19,+52.718,+8.774
0 days 01:23:57.776000,5,19,+52.759,+8.764
0 days 01:24:02.323000,5,19,+34.640,+8.751
0 days 01:24:07.044000,5,19,+34.632,+8.734
0 days 01:24:10.838000,5,19,+34.638,+8.700
0 days 01:24:19.471000,5,19,+34.778,+8.717
0 days 01:24:23.476000,5,19,+34.764,+8.719
0 days 01:24:24.283000,5,19,+34.720,+8.745
0 days 01:24:28.839000,5,19,+48.046,+8.843
0 days 01:24:33.317000,5,19,+34.750,+8.841
0 days 01:24:34.450000,5,19,+34.721,+8.839
0 days 01:24:36.594000,5,19,+34.500,+8.816
0 days 01:24:41.890000,5,19,+34.598,+8.882
0 days 01:24:47.576000,5,19,+34.707,+9.117
0 days 01:24:51.938000,5,19,+34.729,+9.215
0 days 01:24:54.953000,5,19,+34.744,+9.203
0 days 01:25:02.216000,5,19,+34.861,+9.144
0 days 01:25:06.001000,5,19,+34.876,+9.141
0 days 01:25:10.031000,5,19,+34.812,+9.234
0 days 01:25:15.998000,5,19,+34.996,+9.427
0 days 01:25:20.949000,5,19,+35.082,+9.520
0 days 01:25:24.999000,5,19,+35.095,+9.523
0 days 01:25:31.549000,5,19,+35.256,+9.728
0 days 01:25:36.923000,5,19,+35.176,+9.745
0 days 01:25:41.425000,5,19,+35.173,+9.725
0 days 01:25:46.149000,5,19,+35.173,+9.711
0 days 01:25:50.044000,5,19,+35.182,+9.690
0 days 01:25:58.624000,5,19,+35.338,+9.649
0 days 01:26:02.626000,5,19,+35.386,+9.651
0 days 01:26:03.569000,5,19,+35.394,+9.718
0 days 01:26:08.028000,5,19,+35.482,+9.665
0 days 01:26:12.412000,5,19,+35.443,+9.641
0 days 01:26:13.666000,5,19,+35.428,+9.636
0 days 01:26:15.794000,5,19,+35.244,+9.633
0 days 01:26:21.071000,5,19,+35.181,+9.600
0 days 01:26:26.708000,5,19,+35.456,+9.720
0 days 01:26:31.079000,5,19,+35.422,+9.827
0 days 01:26:34.103000,5,19,+35.426,+9.814
0 days 01:26:41.324000,5,19,+35.493,+9.803
0 days 01:26:45.105000,5,19,+35.487,+9.795
0 days 01:26:49.150000,5,19,+35.487,+9.913
0 days 01:26:55.150000,5,19,+35.578,+10.092
0 days 01:27:00.168000,5,19,+35.764,+10.015
0 days 01:27:04.243000,5,19,+34.778,+9.985
0 days 01:27:10.762000,5,19,+35.122,+10.251
0 days 01:27:16.145000,5,19,+35.158,+10.212
0 days 01:27:20.490000,5,19,+35.201,+10.223
0 days 01:27:25.297000,5,19,+35.306,+10.225
0 days 01:27:29.121000,5,19,+35.523,+10.227
0 days 01:27:37.708000,5,19,+35.904,+10.121
0 days 01:27:41.750000,5,19,+35.934,+28.295
0 days 01:27:42.676000,5,19,+35.979,+28.494
0 days 01:27:47.250000,5,19,+36.114,+10.178
0 days 01:27:51.577000,5,19,+36.075,+10.178
0 days 01:27:52.783000,5,19,+36.061,+5.180
0 days 01:27:54.925000,5,19,+35.944,+4.492
0 days 01:28:00.123000,5,19,+36.066,+4.515
0 days 01:28:05.917000,5,19,+36.351,+4.742
0 days 01:28:10.314000,5,19,+36.501,+4.954
0 days 01:28:13.346000,5,19,+36.498,+4.948
0 days 01:28:20.576000,5,19,+36.642,+5.024
0 days 01:28:24.373000,5,19,+36.678,+5.036
0 days 01:28:28.498000,5,19,+36.761,+4.884
0 days 01:28:34.466000,5,19,+37.039,+5.092
0 days 01:28:39.524000,5,19,+37.305,+5.498
0 days 01:28:43.577000,5,19,+37.344,+5.555
0 days 01:28:50.040000,5,19,+37.756,+5.807
0 days 01:28:55.524000,5,19,+37.843,+5.985
0 days 01:28:59.912000,5,19,+37.862,+5.984
0 days 01:29:04.708000,5,19,+37.861,+5.954
0 days 01:29:08.492000,5,19,+37.859,+5.946
0 days 01:29:17.226000,5,19,+38.196,+6.213
0 days 01:29:21.183000,5,19,+38.225,+6.242
0 days 01:29:22.143000,5,19,+38.273,+6.254
0 days 01:29:26.580000,5,19,+38.358,+6.288
0 days 01:29:30.971000,5,19,+38.310,+6.288
0 days 01:29:32.181000,5,19,+38.268,+0.921
0 days 01:29:34.477000,5,19,+38.258,+0.254
0 days 01:29:39.965000,5,19,+38.767,+0.676
0 days 01:29:45.799000,5,19,+39.146,+0.969
0 days 01:29:50.188000,5,19,+39.343,+1.112
0 days 01:29:53.222000,5,19,+39.323,+1.100
0 days 01:30:00.547000,5,19,+39.500,+1.206
0 days 01:30:04.331000,5,19,+39.510,+1.226
0 days 01:30:08.525000,5,19,+39.557,+1.346
0 days 01:30:14.552000,5,19,+39.964,+1.617
0 days 01:30:19.595000,5,19,+40.273,+1.917
0 days 01:30:23.627000,5,19,+40.301,+1.961
0 days 01:30:30.150000,5,19,+40.614,+2.193
0 days 01:30:35.651000,5,19,+40.825,+2.469
0 days 01:30:40.033000,5,19,+40.831,+2.403
0 days 01:30:44.813000,5,19,+40.843,+2.373
0 days 01:30:48.689000,5,19,+40.848,+2.345
0 days 01:30:57.478000,5,19,+41.182,+2.666
0 days 01:31:01.382000,5,19,+41.202,+2.734
0 days 01:31:02.389000,5,19,+41.267,+2.779
0 days 01:31:06.841000,5,19,+41.415,+2.932
0 days 01:31:11.252000,5,19,+41.371,+2.939
0 days 01:31:12.478000,5,19,+41.335,+2.939
0 days 01:31:14.647000,5,19,+41.191,+2.833
0 days 01:31:20.047000,5,19,+41.441,+3.121
0 days 01:31:25.780000,5,19,+41.766,+3.467
0 days 01:31:30.140000,5,19,+41.875,+3.666
0 days 01:31:33.208000,5,19,+41.872,+3.683
0 days 01:31:40.373000,5,19,+42.004,+3.922
0 days 01:31:44.178000,5,19,+42.030,+3.960
0 days 01:31:48.273000,5,19,+41.947,+3.969
0 days 01:31:54.378000,5,19,+42.261,+4.134
0 days 01:31:59.411000,5,19,+42.524,+4.383
0 days 01:32:03.440000,5,19,+42.555,+4.391
0 days 01:32:09.852000,5,19,+42.927,+4.571
0 days 01:32:15.411000,5,19,+43.107,+4.654
0 days 01:32:19.881000,5,19,+43.095,+4.609
0 days 01:32:24.527000,5,19,+43.109,+4.607
0 days 01:32:28.371000,5,19,+43.128,+4.607
0 days 01:32:37.032000,5,19,+43.419,+4.821
0 days 01:32:41.079000,5,19,+43.472,+4.847
0 days 01:32:42.082000,5,19,+43.561,+9.178
0 days 01:32:46.487000,5,19,+43.682,+3.936
0 days 01:32:50.852000,5,18,+43.682,+3.936
0 days 01:32:50.927000,5,18,+43.633,+4.909
0 days 01:32:52.172000,5,18,+43.631,+4.931
0 days 01:32:54.426000,5,18,+43.566,+4.901
0 days 01:32:59.762000,5,18,+43.783,+5.103
0 days 01:33:05.452000,5,18,+43.988,+5.375
0 days 01:33:09.878000,5,18,+44.081,+5.522
0 days 01:33:12.899000,5,18,+44.084,+5.540
0 days 01:33:20.099000,5,18,+44.227,+5.694
0 days 01:33:23.875000,5,18,+44.216,+5.713
0 days 01:33:27.982000,5,18,+44.156,+5.791
0 days 01:33:33.972000,5,18,+44.390,+5.895
0 days 01:33:39.099000,5,18,+44.574,+6.122
0 days 01:33:43.135000,5,18,+44.650,+6.210
0 days 01:33:49.802000,5,18,+45.130,+6.574
0 days 01:33:55.370000,5,18,+45.134,+6.671
0 days 01:33:59.674000,5,18,+45.120,+6.617
0 days 01:34:04.449000,5,18,+45.116,+6.603
0 days 01:34:08.426000,5,18,+45.139,+6.606
0 days 01:34:16.854000,5,18,+45.331,+6.679
0 days 01:34:20.897000,5,18,+45.352,+6.730
0 days 01:34:21.829000,5,18,+45.382,+6.759
0 days 01:34:26.236000,5,18,+45.435,+6.821
0 days 01:34:30.670000,5,18,+45.385,+6.837
0 days 01:34:31.892000,5,18,+45.377,+6.849
0 days 01:34:34.081000,5,18,+45.265,+6.795
0 days 01:34:39.279000,5,18,+45.226,+6.923
0 days 01:34:45.083000,5,18,+45.570,+7.214
0 days 01:34:49.486000,5,18,+45.753,+7.432
0 days 01:34:52.521000,5,18,+45.760,+7.455
0 days 01:34:59.893000,5,18,+45.896,+7.611
0 days 01:35:03.557000,5,18,+45.903,+7.616
0 days 01:35:07.680000,5,18,+45.787,+7.671
0 days 01:35:13.827000,5,18,+46.145,+7.768
0 days 01:35:18.805000,5,18,+46.375,+8.010
0 days 01:35:22.806000,5,18,+46.388,+8.022
0 days 01:35:29.406000,5,18,+46.700,+8.244
0 days 01:35:34.782000,5,18,+46.765,+8.266
0 days 01:35:39.203000,5,18,+46.780,+8.224
0 days 01:35:43.984000,5,18,+46.786,+8.212
0 days 01:35:47.788000,5,18,+46.796,+8.216
0 days 01:35:56.469000,5,18,+47.100,+8.378
0 days 01:36:00.527000,5,18,+47.139,+8.426
0 days 01:36:01.353000,5,18,+47.215,+8.487
0 days 01:36:05.957000,5,18,+47.351,+8.593
0 days 01:36:10.315000,5,18,+47.317,+8.618
0 days 01:36:11.554000,5,18,+47.311,+8.636
0 days 01:36:13.732000,5,18,+47.253,+8.633
0 days 01:36:19.128000,5,18,+47.458,+8.844
0 days 01:36:24.834000,5,18,+47.662,+9.149
0 days 01:36:29.208000,5,18,+47.774,+9.243
0 days 01:36:32.209000,5,18,+47.787,+9.263
0 days 01:36:39.505000,5,18,+48.026,+9.449
0 days 01:36:43.280000,5,18,+48.035,+9.446
0 days 01:36:47.300000,5,18,+47.912,+9.452
0 days 01:36:53.384000,5,18,+48.299,+9.688
0 days 01:36:58.446000,5,18,+48.621,+9.826
0 days 01:37:02.443000,5,18,+48.662,+9.809
0 days 01:37:08.980000,5,18,+49.013,+10.060
0 days 01:37:14.481000,5,18,+49.096,+10.158
0 days 01:37:18.864000,5,18,+49.108,+10.146
0 days 01:37:23.654000,5,18,+49.129,+10.149
0 days 01:37:27.648000,5,18,+49.153,+10.157
0 days 01:37:36.204000,5,18,+49.571,+10.461
0 days 01:37:40.314000,5,18,+49.662,+10.544
0 days 01:37:41.180000,5,18,+49.760,+10.615
0 days 01:37:45.739000,5,18,+49.907,+10.739
0 days 01:37:50.160000,5,18,+49.887,+10.766
0 days 01:37:51.293000,5,18,+49.892,+10.797
0 days 01:37:53.543000,5,18,+49.862,+10.790
0 days 01:37:58.880000,5,18,+50.116,+10.923
0 days 01:38:04.674000,5,18,+50.536,+11.248
0 days 01:38:09.032000,5,18,+50.647,+11.265
0 days 01:38:12.019000,5,18,+50.654,+11.279
0 days 01:38:19.437000,5,18,+50.891,+11.507
0 days 01:38:23.200000,5,18,+50.918,+11.520
0 days 01:38:27.249000,5,18,+50.843,+11.578
0 days 01:38:33.329000,5,18,+51.218,+11.792
0 days 01:38:38.285000,5,18,+51.479,+11.877
0 days 01:38:42.332000,5,18,+51.506,+11.854
0 days 01:38:48.851000,5,18,+51.908,+12.141
0 days 01:38:54.429000,5,18,+52.087,+12.270
0 days 01:38:58.783000,5,18,+52.133,+12.235
0 days 01:39:03.612000,5,18,+52.147,+12.235
0 days 01:39:07.419000,5,18,+52.176,+12.259
0 days 01:39:16.130000,5,18,+52.571,+12.375
0 days 01:39:20.187000,5,18,+52.611,+12.413
0 days 01:39:20.989000,5,18,+52.676,+12.456
0 days 01:39:25.596000,5,18,+52.827,+12.596
0 days 01:39:30.035000,5,18,+52.816,+12.651
0 days 01:39:31.229000,5,18,+52.815,+12.678
0 days 01:39:33.395000,5,18,+52.750,+12.670
0 days 01:39:38.733000,5,18,+52.907,+12.759
0 days 01:39:44.506000,5,18,+53.243,+13.085
0 days 01:39:48.933000,5,18,+53.419,+13.154
0 days 01:39:51.926000,5,18,+53.433,+13.171
0 days 01:39:59.282000,5,18,+53.652,+13.286
0 days 01:40:03.008000,5,18,+53.669,+13.275
0 days 01:40:07.101000,5,18,+53.592,+13.323
0 days 01:40:13.155000,5,18,+53.991,+13.477
0 days 01:40:18.230000,5,18,+54.312,+13.635
0 days 01:40:22.258000,5,18,+54.349,+13.632
0 days 01:40:28.729000,5,18,+54.734,+13.844
0 days 01:40:34.257000,5,18,+54.879,+13.901
0 days 01:40:38.657000,5,18,+54.909,+13.854
0 days 01:40:43.508000,5,18,+54.941,+13.861
0 days 01:40:47.482000,5,18,+54.960,+13.874
0 days 01:40:55.899000,5,18,+55.132,+13.846
0 days 01:40:59.968000,5,18,+55.192,+13.887
0 days 01:41:00.856000,5,18,+55.256,+13.917
0 days 01:41:05.482000,5,18,+55.457,+14.074
0 days 01:41:09.856000,5,18,+55.469,+14.134
0 days 01:41:11.117000,5,18,+55.481,+14.161
0 days 01:41:13.292000,5,18,+55.453,+14.175
0 days 01:41:18.537000,5,18,+55.453,+14.261
0 days 01:41:24.210000,5,18,+55.780,+14.482
0 days 01:41:28.623000,5,18,+55.907,+14.570
0 days 01:41:31.626000,5,18,+55.926,+14.589
0 days 01:41:38.856000,5,18,+56.102,+14.702
0 days 01:41:42.756000,5,18,+56.117,+14.719
0 days 01:41:46.656000,5,18,+55.996,+14.718
0 days 01:41:52.693000,5,18,+56.301,+14.831
0 days 01:41:57.696000,5,18,+56.567,+14.962
0 days 01:42:01.715000,5,18,+56.590,+14.927
0 days 01:42:08.156000,5,18,+56.874,+15.078
0 days 01:42:13.637000,5,18,+56.974,+15.119
0 days 01:42:17.952000,5,18,+56.992,+15.075
0 days 01:42:22.787000,5,18,+57.016,+15.078
0 days 01:42:26.631000,5,18,+57.038,+15.087
0 days 01:42:35.152000,5,18,+57.262,+34.835
0 days 01:42:39.145000,5,18,+57.221,+34.790
0 days 01:42:39.757000,5,18,+56.997,+34.729
0 days 01:42:55.474000,5,19,+56.997,+34.729
0 days 01:43:13.253000,5,19,+80.429,+16.548
0 days 01:43:16.031000,5,19,+80.929,+17.116
0 days 01:43:21.426000,5,19,+81.022,+17.323
0 days 01:43:26.908000,5,19,+81.208,+17.465
0 days 01:43:31.193000,5,19,+81.255,+17.428
0 days 01:43:34.174000,5,19,+81.263,+17.434
0 days 01:43:41.260000,5,19,+81.304,+17.457
0 days 01:43:45.036000,5,19,+81.309,+17.458
0 days 01:43:49.131000,5,19,+81.298,+17.547
0 days 01:43:54.876000,5,19,+81.367,+17.544
0 days 01:43:59.562000,5,19,+81.227,+17.326
0 days 01:44:03.513000,5,19,+81.215,+17.283
0 days 01:44:09.803000,5,19,+81.410,+17.302
0 days 01:44:14.930000,5,19,+81.154,+16.999
0 days 01:44:19.258000,5,19,+81.133,+16.974
0 days 01:44:24.089000,5,19,+81.138,+16.981
0 days 01:44:27.884000,5,19,+81.157,+16.995
0 days 01:44:36.256000,5,19,+81.180,+16.911
0 days 01:44:40.277000,5,19,+81.210,+16.920
0 days 01:44:41.183000,5,19,+81.266,+16.911
0 days 01:44:45.605000,5,19,+81.374,+16.883
0 days 01:44:50.111000,5,19,+81.378,+16.886
0 days 01:44:51.287000,5,19,+81.379,+16.891
0 days 01:44:53.432000,5,19,+81.238,+16.832
0 days 01:44:58.458000,5,19,+81.081,+16.708
0 days 01:45:03.786000,5,19,+81.022,+16.521
0 days 01:45:07.980000,5,19,+80.957,+16.338
0 days 01:45:10.919000,5,19,+80.945,+16.316
0 days 01:45:17.812000,5,19,+80.743,+16.174
0 days 01:45:21.538000,5,19,+80.715,+16.120
0 days 01:45:25.484000,5,19,+80.598,+16.115
0 days 01:45:31.099000,5,19,+80.594,+15.889
0 days 01:45:35.696000,5,19,+80.385,+15.626
0 days 01:45:39.605000,5,19,+80.308,+15.535
0 days 01:45:45.787000,5,19,+80.334,+15.454
0 days 01:45:50.914000,5,19,+80.172,+15.164
0 days 01:45:55.232000,5,19,+80.148,+15.117
0 days 01:46:00.040000,5,19,+80.147,+15.111
0 days 01:46:03.860000,5,19,+80.173,+15.122
0 days 01:46:12.232000,5,19,+80.165,+15.025
0 days 01:46:16.196000,5,19,+80.187,+15.042
0 days 01:46:17.041000,5,19,+80.227,+15.055
0 days 01:46:21.625000,5,19,+80.247,+14.960
0 days 01:46:25.885000,5,19,+80.222,+14.952
0 days 01:46:27.222000,5,19,+80.234,+14.980
0 days 01:46:29.332000,5,19,+80.183,+14.947
0 days 01:46:34.452000,5,19,+80.278,+14.923
0 days 01:46:39.859000,5,19,+80.220,+14.819
0 days 01:46:44.010000,5,19,+80.155,+14.610
0 days 01:46:46.981000,5,19,+80.154,+14.605
0 days 01:46:54.063000,5,19,+80.131,+14.559
0 days 01:46:57.730000,5,19,+80.099,+14.505
0 days 01:47:01.749000,5,19,+80.086,+14.560
0 days 01:47:07.359000,5,19,+80.080,+14.344
0 days 01:47:12.159000,5,19,+80.064,+14.217
0 days 01:47:16.178000,5,19,+80.079,+14.214
0 days 01:47:22.459000,5,19,+80.429,+14.332
0 days 01:47:27.697000,5,19,+80.277,+14.148
0 days 01:47:32.007000,5,19,+80.257,+14.127
0 days 01:47:36.835000,5,19,+80.263,+14.136
0 days 01:47:40.655000,5,19,+80.289,+14.162
0 days 01:47:49.148000,5,19,+80.465,+14.196
0 days 01:47:53.130000,5,19,+80.504,+14.230
0 days 01:47:53.978000,5,19,+80.567,+14.227
0 days 01:47:58.450000,5,19,+80.663,+14.132
0 days 01:48:02.859000,5,19,+80.662,+14.120
0 days 01:48:04.097000,5,19,+80.675,+14.127
0 days 01:48:06.234000,5,19,+80.607,+14.080
0 days 01:48:11.405000,5,19,+80.720,+14.012
0 days 01:48:16.835000,5,19,+80.673,+14.026
0 days 01:48:21.103000,5,19,+80.722,+13.939
0 days 01:48:24.102000,5,19,+80.734,+13.938
0 days 01:48:31.334000,5,19,+80.666,+13.797
0 days 01:48:34.891000,5,19,+80.662,+13.774
0 days 01:48:38.788000,5,19,+80.505,+13.688
0 days 01:48:44.612000,5,19,+80.709,+13.638
0 days 01:48:49.336000,5,19,+80.637,+13.478
0 days 01:48:53.256000,5,19,+80.608,+13.441
0 days 01:48:59.585000,5,19,+80.827,+13.501
0 days 01:49:04.889000,5,19,+80.793,+13.333
0 days 01:49:09.233000,5,19,+80.776,+13.292
0 days 01:49:14.059000,5,19,+80.780,+13.288
0 days 01:49:17.898000,5,19,+80.790,+13.289
0 days 01:49:26.336000,5,19,+81.017,+13.272
0 days 01:49:30.351000,5,19,+81.052,+34.605
0 days 01:49:31.217000,5,19,+81.097,+34.769
0 days 01:49:35.701000,5,19,+81.131,+13.202
0 days 01:49:40.202000,5,19,+81.121,+13.202
0 days 01:49:41.386000,5,19,+81.122,+12.299
0 days 01:49:43.560000,5,19,+81.033,+11.491
0 days 01:49:48.633000,5,19,+81.125,+11.431
0 days 01:49:54.059000,5,19,+81.129,+11.326
0 days 01:49:58.436000,5,19,+81.193,+11.417
0 days 01:50:01.348000,5,19,+81.217,+11.441
0 days 01:50:08.523000,5,19,+81.309,+11.506
0 days 01:50:12.224000,5,19,+81.292,+11.489
0 days 01:50:16.186000,5,19,+81.175,+11.380
0 days 01:50:21.889000,5,19,+81.298,+11.404
0 days 01:50:26.676000,5,19,+81.289,+11.441
0 days 01:50:30.681000,5,19,+81.288,+11.449
0 days 01:50:36.994000,5,19,+81.511,+11.621
0 days 01:50:42.353000,5,19,+81.530,+11.718
0 days 01:50:46.681000,5,19,+81.555,+11.732
0 days 01:50:51.523000,5,19,+81.552,+11.731
0 days 01:50:55.325000,5,19,+81.563,+11.739
0 days 01:51:03.634000,5,19,+81.624,+11.691
0 days 01:51:07.682000,5,19,+81.633,+11.694
0 days 01:51:08.485000,5,19,+81.657,+11.676
0 days 01:51:12.919000,5,19,+81.675,+11.772
0 days 01:51:17.315000,5,19,+81.642,+11.957
0 days 01:51:18.553000,5,19,+81.625,+12.034
0 days 01:51:20.667000,5,19,+81.540,+11.868
0 days 01:51:25.824000,5,19,+81.625,+12.100
0 days 01:51:31.304000,5,19,+81.553,+12.078
0 days 01:51:35.683000,5,19,+81.585,+12.388
0 days 01:51:38.534000,5,19,+81.586,+12.392
0 days 01:51:45.660000,5,19,+81.627,+11.943
0 days 01:51:49.391000,5,19,+81.628,+11.971
0 days 01:51:53.256000,5,19,+81.454,+11.757
0 days 01:51:58.989000,5,19,+81.578,+11.541
0 days 01:52:03.734000,5,19,+81.588,+11.243
0 days 01:52:07.716000,5,19,+81.614,+11.185
0 days 01:52:14.060000,5,19,+81.698,+10.980
0 days 01:52:19.188000,5,19,+81.660,+10.897
0 days 01:52:23.503000,5,19,+81.648,+10.862
0 days 01:52:28.303000,5,19,+81.641,+10.859
0 days 01:52:32.141000,5,19,+81.647,+10.864
0 days 01:52:40.575000,5,19,+81.766,+10.859
0 days 01:52:44.507000,5,19,+81.764,+10.856
0 days 01:52:45.309000,5,19,+81.789,+10.842
0 days 01:52:49.819000,5,19,+81.827,+10.701
0 days 01:52:54.165000,5,19,+81.803,+10.692
0 days 01:52:55.382000,5,19,+81.799,+10.697
0 days 01:52:57.535000,5,19,+81.760,+10.665
0 days 01:53:02.792000,5,19,+81.853,+10.656
0 days 01:53:08.235000,5,19,+81.855,+10.589
0 days 01:53:12.505000,5,19,+81.888,+10.542
0 days 01:53:15.482000,5,19,+81.892,+10.547
0 days 01:53:22.601000,5,19,+81.960,+10.580
0 days 01:53:26.362000,5,19,+81.971,+10.560
0 days 01:53:30.322000,5,19,+81.895,+10.499
0 days 01:53:36.044000,5,19,+82.104,+10.431
0 days 01:53:40.935000,5,19,+82.132,+10.334
0 days 01:53:44.774000,5,19,+82.141,+10.317
0 days 01:53:51.105000,5,19,+82.377,+10.430
0 days 01:53:56.316000,5,19,+82.314,+10.253
0 days 01:54:00.660000,5,19,+82.318,+10.232
0 days 01:54:05.470000,5,19,+82.324,+10.238
0 days 01:54:09.315000,5,19,+82.326,+10.245
0 days 01:54:17.735000,5,19,+82.501,+10.201
0 days 01:54:21.700000,5,19,+82.501,+10.195
0 days 01:54:22.507000,5,19,+82.513,+10.113
0 days 01:54:26.883000,5,19,+82.484,+9.913
0 days 01:54:31.262000,5,19,+82.456,+9.885
0 days 01:54:32.488000,5,19,+82.459,+9.886
0 days 01:54:34.599000,5,19,+82.366,+9.800
0 days 01:54:39.761000,5,19,+82.433,+9.755
0 days 01:54:45.217000,5,19,+82.371,+9.805
0 days 01:54:49.652000,5,19,+82.489,+9.843
0 days 01:54:52.661000,5,19,+82.500,+9.840
0 days 01:54:59.684000,5,19,+82.520,+9.639
0 days 01:55:03.388000,5,19,+82.513,+9.599
0 days 01:55:07.307000,5,19,+82.374,+9.529
0 days 01:55:13.009000,5,19,+82.521,+9.417
0 days 01:55:17.719000,5,19,+82.481,+9.326
0 days 01:55:21.688000,5,19,+82.503,+9.323
0 days 01:55:28.043000,5,19,+82.648,+9.375
0 days 01:55:33.262000,5,19,+82.538,+9.218
0 days 01:55:37.567000,5,19,+82.521,+9.183
0 days 01:55:42.340000,5,19,+82.526,+9.183
0 days 01:55:46.183000,5,19,+82.526,+9.180
0 days 01:55:54.600000,5,19,+82.603,+9.131
0 days 01:55:58.564000,5,19,+82.601,+9.126
0 days 01:55:59.484000,5,19,+82.621,+9.121
0 days 01:56:03.862000,5,19,+82.646,+8.980
0 days 01:56:08.222000,5,19,+82.613,+8.965
0 days 01:56:09.423000,5,19,+82.605,+8.966
0 days 01:56:11.562000,5,19,+82.537,+8.921
0 days 01:56:16.762000,5,19,+82.633,+8.979
0 days 01:56:22.227000,5,19,+82.638,+9.044
0 days 01:56:26.518000,5,19,+82.673,+9.016
0 days 01:56:29.489000,5,19,+82.666,+9.011
0 days 01:56:36.562000,5,19,+82.716,+8.925
0 days 01:56:40.289000,5,19,+82.703,+8.902
0 days 01:56:44.136000,5,19,+82.540,+8.841
0 days 01:56:49.857000,5,19,+82.621,+8.849
0 days 01:56:54.608000,5,19,+82.633,+8.804
0 days 01:56:58.623000,5,19,+82.617,+8.782
0 days 01:57:04.907000,5,19,+82.809,+8.875
0 days 01:57:10.146000,5,19,+82.699,+8.790
0 days 01:57:14.448000,5,19,+82.679,+8.800
0 days 01:57:19.425000,5,19,+82.673,+8.793
0 days 01:57:23.099000,5,19,+82.683,+8.793
0 days 01:57:31.541000,5,19,+82.871,+8.782
0 days 01:57:35.489000,5,19,+82.866,+8.768
0 days 01:57:36.293000,5,19,+82.879,+8.732
0 days 01:57:40.704000,5,19,+82.874,+8.573
0 days 01:57:45.105000,5,19,+82.843,+8.553
0 days 01:57:46.282000,5,19,+82.838,+8.557
0 days 01:57:48.425000,5,19,+82.739,+8.485
0 days 01:57:53.543000,5,19,+82.715,+8.413
0 days 01:57:58.998000,5,19,+82.755,+8.417
0 days 01:58:03.321000,5,19,+82.759,+8.368
0 days 01:58:06.264000,5,19,+82.762,+8.369
0 days 01:58:13.364000,5,19,+82.823,+8.358
0 days 01:58:17.079000,5,19,+82.812,+8.337
0 days 01:58:20.953000,5,19,+82.631,+8.209
0 days 01:58:26.563000,5,19,+82.646,+8.031
0 days 01:58:31.337000,5,19,+82.659,+7.896
0 days 01:58:35.389000,5,19,+82.657,+7.861
0 days 01:58:41.658000,5,19,+82.885,+7.938
0 days 01:58:46.881000,5,19,+82.799,+7.770
0 days 01:58:51.228000,5,19,+82.794,+7.726
0 days 01:58:56.042000,5,19,+82.798,+7.718
0 days 01:58:59.902000,5,19,+82.796,+7.717
0 days 01:59:08.306000,5,19,+82.794,+7.685
0 days 01:59:12.237000,5,19,+82.782,+7.676
0 days 01:59:13.039000,5,19,+82.767,+7.647
0 days 01:59:17.438000,5,19,+82.789,+7.476
0 days 01:59:21.791000,5,19,+82.763,+7.451
0 days 01:59:23.016000,5,19,+82.764,+7.456
0 days 01:59:25.106000,5,19,+82.678,+7.364
0 days 01:59:30.181000,5,19,+82.729,+7.422
0 days 01:59:35.759000,5,19,+82.666,+7.384
0 days 01:59:39.985000,5,19,+82.669,+7.327
0 days 01:59:42.950000,5,19,+82.666,+7.324
0 days 01:59:50.006000,5,19,+82.691,+7.292
0 days 01:59:53.678000,5,19,+82.688,+7.272
0 days 01:59:57.562000,5,19,+82.513,+7.197
0 days 02:00:03.290000,5,19,+82.546,+7.104
0 days 02:00:07.990000,5,19,+82.480,+6.917
0 days 02:00:11.968000,5,19,+82.481,+6.873
0 days 02:00:18.209000,5,19,+82.681,+6.830
0 days 02:00:23.494000,5,19,+82.629,+6.809
0 days 02:00:27.814000,5,19,+82.633,+6.796
0 days 02:00:32.610000,5,19,+82.615,+6.791
0 days 02:00:36.411000,5,19,+82.610,+6.793
0 days 02:00:44.746000,5,19,+82.533,+6.740
0 days 02:00:48.659000,5,19,+82.514,+6.710
0 days 02:00:49.445000,5,19,+82.521,+6.652
0 days 02:00:53.866000,5,19,+82.555,+6.509
0 days 02:00:58.232000,5,19,+82.528,+6.482
0 days 02:00:59.411000,5,19,+82.522,+6.472
0 days 02:01:01.564000,5,19,+82.422,+6.397
0 days 02:01:06.790000,5,19,+82.608,+6.529
0 days 02:01:12.168000,5,19,+82.476,+6.506
0 days 02:01:16.390000,5,19,+82.508,+6.415
0 days 02:01:19.367000,5,19,+82.497,+6.399
0 days 02:01:26.438000,5,19,+82.546,+6.303
0 days 02:01:30.151000,5,19,+82.503,+6.261
0 days 02:01:33.994000,5,19,+82.350,+6.155
0 days 02:01:39.638000,5,19,+82.343,+6.065
0 days 02:01:44.390000,5,19,+82.325,+5.952
0 days 02:01:48.338000,5,19,+82.330,+5.924
0 days 02:01:54.684000,5,19,+82.509,+5.885
0 days 02:01:59.931000,5,19,+82.436,+5.794
0 days 02:02:04.212000,5,19,+82.428,+5.773
0 days 02:02:08.998000,5,19,+82.426,+5.765
0 days 02:02:12.791000,5,19,+82.434,+5.757
0 days 02:02:21.251000,5,19,+82.463,+5.633
0 days 02:02:25.239000,5,19,+82.459,+5.600
0 days 02:02:25.964000,5,19,+82.476,+5.547
0 days 02:02:30.310000,5,19,+82.467,+5.365
0 days 02:02:34.704000,5,19,+82.433,+5.333
0 days 02:02:35.860000,5,19,+82.444,+5.341
0 days 02:02:38.091000,5,19,+82.498,+5.316
0 days 02:02:43.165000,5,19,+82.468,+5.270
0 days 02:02:48.610000,5,19,+82.500,+5.238
0 days 02:02:53.095000,5,19,+82.538,+5.145
0 days 02:02:55.891000,5,19,+82.554,+5.142
0 days 02:03:02.979000,5,19,+82.647,+5.074
0 days 02:03:06.668000,5,19,+82.640,+5.053
0 days 02:03:10.470000,5,19,+82.513,+4.958
0 days 02:03:16.265000,5,19,+82.668,+4.895
0 days 02:03:20.972000,5,19,+82.668,+4.817
0 days 02:03:24.926000,5,19,+82.680,+4.810
0 days 02:03:31.385000,5,19,+82.932,+4.869
0 days 02:03:36.592000,5,19,+82.929,+4.769
0 days 02:03:40.951000,5,19,+82.943,+4.753
0 days 02:03:45.705000,5,19,+82.943,+4.749
0 days 02:03:49.539000,5,19,+82.970,+4.761
0 days 02:03:57.971000,5,19,+83.013,+4.736
0 days 02:04:01.933000,5,19,+83.044,+4.737
0 days 02:04:02.842000,5,19,+83.067,+4.703
0 days 02:04:07.220000,5,19,+83.120,+4.603
0 days 02:04:11.566000,5,19,+83.098,+4.581
0 days 02:04:12.756000,5,19,+83.100,+4.593
0 days 02:04:14.855000,5,19,+83.039,+4.512
0 days 02:04:20.009000,5,19,+83.154,+4.462
0 days 02:04:25.399000,5,19,+83.226,+4.456
0 days 02:04:29.677000,5,19,+83.252,+4.399
0 days 02:04:32.655000,5,19,+83.245,+4.391
0 days 02:04:39.783000,5,19,+83.303,+4.318
0 days 02:04:43.409000,5,19,+83.284,+4.287
0 days 02:04:47.398000,5,19,+83.194,+4.228
0 days 02:04:52.933000,5,19,+83.375,+4.171
0 days 02:04:57.706000,5,19,+83.362,+4.025
0 days 02:05:01.639000,5,19,+83.359,+4.001
0 days 02:05:07.970000,5,19,+83.563,+3.983
0 days 02:05:13.216000,5,19,+83.552,+3.889
0 days 02:05:17.527000,5,19,+83.548,+3.877
0 days 02:05:22.357000,5,19,+83.542,+3.863
0 days 02:05:26.240000,5,19,+83.561,+3.871
0 days 02:05:34.637000,5,19,+83.667,+3.839
0 days 02:05:38.592000,5,19,+83.688,+3.836
0 days 02:05:39.382000,5,19,+83.698,+3.796
0 days 02:05:43.843000,5,19,+83.740,+3.691
0 days 02:05:48.155000,5,19,+83.721,+3.669
0 days 02:05:49.341000,5,19,+83.717,+3.664
0 days 02:05:51.510000,5,19,+83.714,+3.641
0 days 02:05:56.714000,5,19,+83.868,+3.714
0 days 02:06:02.189000,5,19,+83.910,+3.614
0 days 02:06:06.442000,5,19,+83.985,+3.516
0 days 02:06:09.366000,5,19,+83.988,+3.498
0 days 02:06:16.462000,5,19,+84.068,+3.428
0 days 02:06:20.176000,5,19,+84.062,+3.390
0 days 02:06:24.016000,5,19,+84.016,+3.315
0 days 02:06:29.686000,5,19,+84.191,+3.206
0 days 02:06:34.466000,5,19,+84.235,+3.029
0 days 02:06:38.396000,5,19,+84.212,+2.965
0 days 02:06:44.608000,5,19,+84.366,+2.867
0 days 02:06:49.866000,5,19,+84.305,+2.773
0 days 02:06:54.228000,5,19,+84.282,+2.751
0 days 02:06:59.058000,5,19,+84.273,+2.738
0 days 02:07:02.827000,5,19,+84.275,+2.732
0 days 02:07:11.322000,5,19,+84.369,+2.619
0 days 02:07:15.288000,5,19,+84.374,+2.594
0 days 02:07:16.093000,5,19,+84.371,+2.523
0 days 02:07:20.556000,5,19,+84.402,+2.360
0 days 02:07:24.866000,5,19,+84.377,+2.322
0 days 02:07:26.093000,5,19,+84.377,+2.318
0 days 02:07:28.218000,5,19,+84.376,+2.329
0 days 02:07:33.368000,5,19,+84.557,+2.400
0 days 02:07:38.967000,5,19,+84.663,+2.554
0 days 02:07:43.255000,5,19,+84.703,+2.498
0 days 02:07:46.193000,5,19,+84.699,+2.483
0 days 02:07:53.325000,5,19,+84.809,+2.431
0 days 02:07:57.064000,5,19,+84.802,+2.407
0 days 02:08:00.908000,5,19,+84.751,+2.400
0 days 02:08:06.593000,5,19,+84.857,+2.317
0 days 02:08:11.393000,5,19,+84.869,+2.167
0 days 02:08:15.362000,5,19,+84.868,+2.131
0 days 02:08:21.668000,5,19,+85.085,+2.117
0 days 02:08:26.996000,5,19,+85.074,+2.066
0 days 02:08:31.237000,5,19,+85.053,+2.045
0 days 02:08:36.027000,5,19,+85.041,+2.029
0 days 02:08:40.057000,5,19,+85.037,+2.021
0 days 02:08:48.342000,5,19,+85.151,+1.966
0 days 02:08:52.345000,5,19,+85.174,+1.940
0 days 02:08:53.168000,5,19,+85.164,+1.876
0 days 02:08:57.583000,5,19,+85.143,+1.655
0 days 02:09:01.910000,5,19,+85.112,+1.601
0 days 02:09:03.121000,5,19,+85.108,+1.595
0 days 02:09:05.241000,5,19,+85.071,+1.513
0 days 02:09:10.267000,5,19,+85.113,+1.512
0 days 02:09:16.024000,5,19,+85.307,+1.510
0 days 02:09:20.342000,5,19,+85.356,+1.428
0 days 02:09:23.326000,5,19,+85.356,+1.410
0 days 02:09:30.410000,5,19,+85.399,+1.368
0 days 02:09:34.144000,5,19,+85.379,+1.342
0 days 02:09:38.010000,5,19,+85.371,+1.284
0 days 02:09:43.759000,5,19,+85.571,+1.182
0 days 02:09:48.611000,5,19,+85.687,+1.102
0 days 02:09:52.596000,5,19,+85.688,+1.096
0 days 02:09:59.021000,5,19,+85.954,+1.204
0 days 02:10:04.368000,5,19,+86.009,+1.151
0 days 02:10:08.742000,5,19,+86.042,+1.142
0 days 02:10:13.517000,5,19,+86.032,+1.129
0 days 02:10:17.314000,5,19,+86.036,+1.116
0 days 02:10:25.883000,5,19,+86.250,+1.171
0 days 02:10:29.865000,5,19,+86.278,+1.141
0 days 02:10:30.690000,5,19,+86.294,+1.102
0 days 02:10:35.194000,5,19,+86.385,+1.001
0 days 02:10:39.513000,5,19,+86.350,+0.948
0 days 02:10:40.706000,5,19,+86.329,+0.929
0 days 02:10:42.890000,5,19,+86.312,+0.913
0 days 02:10:47.942000,5,19,+86.311,+0.836
0 days 02:10:53.539000,5,19,+86.350,+0.967
0 days 02:10:57.979000,5,19,+86.410,+0.934
0 days 02:11:00.838000,5,19,+86.402,+0.915
0 days 02:11:07.966000,5,19,+86.517,+0.869
0 days 02:11:11.694000,5,19,+86.504,+0.849
0 days 02:11:15.657000,5,19,+86.560,+0.901
0 days 02:11:21.420000,5,19,+86.835,+0.935
0 days 02:11:26.442000,5,19,+86.975,+0.937
0 days 02:11:30.441000,5,19,+87.013,+0.938
0 days 02:11:36.812000,5,19,+87.225,+0.980
0 days 02:11:42.199000,5,19,+87.363,+1.085
0 days 02:11:46.568000,5,19,+87.377,+1.090
0 days 02:11:51.395000,5,19,+87.336,+1.037
0 days 02:11:55.042000,5,19,+87.158,+0.855
0 days 02:12:03.399000,5,19,+87.247,+0.801
0 days 02:12:07.364000,5,19,+87.273,+0.783
0 days 02:12:08.215000,5,19,+87.309,+0.739
0 days 02:12:12.669000,5,19,+87.321,+0.627
0 days 02:12:16.869000,5,19,+87.116,+0.426
0 days 02:12:18.022000,5,19,+87.064,+0.371
0 days 02:12:20.215000,5,19,+87.102,+0.398
0 days 02:12:25.342000,5,19,+87.126,+0.467
0 days 02:12:31.115000,5,19,+87.365,+0.536
0 days 02:12:35.395000,5,19,+87.409,+0.525
0 days 02:12:38.345000,5,19,+87.402,+0.514
0 days 02:12:45.529000,5,19,+87.492,+0.538
0 days 02:12:49.227000,5,19,+87.472,+0.507
0 days 02:12:53.204000,5,19,+87.436,+0.572
0 days 02:12:59.027000,5,19,+87.674,+0.587
0 days 02:13:03.964000,5,19,+87.806,+0.599
0 days 02:13:07.958000,5,19,+87.843,+0.616
0 days 02:13:14.399000,5,19,+88.181,+0.732
0 days 02:13:19.759000,5,19,+88.225,+0.742
0 days 02:13:24.129000,5,19,+88.211,+0.720
0 days 02:13:28.747000,5,19,+88.103,+0.620
0 days 02:13:32.495000,5,19,+87.891,+0.409
0 days 02:13:40.837000,5,18,+87.891,+0.409
0 days 02:13:40.912000,5,18,+88.001,+17.292
0 days 02:13:44.844000,5,18,+88.012,+17.304
0 days 02:13:45.710000,5,18,+88.074,+17.345
0 days 02:13:50.231000,5,18,+88.227,+17.473
0 days 02:13:54.616000,5,18,+88.234,+17.532
0 days 02:13:55.826000,5,18,+88.254,+17.579
0 days 02:13:58.145000,5,18,+88.315,+17.662
0 days 02:14:03.143000,5,18,+88.358,+17.611
0 days 02:14:08.706000,5,18,+88.441,+17.725
0 days 02:14:13.088000,5,18,+88.512,+17.724
0 days 02:14:16.016000,5,18,+88.538,+17.761
0 days 02:14:23.171000,5,18,+88.660,+17.772
0 days 02:14:26.911000,5,18,+88.658,+17.749
0 days 02:14:30.797000,5,18,+88.575,+17.718
0 days 02:14:36.498000,5,18,+88.777,+17.697
0 days 02:14:41.343000,5,18,+88.708,+17.583
0 days 02:14:45.243000,5,18,+88.668,+17.550
0 days 02:14:51.569000,5,18,+88.869,+17.630
0 days 02:14:56.865000,5,18,+88.850,+17.514
0 days 02:15:01.170000,5,18,+88.873,+17.454
0 days 02:15:06,5,18,+88.865,+17.466
0 days 02:15:09.870000,5,18,+88.912,+17.546
0 days 02:15:18.446000,5,18,+89.091,+20.360
0 days 02:15:22.386000,5,18,+89.156,+20.330
0 days 02:15:23.229000,5,18,+89.206,+20.315
0 days 02:15:27.661000,5,18,+89.216,+14.739
0 days 02:15:31.970000,5,17,+89.216,+14.739
0 days 02:15:32.044000,5,17,+89.232,+17.592
0 days 02:15:33.265000,5,17,+89.259,+17.633
0 days 02:15:35.443000,5,17,+89.247,+17.608
0 days 02:15:40.371000,5,17,+89.254,+17.568
0 days 02:15:46.113000,5,17,+89.439,+17.725
0 days 02:15:50.472000,5,17,+89.495,+17.726
0 days 02:15:53.396000,5,17,+89.536,+17.776
0 days 02:16:00.612000,5,17,+89.660,+17.834
0 days 02:16:04.296000,5,17,+89.659,+17.833
0 days 02:16:08.146000,5,17,+89.607,+17.819
0 days 02:16:13.871000,5,17,+89.740,+17.795
0 days 02:16:18.708000,5,17,+89.835,+17.829
0 days 02:16:22.677000,5,17,+89.859,+17.839
0 days 02:16:29.115000,5,17,+90.126,+18.046
0 days 02:16:34.446000,5,17,+90.129,+17.959
0 days 02:16:38.709000,5,17,+90.150,+17.916
0 days 02:16:43.574000,5,17,+90.152,+17.933
0 days 02:16:47.370000,5,17,+90.194,+17.995
0 days 02:16:56.021000,5,17,+90.471,+18.195
0 days 02:16:59.917000,5,17,+90.504,+18.220
0 days 02:17:00.773000,5,17,+90.550,+18.242
0 days 02:17:05.290000,5,17,+90.617,+18.298
0 days 02:17:09.612000,5,17,+90.642,+18.358
0 days 02:17:10.898000,5,17,+90.671,+18.409
0 days 02:17:12.990000,5,17,+90.712,+18.465
0 days 02:17:18.110000,5,17,+90.808,+18.520
0 days 02:17:23.697000,5,17,+90.857,+18.639
0 days 02:17:28.003000,5,17,+90.933,+18.671
0 days 02:17:31,5,17,+90.963,+18.718
0 days 02:17:38.144000,5,17,+91.081,+18.802
0 days 02:17:41.889000,5,17,+91.057,+18.772
0 days 02:17:45.818000,5,17,+91.119,+18.855
0 days 02:17:51.471000,5,17,+91.367,+18.884
0 days 02:17:56.371000,5,17,+91.418,+18.879
0 days 02:18:00.301000,5,17,+91.465,+18.889
0 days 02:18:06.768000,5,17,+91.746,+19.187
0 days 02:18:12.020000,5,17,+91.739,+19.073
0 days 02:18:16.381000,5,17,+91.773,+19.046
0 days 02:18:21.199000,5,17,+91.781,+19.056
0 days 02:18:25.004000,5,17,+91.833,+19.119
0 days 02:18:33.472000,5,17,+92.010,+19.177
0 days 02:18:37.462000,5,17,+92.049,+19.221
0 days 02:18:38.271000,5,17,+92.063,+19.258
0 days 02:18:42.771000,5,17,+92.107,+19.289
0 days 02:18:47.055000,5,17,+92.138,+19.352
0 days 02:18:48.270000,5,17,+92.179,+19.412
0 days 02:18:50.471000,5,17,+92.247,+19.419
0 days 02:18:55.615000,5,17,+92.380,+19.514
0 days 02:19:01.211000,5,17,+92.364,+19.610
0 days 02:19:05.517000,5,17,+92.446,+19.619
0 days 02:19:08.541000,5,17,+92.498,+19.663
0 days 02:19:15.675000,5,17,+92.570,+19.682
0 days 02:19:19.347000,5,17,+92.564,+19.689
0 days 02:19:23.297000,5,17,+92.638,+19.738
0 days 02:19:29.006000,5,17,+92.873,+19.690
0 days 02:19:33.869000,5,17,+92.790,+19.646
0 days 02:19:37.868000,5,17,+92.817,+19.659
0 days 02:19:44.253000,5,17,+93.050,+19.761
0 days 02:19:49.675000,5,17,+92.939,+19.686
0 days 02:19:53.819000,5,17,+92.951,+19.644
0 days 02:19:58.645000,5,17,+93.015,+19.682
0 days 02:20:02.494000,5,17,+93.247,+19.773
0 days 02:20:10.996000,5,17,+93.476,+19.879
0 days 02:20:14.982000,5,17,+93.540,+19.927
0 days 02:20:15.838000,5,17,+93.597,+19.946
0 days 02:20:20.336000,5,17,+93.694,+19.960
0 days 02:20:24.594000,5,17,+93.711,+20.002
0 days 02:20:25.818000,5,17,+93.718,+20.024
0 days 02:20:27.953000,5,17,+93.693,+19.970
0 days 02:20:32.867000,5,17,+93.750,+19.712
0 days 02:20:38.737000,5,17,+93.917,+19.846
0 days 02:20:42.928000,5,17,+94.077,+19.911
0 days 02:20:45.872000,5,17,+94.085,+19.924
0 days 02:20:52.986000,5,17,+94.172,+19.872
0 days 02:20:56.730000,5,17,+94.190,+19.890
0 days 02:21:00.546000,5,17,+94.182,+19.760
0 days 02:21:06.236000,5,17,+94.385,+19.700
0 days 02:21:11.104000,5,17,+94.461,+19.684
0 days 02:21:15.075000,5,17,+94.493,+19.661
0 days 02:21:21.418000,5,17,+94.712,+19.742
0 days 02:21:26.772000,5,17,+94.851,+19.739
0 days 02:21:31.120000,5,17,+94.875,+19.714
0 days 02:21:36.572000,5,17,+95.556,+20.395
0 days 02:21:40.961000,5,17,1 L,+20.999
0 days 02:21:49.939000,5,17,1 L,+21.330
0 days 02:21:53.953000,5,17,1 L,+21.369
0 days 02:21:54.714000,5,17,1 L,+21.401
0 days 02:21:59.261000,5,17,1 L,+21.506
0 days 02:22:03.431000,5,17,1 L,+21.412
0 days 02:22:04.599000,5,17,1 L,+21.409
0 days 02:22:06.868000,5,17,1 L,+21.473
0 days 02:22:11.940000,5,17,1 L,+21.529
0 days 02:22:17.668000,5,17,1 L,+21.752
0 days 02:22:22.099000,5,17,1 L,+21.840
0 days 02:22:25.047000,5,17,1 L,+21.858
0 days 02:22:32.201000,5,17,1 L,+21.920
0 days 02:22:35.915000,5,17,1 L,+21.937
0 days 02:22:39.828000,5,17,1 L,+21.983
0 days 02:22:45.550000,5,17,1 L,+21.972
0 days 02:22:50.458000,5,17,1 L,+22.005
0 days 02:22:55.356000,5,17,1 L,+22.899
0 days 02:23:02.247000,5,17,1 L,+23.607
0 days 02:23:07.890000,5,17,1 L,+23.664
0 days 02:23:12.019000,5,17,1 L,+23.631
0 days 02:23:16.773000,5,17,1 L,+23.571
0 days 02:23:20.423000,5,17,1 L,+23.406
0 days 02:23:28.965000,5,17,1 L,+23.607
0 days 02:23:32.903000,5,17,1 L,+23.610
0 days 02:23:33.775000,5,17,1 L,+23.638
0 days 02:23:38.257000,5,17,1 L,+23.767
0 days 02:23:42.447000,5,17,1 L,+23.674
0 days 02:23:43.647000,5,17,1 L,+23.672
0 days 02:23:45.728000,5,17,1 L,+23.628
0 days 02:23:50.902000,5,17,1 L,+23.672
0 days 02:23:56.547000,5,17,1 L,+23.870
0 days 02:24:00.862000,5,17,1 L,+23.911
0 days 02:24:03.793000,5,17,1 L,+23.929
0 days 02:24:11.091000,5,17,1 L,+24.084
0 days 02:24:14.821000,5,17,1 L,+24.164
0 days 02:24:18.711000,5,17,1 L,+24.205
0 days 02:24:24.494000,5,17,1 L,+24.200
0 days 02:24:29.312000,5,17,1 L,+24.287
0 days 02:24:33.249000,5,17,1 L,+24.268
0 days 02:24:39.574000,5,17,1 L,+24.365
0 days 02:24:44.929000,5,17,1 L,+24.328
0 days 02:24:49.204000,5,17,1 L,+24.284
0 days 02:24:54.052000,5,17,1 L,+24.318
0 days 02:24:57.899000,5,17,1 L,+24.380
0 days 02:25:06.424000,5,17,1 L,+24.581
0 days 02:25:10.324000,5,17,1 L,+24.588
0 days 02:25:11.256000,5,17,1 L,+24.590
0 days 02:25:15.638000,5,17,1 L,+24.714
0 days 02:25:20.049000,5,17,1 L,+24.744
0 days 02:25:21.211000,5,17,1 L,+24.750
0 days 02:25:23.274000,5,17,1 L,+24.665
0 days 02:25:28.274000,5,17,1 L,+24.581
0 days 02:25:33.978000,5,17,1 L,+24.640
0 days 02:25:38.321000,5,17,1 L,+24.681
0 days 02:25:41.286000,5,17,1 L,+24.693
0 days 02:25:48.374000,5,17,1 L,+24.629
0 days 02:25:52.124000,5,17,1 L,+24.621
0 days 02:25:55.913000,5,17,1 L,+24.604
0 days 02:26:01.549000,5,17,1 L,+24.625
0 days 02:26:06.452000,5,17,1 L,+24.657
0 days 02:26:10.401000,5,17,1 L,+24.619
0 days 02:26:16.637000,5,17,1 L,+24.598
0 days 02:26:22.092000,5,17,1 L,+24.643
0 days 02:26:26.372000,5,17,1 L,+24.625
0 days 02:26:31.174000,5,17,1 L,+24.664
0 days 02:26:35.024000,5,17,1 L,+24.687
0 days 02:26:43.576000,5,17,1 L,+24.694
0 days 02:26:47.407000,5,17,1 L,+24.604
0 days 02:26:48.263000,5,17,1 L,+24.612
0 days 02:26:52.772000,5,17,1 L,+24.708
0 days 02:26:57.105000,5,17,1 L,+24.718
0 days 02:26:58.370000,5,17,1 L,+24.728
0 days 02:27:00.504000,5,17,1 L,+24.610
0 days 02:27:05.501000,5,17,1 L,+24.614
0 days 02:27:11.201000,5,17,1 L,+24.629
0 days 02:27:15.421000,5,17,1 L,+24.612
0 days 02:27:18.421000,5,17,1 L,+24.652
0 days 02:27:25.575000,5,17,1 L,+24.722
0 days 02:27:29.324000,5,17,1 L,+24.776
0 days 02:27:33.304000,5,17,1 L,+24.771
0 days 02:27:38.826000,5,17,1 L,+24.682
0 days 02:27:43.735000,5,17,1 L,+24.649
0 days 02:27:47.650000,5,17,1 L,+24.632
0 days 02:27:54.001000,5,17,1 L,+24.770
0 days 02:27:59.508000,5,17,1 L,+24.832
0 days 02:28:03.802000,5,17,1 L,+24.803
0 days 02:28:08.627000,5,17,1 L,+24.841
0 days 02:28:12.472000,5,17,1 L,+24.894
0 days 02:28:21.015000,5,17,1 L,+24.957
0 days 02:28:24.961000,5,17,1 L,+24.986
0 days 02:28:25.823000,5,17,1 L,+25.033
0 days 02:28:30.297000,5,17,1 L,+25.003
0 days 02:28:34.649000,5,17,1 L,+24.991
0 days 02:28:35.856000,5,17,1 L,+25.012
0 days 02:28:38.001000,5,17,1 L,+25.004
0 days 02:28:42.969000,5,17,1 L,+24.957
0 days 02:28:48.696000,5,17,1 L,+25.159
0 days 02:28:53.050000,5,17,1 L,+25.177
0 days 02:28:56.060000,5,17,1 L,+25.203
0 days 02:29:03.175000,5,17,1 L,+25.348
0 days 02:29:06.966000,5,17,1 L,+25.383
0 days 02:29:10.902000,5,17,1 L,+25.499
0 days 02:29:16.558000,5,17,1 L,+25.531
0 days 02:29:21.577000,5,17,1 L,+25.561
0 days 02:29:25.469000,5,17,1 L,+25.539
0 days 02:29:32.022000,5,17,1 L,+25.862
0 days 02:29:37.405000,5,17,1 L,+25.852
0 days 02:29:41.683000,5,17,1 L,+25.789
0 days 02:29:46.479000,5,17,1 L,+25.800
0 days 02:29:50.248000,5,17,1 L,+25.825
0 days 02:29:59.326000,5,17,1 L,+26.459
0 days 02:30:03.435000,5,17,1 L,+26.641
0 days 02:30:04.332000,5,17,1 L,+26.717
0 days 02:30:08.950000,5,17,1 L,+26.805
0 days 02:32:38.777000,5,17,1 L,+19.877
0 days 02:34:01.493000,5,17,1L,+19.877
0 days 00:00:03.711000,30,20,,
0 days 00:59:15.928000,30,20,+5.649,+3.678
0 days 00:59:18.902000,30,20,+6.092,+3.685
0 days 00:59:24.158000,30,20,+6.415,+2.805
0 days 00:59:29.811000,30,20,+6.617,+2.202
0 days 00:59:34.064000,30,20,+6.739,+2.093
0 days 00:59:37.064000,30,20,+6.720,+1.669
0 days 00:59:44.338000,30,20,+6.975,+1.219
0 days 00:59:48.167000,30,20,+6.957,+1.218
0 days 00:59:52.438000,30,20,+7.231,+0.995
0 days 00:59:58.989000,30,18,+7.231,+0.995
0 days 00:59:59.086000,30,18,+8.245,+1.682
0 days 01:00:04.135000,30,18,+8.799,+1.318
0 days 01:00:08.275000,30,18,+9.015,+1.342
0 days 01:00:14.992000,30,18,+9.636,+1.051
0 days 01:00:20.438000,30,18,+9.992,+1.312
0 days 01:00:24.971000,30,18,+10.140,+1.390
0 days 01:00:29.886000,30,18,+10.155,+1.477
0 days 01:00:33.710000,30,18,+10.140,+1.552
0 days 01:00:42.555000,30,18,+10.487,+1.046
0 days 01:00:46.535000,30,18,+10.478,+0.980
0 days 01:00:47.509000,30,18,+10.518,+0.968
0 days 01:00:52.038000,30,18,+10.584,+1.024
0 days 01:00:56.465000,30,18,+10.350,+1.074
0 days 01:00:57.679000,30,18,+10.255,+1.089
0 days 01:01:00.090000,30,18,+10.301,+0.966
0 days 01:01:05.412000,30,18,+10.564,+1.129
0 days 01:01:10.936000,30,18,+10.715,+0.625
0 days 01:01:15.169000,30,18,+10.818,+0.700
0 days 01:01:18.138000,30,18,+10.808,+0.691
0 days 01:01:25.432000,30,18,+11.035,+0.633
0 days 01:01:29.138000,30,18,+10.981,+0.595
0 days 01:01:33.387000,30,18,+11.143,+0.557
0 days 01:01:39.511000,30,18,+11.651,+0.540
0 days 01:01:44.486000,30,18,+11.895,+0.592
0 days 01:01:48.515000,30,18,+11.953,+0.607
0 days 01:01:55.056000,30,18,+12.342,+0.576
0 days 01:02:00.531000,30,18,+12.534,+0.717
0 days 01:02:05.013000,30,18,+12.580,+0.777
0 days 01:02:09.838000,30,18,+12.517,+0.833
0 days 01:02:13.458000,30,18,+12.288,+0.903
0 days 01:02:22.035000,30,18,+12.441,+0.664
0 days 01:02:26.139000,30,18,+12.531,+0.659
0 days 01:02:27.265000,30,18,+12.640,+0.692
0 days 01:02:31.692000,30,18,+12.673,+0.585
0 days 01:02:35.916000,30,18,+12.424,+0.609
0 days 01:02:37.064000,30,18,+12.332,+0.620
0 days 01:02:39.439000,30,18,+12.442,+0.703
0 days 01:02:44.813000,30,18,+12.826,+0.541
0 days 01:02:50.528000,30,18,+13.012,+0.569
0 days 01:02:54.741000,30,18,+13.066,+0.597
0 days 01:02:57.767000,30,18,+13.045,+0.567
0 days 01:03:05.106000,30,18,+13.241,+0.622
0 days 01:03:08.896000,30,18,+13.230,+0.599
0 days 01:03:13.122000,30,18,+13.279,+0.601
0 days 01:03:19.193000,30,18,+13.691,+0.623
0 days 01:03:24.204000,30,18,+14.010,+0.658
0 days 01:03:28.266000,30,18,+14.103,+0.650
0 days 01:03:34.767000,30,18,+14.421,+0.773
0 days 01:03:40.395000,30,18,+14.618,+0.937
0 days 01:03:44.907000,30,18,+14.713,+0.998
0 days 01:03:49.728000,30,18,+14.676,+1.019
0 days 01:03:53.372000,30,18,+14.471,+1.035
0 days 01:04:01.833000,30,18,+14.492,+0.873
0 days 01:04:05.903000,30,18,+14.508,+0.806
0 days 01:04:06.861000,30,18,+14.579,+0.801
0 days 01:04:11.414000,30,18,+14.722,+0.840
0 days 01:04:15.638000,30,18,+14.454,+0.812
0 days 01:04:16.746000,30,18,+14.355,+0.794
0 days 01:04:19.096000,30,18,+14.400,+0.815
0 days 01:04:24.466000,30,18,+14.573,+0.763
0 days 01:04:30.096000,30,18,+14.716,+0.830
0 days 01:04:34.439000,30,18,+14.763,+0.817
0 days 01:04:37.428000,30,18,+14.728,+0.805
0 days 01:04:44.731000,30,17,+14.728,+0.805
0 days 01:04:44.814000,30,17,+15.016,+0.728
0 days 01:04:48.593000,30,17,+15.036,+0.718
0 days 01:04:52.768000,30,17,+15.066,+0.594
0 days 01:04:59.018000,30,17,+15.578,+0.668
0 days 01:05:04.040000,30,17,+15.897,+0.712
0 days 01:05:08.162000,30,17,+15.984,+0.747
0 days 01:05:14.571000,30,17,+16.252,+0.832
0 days 01:05:20.135000,30,17,+16.476,+0.982
0 days 01:05:24.547000,30,17,+16.527,+1.041
0 days 01:05:29.403000,30,17,+16.491,+1.077
0 days 01:05:33.040000,30,17,+16.308,+1.078
0 days 01:05:41.605000,30,17,+16.503,+0.981
0 days 01:05:45.678000,30,17,+16.500,+0.952
0 days 01:05:46.616000,30,17,+16.542,+0.988
0 days 01:05:51.077000,30,17,+16.532,+0.932
0 days 01:05:55.249000,30,17,+16.277,+0.894
0 days 01:05:56.367000,30,17,+16.169,+0.869
0 days 01:05:58.726000,30,17,+16.142,+0.920
0 days 01:06:03.973000,30,17,+16.179,+0.653
0 days 01:06:09.806000,30,17,+16.539,+0.783
0 days 01:06:14.066000,30,17,+16.593,+0.775
0 days 01:06:17.060000,30,17,+16.578,+0.735
0 days 01:06:24.329000,30,17,+16.698,+0.721
0 days 01:06:28.140000,30,17,+16.659,+0.704
0 days 01:06:32.287000,30,17,+16.690,+0.799
0 days 01:06:38.441000,30,17,+17.032,+0.857
0 days 01:06:43.404000,30,17,+17.216,+0.771
0 days 01:06:47.443000,30,17,+17.245,+0.756
0 days 01:06:53.930000,30,17,+17.552,+0.909
0 days 01:06:59.482000,30,17,+17.802,+1.029
0 days 01:07:03.936000,30,17,+17.853,+1.052
0 days 01:07:08.769000,30,17,+17.810,+1.057
0 days 01:07:12.373000,30,17,+17.627,+1.036
0 days 01:07:20.918000,30,17,+17.672,+1.029
0 days 01:07:24.916000,30,17,+17.660,+0.990
0 days 01:07:25.872000,30,17,+17.693,+0.992
0 days 01:07:30.306000,30,17,+17.678,+0.981
0 days 01:07:34.460000,30,17,+17.405,+0.930
0 days 01:07:35.584000,30,17,+17.294,+0.894
0 days 01:07:37.863000,30,17,+17.289,+0.944
0 days 01:07:43.133000,30,17,+17.471,+0.759
0 days 01:07:48.867000,30,17,+17.730,+0.801
0 days 01:07:53.159000,30,17,+17.757,+0.813
0 days 01:07:56.161000,30,17,+17.742,+0.760
0 days 01:08:03.442000,30,17,+17.845,+0.776
0 days 01:08:07.231000,30,17,+17.842,+0.740
0 days 01:08:11.340000,30,17,+17.944,+0.776
0 days 01:08:17.516000,30,17,+18.350,+0.780
0 days 01:08:22.485000,30,17,+18.602,+0.750
0 days 01:08:26.562000,30,17,+18.678,+0.747
0 days 01:08:33.024000,30,17,+19.038,+0.840
0 days 01:08:38.716000,30,17,+19.361,+0.932
0 days 01:08:43.185000,30,17,+19.437,+0.970
0 days 01:08:47.975000,30,17,+19.387,+0.971
0 days 01:08:51.657000,30,17,+19.194,+0.922
0 days 01:09:00.132000,30,17,+19.382,+0.876
0 days 01:09:04.219000,30,17,+19.396,+0.781
0 days 01:09:05.142000,30,17,+19.441,+0.771
0 days 01:09:09.587000,30,17,+19.481,+0.790
0 days 01:09:13.801000,30,17,+19.214,+0.729
0 days 01:09:14.910000,30,17,+19.100,+0.688
0 days 01:09:17.331000,30,17,+19.083,+0.702
0 days 01:09:22.609000,30,17,+19.392,+0.769
0 days 01:09:28.442000,30,17,+19.623,+0.798
0 days 01:09:32.842000,30,17,+19.715,+0.785
0 days 01:09:35.842000,30,17,+19.703,+0.725
0 days 01:09:43.129000,30,17,+19.925,+0.664
0 days 01:09:46.994000,30,17,+19.956,+0.648
0 days 01:09:51.144000,30,17,+19.979,+0.777
0 days 01:09:57.178000,30,17,+20.278,+0.835
0 days 01:10:02.209000,30,17,+20.406,+0.846
0 days 01:10:06.218000,30,17,+20.402,+0.827
0 days 01:10:12.616000,30,17,+20.668,+0.842
0 days 01:10:18.176000,30,17,+20.832,+0.962
0 days 01:10:22.669000,30,17,+20.914,+0.972
0 days 01:10:27.435000,30,17,+20.874,+0.964
0 days 01:10:31.062000,30,17,+20.705,+0.935
0 days 01:10:39.683000,30,17,+21.017,+0.983
0 days 01:10:43.818000,30,17,+21.027,+0.927
0 days 01:10:44.643000,30,17,+21.091,+0.967
0 days 01:10:49.110000,30,17,+21.108,+0.919
0 days 01:10:53.319000,30,17,+20.857,+0.860
0 days 01:10:54.468000,30,17,+20.751,+0.824
0 days 01:10:56.743000,30,17,+20.731,+0.914
0 days 01:11:01.975000,30,17,+20.815,+0.738
0 days 01:11:07.810000,30,17,+21.110,+0.773
0 days 01:11:12.138000,30,17,+21.144,+0.823
0 days 01:11:15.120000,30,17,+21.116,+0.776
0 days 01:11:22.492000,30,17,+21.211,+0.762
0 days 01:11:26.217000,30,17,+21.222,+0.732
0 days 01:11:30.364000,30,17,+21.237,+0.825
0 days 01:11:36.389000,30,17,+21.647,+0.956
0 days 01:11:41.443000,30,17,+21.763,+0.890
0 days 01:11:45.507000,30,17,+21.790,+0.881
0 days 01:11:51.969000,30,17,+22.045,+0.950
0 days 01:11:57.586000,30,17,+22.177,+0.989
0 days 01:12:02.017000,30,17,+22.213,+0.997
0 days 01:12:06.771000,30,17,+22.156,+0.981
0 days 01:12:10.391000,30,17,+21.975,+0.944
0 days 01:12:18.933000,30,17,+22.093,+0.814
0 days 01:12:23.012000,30,17,+22.089,+0.786
0 days 01:12:23.901000,30,17,+22.088,+0.782
0 days 01:12:28.321000,30,17,+22.092,+0.774
0 days 01:12:32.543000,30,17,+21.852,+0.756
0 days 01:12:33.675000,30,17,+21.751,+0.733
0 days 01:12:35.987000,30,17,+21.764,+0.835
0 days 01:12:41.290000,30,17,+21.874,+0.689
0 days 01:12:47.126000,30,17,+22.086,+0.681
0 days 01:12:51.420000,30,17,+22.121,+0.729
0 days 01:12:54.443000,30,17,+22.103,+0.705
0 days 01:13:01.771000,30,17,+22.243,+0.739
0 days 01:13:05.574000,30,17,+22.268,+0.730
0 days 01:13:09.748000,30,17,+22.318,+0.829
0 days 01:13:15.870000,30,17,+22.726,+1.010
0 days 01:13:20.913000,30,17,+22.897,+0.900
0 days 01:13:25.001000,30,17,+22.941,+0.888
0 days 01:13:31.465000,30,17,+23.216,+0.979
0 days 01:13:37.025000,30,17,+23.434,+0.986
0 days 01:13:41.561000,30,17,+23.511,+1.000
0 days 01:13:46.440000,30,17,+23.455,+0.970
0 days 01:13:49.970000,30,17,+23.268,+0.929
0 days 01:13:58.539000,30,17,+23.490,+0.961
0 days 01:14:02.644000,30,17,+23.487,+0.913
0 days 01:14:03.525000,30,17,+23.492,+0.879
0 days 01:14:08.045000,30,17,+23.636,+0.986
0 days 01:14:12.270000,30,17,+23.402,+0.966
0 days 01:14:13.370000,30,17,+23.285,+0.940
0 days 01:14:15.640000,30,17,+23.244,+0.950
0 days 01:14:20.988000,30,17,+23.463,+0.817
0 days 01:14:26.772000,30,17,+23.719,+0.937
0 days 01:14:31.166000,30,17,+23.814,+0.948
0 days 01:14:34.172000,30,17,+23.798,+0.919
0 days 01:14:41.523000,30,17,+23.917,+0.940
0 days 01:14:45.333000,30,17,+23.898,+0.926
0 days 01:14:49.471000,30,17,+23.985,+1.064
0 days 01:14:55.545000,30,17,+24.272,+1.119
0 days 01:15:00.624000,30,17,+24.410,+1.036
0 days 01:15:04.628000,30,17,+24.456,+1.062
0 days 01:15:11.006000,30,17,+24.731,+1.036
0 days 01:15:16.658000,30,17,+24.912,+1.091
0 days 01:15:21.021000,30,17,+24.944,+1.087
0 days 01:15:25.819000,30,17,+24.924,+1.110
0 days 01:15:29.653000,30,17,+24.905,+1.238
0 days 01:15:38.171000,30,17,+25.120,+1.159
0 days 01:15:42.272000,30,17,+25.129,+1.127
0 days 01:15:43.175000,30,17,+25.172,+1.133
0 days 01:15:47.645000,30,17,+25.229,+1.160
0 days 01:15:51.956000,30,16,+25.229,+1.160
0 days 01:15:52.033000,30,16,+25.126,+1.308
0 days 01:15:53.189000,30,16,+25.070,+1.335
0 days 01:15:55.521000,30,16,+25.119,+1.420
0 days 01:16:00.719000,30,16,+25.252,+1.225
0 days 01:16:06.471000,30,16,+25.372,+1.199
0 days 01:16:10.682000,30,16,+25.348,+1.179
0 days 01:16:13.685000,30,16,+25.329,+1.157
0 days 01:16:20.924000,30,16,+25.330,+1.137
0 days 01:16:24.684000,30,16,+25.314,+1.110
0 days 01:16:28.745000,30,16,+25.301,+1.184
0 days 01:16:34.671000,30,16,+25.475,+1.196
0 days 01:16:39.680000,30,16,+25.609,+1.075
0 days 01:16:43.740000,30,16,+25.652,+1.069
0 days 01:16:50.112000,30,16,+25.871,+1.018
0 days 01:16:55.871000,30,16,+26.083,+1.136
0 days 01:17:00.222000,30,16,+26.147,+1.169
0 days 01:17:05.045000,30,16,+26.146,+1.217
0 days 01:17:08.819000,30,16,+26.133,+1.359
0 days 01:17:17.272000,30,16,+26.145,+1.308
0 days 01:17:21.350000,30,16,+26.142,+1.340
0 days 01:17:22.272000,30,16,+26.171,+1.658
0 days 01:17:26.774000,30,15,+26.171,+1.658
0 days 01:17:26.789000,30,15,+26.257,+2.103
0 days 01:17:31.138000,30,13,+26.257,+2.103
0 days 01:17:31.219000,30,13,+26.204,+2.118
0 days 01:17:32.446000,30,13,+26.177,+2.107
0 days 01:17:34.700000,30,13,+26.170,+2.101
0 days 01:17:39.930000,30,13,+26.228,+1.917
0 days 01:17:45.515000,30,13,+26.266,+1.928
0 days 01:17:49.795000,30,13,+26.306,+1.870
0 days 01:17:52.846000,30,13,+26.289,+1.865
0 days 01:18:00.022000,30,13,+26.288,+1.881
0 days 01:18:03.846000,30,13,+26.298,+1.897
0 days 01:18:07.838000,30,13,+26.230,+1.749
0 days 01:18:13.779000,30,13,+26.374,+1.755
0 days 01:18:18.744000,30,13,+26.454,+1.728
0 days 01:18:22.796000,30,13,+26.491,+1.747
0 days 01:18:29.250000,30,13,+26.750,+1.864
0 days 01:18:34.787000,30,13,+26.858,+1.822
0 days 01:18:39.176000,30,13,+26.891,+1.819
0 days 01:18:44.008000,30,13,+26.883,+1.819
0 days 01:18:47.811000,30,13,+26.877,+1.821
0 days 01:18:56.319000,30,13,+27.035,+1.801
0 days 01:19:00.371000,30,13,+27.051,+1.814
0 days 01:19:01.206000,30,13,+27.070,+1.813
0 days 01:19:05.724000,30,13,+27.071,+1.791
0 days 01:19:10.019000,30,11,+27.071,+1.791
0 days 01:19:10.093000,30,11,+27.009,+1.788
0 days 01:19:11.289000,30,11,+26.974,+1.781
0 days 01:19:13.520000,30,11,+26.939,+1.686
0 days 01:19:18.804000,30,11,+27.128,+1.549
0 days 01:19:24.510000,30,11,+27.289,+1.598
0 days 01:19:28.793000,30,11,+27.322,+1.561
0 days 01:19:31.777000,30,11,+27.311,+1.573
0 days 01:19:39.020000,30,11,+27.347,+1.601
0 days 01:19:42.799000,30,11,+27.338,+1.586
0 days 01:19:46.710000,30,11,+27.245,+1.335
0 days 01:19:52.687000,30,11,+27.462,+1.318
0 days 01:19:57.721000,30,11,+27.587,+1.394
0 days 01:20:01.784000,30,11,+27.607,+1.424
0 days 01:20:08.294000,30,11,+27.865,+1.613
0 days 01:20:13.775000,30,11,+27.926,+1.549
0 days 01:20:18.181000,30,11,+27.968,+1.594
0 days 01:20:23.006000,30,11,+27.963,+1.606
0 days 01:20:26.846000,30,11,+27.948,+1.606
0 days 01:20:35.507000,30,11,+28.165,+1.758
0 days 01:20:39.473000,30,11,+28.169,+1.766
0 days 01:20:40.410000,30,11,+28.216,+1.772
0 days 01:20:44.856000,30,11,+28.251,+1.768
0 days 01:20:49.195000,30,9,+28.251,+1.768
0 days 01:20:49.273000,30,9,+28.205,+1.770
0 days 01:20:50.473000,30,9,+28.182,+1.759
0 days 01:20:52.747000,30,9,+28.179,+1.746
0 days 01:20:57.999000,30,9,+28.261,+1.519
0 days 01:21:03.689000,30,9,+28.381,+1.523
0 days 01:21:07.975000,30,9,+28.452,+1.497
0 days 01:21:10.973000,30,9,+28.446,+1.504
0 days 01:21:18.153000,30,9,+28.456,+1.517
0 days 01:21:21.910000,30,9,+28.426,+1.501
0 days 01:21:25.851000,30,9,+28.416,+1.290
0 days 01:21:31.906000,30,9,+28.724,+1.439
0 days 01:21:36.921000,30,9,+28.904,+1.515
0 days 01:21:40.904000,30,9,+28.924,+1.543
0 days 01:21:47.294000,30,9,+29.147,+1.620
0 days 01:21:52.801000,30,9,+29.306,+1.629
0 days 01:21:57.215000,30,9,+29.344,+1.677
0 days 01:22:02.044000,30,9,+26.142,+1.689
0 days 01:22:05.890000,30,9,+26.131,+1.697
0 days 01:22:14.348000,30,9,+26.072,+1.603
0 days 01:22:18.294000,30,9,+26.068,+1.589
0 days 01:22:19.175000,30,9,+26.070,+1.552
0 days 01:22:23.663000,30,9,+26.123,+1.557
0 days 01:22:28.074000,30,9,+26.063,+1.557
0 days 01:22:29.287000,30,9,+26.031,+1.240
0 days 01:22:31.551000,30,9,+26.196,+0.787
0 days 01:22:36.821000,30,9,+26.267,+0.983
0 days 01:22:42.634000,30,9,+26.473,+1.058
0 days 01:22:46.887000,30,9,+26.439,+1.298
0 days 01:22:49.887000,30,9,+26.417,+1.357
0 days 01:22:57.125000,30,9,+26.382,+1.059
0 days 01:23:00.903000,30,9,+26.374,+1.067
0 days 01:23:04.869000,30,9,+26.400,+0.691
0 days 01:23:10.982000,30,9,+26.753,+0.786
0 days 01:23:16.093000,30,9,+26.847,+0.868
0 days 01:23:20.165000,30,9,+26.897,+0.896
0 days 01:23:26.519000,30,9,+26.847,+0.966
0 days 01:23:32.103000,30,9,+27.061,+1.019
0 days 01:23:36.500000,30,9,+27.134,+1.043
0 days 01:23:41.322000,30,9,+27.080,+0.998
0 days 01:23:44.888000,30,9,+26.886,+0.814
0 days 01:23:53.266000,30,10,+26.886,+0.814
0 days 01:23:53.675000,30,10,+27.223,+0.302
0 days 01:23:57.801000,30,10,+27.439,+0.475
0 days 01:23:58.855000,30,10,+9.205,+0.587
0 days 01:24:03.353000,30,10,+22.559,+0.625
0 days 01:24:07.577000,30,10,+9.079,+0.633
0 days 01:24:08.629000,30,9,+9.079,+0.633
0 days 01:24:08.720000,30,9,+8.960,+0.622
0 days 01:24:11.068000,30,9,+8.977,+0.702
0 days 01:24:16.374000,30,9,+8.969,+0.815
0 days 01:24:22.122000,30,9,+9.267,+0.928
0 days 01:24:26.498000,30,9,+9.274,+1.001
0 days 01:24:29.474000,30,9,+9.264,+1.037
0 days 01:24:36.729000,30,10,+9.264,+1.037
0 days 01:24:37.010000,30,10,+9.651,+0.209
0 days 01:24:40.734000,30,10,+9.609,+0.186
0 days 01:24:45.160000,30,10,+9.924,+0.385
0 days 01:24:51.459000,30,10,+10.467,+0.928
0 days 01:24:56.567000,30,10,+10.642,+1.237
0 days 01:25:00.645000,30,10,+10.676,+1.336
0 days 01:25:07.095000,30,10,+10.868,+1.558
0 days 01:25:12.567000,30,10,+10.813,+1.684
0 days 01:25:16.970000,30,10,+10.839,+1.806
0 days 01:25:21.875000,30,10,+10.837,+1.989
0 days 01:25:25.627000,30,10,+10.829,+2.291
0 days 01:25:34.228000,30,10,+10.902,+2.339
0 days 01:25:38.290000,30,10,+10.933,+2.133
0 days 01:25:39.187000,30,10,+10.963,+2.059
0 days 01:25:43.597000,30,10,+11.031,+1.945
0 days 01:25:48.186000,30,10,+11.213,+2.329
0 days 01:25:49.546000,30,11,+11.213,+2.329
0 days 01:25:49.706000,30,11,+11.478,+0.060
0 days 01:25:52.450000,30,11,+11.740,+0.346
0 days 01:25:57.797000,30,11,+11.944,+0.672
0 days 01:26:03.488000,30,11,+12.184,+0.964
0 days 01:26:07.871000,30,11,+12.191,+1.048
0 days 01:26:10.837000,30,11,+12.172,+1.053
0 days 01:26:18.033000,30,11,+12.223,+1.150
0 days 01:26:21.868000,30,11,+12.208,+1.162
0 days 01:26:25.959000,30,11,+12.269,+1.236
0 days 01:26:31.934000,30,11,+12.409,+1.536
0 days 01:26:36.984000,30,11,+12.589,+1.713
0 days 01:26:41.062000,30,11,+12.603,+1.744
0 days 01:26:47.511000,30,11,+12.654,+1.895
0 days 01:26:52.850000,30,11,+12.652,+1.999
0 days 01:26:57.271000,30,11,+12.704,+2.071
0 days 01:27:02.127000,30,11,+12.124,+2.109
0 days 01:27:05.936000,30,11,+12.345,+2.141
0 days 01:27:14.495000,30,11,+12.671,+2.208
0 days 01:27:18.543000,30,11,+12.708,+2.254
0 days 01:27:19.476000,30,11,+12.770,+2.298
0 days 01:27:24.092000,30,11,+12.927,+0.061
0 days 01:27:28.315000,30,10,+12.927,+0.061
0 days 01:27:28.392000,30,10,+12.873,+2.327
0 days 01:27:29.576000,30,10,+12.846,+2.351
0 days 01:27:31.891000,30,10,+12.907,+2.377
0 days 01:27:37.350000,30,10,+13.168,+2.510
0 days 01:27:42.866000,30,10,+13.303,+2.498
0 days 01:27:47.312000,30,10,+13.389,+2.532
0 days 01:27:50.239000,30,10,+13.365,+2.548
0 days 01:27:57.497000,30,10,+13.518,+2.635
0 days 01:28:01.296000,30,10,+13.548,+2.662
0 days 01:28:05.339000,30,10,+13.595,+2.780
0 days 01:28:11.317000,30,10,+13.892,+2.906
0 days 01:28:16.326000,30,10,+14.096,+2.953
0 days 01:28:20.367000,30,10,+14.148,+2.991
0 days 01:28:26.774000,30,10,+14.466,+3.136
0 days 01:28:32.277000,30,10,+14.618,+3.225
0 days 01:28:36.705000,30,10,+14.706,+3.289
0 days 01:28:41.551000,30,10,+14.717,+3.399
0 days 01:28:45.370000,30,10,+14.715,+3.622
0 days 01:28:54.017000,30,10,+15.046,+3.671
0 days 01:28:57.955000,30,10,+14.967,+3.589
0 days 01:28:58.502000,30,10,+14.698,+3.214
0 days 01:29:15.125000,30,11,+14.698,+3.214
0 days 01:29:15.736000,30,12,+14.698,+3.214
0 days 01:29:18.525000,30,13,+14.698,+3.214
0 days 01:29:18.800000,30,14,+14.698,+3.214
0 days 01:29:19.329000,30,15,+14.698,+3.214
0 days 01:29:19.690000,30,16,+14.698,+3.214
0 days 01:29:21.144000,30,17,+14.698,+3.214
0 days 01:29:24.693000,30,18,+14.698,+3.214
0 days 01:29:31.251000,30,18,+37.347,+5.265
0 days 01:29:34.181000,30,18,+38.004,+5.894
0 days 01:29:39.306000,30,18,+38.091,+5.835
0 days 01:29:44.830000,30,18,+38.177,+5.959
0 days 01:29:49.125000,30,18,+38.231,+5.910
0 days 01:29:52.077000,30,18,+38.223,+5.920
0 days 01:29:59.334000,30,18,+38.294,+6.095
0 days 01:30:03.111000,30,18,+38.284,+6.099
0 days 01:30:07.156000,30,18,+38.211,+5.945
0 days 01:30:12.953000,30,18,+38.347,+5.965
0 days 01:30:17.692000,30,18,+38.356,+5.971
0 days 01:30:21.682000,30,18,+38.340,+5.976
0 days 01:30:27.984000,30,18,+38.421,+6.023
0 days 01:30:33.251000,30,18,+38.356,+5.842
0 days 01:30:37.677000,30,18,+38.428,+5.878
0 days 01:30:42.451000,30,18,+38.470,+5.911
0 days 01:30:46.283000,30,18,+38.503,+5.967
0 days 01:30:54.672000,30,18,+38.516,+5.908
0 days 01:30:58.678000,30,18,+38.468,+5.872
0 days 01:30:59.508000,30,18,+38.488,+5.836
0 days 01:31:03.930000,30,18,+38.483,+5.700
0 days 01:31:08.303000,30,18,+38.432,+5.731
0 days 01:31:09.509000,30,18,+38.396,+5.732
0 days 01:31:11.802000,30,18,+38.358,+5.652
0 days 01:31:16.947000,30,18,+38.320,+5.342
0 days 01:31:22.321000,30,18,+38.299,+5.243
0 days 01:31:26.530000,30,18,+38.209,+5.184
0 days 01:31:29.478000,30,18,+38.189,+5.174
0 days 01:31:36.496000,30,18,+38.082,+4.874
0 days 01:31:40.240000,30,18,+38.070,+4.816
0 days 01:31:44.385000,30,18,+37.978,+4.720
0 days 01:31:50.193000,30,18,+38.127,+4.714
0 days 01:31:55.003000,30,18,+38.141,+4.574
0 days 01:31:59.026000,30,18,+38.164,+4.534
0 days 01:32:05.303000,30,18,+38.356,+4.270
0 days 01:32:10.926000,30,18,+38.453,+4.220
0 days 01:32:15.121000,30,18,+38.486,+4.163
0 days 01:32:19.992000,30,18,+38.502,+4.375
0 days 01:32:23.773000,30,18,+38.521,+4.384
0 days 01:32:32.272000,30,18,+38.598,+3.940
0 days 01:32:36.227000,30,18,+38.625,+4.025
0 days 01:32:37.252000,30,18,+38.714,+4.331
0 days 01:32:41.652000,30,17,+38.714,+4.331
0 days 01:32:41.652000,30,17,+38.774,+4.660
0 days 01:32:46.029000,30,17,+38.724,+4.663
0 days 01:32:47.218000,30,17,+38.700,+4.651
0 days 01:32:49.554000,30,17,+38.665,+4.569
0 days 01:32:54.613000,30,17,+38.680,+4.563
0 days 01:33:00.108000,30,17,+38.613,+4.491
0 days 01:33:04.352000,30,17,+38.559,+4.421
0 days 01:33:07.373000,30,17,+38.544,+4.421
0 days 01:33:14.514000,30,17,+38.533,+4.433
0 days 01:33:18.152000,30,17,+38.503,+4.425
0 days 01:33:22.166000,30,17,+38.365,+4.202
0 days 01:33:28.151000,30,17,+38.495,+4.358
0 days 01:33:32.979000,30,17,+38.452,+4.342
0 days 01:33:36.964000,30,17,+38.440,+4.330
0 days 01:33:43.179000,30,17,+38.556,+4.297
0 days 01:33:48.620000,30,17,+38.463,+4.278
0 days 01:33:53.012000,30,17,+38.503,+4.329
0 days 01:33:57.855000,30,17,+38.513,+4.337
0 days 01:34:01.695000,30,17,+38.533,+4.350
0 days 01:34:10.201000,30,17,+38.652,+4.404
0 days 01:34:14.179000,30,17,+38.622,+4.407
0 days 01:34:15.060000,30,17,+38.623,+4.398
0 days 01:34:19.453000,30,17,+38.614,+4.334
0 days 01:34:23.829000,30,17,+38.548,+4.335
0 days 01:34:25.022000,30,17,+38.528,+4.321
0 days 01:34:27.284000,30,17,+38.470,+4.205
0 days 01:34:32.398000,30,17,+38.303,+4.269
0 days 01:34:37.857000,30,17,+38.356,+4.213
0 days 01:34:42.053000,30,17,+38.321,+4.084
0 days 01:34:45.132000,30,17,+38.305,+4.083
0 days 01:34:52.159000,30,17,+38.285,+4.078
0 days 01:34:55.970000,30,17,+38.287,+4.088
0 days 01:34:59.986000,30,17,+38.116,+3.860
0 days 01:35:06.001000,30,17,+38.377,+4.091
0 days 01:35:10.799000,30,17,+38.365,+4.090
0 days 01:35:14.820000,30,17,+38.366,+4.111
0 days 01:35:21.113000,30,17,+38.456,+4.066
0 days 01:35:26.509000,30,17,+38.499,+4.040
0 days 01:35:30.955000,30,17,+38.556,+4.084
0 days 01:35:35.797000,30,17,+38.574,+4.092
0 days 01:35:39.576000,30,17,+38.580,+4.100
0 days 01:35:48.149000,30,17,+38.722,+4.157
0 days 01:35:52.127000,30,17,+38.713,+4.171
0 days 01:35:52.880000,30,17,+38.728,+4.145
0 days 01:35:57.326000,30,17,+38.758,+4.073
0 days 01:36:01.734000,30,17,+38.699,+4.077
0 days 01:36:02.886000,30,17,+38.675,+4.065
0 days 01:36:05.118000,30,17,+38.620,+3.996
0 days 01:36:10.280000,30,17,+38.614,+4.300
0 days 01:36:15.705000,30,17,+38.513,+4.092
0 days 01:36:19.978000,30,17,+38.531,+4.036
0 days 01:36:22.954000,30,17,+38.524,+4.053
0 days 01:36:30.080000,30,17,+38.577,+4.007
0 days 01:36:33.849000,30,17,+38.589,+3.984
0 days 01:36:37.854000,30,17,+38.460,+3.920
0 days 01:36:43.754000,30,17,+38.611,+3.955
0 days 01:36:48.609000,30,17,+38.795,+3.959
0 days 01:36:52.657000,30,17,+38.853,+3.969
0 days 01:36:59.012000,30,17,+38.953,+4.036
0 days 01:37:04.328000,30,17,+38.938,+3.915
0 days 01:37:08.730000,30,17,+38.962,+3.918
0 days 01:37:13.521000,30,17,+38.980,+3.964
0 days 01:37:17.317000,30,17,+38.996,+4.134
0 days 01:37:25.811000,30,17,+39.110,+4.108
0 days 01:37:29.776000,30,17,+39.118,+4.100
0 days 01:37:30.654000,30,17,+39.145,+4.078
0 days 01:37:34.946000,30,17,+39.168,+3.957
0 days 01:37:39.361000,30,17,+39.121,+4.103
0 days 01:37:40.545000,30,17,+39.095,+4.140
0 days 01:37:42.743000,30,17,+39.072,+4.109
0 days 01:37:47.977000,30,17,+39.193,+4.201
0 days 01:37:53.380000,30,17,+39.288,+4.002
0 days 01:37:57.775000,30,17,+39.382,+4.074
0 days 01:38:00.767000,30,17,+39.375,+4.131
0 days 01:38:07.894000,30,17,+39.384,+3.920
0 days 01:38:11.696000,30,17,+39.398,+3.895
0 days 01:38:15.756000,30,17,+39.265,+3.726
0 days 01:38:21.514000,30,17,+39.426,+3.406
0 days 01:38:26.404000,30,17,+39.602,+3.346
0 days 01:38:30.450000,30,17,+39.652,+3.335
0 days 01:38:36.735000,30,17,+39.767,+3.207
0 days 01:38:42.155000,30,17,+39.817,+3.106
0 days 01:38:46.572000,30,17,+39.898,+3.147
0 days 01:38:51.329000,30,17,+39.912,+3.211
0 days 01:38:55.160000,30,17,+39.917,+3.360
0 days 01:39:03.755000,30,17,+40.196,+3.336
0 days 01:39:07.723000,30,17,+40.198,+3.302
0 days 01:39:08.515000,30,17,+40.220,+3.300
0 days 01:39:12.986000,30,17,+40.231,+3.277
0 days 01:39:17.392000,30,17,+40.165,+3.399
0 days 01:39:18.613000,30,17,+40.137,+3.420
0 days 01:39:20.784000,30,17,+40.080,+3.378
0 days 01:39:25.973000,30,17,+40.148,+3.189
0 days 01:39:31.533000,30,17,+40.158,+3.059
0 days 01:39:35.802000,30,17,+40.265,+3.074
0 days 01:39:38.781000,30,17,+40.262,+3.036
0 days 01:39:45.933000,30,17,+40.366,+2.961
0 days 01:39:49.752000,30,17,+40.394,+2.967
0 days 01:39:53.755000,30,17,+40.269,+3.020
0 days 01:39:59.697000,30,17,+40.514,+3.162
0 days 01:40:04.603000,30,17,+40.677,+3.050
0 days 01:40:08.621000,30,17,+40.717,+3.008
0 days 01:40:14.986000,30,17,+40.890,+2.997
0 days 01:40:20.348000,30,17,+40.978,+2.999
0 days 01:40:24.835000,30,17,+41.055,+3.050
0 days 01:40:29.604000,30,17,+41.080,+3.089
0 days 01:40:33.429000,30,17,+41.086,+3.225
0 days 01:40:42.036000,30,17,+41.286,+3.265
0 days 01:40:46.056000,30,17,+41.305,+3.195
0 days 01:40:46.916000,30,17,+41.339,+3.182
0 days 01:40:51.331000,30,17,+41.383,+3.207
0 days 01:40:55.731000,30,17,+41.335,+3.353
0 days 01:40:56.944000,30,17,+41.320,+3.395
0 days 01:40:59.131000,30,17,+41.278,+3.365
0 days 01:41:04.276000,30,17,+41.192,+3.044
0 days 01:41:09.729000,30,17,+41.298,+2.994
0 days 01:41:14.092000,30,17,+41.337,+2.980
0 days 01:41:17.076000,30,17,+41.337,+2.955
0 days 01:41:24.210000,30,17,+41.400,+2.829
0 days 01:41:27.922000,30,17,+41.398,+2.818
0 days 01:41:31.950000,30,17,+41.278,+2.857
0 days 01:41:37.799000,30,17,+41.470,+2.938
0 days 01:41:42.878000,30,17,+41.605,+2.906
0 days 01:41:46.836000,30,17,+41.663,+2.917
0 days 01:41:53.085000,30,17,+41.796,+2.951
0 days 01:41:58.474000,30,17,+41.855,+2.923
0 days 01:42:02.930000,30,17,+41.917,+2.973
0 days 01:42:07.695000,30,17,+41.938,+3.023
0 days 01:42:11.528000,30,17,+41.951,+3.164
0 days 01:42:20.118000,30,17,+42.172,+3.095
0 days 01:42:24.056000,30,17,+42.167,+3.053
0 days 01:42:24.884000,30,17,+42.191,+3.039
0 days 01:42:29.333000,30,17,+42.191,+3.057
0 days 01:42:33.690000,30,16,+42.191,+3.057
0 days 01:42:33.776000,30,16,+42.122,+3.209
0 days 01:42:34.949000,30,16,+42.088,+3.250
0 days 01:42:37.103000,30,16,+41.998,+3.190
0 days 01:42:42.402000,30,16,+42.067,+3.109
0 days 01:42:47.802000,30,16,+42.135,+3.016
0 days 01:42:52.119000,30,16,+42.226,+3.051
0 days 01:42:55.131000,30,16,+42.225,+3.030
0 days 01:43:02.331000,30,16,+42.352,+3.013
0 days 01:43:06.115000,30,16,+42.379,+3.008
0 days 01:43:10.064000,30,16,+42.230,+2.989
0 days 01:43:15.992000,30,16,+42.448,+3.106
0 days 01:43:20.914000,30,16,+42.545,+3.045
0 days 01:43:24.902000,30,16,+42.595,+3.008
0 days 01:43:31.240000,30,16,+42.750,+2.940
0 days 01:43:36.637000,30,16,+42.861,+3.025
0 days 01:43:41.050000,30,16,+42.923,+3.072
0 days 01:43:45.846000,30,16,+42.935,+3.128
0 days 01:43:49.698000,30,16,+42.937,+3.290
0 days 01:43:58.148000,30,16,+43.087,+3.149
0 days 01:44:02.131000,30,16,+43.096,+3.114
0 days 01:44:02.967000,30,16,+43.123,+3.090
0 days 01:44:07.458000,30,16,+43.196,+3.150
0 days 01:44:11.849000,30,16,+43.168,+3.318
0 days 01:44:13.049000,30,16,+43.144,+3.364
0 days 01:44:15.384000,30,16,+43.061,+3.287
0 days 01:44:20.357000,30,16,+42.992,+3.022
0 days 01:44:25.917000,30,16,+43.128,+2.907
0 days 01:44:30.184000,30,16,+43.181,+2.917
0 days 01:44:33.111000,30,16,+43.171,+2.891
0 days 01:44:40.313000,30,16,+43.226,+2.791
0 days 01:44:44.031000,30,16,+43.242,+2.763
0 days 01:44:47.977000,30,16,+43.040,+2.714
0 days 01:44:53.804000,30,16,+43.292,+2.693
0 days 01:44:58.729000,30,16,+43.403,+2.617
0 days 01:45:02.699000,30,16,+43.411,+2.610
0 days 01:45:08.969000,30,16,+43.526,+2.544
0 days 01:45:14.411000,30,16,+43.654,+2.585
0 days 01:45:18.786000,30,16,+43.728,+2.622
0 days 01:45:23.627000,30,16,+43.743,+2.677
0 days 01:45:27.436000,30,16,+43.760,+2.824
0 days 01:45:35.884000,30,16,+43.809,+2.546
0 days 01:45:39.846000,30,16,+43.807,+2.494
0 days 01:45:40.633000,30,16,+43.807,+2.461
0 days 01:45:45.077000,30,16,+43.821,+2.445
0 days 01:45:49.441000,30,16,+43.757,+2.593
0 days 01:45:50.637000,30,16,+43.724,+2.631
0 days 01:45:52.805000,30,16,+43.670,+2.623
0 days 01:45:58.018000,30,16,+43.835,+2.375
0 days 01:46:03.553000,30,16,+43.906,+2.259
0 days 01:46:07.858000,30,16,+43.980,+2.268
0 days 01:46:10.795000,30,16,+43.971,+2.249
0 days 01:46:18.004000,30,16,+44.069,+1.998
0 days 01:46:21.762000,30,16,+44.069,+1.964
0 days 01:46:25.650000,30,16,+43.970,+1.921
0 days 01:46:31.511000,30,16,+44.211,+1.973
0 days 01:46:36.433000,30,16,+44.395,+1.933
0 days 01:46:40.437000,30,16,+44.425,+1.911
0 days 01:46:46.696000,30,16,+44.651,+1.882
0 days 01:46:52.176000,30,16,+44.723,+1.885
0 days 01:46:56.529000,30,16,+44.768,+1.926
0 days 01:47:01.333000,30,16,+44.770,+1.925
0 days 01:47:05.163000,30,16,+44.774,+1.889
0 days 01:47:13.703000,30,16,+44.974,+1.766
0 days 01:47:17.599000,30,16,+44.988,+1.747
0 days 01:47:18.516000,30,16,+45.024,+1.762
0 days 01:47:22.874000,30,16,+45.075,+1.678
0 days 01:47:27.215000,30,16,+45.028,+1.641
0 days 01:47:28.396000,30,16,+45.001,+1.610
0 days 01:47:30.648000,30,16,+45.022,+1.615
0 days 01:47:35.924000,30,16,+45.220,+1.604
0 days 01:47:41.444000,30,16,+45.255,+1.689
0 days 01:47:45.755000,30,16,+45.360,+1.693
0 days 01:47:48.756000,30,16,+45.356,+1.666
0 days 01:47:55.885000,30,16,+45.408,+1.599
0 days 01:47:59.663000,30,16,+45.421,+1.618
0 days 01:48:03.575000,30,16,+45.301,+1.664
0 days 01:48:09.416000,30,16,+45.566,+1.713
0 days 01:48:14.359000,30,16,+45.698,+1.705
0 days 01:48:18.395000,30,16,+45.734,+1.722
0 days 01:48:24.620000,30,16,+45.879,+1.658
0 days 01:48:30.086000,30,16,+45.973,+1.726
0 days 01:48:34.437000,30,16,+45.997,+1.741
0 days 01:48:39.283000,30,16,+46.003,+1.733
0 days 01:48:43.077000,30,16,+46.011,+1.698
0 days 01:48:51.560000,30,17,+46.011,+1.698
0 days 01:48:51.837000,30,17,+46.480,+0.227
0 days 01:48:55.767000,30,17,+46.447,+0.242
0 days 01:48:56.548000,30,17,+46.328,+0.088
0 days 01:49:28.105000,30,18,+46.328,+0.088
0 days 01:49:29.079000,30,18,+68.823,+0.883
0 days 01:49:32.058000,30,18,+69.542,+1.620
0 days 01:49:37.214000,30,18,+69.694,+1.545
0 days 01:49:42.698000,30,18,+69.803,+1.673
0 days 01:49:46.948000,30,18,+69.776,+1.426
0 days 01:49:49.920000,30,18,+69.776,+1.407
0 days 01:49:57.033000,30,18,+69.803,+1.372
0 days 01:50:00.744000,30,18,+69.803,+1.358
0 days 01:50:04.789000,30,18,+69.795,+1.452
0 days 01:50:10.460000,30,18,+69.894,+1.350
0 days 01:50:15.186000,30,18,+69.848,+1.188
0 days 01:50:19.160000,30,18,+69.839,+1.135
0 days 01:50:25.435000,30,18,+69.890,+1.168
0 days 01:50:30.681000,30,18,+69.812,+1.003
0 days 01:50:34.937000,30,18,+69.823,+0.972
0 days 01:50:40.034000,30,18,+69.821,+0.975
0 days 01:50:43.589000,30,18,+69.824,+0.973
0 days 01:50:51.955000,30,18,+69.933,+0.960
0 days 01:50:56.001000,30,18,+69.939,+0.955
0 days 01:50:56.873000,30,18,+69.981,+0.966
0 days 01:51:01.160000,30,18,+69.903,+0.815
0 days 01:51:05.376000,30,18,+69.685,+0.607
0 days 01:51:06.519000,30,18,+69.591,+0.527
0 days 01:51:08.818000,30,18,+69.672,+0.682
0 days 01:51:13.702000,30,18,+69.525,+0.404
0 days 01:51:19.206000,30,18,+69.475,+0.391
0 days 01:51:23.394000,30,18,+69.359,+0.162
0 days 01:51:26.270000,30,18,+69.299,+0.105
0 days 01:51:33.287000,30,17,+69.299,+0.105
0 days 01:51:33.380000,30,17,+69.367,+22.398
0 days 01:51:37.122000,30,17,+69.381,+22.465
0 days 01:51:41.153000,30,17,+69.345,+22.140
0 days 01:51:46.836000,30,17,+69.429,+21.950
0 days 01:51:51.487000,30,17,+69.347,+21.751
0 days 01:51:55.446000,30,17,+69.344,+21.724
0 days 01:52:01.702000,30,17,+69.408,+21.532
0 days 01:52:06.718000,30,17,+69.162,+21.805
0 days 01:52:11.035000,30,17,+69.175,+21.808
0 days 01:52:15.934000,30,17,+69.178,+21.807
0 days 01:52:19.927000,30,17,+69.191,+21.789
0 days 01:52:28.012000,30,17,+69.232,+21.357
0 days 01:52:31.988000,30,17,+69.211,+21.272
0 days 01:52:32.786000,30,17,+69.233,+21.203
0 days 01:52:37.160000,30,17,+69.190,+20.995
0 days 01:52:41.527000,30,17,+69.164,+21.114
0 days 01:52:42.760000,30,17,+69.172,+21.174
0 days 01:52:44.901000,30,17,+69.157,+21.072
0 days 01:52:50.104000,30,17,+69.032,+20.557
0 days 01:52:55.190000,30,17,+68.888,+20.293
0 days 01:52:59.436000,30,17,+68.820,+20.215
0 days 01:53:02.442000,30,17,+68.822,+20.171
0 days 01:53:09.453000,30,17,+68.777,+19.981
0 days 01:53:13.205000,30,17,+68.815,+20.006
0 days 01:53:17.261000,30,17,+68.835,+20.083
0 days 01:53:22.879000,30,17,+68.923,+19.833
0 days 01:53:27.513000,30,17,+68.862,+19.622
0 days 01:53:31.513000,30,17,+68.876,+19.578
0 days 01:53:37.673000,30,17,+68.935,+19.512
0 days 01:53:42.947000,30,17,+68.933,+19.346
0 days 01:53:47.555000,30,17,+68.965,+19.329
0 days 01:53:52.111000,30,17,+68.965,+19.310
0 days 01:53:55.926000,30,17,+68.961,+19.215
0 days 01:54:04.231000,30,17,+69.018,+29.152
0 days 01:54:08.221000,30,17,+69.027,+29.207
0 days 01:54:09.087000,30,17,+69.057,+29.487
0 days 01:54:13.479000,30,17,+69.049,+18.852
0 days 01:54:17.853000,30,17,+69.035,+18.852
0 days 01:54:19.062000,30,17,+69.029,+6.319
0 days 01:54:21.216000,30,17,+68.951,+5.683
0 days 01:54:26.211000,30,17,+68.890,+5.491
0 days 01:54:31.597000,30,17,+68.735,+5.647
0 days 01:54:35.857000,30,17,+68.689,+5.751
0 days 01:54:38.827000,30,17,+68.692,+5.751
0 days 01:54:45.887000,30,17,+68.758,+5.847
0 days 01:54:49.691000,30,17,+68.787,+5.889
0 days 01:54:53.640000,30,17,+68.710,+5.808
0 days 01:54:59.338000,30,17,+68.864,+6.035
0 days 01:55:04.057000,30,17,+68.814,+6.270
0 days 01:55:08.056000,30,17,+68.838,+6.326
0 days 01:55:14.221000,30,17,+68.875,+6.439
0 days 01:55:19.488000,30,17,+68.795,+6.601
0 days 01:55:23.837000,30,17,+68.830,+6.650
0 days 01:55:28.657000,30,17,+68.833,+6.644
0 days 01:55:32.521000,30,17,+68.873,+6.664
0 days 01:55:40.976000,30,17,+68.946,+6.872
0 days 01:55:44.882000,30,17,+68.920,+6.851
0 days 01:55:45.685000,30,17,+68.912,+6.810
0 days 01:55:50.091000,30,17,+68.872,+6.766
0 days 01:55:54.488000,30,17,+68.839,+6.748
0 days 01:55:55.662000,30,17,+68.831,+6.750
0 days 01:55:57.826000,30,17,+68.802,+6.723
0 days 01:56:02.815000,30,17,+68.722,+6.631
0 days 01:56:08.162000,30,17,+68.608,+6.829
0 days 01:56:12.438000,30,17,+68.581,+6.856
0 days 01:56:15.388000,30,17,+68.566,+6.837
0 days 01:56:22.425000,30,17,+68.594,+6.928
0 days 01:56:26.271000,30,17,+68.577,+6.939
0 days 01:56:30.079000,30,17,+68.433,+6.720
0 days 01:56:35.724000,30,17,+68.479,+6.902
0 days 01:56:40.480000,30,17,+68.455,+7.026
0 days 01:56:44.388000,30,17,+68.438,+7.064
0 days 01:56:50.590000,30,17,+68.474,+7.028
0 days 01:56:55.841000,30,17,+68.435,+7.171
0 days 01:57:00.320000,30,17,+68.447,+7.213
0 days 01:57:05.041000,30,17,+68.444,+7.208
0 days 01:57:08.863000,30,17,+68.451,+7.185
0 days 01:57:17.162000,30,17,+68.485,+7.220
0 days 01:57:21.145000,30,17,+68.477,+7.183
0 days 01:57:21.961000,30,17,+68.495,+7.146
0 days 01:57:26.358000,30,17,+68.499,+7.165
0 days 01:57:30.701000,30,17,+68.465,+7.159
0 days 01:57:31.905000,30,17,+68.442,+7.160
0 days 01:57:34.062000,30,17,+68.386,+7.089
0 days 01:57:39.207000,30,17,+68.367,+7.176
0 days 01:57:44.530000,30,17,+68.274,+7.150
0 days 01:57:48.808000,30,17,+68.233,+7.160
0 days 01:57:51.745000,30,17,+68.221,+7.154
0 days 01:57:58.807000,30,17,+68.279,+7.131
0 days 01:58:02.563000,30,17,+68.268,+7.103
0 days 01:58:06.459000,30,17,+68.138,+6.843
0 days 01:58:12.063000,30,17,+68.138,+6.712
0 days 01:58:16.812000,30,17,+68.130,+6.753
0 days 01:58:20.881000,30,17,+68.191,+6.773
0 days 01:58:26.921000,30,17,+68.172,+6.543
0 days 01:58:32.282000,30,17,+68.189,+6.587
0 days 01:58:36.624000,30,17,+68.226,+6.611
0 days 01:58:41.471000,30,17,+68.231,+6.607
0 days 01:58:45.289000,30,17,+68.223,+6.606
0 days 01:58:53.658000,30,17,+68.170,+6.646
0 days 01:58:57.610000,30,17,+68.143,+6.603
0 days 01:58:58.425000,30,17,+68.143,+6.561
0 days 01:59:02.812000,30,17,+68.178,+6.528
0 days 01:59:07.189000,30,17,+68.157,+6.531
0 days 01:59:08.396000,30,17,+68.147,+6.537
0 days 01:59:10.490000,30,17,+68.075,+6.432
0 days 01:59:15.658000,30,17,+68.016,+6.242
0 days 01:59:20.964000,30,17,+67.908,+6.204
0 days 01:59:25.191000,30,17,+67.894,+6.177
0 days 01:59:28.116000,30,17,+67.884,+6.168
0 days 01:59:35.141000,30,17,+67.850,+6.097
0 days 01:59:38.892000,30,17,+67.850,+6.081
0 days 01:59:42.722000,30,17,+67.682,+5.846
0 days 01:59:48.437000,30,17,+67.740,+5.904
0 days 01:59:53.311000,30,17,+67.758,+5.815
0 days 01:59:57.384000,30,17,+67.826,+5.835
0 days 02:00:03.429000,30,17,+67.891,+5.548
0 days 02:00:08.741000,30,17,+67.868,+5.590
0 days 02:00:13.069000,30,17,+67.911,+5.614
0 days 02:00:17.964000,30,17,+67.895,+5.607
0 days 02:00:21.703000,30,17,+67.884,+5.599
0 days 02:00:30.085000,30,17,+67.904,+5.602
0 days 02:00:34.109000,30,17,+67.901,+5.541
0 days 02:00:34.906000,30,17,+67.922,+5.482
0 days 02:00:39.324000,30,17,+67.984,+5.518
0 days 02:00:43.664000,30,17,+67.961,+5.531
0 days 02:00:44.864000,30,17,+67.946,+5.536
0 days 02:00:47.038000,30,17,+67.895,+5.498
0 days 02:00:52.093000,30,17,+67.989,+5.413
0 days 02:00:57.524000,30,17,+67.803,+5.383
0 days 02:01:01.786000,30,17,+67.876,+5.412
0 days 02:01:04.750000,30,17,+67.870,+5.399
0 days 02:01:11.811000,30,17,+67.933,+5.428
0 days 02:01:15.592000,30,17,+67.916,+5.425
0 days 02:01:19.467000,30,17,+67.852,+5.282
0 days 02:01:25.152000,30,17,+67.872,+5.400
0 days 02:01:29.978000,30,17,+67.935,+5.381
0 days 02:01:33.994000,30,17,+67.986,+5.400
0 days 02:01:40.156000,30,17,+67.953,+5.149
0 days 02:01:45.383000,30,17,+67.977,+5.186
0 days 02:01:49.722000,30,17,+68.003,+5.212
0 days 02:01:54.567000,30,17,+68.003,+5.208
0 days 02:01:58.539000,30,17,+68.001,+5.203
0 days 02:02:06.774000,30,17,+68.038,+5.348
0 days 02:02:10.868000,30,17,+68.056,+5.362
0 days 02:02:11.665000,30,17,+68.088,+5.359
0 days 02:02:16.014000,30,17,+68.113,+5.342
0 days 02:02:20.350000,30,17,+68.082,+5.353
0 days 02:02:21.494000,30,17,+68.066,+5.361
0 days 02:02:23.639000,30,17,+68.069,+5.279
0 days 02:02:28.733000,30,17,+68.071,+5.178
0 days 02:02:34.191000,30,17,+68.025,+5.186
0 days 02:02:38.365000,30,17,+68.044,+5.163
0 days 02:02:41.333000,30,17,+68.046,+5.155
0 days 02:02:48.394000,30,17,+68.074,+5.170
0 days 02:02:52.111000,30,17,+68.075,+5.168
0 days 02:02:55.991000,30,17,+68.000,+4.970
0 days 02:03:01.653000,30,17,+68.116,+4.973
0 days 02:03:06.429000,30,17,+68.116,+5.015
0 days 02:03:10.408000,30,17,+68.152,+5.036
0 days 02:03:16.495000,30,17,+68.138,+4.901
0 days 02:03:21.942000,30,17,+68.288,+5.046
0 days 02:03:26.315000,30,17,+68.358,+5.104
0 days 02:03:31.122000,30,17,+68.353,+5.105
0 days 02:03:34.926000,30,17,+68.351,+5.100
0 days 02:03:43.343000,30,17,+68.383,+5.195
0 days 02:03:47.313000,30,17,+68.386,+5.172
0 days 02:03:48.125000,30,17,+68.420,+5.168
0 days 02:03:52.539000,30,17,+68.465,+5.186
0 days 02:03:56.893000,30,17,+68.439,+5.193
0 days 02:03:58.111000,30,17,+68.420,+5.202
0 days 02:04:00.224000,30,17,+68.374,+5.153
0 days 02:04:05.314000,30,17,+68.516,+5.087
0 days 02:04:10.691000,30,17,+68.531,+5.152
0 days 02:04:15.021000,30,17,+68.577,+5.160
0 days 02:04:17.967000,30,17,+68.567,+5.152
0 days 02:04:25.038000,30,17,+68.615,+5.160
0 days 02:04:28.787000,30,17,+68.621,+5.147
0 days 02:04:32.655000,30,17,+68.564,+4.943
0 days 02:04:38.277000,30,17,+68.704,+4.980
0 days 02:04:43.111000,30,17,+68.782,+5.076
0 days 02:04:47.126000,30,17,+68.837,+5.107
0 days 02:04:53.271000,30,17,+68.888,+4.894
0 days 02:04:58.666000,30,17,+68.965,+4.981
0 days 02:05:03.022000,30,17,+69.001,+5.031
0 days 02:05:07.797000,30,17,+69.000,+5.038
0 days 02:05:11.616000,30,17,+68.992,+5.034
0 days 02:05:20.309000,30,17,+69.041,+5.125
0 days 02:05:23.993000,30,17,+69.065,+5.123
0 days 02:05:24.794000,30,17,+69.102,+5.132
0 days 02:05:29.192000,30,17,+69.110,+5.110
0 days 02:05:33.495000,30,17,+69.088,+5.114
0 days 02:05:34.703000,30,17,+69.073,+5.120
0 days 02:05:36.867000,30,17,+69.090,+5.116
0 days 02:05:41.969000,30,17,+69.152,+4.936
0 days 02:05:47.370000,30,17,+69.096,+4.990
0 days 02:05:51.592000,30,17,+69.145,+4.964
0 days 02:05:54.522000,30,17,+69.149,+4.951
0 days 02:06:01.561000,30,17,+69.169,+4.919
0 days 02:06:05.289000,30,17,+69.182,+4.925
0 days 02:06:09.156000,30,17,+69.171,+4.701
0 days 02:06:14.866000,30,17,+69.404,+4.907
0 days 02:06:19.703000,30,17,+69.487,+5.012
0 days 02:06:23.793000,30,17,+69.502,+5.042
0 days 02:06:29.846000,30,17,+69.610,+4.973
0 days 02:06:35.184000,30,17,+69.607,+5.068
0 days 02:06:39.566000,30,17,+69.644,+5.138
0 days 02:06:44.392000,30,17,+69.641,+5.148
0 days 02:06:48.193000,30,17,+69.636,+5.152
0 days 02:06:56.787000,30,17,+69.840,+5.396
0 days 02:07:00.830000,30,17,+69.805,+5.343
0 days 02:07:01.567000,30,17,+69.807,+5.313
0 days 02:07:05.913000,30,17,+69.779,+5.305
0 days 02:07:10.219000,30,17,+69.741,+5.318
0 days 02:07:11.398000,30,17,+69.726,+5.324
0 days 02:07:13.602000,30,17,+69.710,+5.315
0 days 02:07:18.614000,30,17,+69.827,+5.159
0 days 02:07:24.040000,30,17,+69.724,+5.256
0 days 02:07:28.292000,30,17,+69.740,+5.224
0 days 02:07:31.251000,30,17,+69.739,+5.215
0 days 02:07:38.289000,30,17,+69.761,+5.182
0 days 02:07:42.093000,30,17,+69.727,+5.166
0 days 02:07:45.840000,30,17,+69.669,+4.935
0 days 02:07:51.604000,30,17,+69.867,+5.125
0 days 02:07:56.432000,30,17,+69.911,+5.184
0 days 02:08:00.415000,30,17,+69.922,+5.190
0 days 02:08:06.641000,30,17,+70.036,+5.117
0 days 02:08:11.893000,30,17,+70.028,+5.179
0 days 02:08:16.241000,30,17,+70.035,+5.216
0 days 02:08:21.025000,30,17,+70.025,+5.252
0 days 02:08:24.868000,30,17,+70.012,+5.310
0 days 02:08:33.368000,30,17,+70.140,+5.455
0 days 02:08:37.367000,30,17,+70.134,+5.430
0 days 02:08:38.181000,30,17,+70.119,+5.396
0 days 02:08:42.527000,30,17,+70.087,+5.360
0 days 02:08:46.849000,30,17,+70.064,+5.402
0 days 02:08:48.084000,30,17,+70.043,+5.419
0 days 02:08:50.213000,30,17,+70.033,+5.429
0 days 02:08:55.247000,30,17,+70.053,+5.172
0 days 02:09:00.651000,30,17,+69.984,+5.220
0 days 02:09:04.958000,30,17,+69.973,+5.188
0 days 02:09:07.867000,30,17,+69.970,+5.184
0 days 02:09:14.986000,30,17,+69.963,+5.095
0 days 02:09:18.708000,30,17,+69.937,+5.074
0 days 02:09:22.583000,30,17,+69.900,+4.811
0 days 02:09:28.241000,30,17,+70.042,+4.754
0 days 02:09:33.094000,30,17,+70.075,+4.803
0 days 02:09:36.998000,30,17,+70.071,+4.807
0 days 02:09:43.200000,30,17,+70.097,+4.666
0 days 02:09:48.556000,30,17,+70.214,+4.764
0 days 02:09:52.947000,30,17,+70.283,+4.807
0 days 02:09:57.726000,30,17,+70.277,+4.809
0 days 02:10:01.547000,30,17,+70.276,+4.823
0 days 02:10:09.994000,30,17,+70.352,+4.828
0 days 02:10:13.941000,30,17,+70.359,+4.798
0 days 02:10:14.819000,30,17,+70.372,+4.766
0 days 02:10:19.194000,30,17,+70.374,+4.731
0 days 02:10:23.519000,30,17,+70.344,+4.759
0 days 02:10:24.706000,30,17,+70.326,+4.769
0 days 02:10:26.863000,30,17,+70.290,+4.683
0 days 02:10:31.909000,30,17,+70.356,+4.568
0 days 02:10:37.287000,30,17,+70.077,+4.570
0 days 02:10:41.546000,30,17,+70.082,+4.544
0 days 02:10:44.468000,30,17,+70.081,+4.524
0 days 02:10:51.534000,30,17,+70.094,+4.503
0 days 02:10:55.268000,30,17,+70.063,+4.503
0 days 02:10:59.152000,30,17,+70.032,+4.289
0 days 02:11:04.825000,30,17,+70.252,+4.248
0 days 02:11:09.670000,30,17,+70.217,+4.253
0 days 02:11:13.659000,30,17,+70.252,+4.275
0 days 02:11:19.870000,30,17,+70.318,+4.175
0 days 02:11:25.285000,30,17,+70.405,+4.204
0 days 02:11:29.607000,30,17,+70.457,+4.255
0 days 02:11:34.463000,30,17,+70.461,+4.311
0 days 02:11:38.254000,30,17,+70.452,+4.373
0 days 02:11:46.658000,30,17,+70.514,+4.395
0 days 02:11:50.594000,30,17,+70.525,+4.354
0 days 02:11:51.428000,30,17,+70.544,+4.283
0 days 02:11:55.857000,30,17,+70.496,+4.277
0 days 02:12:00.168000,30,17,+70.450,+4.469
0 days 02:12:01.340000,30,17,+70.431,+4.539
0 days 02:12:03.520000,30,17,+70.421,+4.315
0 days 02:12:08.671000,30,17,+70.452,+4.273
0 days 02:12:14.019000,30,17,+70.297,+4.014
0 days 02:12:18.313000,30,17,+70.322,+3.999
0 days 02:12:21.258000,30,17,+70.314,+3.998
0 days 02:12:28.296000,30,17,+70.286,+3.958
0 days 02:12:32.085000,30,17,+70.290,+3.982
0 days 02:12:35.899000,30,17,+70.145,+3.793
0 days 02:12:41.624000,30,17,+70.276,+3.865
0 days 02:12:46.469000,30,17,+70.338,+3.885
0 days 02:12:50.495000,30,17,+70.388,+3.939
0 days 02:12:56.747000,30,17,+70.548,+3.897
0 days 02:13:02.219000,30,17,+70.676,+4.081
0 days 02:13:06.569000,30,17,+70.745,+4.170
0 days 02:13:11.380000,30,17,+70.740,+4.299
0 days 02:13:15.233000,30,17,+70.732,+4.533
0 days 02:13:23.615000,30,17,+70.709,+3.266
0 days 02:13:27.525000,30,17,+70.708,+3.061
0 days 02:13:28.379000,30,17,+70.729,+2.960
0 days 02:13:32.746000,30,17,+70.754,+2.609
0 days 02:13:37.073000,30,17,+70.702,+2.708
0 days 02:13:38.242000,30,17,+70.675,+2.727
0 days 02:13:40.378000,30,17,+70.653,+2.509
0 days 02:13:45.517000,30,17,+70.747,+2.421
0 days 02:13:51.032000,30,17,+70.716,+2.401
0 days 02:13:55.395000,30,17,+70.788,+2.450
0 days 02:13:58.295000,30,17,+70.777,+2.432
0 days 02:14:05.388000,30,17,+70.888,+2.397
0 days 02:14:09.143000,30,17,+70.909,+2.410
0 days 02:14:13.051000,30,17,+70.857,+2.350
0 days 02:14:18.769000,30,17,+71.080,+2.507
0 days 02:14:23.669000,30,17,+71.125,+2.647
0 days 02:14:27.671000,30,17,+71.118,+2.706
0 days 02:14:33.943000,30,17,+71.239,+2.618
0 days 02:14:39.350000,30,17,+71.336,+2.744
0 days 02:14:43.713000,30,17,+71.419,+2.798
0 days 02:14:48.568000,30,17,+71.399,+2.903
0 days 02:14:52.313000,30,17,+71.366,+3.148
0 days 02:15:00.802000,30,17,+71.512,+2.781
0 days 02:15:04.799000,30,17,+71.548,+2.722
0 days 02:15:05.637000,30,17,+71.620,+2.729
0 days 02:15:10.150000,30,16,+71.620,+2.729
0 days 02:15:10.162000,30,16,+71.654,+2.873
0 days 02:15:14.457000,30,16,+71.640,+2.998
0 days 02:15:15.658000,30,16,+71.626,+3.016
0 days 02:15:17.798000,30,16,+71.639,+2.876
0 days 02:15:22.802000,30,16,+71.686,+2.780
0 days 02:15:28.370000,30,16,+71.714,+2.782
0 days 02:15:32.744000,30,16,+71.769,+2.811
0 days 02:15:35.670000,30,16,+71.760,+2.810
0 days 02:15:42.771000,30,16,+71.826,+2.786
0 days 02:15:46.470000,30,16,+71.826,+2.777
0 days 02:15:50.321000,30,16,+71.788,+2.725
0 days 02:15:56.035000,30,16,+71.945,+2.843
0 days 02:16:00.870000,30,16,+72.006,+2.890
0 days 02:16:04.824000,30,16,+72.020,+2.908
0 days 02:16:11.025000,30,16,+72.080,+2.855
0 days 02:16:16.434000,30,16,+72.170,+2.964
0 days 02:16:20.828000,30,16,+72.234,+3.004
0 days 02:16:25.647000,30,16,+72.219,+3.042
0 days 02:16:29.437000,30,16,+72.199,+3.086
0 days 02:16:37.799000,30,16,+72.276,+3.113
0 days 02:16:41.748000,30,16,+72.284,+3.082
0 days 02:16:42.514000,30,16,+72.308,+3.030
0 days 02:16:46.930000,30,16,+72.319,+3.005
0 days 02:16:51.218000,30,16,+72.284,+3.089
0 days 02:16:52.387000,30,16,+72.262,+3.105
0 days 02:16:54.525000,30,16,+72.247,+2.957
0 days 02:16:59.544000,30,16,+72.288,+2.777
0 days 02:17:05.025000,30,16,+72.218,+2.882
0 days 02:17:09.396000,30,16,+72.262,+2.917
0 days 02:17:12.271000,30,16,+72.245,+2.918
0 days 02:17:19.334000,30,16,+72.279,+2.862
0 days 02:17:23.109000,30,16,+72.285,+2.895
0 days 02:17:26.916000,30,16,+72.264,+2.911
0 days 02:17:32.597000,30,16,+72.483,+2.801
0 days 02:17:37.471000,30,16,+72.539,+2.843
0 days 02:17:41.445000,30,16,+72.576,+2.859
0 days 02:17:47.575000,30,16,+72.559,+2.688
0 days 02:17:52.928000,30,16,+72.666,+2.768
0 days 02:17:57.290000,30,16,+72.727,+2.800
0 days 02:18:02.092000,30,16,+72.725,+2.884
0 days 02:18:05.913000,30,16,+72.714,+3.089
0 days 02:18:14.326000,30,16,+72.833,+2.754
0 days 02:18:18.219000,30,16,+72.828,+2.581
0 days 02:18:19.058000,30,16,+72.805,+2.427
0 days 02:18:23.502000,30,16,+72.818,+2.312
0 days 02:18:27.690000,30,16,+72.786,+2.464
0 days 02:18:28.871000,30,16,+72.767,+2.519
0 days 02:18:31.052000,30,16,+72.828,+2.293
0 days 02:18:36.060000,30,16,+72.866,+2.050
0 days 02:18:41.571000,30,16,+72.754,+1.856
0 days 02:18:45.894000,30,16,+72.827,+1.861
0 days 02:18:48.838000,30,16,+72.835,+1.825
0 days 02:18:55.992000,30,16,+72.888,+1.819
0 days 02:18:59.697000,30,16,+72.875,+1.834
0 days 02:19:03.561000,30,16,+72.900,+1.823
0 days 02:19:09.360000,30,16,+73.183,+1.848
0 days 02:19:14.198000,30,16,+73.144,+1.918
0 days 02:19:18.186000,30,16,+73.158,+1.954
0 days 02:19:24.489000,30,16,+73.289,+1.856
0 days 02:19:29.825000,30,16,+73.253,+1.893
0 days 02:19:34.191000,30,16,+73.307,+1.953
0 days 02:19:39.007000,30,16,+73.333,+2.016
0 days 02:19:42.725000,30,16,+73.474,+2.180
0 days 02:19:51.119000,30,16,+73.597,+1.936
0 days 02:19:55.022000,30,16,+73.613,+1.817
0 days 02:19:55.872000,30,16,+73.651,+1.697
0 days 02:20:00.348000,30,16,+73.734,+1.443
0 days 02:20:04.592000,30,16,+73.709,+1.530
0 days 02:20:05.766000,30,16,+73.694,+1.576
0 days 02:20:07.949000,30,16,+73.723,+1.333
0 days 02:20:13.116000,30,16,+74.038,+1.050
0 days 02:20:18.729000,30,16,+74.071,+1.122
0 days 02:20:23.011000,30,16,+74.166,+1.192
0 days 02:20:26.016000,30,16,+74.161,+1.162
0 days 02:20:33.182000,30,16,+74.300,+1.187
0 days 02:20:36.851000,30,16,+74.300,+1.183
0 days 02:20:40.792000,30,16,+74.422,+1.206
0 days 02:20:46.573000,30,16,+74.685,+1.294
0 days 02:20:51.426000,30,16,+74.777,+1.433
0 days 02:20:55.436000,30,16,+74.832,+1.479
0 days 02:21:01.652000,30,16,+74.970,+1.308
0 days 02:21:07.025000,30,16,+75.112,+1.422
0 days 02:21:11.398000,30,16,+75.161,+1.468
0 days 02:21:16.150000,30,16,+75.161,+1.490
0 days 02:21:20.032000,30,16,+75.147,+1.494
0 days 02:21:28.572000,30,16,+75.408,+1.594
0 days 02:21:32.493000,30,16,+75.458,+1.597
0 days 02:21:33.368000,30,16,+75.496,+1.571
0 days 02:21:37.713000,30,16,+75.551,+1.591
0 days 02:21:42.036000,30,16,+75.513,+1.567
0 days 02:21:43.202000,30,16,+75.488,+1.557
0 days 02:21:45.373000,30,16,+75.549,+1.450
0 days 02:21:50.327000,30,16,+75.526,+1.333
0 days 02:21:55.894000,30,16,+75.486,+1.381
0 days 02:22:00.263000,30,16,+75.597,+1.451
0 days 02:22:03.175000,30,16,+75.602,+1.426
0 days 02:22:10.293000,30,16,+75.675,+1.422
0 days 02:22:13.989000,30,16,+75.677,+1.439
0 days 02:22:17.848000,30,16,+75.680,+1.448
0 days 02:22:23.573000,30,16,+75.943,+1.499
0 days 02:22:28.459000,30,16,+75.940,+1.584
0 days 02:22:32.403000,30,16,+75.970,+1.615
0 days 02:22:38.619000,30,16,+75.994,+1.544
0 days 02:22:44.051000,30,16,+76.130,+1.675
0 days 02:22:48.399000,30,16,+76.196,+1.743
0 days 02:22:53.173000,30,16,+76.216,+1.804
0 days 02:22:57.002000,30,16,+76.198,+1.927
0 days 02:23:05.348000,30,16,+76.198,+1.910
0 days 02:23:09.278000,30,16,+76.190,+1.876
0 days 02:23:10.119000,30,16,+76.193,+1.816
0 days 02:23:14.476000,30,16,+76.191,+1.835
0 days 02:23:18.776000,30,16,+76.113,+1.978
0 days 02:23:19.941000,30,16,+76.082,+2.033
0 days 02:23:22.069000,30,16,+76.092,+1.916
0 days 02:23:27.143000,30,16,+76.205,+1.831
0 days 02:23:32.634000,30,16,+76.119,+1.832
0 days 02:23:36.928000,30,16,+76.164,+1.878
0 days 02:23:39.972000,30,16,+76.144,+1.867
0 days 02:23:46.969000,30,16,+76.186,+1.844
0 days 02:23:50.747000,30,16,+76.185,+1.863
0 days 02:23:54.520000,30,16,+76.171,+1.913
0 days 02:24:00.174000,30,16,+76.367,+1.925
0 days 02:24:05.051000,30,16,+76.470,+2.019
0 days 02:24:08.991000,30,16,+76.513,+2.055
0 days 02:24:15.199000,30,16,+76.599,+1.938
0 days 02:24:20.574000,30,16,+76.765,+1.998
0 days 02:24:24.918000,30,16,+76.821,+2.067
0 days 02:24:29.714000,30,16,+76.807,+2.172
0 days 02:24:33.504000,30,16,+76.793,+2.310
0 days 02:24:41.824000,30,16,+76.810,+2.146
0 days 02:24:45.731000,30,16,+76.800,+2.098
0 days 02:24:46.615000,30,16,+76.817,+2.012
0 days 02:24:50.916000,30,16,+76.848,+1.937
0 days 02:24:55.230000,30,16,+76.813,+2.095
0 days 02:24:56.450000,30,16,+76.797,+2.165
0 days 02:24:58.599000,30,16,+76.827,+1.911
0 days 02:25:03.774000,30,16,+76.976,+1.799
0 days 02:25:09.312000,30,16,+77.166,+1.792
0 days 02:25:13.648000,30,16,+77.239,+1.834
0 days 02:25:16.526000,30,16,+77.232,+1.764
0 days 02:25:23.731000,30,16,+77.423,+1.771
0 days 02:25:27.434000,30,16,+77.441,+1.769
0 days 02:25:31.294000,30,16,+77.412,+1.789
0 days 02:25:36.913000,30,16,+77.638,+1.886
0 days 02:25:41.814000,30,16,+77.699,+2.010
0 days 02:25:45.774000,30,16,+77.759,+2.059
0 days 02:25:52.106000,30,16,+77.870,+2.042
0 days 02:25:57.417000,30,16,+78.045,+2.118
0 days 02:26:01.739000,30,16,+78.094,+2.164
0 days 02:26:06.500000,30,16,+78.070,+2.222
0 days 02:26:10.300000,30,16,+78.052,+2.404
0 days 02:26:18.838000,30,16,+78.260,+2.502
0 days 02:26:22.879000,30,16,+78.354,+2.507
0 days 02:26:23.670000,30,16,+78.387,+2.404
0 days 02:26:28.074000,30,16,+78.468,+2.395
0 days 02:26:32.394000,30,16,+78.449,+2.578
0 days 02:26:33.575000,30,16,+78.434,+2.651
0 days 02:26:35.818000,30,16,+78.519,+2.640
0 days 02:26:40.892000,30,16,+78.627,+2.530
0 days 02:26:46.519000,30,16,+78.677,+2.243
0 days 02:26:50.898000,30,16,+78.760,+2.380
0 days 02:26:53.802000,30,16,+78.744,+2.245
0 days 02:27:00.901000,30,16,+78.861,+2.102
0 days 02:27:04.555000,30,16,+78.849,+2.096
0 days 02:27:08.449000,30,16,+78.865,+2.096
0 days 02:27:14.144000,30,16,+79.251,+2.248
0 days 02:27:19.038000,30,16,+79.348,+2.402
0 days 02:27:23.006000,30,16,+79.379,+2.442
0 days 02:27:29.275000,30,16,+79.465,+2.404
0 days 02:27:34.688000,30,16,+79.709,+2.467
0 days 02:27:39.008000,30,16,+79.768,+2.524
0 days 02:27:43.796000,30,16,+79.740,+2.592
0 days 02:27:47.575000,30,16,+79.713,+2.777
0 days 02:27:56.028000,30,16,+79.875,+2.591
0 days 02:28:00.034000,30,16,+79.880,+2.500
0 days 02:28:00.805000,30,16,+79.906,+2.369
0 days 02:28:05.301000,30,16,+80.073,+2.411
0 days 02:28:09.664000,30,16,+80.074,+2.596
0 days 02:28:10.837000,30,16,+80.066,+2.648
0 days 02:28:12.996000,30,16,+80.079,+2.488
0 days 02:28:18.044000,30,16,+80.081,+2.354
0 days 02:28:23.575000,30,16,+80.120,+2.393
0 days 02:28:27.949000,30,16,+80.267,+2.466
0 days 02:28:30.821000,30,16,+80.270,+2.451
0 days 02:28:37.866000,30,16,+80.335,+2.371
0 days 02:28:41.551000,30,16,+80.334,+2.387
0 days 02:28:45.436000,30,16,+80.318,+2.396
0 days 02:28:51.042000,30,16,+80.565,+2.542
0 days 02:28:55.939000,30,16,+80.702,+2.646
0 days 02:28:59.936000,30,16,+80.768,+2.718
0 days 02:29:06.179000,30,16,+80.747,+2.651
0 days 02:29:11.571000,30,16,+80.812,+2.721
0 days 02:29:15.919000,30,16,+80.883,+2.792
0 days 02:29:20.664000,30,16,+80.852,+2.832
0 days 02:29:24.504000,30,16,+80.803,+2.988
0 days 02:29:32.923000,30,16,+80.833,+3.090
0 days 02:29:36.799000,30,16,+80.814,+2.969
0 days 02:29:37.617000,30,16,+80.804,+2.879
0 days 02:29:42.102000,30,16,+80.885,+2.771
0 days 02:29:46.422000,30,16,+80.847,+3.016
0 days 02:29:47.602000,30,16,+80.837,+3.001
0 days 02:29:49.804000,30,16,+80.830,+2.890
0 days 02:29:54.828000,30,16,+80.815,+2.976
0 days 02:30:00.358000,30,16,+80.970,+2.427
0 days 02:30:04.695000,30,16,+81.028,+2.601
0 days 02:30:07.577000,30,16,+81.016,+2.515
0 days 02:30:14.731000,30,16,+81.029,+2.415
0 days 02:30:18.535000,30,16,+81.010,+2.467
0 days 02:30:22.321000,30,16,+80.888,+2.387
0 days 02:30:27.984000,30,16,+81.021,+2.349
0 days 02:30:32.916000,30,16,+81.141,+2.490
0 days 02:30:36.943000,30,16,+81.232,+2.566
0 days 02:30:43.279000,30,16,+81.321,+2.592
0 days 02:30:48.602000,30,16,+81.331,+2.660
0 days 02:30:52.921000,30,16,+81.378,+2.717
0 days 02:30:57.643000,30,16,+81.350,+2.789
0 days 02:31:01.476000,30,16,+81.328,+2.984
0 days 02:31:10.052000,30,16,+81.319,+2.850
0 days 02:31:13.982000,30,16,+81.296,+2.883
0 days 02:31:14.852000,30,16,+81.268,+2.724
0 days 02:31:19.329000,30,16,+81.147,+2.272
0 days 02:32:38.777000,30,15,+81.147,+2.272
