Time,Driver,Position,GapToLeader,IntervalToPositionAhead
0 days 00:00:04.219000,4,1,,
0 days 00:00:06.003000,4,1,LAP 1,LAP 1
0 days 01:12:57.640000,4,1,LAP 2,LAP 2
0 days 01:15:47.541000,4,1,LAP 3,LAP 3
0 days 01:18:29.260000,4,1,LAP 4,LAP 4
0 days 01:21:05.340000,4,1,LAP 5,LAP 5
0 days 01:23:28.975000,4,1,LAP 6,LAP 6
0 days 01:25:49.425000,4,1,LAP 7,LAP 7
0 days 01:28:06.569000,4,1,LAP 8,LAP 8
0 days 01:29:42.854000,4,1,LAP 9,LAP 9
0 days 01:31:17.430000,4,1,LAP 10,LAP 10
0 days 01:32:49.597000,4,1,LAP 11,LAP 11
0 days 01:34:21.760000,4,1,LAP 12,LAP 12
0 days 01:35:53.626000,4,1,LAP 13,LAP 13
0 days 01:37:24.869000,4,1,LAP 14,LAP 14
0 days 01:38:55.807000,4,1,LAP 15,LAP 15
0 days 01:40:25.901000,4,1,LAP 16,LAP 16
0 days 01:41:55.860000,4,1,LAP 17,LAP 17
0 days 01:43:26.115000,4,1,LAP 18,LAP 18
0 days 01:44:56.285000,4,1,LAP 19,LAP 19
0 days 01:46:26.786000,4,1,LAP 20,LAP 20
0 days 01:47:57.544000,4,1,LAP 21,LAP 21
0 days 01:49:27.745000,4,1,LAP 22,LAP 22
0 days 01:50:58.046000,4,1,LAP 23,LAP 23
0 days 01:52:27.960000,4,1,LAP 24,LAP 24
0 days 01:53:57.677000,4,1,LAP 25,LAP 25
0 days 01:55:27.251000,4,1,LAP 26,LAP 26
0 days 01:56:56.417000,4,1,LAP 27,LAP 27
0 days 01:58:25.654000,4,1,LAP 28,LAP 28
0 days 01:59:54.836000,4,1,LAP 29,LAP 29
0 days 02:01:23.109000,4,1,LAP 30,LAP 30
0 days 02:02:51.216000,4,1,LAP 31,LAP 31
0 days 02:04:18.868000,4,1,LAP 32,LAP 32
0 days 02:05:46.653000,4,1,LAP 33,LAP 33
0 days 02:07:14.172000,4,1,LAP 34,LAP 34
0 days 02:09:16.467000,4,1,LAP 35,LAP 35
0 days 02:11:19.857000,4,1,LAP 36,LAP 36
0 days 02:13:36.760000,4,1,LAP 37,LAP 37
0 days 02:16:13.663000,4,1,LAP 38,LAP 38
0 days 02:18:34.679000,4,1,LAP 39,LAP 39
0 days 02:20:48.361000,4,1,LAP 40,LAP 40
0 days 02:23:03.729000,4,1,LAP 41,LAP 41
0 days 02:25:17.766000,4,1,LAP 42,LAP 42
0 days 02:26:41.508000,4,1,LAP 43,LAP 43
0 days 02:28:03.656000,4,1,LAP 44,LAP 44
0 days 02:29:18.279000,4,2,LAP 44,LAP 44
0 days 02:29:24.044000,4,3,LAP 44,LAP 44
0 days 02:29:24.761000,4,4,LAP 44,LAP 44
0 days 02:29:25.012000,4,1,LAP 44,LAP 44
0 days 02:29:34.144000,4,2,LAP 44,LAP 44
0 days 02:29:40.568000,4,3,LAP 44,LAP 44
0 days 02:29:42.961000,4,4,LAP 44,LAP 44
0 days 02:29:43.668000,4,5,LAP 44,LAP 44
0 days 02:29:49.059000,4,6,LAP 44,LAP 44
0 days 02:29:55.966000,4,6,+19.059,+4.174
0 days 02:29:57.844000,4,6,+19.296,+4.464
0 days 02:30:04.524000,4,7,+19.296,+4.464
0 days 02:30:04.999000,4,7,+21.360,+0.435
0 days 02:30:08.812000,4,7,+21.672,+0.543
0 days 02:30:12.357000,4,7,+21.676,+0.642
0 days 02:30:16.267000,4,7,+21.860,+0.871
0 days 02:30:21.227000,4,7,+22.153,+1.117
0 days 02:30:24.016000,4,7,+22.212,+1.216
0 days 02:30:26.099000,4,7,+22.243,+1.244
0 days 02:30:30.057000,4,7,+22.285,+1.472
0 days 02:30:33.442000,4,7,+22.351,+1.569
0 days 02:30:37.465000,4,7,+22.378,+1.573
0 days 02:30:41.567000,4,7,+22.348,+1.504
0 days 02:30:45.030000,4,7,+22.300,+1.397
0 days 02:30:49.193000,4,7,+21.981,+1.626
0 days 02:30:53.010000,4,7,+21.775,+1.896
0 days 02:30:59.567000,4,7,+21.066,+1.675
0 days 02:31:05.824000,4,7,+20.366,+1.017
0 days 02:31:09.732000,4,7,+19.556,+0.376
0 days 02:31:17.002000,4,6,+19.556,+0.376
0 days 02:31:17.084000,4,6,+19.476,+6.233
0 days 02:31:19.488000,4,6,+19.293,+5.899
0 days 02:31:25.626000,4,6,+18.601,+5.325
0 days 02:31:28.271000,4,6,+18.429,+5.162
0 days 02:31:29.697000,4,6,+18.293,+4.998
0 days 02:31:35.386000,4,6,+18.474,+4.917
0 days 02:31:38.981000,4,6,+18.473,+4.874
0 days 02:31:42.266000,4,6,+18.339,+4.627
0 days 02:31:46.275000,4,6,+18.488,+4.782
0 days 02:31:51.368000,4,6,+18.582,+5.019
0 days 02:31:54.367000,4,6,+18.623,+5.202
0 days 02:31:56.404000,4,6,+18.645,+5.265
0 days 02:32:00.329000,4,6,+18.432,+5.443
0 days 02:32:03.757000,4,6,+18.480,+5.631
0 days 02:32:07.780000,4,6,+18.499,+5.762
0 days 02:32:11.903000,4,6,+18.498,+6.039
0 days 02:32:15.440000,4,6,+18.499,+6.429
0 days 02:32:19.781000,4,6,+18.034,+5.936
0 days 02:32:24.037000,4,6,+17.980,+6.028
0 days 02:32:30.856000,4,6,+17.411,+5.670
0 days 02:32:37.139000,4,6,+16.225,+3.832
0 days 02:32:41.233000,4,6,+15.197,+2.506
0 days 02:32:48.062000,4,6,+14.200,+1.045
0 days 02:32:50.758000,4,6,+14.200,+0.600
0 days 02:32:57.257000,4,3,+14.200,+0.600
0 days 02:32:57.257000,4,3,+4.464,+0.463
0 days 02:33:00.054000,4,3,+4.151,+0.395
0 days 02:33:01.960000,4,3,+3.996,+0.417
0 days 02:33:08.946000,4,2,+3.996,+0.417
0 days 02:33:09.026000,4,2,+2.990,+2.990
0 days 02:33:13.089000,4,2,+2.188,+2.188
0 days 02:33:16.819000,4,2,+0.921,+0.921
0 days 02:33:21.381000,4,2,+0.208,+0.208
0 days 02:33:27.400000,4,1,LAP 47,LAP 47
0 days 02:34:50.918000,4,1,LAP 48,LAP 48
0 days 02:37:08.033000,4,1,LAP 49,LAP 49
0 days 02:39:32.860000,4,1,LAP 50,LAP 50
0 days 02:41:55.263000,4,1,LAP 51,LAP 51
0 days 02:44:09.446000,4,1,LAP 52,LAP 52
0 days 02:45:42.651000,4,1,LAP 53,LAP 53
0 days 02:47:13.138000,4,1,LAP 54,LAP 54
0 days 02:48:42.589000,4,1,LAP 55,LAP 55
0 days 02:50:11.745000,4,1,LAP 56,LAP 56
0 days 02:51:39.769000,4,1,LAP 57,LAP 57
0 days 00:00:04.219000,81,2,,
0 days 01:11:08.785000,81,2,+0.104,+0.104
0 days 01:11:10.780000,81,2,+0.203,+0.203
0 days 01:11:17.872000,81,3,+0.203,+0.203
0 days 01:11:18.010000,81,3,+0.664,+0.115
0 days 01:11:22.087000,81,3,+0.741,+0.319
0 days 01:11:26.210000,81,3,+1.037,+0.292
0 days 01:11:31.338000,81,3,+1.321,+0.416
0 days 01:11:37.794000,81,3,+1.671,+0.478
0 days 01:11:41.768000,81,3,+1.757,+0.460
0 days 01:11:44.126000,81,3,+1.732,+0.460
0 days 01:11:49.130000,81,3,+2.009,+0.563
0 days 01:11:53.127000,81,3,+1.971,+0.615
0 days 01:11:57.386000,81,3,+1.882,+0.641
0 days 01:12:01.545000,81,3,+1.817,+0.635
0 days 01:12:05.100000,81,3,+1.677,+0.617
0 days 01:12:10.152000,81,3,+1.995,+0.595
0 days 01:12:18.038000,81,3,+4.726,+3.063
0 days 01:12:31.939000,81,3,+4.848,+2.280
0 days 01:12:39.306000,81,3,+3.784,+1.312
0 days 01:12:43.747000,81,3,+3.795,+1.282
0 days 01:12:51.426000,81,3,+3.762,+1.531
0 days 01:12:54.339000,81,3,+3.700,+1.707
0 days 01:13:01.369000,81,3,+3.708,+1.415
0 days 01:13:04.665000,81,3,+4.041,+1.435
0 days 01:13:06.746000,81,3,+4.340,+1.475
0 days 01:13:14.384000,81,3,+3.290,+1.553
0 days 01:13:21.742000,81,3,+3.757,+2.061
0 days 01:13:27.324000,81,3,+2.971,+1.336
0 days 01:13:32.912000,81,3,+2.607,+1.324
0 days 01:13:41.011000,81,3,+1.536,+0.759
0 days 01:13:49.889000,81,3,+2.517,+1.381
0 days 01:13:58.373000,81,3,+3.243,+1.771
0 days 01:14:08.378000,81,3,+2.370,+0.693
0 days 01:14:15.287000,81,3,+3.345,+1.877
0 days 01:14:23.803000,81,3,+3.150,+2.201
0 days 01:14:29.578000,81,3,+1.767,+0.839
0 days 01:14:36.993000,81,3,+2.744,+1.319
0 days 01:14:43.444000,81,3,+1.728,+0.794
0 days 01:14:51.127000,81,3,+2.136,+0.959
0 days 01:15:03.603000,81,3,+3.425,+1.884
0 days 01:15:11.028000,81,3,+2.314,+1.177
0 days 01:15:16.786000,81,3,+2.451,+1.185
0 days 01:15:27.189000,81,3,+2.710,+1.543
0 days 01:15:59.516000,81,3,+3.531,+2.051
0 days 01:16:01.819000,81,3,+3.497,+2.116
0 days 01:16:09.863000,81,3,+2.580,+0.987
0 days 01:16:15.232000,81,3,+2.402,+1.123
0 days 01:16:21.673000,81,3,+3.755,+2.671
0 days 01:16:26.619000,81,3,+3.213,+1.865
0 days 01:16:33.171000,81,3,+1.750,+0.897
0 days 01:16:39.848000,81,3,+2.828,+1.239
0 days 01:16:46.079000,81,3,+3.152,+1.800
0 days 01:16:54.389000,81,3,+2.692,+1.257
0 days 01:17:00.428000,81,3,+2.482,+1.513
0 days 01:17:08.155000,81,3,+2.514,+1.806
0 days 01:17:15.260000,81,3,+3.144,+2.032
0 days 01:17:20.744000,81,3,+3.086,+1.970
0 days 01:17:27.113000,81,3,+2.372,+1.034
0 days 01:17:34.603000,81,3,+2.615,+1.350
0 days 01:17:44.941000,81,3,+3.279,+2.292
0 days 01:17:52.805000,81,3,+2.183,+1.283
0 days 01:17:58.743000,81,3,+2.551,+1.592
0 days 01:18:08.322000,81,3,+2.544,+1.243
0 days 01:18:43.614000,81,3,+5.436,+2.501
0 days 01:18:46.114000,81,3,+5.749,+2.830
0 days 01:18:53.947000,81,3,+4.993,+2.502
0 days 01:18:58.221000,81,3,+4.371,+2.446
0 days 01:19:02.432000,81,3,+3.493,+2.373
0 days 01:19:07.204000,81,3,+2.910,+1.705
0 days 01:19:13.565000,81,3,+1.552,+0.742
0 days 01:19:19.366000,81,3,+1.868,+0.988
0 days 01:19:26.229000,81,3,+2.814,+1.421
0 days 01:19:34.907000,81,3,+2.648,+0.942
0 days 01:19:41.606000,81,3,+2.557,+1.033
0 days 01:19:48.421000,81,3,+2.983,+1.963
0 days 01:19:54.578000,81,3,+2.520,+1.679
0 days 01:20:00.327000,81,3,+3.396,+2.202
0 days 01:20:06.235000,81,3,+1.632,+0.831
0 days 01:20:14.415000,81,3,+2.930,+1.418
0 days 01:20:24.130000,81,3,+3.129,+2.047
0 days 01:20:32.847000,81,3,+3.203,+1.482
0 days 01:20:37.780000,81,3,+2.516,+1.768
0 days 01:20:47.145000,81,3,+3.151,+1.236
0 days 01:21:16.515000,81,3,+2.711,+1.115
0 days 01:21:18.918000,81,3,+3.044,+1.469
0 days 01:21:26.654000,81,3,+2.976,+1.455
0 days 01:21:31.074000,81,3,+1.847,+1.268
0 days 01:21:36.595000,81,3,+2.771,+1.749
0 days 01:21:41.929000,81,3,+2.384,+0.829
0 days 01:21:50.665000,81,3,+3.354,+1.343
0 days 01:21:55.325000,81,3,+3.215,+1.562
0 days 01:22:01.227000,81,3,+3.039,+1.793
0 days 01:22:08.770000,81,3,+2.526,+1.131
0 days 01:22:14.265000,81,3,+1.943,+1.054
0 days 01:22:23.094000,81,3,+3.956,+1.977
0 days 01:22:28.608000,81,3,+3.270,+2.175
0 days 01:22:34.108000,81,3,+3.773,+1.505
0 days 01:22:40.261000,81,3,+2.783,+1.304
0 days 01:22:47.924000,81,3,+2.864,+1.529
0 days 01:22:57.223000,81,3,+3.345,+2.422
0 days 01:23:05.033000,81,3,+1.940,+1.295
0 days 01:23:10.226000,81,3,+2.271,+0.974
0 days 01:23:18.732000,81,3,+2.199,+0.892
0 days 01:23:21.720000,81,3,+1.724,+0.654
0 days 01:23:32.123000,81,3,+3.126,+1.294
0 days 01:23:36.945000,81,3,+3.088,+1.792
0 days 01:23:39.278000,81,3,+3.316,+1.602
0 days 01:23:46.435000,81,3,+2.011,+0.763
0 days 01:23:52.579000,81,3,+3.268,+2.315
0 days 01:23:57.374000,81,3,+2.841,+2.065
0 days 01:24:02.239000,81,3,+2.656,+1.181
0 days 01:24:10.498000,81,3,+2.722,+1.257
0 days 01:24:14.947000,81,3,+2.399,+1.162
0 days 01:24:19.432000,81,3,+2.824,+1.323
0 days 01:24:25.967000,81,3,+2.272,+0.766
0 days 01:24:33.062000,81,3,+2.897,+1.293
0 days 01:24:40.117000,81,3,+3.085,+1.748
0 days 01:24:47.080000,81,3,+2.908,+1.732
0 days 01:24:52.909000,81,3,+2.392,+1.505
0 days 01:24:59.752000,81,3,+2.052,+0.913
0 days 01:25:06.069000,81,3,+1.785,+1.212
0 days 01:25:16.051000,81,3,+2.376,+1.315
0 days 01:25:24.884000,81,3,+1.944,+1.176
0 days 01:25:30.258000,81,3,+1.864,+1.117
0 days 01:25:38.860000,81,3,+2.335,+1.146
0 days 01:25:42.113000,81,3,+2.444,+1.026
0 days 01:25:51.994000,81,3,+2.576,+1.513
0 days 01:25:55.468000,81,3,+2.928,+1.445
0 days 01:25:57.318000,81,3,+2.666,+1.276
0 days 01:26:06.018000,81,3,+3.237,+1.332
0 days 01:26:10.572000,81,3,+2.436,+1.477
0 days 01:26:15.046000,81,3,+1.853,+0.975
0 days 01:26:20.776000,81,3,+2.278,+0.885
0 days 01:26:29.353000,81,3,+2.968,+1.079
0 days 01:26:33.593000,81,3,+2.415,+1.344
0 days 01:26:37.029000,81,3,+2.259,+1.190
0 days 01:26:43.810000,81,3,+2.591,+0.647
0 days 01:26:49.551000,81,3,+2.777,+1.282
0 days 01:26:57.533000,81,3,+3.810,+2.165
0 days 01:27:02.350000,81,3,+3.210,+2.143
0 days 01:27:08.208000,81,3,+3.418,+2.569
0 days 01:27:13.834000,81,3,+2.557,+1.531
0 days 01:27:22.559000,81,3,+2.197,+1.530
0 days 01:27:39.449000,81,3,+1.174,+0.614
0 days 01:27:46.934000,81,3,+0.624,+0.331
0 days 01:27:51.219000,81,3,+0.793,+0.334
0 days 01:27:58.410000,81,3,+1.066,+0.643
0 days 01:28:00.940000,81,3,+1.060,+0.610
0 days 01:28:07.634000,81,3,+1.037,+0.635
0 days 01:28:10.566000,81,3,+1.027,+0.637
0 days 01:28:12.147000,81,3,+1.146,+0.577
0 days 01:28:18.438000,81,3,+1.179,+0.444
0 days 01:28:22.270000,81,3,+1.148,+0.443
0 days 01:28:26.147000,81,3,+1.350,+0.478
0 days 01:28:30.770000,81,3,+1.387,+0.533
0 days 01:28:36.582000,81,3,+1.436,+0.509
0 days 01:28:40.126000,81,3,+1.387,+0.541
0 days 01:28:42.348000,81,3,+1.342,+0.528
0 days 01:28:47.078000,81,3,+1.442,+0.599
0 days 01:28:50.900000,81,3,+1.231,+0.526
0 days 01:28:55.013000,81,3,+1.091,+0.472
0 days 01:28:59.034000,81,3,+0.975,+0.436
0 days 01:29:02.550000,81,3,+0.833,+0.414
0 days 01:29:07.297000,81,3,+1.045,+0.276
0 days 01:29:11.952000,81,3,+1.254,+0.432
0 days 01:29:18.935000,81,3,+1.568,+0.597
0 days 01:29:25.234000,81,3,+1.591,+0.546
0 days 01:29:29.095000,81,3,+1.735,+0.638
0 days 01:29:35.910000,81,3,+1.950,+0.949
0 days 01:29:38.380000,81,3,+1.986,+1.023
0 days 01:29:44.829000,81,3,+2.010,+1.056
0 days 01:29:47.678000,81,3,+1.985,+1.046
0 days 01:29:49.284000,81,3,+2.042,+0.990
0 days 01:29:55.270000,81,3,+1.946,+1.105
0 days 01:29:59.028000,81,3,+1.899,+1.150
0 days 01:30:02.866000,81,3,+2.046,+1.253
0 days 01:30:07.135000,81,3,+1.958,+1.210
0 days 01:30:12.871000,81,3,+1.901,+1.205
0 days 01:30:16.296000,81,3,+1.889,+1.238
0 days 01:30:18.548000,81,3,+1.914,+1.288
0 days 01:30:23.119000,81,3,+2.024,+1.348
0 days 01:30:26.735000,81,3,+1.921,+1.342
0 days 01:30:30.791000,81,3,+1.886,+1.353
0 days 01:30:34.912000,81,3,+1.856,+1.416
0 days 01:30:38.414000,81,3,+1.790,+1.479
0 days 01:30:43.256000,81,3,+2.007,+1.507
0 days 01:30:47.565000,81,3,+2.050,+1.605
0 days 01:30:54.396000,81,3,+2.213,+1.667
0 days 01:31:00.496000,81,3,+2.148,+1.467
0 days 01:31:04.195000,81,3,+2.175,+1.487
0 days 01:31:10.726000,81,3,+2.000,+1.493
0 days 01:31:13.112000,81,3,+1.974,+1.433
0 days 01:31:19.398000,81,3,+1.950,+1.319
0 days 01:31:22.257000,81,3,+1.921,+1.304
0 days 01:31:23.891000,81,3,+1.963,+1.241
0 days 01:31:29.538000,81,3,+2.041,+1.289
0 days 01:31:33.230000,81,3,+2.029,+1.323
0 days 01:31:36.869000,81,3,+2.202,+1.383
0 days 01:31:41.257000,81,3,+2.298,+1.374
0 days 01:31:46.760000,81,3,+2.259,+1.301
0 days 01:31:50.054000,81,3,+2.334,+1.351
0 days 01:31:52.211000,81,3,+2.343,+1.369
0 days 01:31:56.627000,81,3,+2.483,+1.402
0 days 01:32:00.152000,81,3,+2.448,+1.379
0 days 01:32:04.215000,81,3,+2.424,+1.377
0 days 01:32:08.278000,81,3,+2.382,+1.400
0 days 01:32:11.779000,81,3,+2.327,+1.444
0 days 01:32:16.369000,81,3,+2.481,+1.575
0 days 01:32:20.515000,81,3,+2.399,+1.465
0 days 01:32:27.187000,81,3,+2.458,+1.486
0 days 01:32:33.435000,81,3,+2.557,+1.394
0 days 01:32:37.028000,81,3,+2.502,+1.379
0 days 01:32:43.536000,81,3,+2.585,+1.408
0 days 01:32:45.814000,81,3,+2.542,+1.450
0 days 01:32:52.152000,81,3,+2.492,+1.341
0 days 01:32:54.927000,81,3,+2.454,+1.309
0 days 01:32:56.475000,81,3,+2.532,+1.338
0 days 01:33:02.216000,81,3,+2.551,+1.393
0 days 01:33:05.897000,81,3,+2.494,+1.395
0 days 01:33:09.513000,81,3,+2.587,+1.462
0 days 01:33:13.764000,81,3,+2.503,+1.358
0 days 01:33:19.274000,81,3,+2.467,+1.278
0 days 01:33:22.402000,81,3,+2.375,+1.173
0 days 01:33:24.537000,81,3,+2.344,+1.146
0 days 01:33:28.810000,81,3,+2.333,+1.068
0 days 01:33:32.280000,81,3,+2.235,+1.011
0 days 01:33:36.279000,81,3,+2.174,+0.979
0 days 01:33:40.386000,81,3,+2.105,+0.960
0 days 01:33:43.822000,81,3,+2.024,+0.964
0 days 01:33:48.339000,81,3,+2.145,+1.076
0 days 01:33:52.537000,81,3,+2.174,+1.141
0 days 01:33:59.197000,81,3,+2.225,+1.090
0 days 01:34:05.373000,81,3,+2.279,+1.001
0 days 01:34:08.951000,81,3,+2.198,+0.912
0 days 01:34:15.416000,81,3,+2.340,+0.920
0 days 01:34:17.714000,81,3,+2.272,+0.919
0 days 01:34:24.054000,81,3,+2.262,+0.847
0 days 01:34:26.852000,81,3,+2.232,+0.820
0 days 01:34:28.470000,81,3,+2.320,+0.836
0 days 01:34:34.050000,81,3,+2.011,+0.803
0 days 01:34:37.685000,81,3,+1.897,+0.796
0 days 01:34:41.272000,81,3,+2.031,+0.798
0 days 01:34:45.629000,81,3,+1.954,+0.750
0 days 01:34:51.098000,81,3,+2.016,+0.721
0 days 01:34:54.225000,81,3,+1.915,+0.723
0 days 01:34:56.338000,81,3,+1.888,+0.738
0 days 01:35:00.585000,81,3,+1.887,+0.651
0 days 01:35:04.123000,81,3,+1.863,+0.641
0 days 01:35:08.070000,81,3,+1.830,+0.620
0 days 01:35:12.057000,81,3,+1.676,+0.537
0 days 01:35:15.377000,81,3,+1.414,+0.381
0 days 01:35:19.864000,81,3,+1.614,+0.495
0 days 01:35:24.115000,81,3,+1.674,+0.618
0 days 01:35:30.640000,81,3,+1.724,+0.568
0 days 01:35:36.880000,81,3,+1.891,+0.590
0 days 01:35:40.429000,81,3,+1.812,+0.596
0 days 01:35:46.852000,81,3,+2.018,+0.723
0 days 01:35:49.136000,81,3,+1.906,+0.719
0 days 01:35:55.371000,81,3,+1.774,+0.546
0 days 01:35:58.039000,81,3,+1.626,+0.418
0 days 01:35:59.581000,81,3,+1.649,+0.432
0 days 01:36:05.429000,81,3,+1.820,+0.749
0 days 01:36:09.096000,81,3,+1.772,+0.770
0 days 01:36:12.696000,81,3,+1.850,+0.848
0 days 01:36:16.983000,81,3,+1.751,+0.741
0 days 01:36:22.496000,81,3,+1.812,+0.658
0 days 01:36:25.571000,81,3,+1.788,+0.657
0 days 01:36:27.670000,81,3,+1.759,+0.654
0 days 01:36:31.988000,81,3,+1.872,+0.659
0 days 01:36:35.468000,81,3,+1.852,+0.639
0 days 01:36:39.451000,81,3,+1.815,+0.611
0 days 01:36:43.438000,81,3,+1.644,+0.513
0 days 01:36:46.735000,81,3,+1.394,+0.358
0 days 01:36:51.250000,81,3,+1.660,+0.530
0 days 01:36:55.547000,81,3,+1.771,+0.747
0 days 01:37:02.054000,81,3,+1.780,+0.742
0 days 01:37:08.340000,81,3,+1.922,+0.691
0 days 01:37:11.839000,81,3,+1.814,+0.758
0 days 01:37:18.167000,81,3,+1.930,+0.767
0 days 01:37:20.515000,81,3,+1.921,+0.765
0 days 01:37:26.697000,81,3,+1.833,+0.652
0 days 01:37:29.412000,81,3,+1.685,+0.505
0 days 01:37:31,81,3,+1.739,+0.571
0 days 01:37:36.555000,81,3,+1.666,+0.651
0 days 01:37:40.155000,81,3,+1.573,+0.583
0 days 01:37:43.739000,81,3,+1.713,+0.683
0 days 01:37:48.035000,81,3,+1.768,+0.693
0 days 01:37:53.527000,81,3,+1.869,+0.715
0 days 01:37:56.587000,81,3,+1.883,+0.812
0 days 01:37:58.701000,81,3,+1.881,+0.848
0 days 01:38:02.931000,81,3,+1.980,+0.921
0 days 01:38:06.380000,81,3,+1.953,+0.887
0 days 01:38:10.380000,81,3,+1.933,+0.877
0 days 01:38:14.452000,81,3,+1.782,+0.788
0 days 01:38:17.657000,81,3,+1.533,+0.643
0 days 01:38:22.052000,81,3,+1.578,+0.756
0 days 01:38:26.102000,81,3,+1.462,+0.692
0 days 01:38:32.566000,81,3,+1.440,+0.625
0 days 01:38:38.840000,81,3,+1.523,+0.577
0 days 01:38:42.439000,81,3,+1.501,+0.588
0 days 01:38:48.717000,81,3,+1.614,+0.664
0 days 01:38:51.166000,81,3,+1.690,+0.664
0 days 01:38:57.308000,81,3,+1.593,+0.568
0 days 01:38:59.902000,81,3,+1.408,+0.526
0 days 01:39:01.466000,81,3,+1.440,+0.581
0 days 01:39:07.183000,81,3,+1.478,+0.680
0 days 01:39:10.825000,81,3,+1.426,+0.719
0 days 01:39:14.270000,81,3,+1.430,+0.752
0 days 01:39:18.601000,81,3,+1.514,+0.688
0 days 01:39:24.085000,81,3,+1.691,+0.776
0 days 01:39:27.056000,81,3,+1.733,+0.863
0 days 01:39:29.186000,81,3,+1.733,+0.884
0 days 01:39:33.316000,81,3,+1.765,+0.830
0 days 01:39:36.776000,81,3,+1.735,+0.785
0 days 01:39:40.766000,81,3,+1.693,+0.749
0 days 01:39:44.725000,81,3,+1.490,+0.709
0 days 01:39:47.941000,81,3,+1.202,+0.688
0 days 01:39:52.340000,81,3,+1.370,+0.752
0 days 01:39:56.431000,81,3,+1.374,+0.626
0 days 01:40:02.858000,81,3,+1.230,+0.616
0 days 01:40:09.247000,81,3,+1.524,+0.632
0 days 01:40:12.749000,81,3,+1.518,+0.633
0 days 01:40:19.034000,81,3,+1.783,+0.731
0 days 01:40:21.475000,81,3,+1.846,+0.720
0 days 01:40:27.601000,81,3,+1.710,+0.583
0 days 01:40:30.269000,81,3,+1.526,+0.537
0 days 01:40:31.831000,81,3,+1.584,+0.632
0 days 01:40:37.458000,81,3,+1.703,+0.688
0 days 01:40:41.041000,81,3,+1.669,+0.714
0 days 01:40:44.500000,81,3,+1.595,+0.698
0 days 01:40:48.941000,81,3,+1.819,+0.757
0 days 01:40:54.313000,81,3,+1.996,+0.760
0 days 01:40:57.262000,81,3,+1.896,+0.770
0 days 01:40:59.374000,81,3,+1.858,+0.762
0 days 01:41:03.465000,81,3,+1.854,+0.714
0 days 01:41:06.933000,81,3,+1.847,+0.679
0 days 01:41:10.921000,81,3,+1.839,+0.663
0 days 01:41:14.857000,81,3,+1.658,+0.564
0 days 01:41:18.103000,81,3,+1.406,+0.395
0 days 01:41:22.741000,81,3,+1.753,+0.689
0 days 01:41:26.754000,81,3,+1.758,+0.717
0 days 01:41:33.286000,81,3,+1.789,+0.715
0 days 01:41:39.614000,81,3,+2.100,+0.762
0 days 01:41:43.245000,81,3,+2.143,+0.777
0 days 01:41:49.766000,81,3,+2.532,+0.995
0 days 01:41:52.219000,81,3,+2.572,+0.933
0 days 01:41:58.341000,81,3,+2.480,+0.713
0 days 01:42:00.986000,81,3,+2.327,+0.564
0 days 01:42:02.561000,81,3,+2.366,+0.614
0 days 01:42:08.168000,81,3,+2.466,+0.753
0 days 01:42:11.752000,81,3,+2.418,+0.719
0 days 01:42:15.260000,81,3,+2.418,+0.642
0 days 01:42:19.802000,81,3,+2.639,+0.768
0 days 01:42:25.218000,81,3,+2.800,+0.635
0 days 01:42:28.124000,81,3,+2.744,+0.534
0 days 01:42:30.218000,81,3,+2.729,+0.516
0 days 01:42:34.402000,81,3,+2.858,+0.562
0 days 01:42:37.834000,81,3,+2.852,+0.552
0 days 01:42:41.802000,81,3,+2.835,+0.524
0 days 01:42:45.745000,81,3,+2.642,+0.396
0 days 01:42:49.035000,81,3,+2.399,+0.220
0 days 01:42:53.460000,81,3,+2.711,+0.487
0 days 01:42:57.489000,81,3,+2.588,+0.420
0 days 01:43:04.022000,81,3,+2.543,+0.534
0 days 01:43:10.248000,81,2,+2.543,+0.534
0 days 01:43:10.332000,81,2,+2.689,+2.689
0 days 01:43:13.902000,81,2,+2.636,+2.636
0 days 01:43:20.349000,81,2,+2.969,+2.969
0 days 01:43:22.756000,81,2,+2.890,+2.890
0 days 01:43:29.037000,81,2,+2.912,+2.912
0 days 01:43:31.844000,81,2,+2.902,+2.902
0 days 01:43:33.388000,81,2,+2.953,+2.953
0 days 01:43:38.784000,81,2,+2.824,+2.824
0 days 01:43:42.366000,81,2,+2.801,+2.801
0 days 01:43:45.774000,81,2,+2.684,+2.684
0 days 01:43:50.136000,81,2,+2.901,+2.901
0 days 01:43:55.590000,81,2,+2.912,+2.912
0 days 01:43:58.400000,81,2,+2.853,+2.853
0 days 01:44:00.436000,81,2,+2.819,+2.819
0 days 01:44:07.885000,81,2,+2.811,+2.811
0 days 01:44:11.881000,81,2,+2.844,+2.844
0 days 01:44:16.004000,81,2,+2.826,+2.826
0 days 01:44:19.506000,81,2,+2.815,+2.815
0 days 01:44:23.803000,81,2,+2.879,+2.879
0 days 01:44:27.832000,81,2,+2.735,+2.735
0 days 01:44:34.458000,81,2,+2.854,+2.854
0 days 01:44:40.699000,81,2,+2.935,+2.935
0 days 01:44:44.170000,81,2,+2.836,+2.836
0 days 01:44:50.603000,81,2,+2.998,+2.998
0 days 01:44:52.901000,81,2,+2.888,+2.888
0 days 01:44:59.187000,81,2,+2.909,+2.909
0 days 01:45:01.991000,81,2,+2.896,+2.896
0 days 01:45:03.486000,81,2,+2.918,+2.918
0 days 01:45:09.104000,81,2,+2.997,+2.997
0 days 01:45:12.747000,81,2,+3.009,+3.009
0 days 01:45:16.170000,81,2,+2.904,+2.904
0 days 01:45:20.656000,81,2,+3.167,+3.167
0 days 01:45:25.990000,81,2,+3.128,+3.128
0 days 01:45:28.886000,81,2,+3.041,+3.041
0 days 01:45:30.843000,81,2,+3.003,+3.003
0 days 01:45:34.816000,81,2,+2.940,+2.940
0 days 01:45:38.197000,81,2,+2.903,+2.903
0 days 01:45:42.228000,81,2,+2.923,+2.923
0 days 01:45:46.272000,81,2,+2.903,+2.903
0 days 01:45:49.807000,81,2,+2.914,+2.914
0 days 01:45:54.086000,81,2,+2.906,+2.906
0 days 01:45:58.417000,81,2,+2.926,+2.926
0 days 01:46:05.058000,81,2,+2.980,+2.980
0 days 01:46:11.307000,81,2,+3.090,+3.090
0 days 01:46:14.863000,81,2,+3.106,+3.106
0 days 01:46:21.428000,81,2,+3.311,+3.311
0 days 01:46:23.759000,81,2,+3.200,+3.200
0 days 01:46:29.961000,81,2,+3.174,+3.174
0 days 01:46:32.808000,81,2,+3.172,+3.172
0 days 01:46:34.290000,81,2,+3.231,+3.231
0 days 01:46:39.704000,81,2,+2.797,+2.797
0 days 01:46:43.316000,81,2,+2.692,+2.692
0 days 01:46:46.857000,81,2,+2.721,+2.721
0 days 01:46:51.146000,81,2,+2.788,+2.788
0 days 01:46:56.616000,81,2,+2.751,+2.751
0 days 01:46:59.374000,81,2,+2.552,+2.552
0 days 01:47:01.425000,81,2,+2.472,+2.472
0 days 01:47:05.459000,81,2,+2.394,+2.394
0 days 01:47:08.839000,81,2,+2.407,+2.407
0 days 01:47:12.835000,81,2,+2.419,+2.419
0 days 01:47:16.961000,81,2,+2.390,+2.390
0 days 01:47:20.411000,81,2,+2.376,+2.376
0 days 01:47:24.745000,81,2,+2.442,+2.442
0 days 01:47:28.807000,81,2,+2.379,+2.379
0 days 01:47:35.307000,81,2,+2.410,+2.410
0 days 01:47:41.593000,81,2,+2.561,+2.561
0 days 01:47:45.091000,81,2,+2.483,+2.483
0 days 01:47:51.536000,81,2,+2.608,+2.608
0 days 01:47:53.929000,81,2,+2.603,+2.603
0 days 01:48:00.206000,81,2,+2.623,+2.623
0 days 01:48:02.957000,81,2,+2.605,+2.605
0 days 01:48:04.436000,81,2,+2.621,+2.621
0 days 01:48:09.918000,81,2,+2.597,+2.597
0 days 01:48:13.518000,81,2,+2.579,+2.579
0 days 01:48:16.960000,81,2,+2.567,+2.567
0 days 01:48:21.205000,81,2,+2.642,+2.642
0 days 01:48:26.557000,81,2,+2.572,+2.572
0 days 01:48:29.419000,81,2,+2.473,+2.473
0 days 01:48:31.408000,81,2,+2.415,+2.415
0 days 01:48:35.378000,81,2,+2.354,+2.354
0 days 01:48:38.803000,81,2,+2.330,+2.330
0 days 01:48:42.737000,81,2,+2.329,+2.329
0 days 01:48:46.821000,81,2,+2.297,+2.297
0 days 01:48:50.306000,81,2,+2.290,+2.290
0 days 01:48:54.530000,81,2,+2.287,+2.287
0 days 01:48:58.663000,81,2,+2.236,+2.236
0 days 01:49:05.253000,81,2,+2.254,+2.254
0 days 01:49:11.404000,81,2,+2.186,+2.186
0 days 01:49:14.870000,81,2,+2.118,+2.118
0 days 01:49:21.319000,81,2,+2.182,+2.182
0 days 01:49:23.638000,81,2,+2.100,+2.100
0 days 01:49:29.858000,81,2,+2.116,+2.116
0 days 01:49:32.722000,81,2,+2.096,+2.096
0 days 01:49:34.229000,81,2,+2.159,+2.159
0 days 01:49:39.739000,81,2,+2.179,+2.179
0 days 01:49:43.390000,81,2,+2.183,+2.183
0 days 01:49:46.808000,81,2,+2.116,+2.116
0 days 01:49:51.122000,81,2,+2.250,+2.250
0 days 01:49:56.561000,81,2,+2.302,+2.302
0 days 01:49:59.458000,81,2,+2.219,+2.219
0 days 01:50:01.545000,81,2,+2.212,+2.212
0 days 01:50:05.522000,81,2,+2.174,+2.174
0 days 01:50:08.923000,81,2,+2.172,+2.172
0 days 01:50:12.878000,81,2,+2.160,+2.160
0 days 01:50:16.963000,81,2,+2.133,+2.133
0 days 01:50:20.464000,81,2,+2.147,+2.147
0 days 01:50:24.793000,81,2,+2.196,+2.196
0 days 01:50:28.847000,81,2,+1.979,+1.979
0 days 01:50:35.408000,81,2,+1.945,+1.945
0 days 01:50:41.648000,81,2,+2.031,+2.031
0 days 01:50:45.067000,81,2,+1.922,+1.922
0 days 01:50:51.529000,81,2,+2.047,+2.047
0 days 01:50:53.889000,81,2,+2.017,+2.017
0 days 01:51:00.070000,81,2,+2.030,+2.030
0 days 01:51:02.859000,81,2,+2.018,+2.018
0 days 01:51:04.382000,81,2,+2.094,+2.094
0 days 01:51:09.770000,81,2,+1.925,+1.925
0 days 01:51:13.366000,81,2,+1.897,+1.897
0 days 01:51:16.851000,81,2,+1.936,+1.936
0 days 01:51:21.060000,81,2,+1.993,+1.993
0 days 01:51:26.475000,81,2,+1.927,+1.927
0 days 01:51:29.335000,81,2,+1.871,+1.871
0 days 01:51:31.444000,81,2,+1.856,+1.856
0 days 01:51:35.391000,81,2,+1.805,+1.805
0 days 01:51:38.832000,81,2,+1.797,+1.797
0 days 01:51:42.759000,81,2,+1.806,+1.806
0 days 01:51:46.835000,81,2,+1.801,+1.801
0 days 01:51:50.337000,81,2,+1.816,+1.816
0 days 01:51:54.624000,81,2,+1.811,+1.811
0 days 01:51:58.678000,81,2,+1.777,+1.777
0 days 01:52:05.143000,81,2,+1.847,+1.847
0 days 01:52:11.447000,81,2,+1.824,+1.824
0 days 01:52:14.859000,81,2,+1.754,+1.754
0 days 01:52:21.262000,81,2,+1.894,+1.894
0 days 01:52:23.644000,81,2,+1.859,+1.859
0 days 01:52:29.866000,81,2,+1.847,+1.847
0 days 01:52:32.608000,81,2,+1.830,+1.830
0 days 01:52:34.166000,81,2,+1.860,+1.860
0 days 01:52:39.542000,81,2,+1.861,+1.861
0 days 01:52:43.105000,81,2,+1.862,+1.862
0 days 01:52:46.523000,81,2,+1.846,+1.846
0 days 01:52:50.847000,81,2,+1.931,+1.931
0 days 01:52:56.208000,81,2,+1.811,+1.811
0 days 01:52:59.064000,81,2,+1.752,+1.752
0 days 01:53:01.086000,81,2,+1.730,+1.730
0 days 01:53:05.047000,81,2,+1.751,+1.751
0 days 01:53:08.533000,81,2,+1.845,+1.845
0 days 01:53:12.532000,81,2,+1.856,+1.856
0 days 01:53:16.561000,81,2,+1.852,+1.852
0 days 01:53:20.138000,81,2,+1.874,+1.874
0 days 01:53:24.355000,81,2,+1.869,+1.869
0 days 01:53:28.405000,81,2,+1.754,+1.754
0 days 01:53:34.926000,81,2,+1.766,+1.766
0 days 01:53:41.052000,81,2,+1.851,+1.851
0 days 01:53:44.464000,81,2,+1.724,+1.724
0 days 01:53:50.936000,81,2,+1.793,+1.793
0 days 01:53:53.271000,81,2,+1.805,+1.805
0 days 01:53:59.465000,81,2,+1.786,+1.786
0 days 01:54:02.299000,81,2,+1.769,+1.769
0 days 01:54:03.749000,81,2,+1.753,+1.753
0 days 01:54:09.150000,81,2,+1.660,+1.660
0 days 01:54:12.725000,81,2,+1.599,+1.599
0 days 01:54:16.148000,81,2,+1.472,+1.472
0 days 01:54:20.401000,81,2,+1.600,+1.600
0 days 01:54:25.781000,81,2,+1.491,+1.491
0 days 01:54:28.656000,81,2,+1.467,+1.467
0 days 01:54:30.688000,81,2,+1.457,+1.457
0 days 01:54:34.690000,81,2,+1.485,+1.485
0 days 01:54:38.048000,81,2,+1.461,+1.461
0 days 01:54:42.024000,81,2,+1.451,+1.451
0 days 01:54:46.141000,81,2,+1.423,+1.423
0 days 01:54:49.543000,81,2,+1.422,+1.422
0 days 01:54:53.796000,81,2,+1.465,+1.465
0 days 01:54:57.850000,81,2,+1.449,+1.449
0 days 01:55:04.422000,81,2,+1.468,+1.468
0 days 01:55:10.426000,81,2,+1.473,+1.473
0 days 01:55:13.758000,81,2,+1.335,+1.335
0 days 01:55:20.164000,81,2,+1.436,+1.436
0 days 01:55:22.533000,81,2,+1.453,+1.453
0 days 01:55:28.766000,81,2,+1.480,+1.480
0 days 01:55:31.548000,81,2,+1.467,+1.467
0 days 01:55:33.001000,81,2,+1.470,+1.470
0 days 01:55:38.414000,81,2,+1.532,+1.532
0 days 01:55:41.980000,81,2,+1.527,+1.527
0 days 01:55:45.423000,81,2,+1.482,+1.482
0 days 01:55:49.725000,81,2,+1.609,+1.609
0 days 01:55:55.188000,81,2,+1.634,+1.634
0 days 01:55:58.041000,81,2,+1.555,+1.555
0 days 01:56:00.061000,81,2,+1.514,+1.514
0 days 01:56:04.083000,81,2,+1.580,+1.580
0 days 01:56:11.397000,81,2,+1.581,+1.581
0 days 01:56:15.648000,81,2,+1.542,+1.542
0 days 01:56:18.963000,81,2,+1.553,+1.553
0 days 01:56:23.228000,81,2,+1.590,+1.590
0 days 01:56:27.210000,81,2,+1.436,+1.436
0 days 01:56:33.635000,81,2,+1.457,+1.457
0 days 01:56:39.650000,81,2,+1.403,+1.403
0 days 01:56:43.049000,81,2,+1.328,+1.328
0 days 01:56:49.440000,81,2,+1.493,+1.493
0 days 01:56:51.678000,81,2,+1.462,+1.462
0 days 01:56:57.887000,81,2,+1.453,+1.453
0 days 01:57:00.765000,81,2,+1.433,+1.433
0 days 01:57:02.110000,81,2,+1.483,+1.483
0 days 01:57:07.485000,81,2,+1.355,+1.355
0 days 01:57:11.077000,81,2,+1.287,+1.287
0 days 01:57:14.524000,81,2,+1.254,+1.254
0 days 01:57:18.769000,81,2,+1.303,+1.303
0 days 01:57:24.211000,81,2,+1.326,+1.326
0 days 01:57:27.010000,81,2,+1.285,+1.285
0 days 01:57:29.091000,81,2,+1.264,+1.264
0 days 01:57:33.027000,81,2,+1.301,+1.301
0 days 01:57:36.465000,81,2,+1.383,+1.383
0 days 01:57:40.449000,81,2,+1.391,+1.391
0 days 01:57:44.563000,81,2,+1.375,+1.375
0 days 01:57:47.972000,81,2,+1.376,+1.376
0 days 01:57:52.107000,81,2,+1.337,+1.337
0 days 01:57:56.052000,81,2,+1.297,+1.297
0 days 01:58:02.449000,81,2,+1.267,+1.267
0 days 01:58:08.607000,81,2,+1.228,+1.228
0 days 01:58:11.985000,81,2,+1.164,+1.164
0 days 01:58:18.416000,81,2,+1.291,+1.291
0 days 01:58:20.730000,81,2,+1.234,+1.234
0 days 01:58:26.910000,81,2,+1.240,+1.240
0 days 01:58:29.665000,81,2,+1.225,+1.225
0 days 01:58:31.254000,81,2,+1.243,+1.243
0 days 01:58:36.526000,81,2,+1.174,+1.174
0 days 01:58:40.039000,81,2,+1.144,+1.144
0 days 01:58:43.512000,81,2,+1.123,+1.123
0 days 01:58:47.781000,81,2,+1.148,+1.148
0 days 01:58:53.235000,81,2,+1.205,+1.205
0 days 01:58:56.066000,81,2,+1.185,+1.185
0 days 01:58:58.084000,81,2,+1.162,+1.162
0 days 01:59:02.022000,81,2,+1.158,+1.158
0 days 01:59:05.357000,81,2,+1.081,+1.081
0 days 01:59:09.336000,81,2,+1.067,+1.067
0 days 01:59:13.367000,81,2,+1.043,+1.043
0 days 01:59:16.769000,81,2,+1.004,+1.004
0 days 01:59:20.909000,81,2,+0.911,+0.911
0 days 01:59:24.850000,81,2,+0.884,+0.884
0 days 01:59:31.197000,81,2,+0.789,+0.789
0 days 01:59:37.273000,81,2,+0.713,+0.713
0 days 01:59:40.668000,81,2,+0.748,+0.748
0 days 01:59:47.074000,81,2,+0.826,+0.826
0 days 01:59:49.450000,81,2,+0.829,+0.829
0 days 01:59:55.552000,81,2,+0.772,+0.772
0 days 01:59:58.194000,81,2,+0.638,+0.638
0 days 01:59:59.745000,81,2,+0.680,+0.680
0 days 02:00:05.068000,81,2,+0.821,+0.821
0 days 02:00:08.591000,81,2,+0.795,+0.795
0 days 02:00:12.067000,81,2,+0.867,+0.867
0 days 02:00:16.323000,81,2,+1.011,+1.011
0 days 02:00:21.669000,81,2,+0.968,+0.968
0 days 02:00:24.519000,81,2,+0.961,+0.961
0 days 02:00:26.571000,81,2,+0.948,+0.948
0 days 02:00:30.556000,81,2,+0.923,+0.923
0 days 02:00:33.925000,81,2,+0.859,+0.859
0 days 02:00:37.870000,81,2,+0.848,+0.848
0 days 02:00:41.796000,81,2,+0.818,+0.818
0 days 02:00:44.991000,81,2,+0.743,+0.743
0 days 02:00:49.096000,81,2,+0.706,+0.706
0 days 02:00:53.043000,81,2,+0.736,+0.736
0 days 02:00:59.428000,81,2,+0.746,+0.746
0 days 02:01:05.505000,81,2,+0.707,+0.707
0 days 02:01:08.941000,81,2,+0.817,+0.817
0 days 02:01:15.420000,81,2,+0.760,+0.760
0 days 02:01:17.676000,81,2,+0.707,+0.707
0 days 02:01:23.795000,81,2,+0.603,+0.603
0 days 02:01:26.364000,81,2,+0.484,+0.484
0 days 02:01:27.871000,81,2,+0.520,+0.520
0 days 02:01:33.220000,81,2,+0.490,+0.490
0 days 02:01:36.715000,81,2,+0.395,+0.395
0 days 02:01:40.205000,81,2,+0.361,+0.361
0 days 02:01:44.443000,81,2,+0.507,+0.507
0 days 02:01:49.940000,81,2,+0.617,+0.617
0 days 02:01:52.787000,81,2,+0.660,+0.660
0 days 02:01:54.871000,81,2,+0.644,+0.644
0 days 02:01:58.751000,81,2,+0.728,+0.728
0 days 02:02:02.114000,81,2,+0.758,+0.758
0 days 02:02:06.066000,81,2,+0.740,+0.740
0 days 02:02:10.025000,81,2,+0.614,+0.614
0 days 02:02:13.291000,81,2,+0.414,+0.414
0 days 02:02:17.468000,81,2,+0.568,+0.568
0 days 02:02:21.368000,81,2,+0.625,+0.625
0 days 02:02:27.792000,81,2,+0.605,+0.605
0 days 02:02:33.994000,81,2,+0.786,+0.786
0 days 02:02:37.366000,81,2,+0.873,+0.873
0 days 02:02:43.652000,81,2,+0.893,+0.893
0 days 02:02:45.988000,81,2,+0.988,+0.988
0 days 02:02:52.061000,81,2,+0.902,+0.902
0 days 02:02:54.713000,81,2,+0.770,+0.770
0 days 02:02:56.210000,81,2,+0.839,+0.839
0 days 02:03:01.456000,81,2,+0.804,+0.804
0 days 02:03:04.847000,81,2,+0.702,+0.702
0 days 02:03:08.313000,81,2,+0.734,+0.734
0 days 02:03:12.465000,81,2,+0.769,+0.769
0 days 02:03:18.044000,81,2,+0.895,+0.895
0 days 02:03:20.893000,81,2,+0.970,+0.970
0 days 02:03:23.152000,81,2,+1.001,+1.001
0 days 02:03:26.844000,81,2,+0.990,+0.990
0 days 02:03:30.170000,81,2,+0.954,+0.954
0 days 02:03:34.126000,81,2,+0.929,+0.929
0 days 02:03:38.069000,81,2,+0.795,+0.795
0 days 02:03:41.339000,81,2,+0.597,+0.597
0 days 02:03:45.666000,81,2,+0.704,+0.704
0 days 02:03:49.353000,81,2,+0.721,+0.721
0 days 02:03:55.797000,81,2,+0.635,+0.635
0 days 02:04:01.853000,81,2,+0.912,+0.912
0 days 02:04:05.217000,81,2,+0.998,+0.998
0 days 02:04:11.467000,81,2,+1.084,+1.084
0 days 02:04:13.838000,81,2,+1.144,+1.144
0 days 02:04:20.001000,81,2,+1.123,+1.123
0 days 02:04:22.619000,81,2,+1.005,+1.005
0 days 02:04:24.195000,81,2,+1.085,+1.085
0 days 02:04:29.466000,81,2,+1.096,+1.096
0 days 02:04:32.885000,81,2,+1.022,+1.022
0 days 02:04:36.272000,81,2,+1.105,+1.105
0 days 02:04:40.530000,81,2,+1.140,+1.140
0 days 02:04:46.067000,81,2,+1.465,+1.465
0 days 02:04:48.953000,81,2,+1.490,+1.490
0 days 02:04:51.014000,81,2,+1.482,+1.482
0 days 02:04:54.970000,81,2,+1.521,+1.521
0 days 02:04:58.846000,81,2,+2.040,+2.040
0 days 02:05:02.981000,81,2,+2.169,+2.169
0 days 02:05:07.035000,81,2,+2.198,+2.198
0 days 02:05:10.592000,81,2,+2.247,+2.247
0 days 02:05:14.990000,81,2,+2.434,+2.434
0 days 02:05:18.808000,81,2,+2.530,+2.530
0 days 02:05:25.183000,81,2,+2.571,+2.571
0 days 02:05:31.147000,81,2,+2.563,+2.563
0 days 02:05:34.555000,81,2,+2.624,+2.624
0 days 02:05:40.772000,81,2,+2.773,+2.773
0 days 02:05:43.197000,81,2,+2.708,+2.708
0 days 02:05:49.385000,81,2,+2.702,+2.702
0 days 02:05:52.128000,81,2,+2.725,+2.725
0 days 02:05:53.614000,81,2,+2.717,+2.717
0 days 02:05:58.702000,81,2,+2.399,+2.399
0 days 02:06:02.266000,81,2,+2.348,+2.348
0 days 02:06:05.685000,81,2,+2.414,+2.414
0 days 02:06:09.774000,81,2,+2.469,+2.469
0 days 02:06:15.158000,81,2,+2.590,+2.590
0 days 02:06:17.989000,81,2,+2.556,+2.556
0 days 02:06:20.048000,81,2,+2.536,+2.536
0 days 02:06:24.039000,81,2,+2.561,+2.561
0 days 02:06:27.749000,81,2,+2.895,+2.895
0 days 02:06:31.869000,81,2,+2.987,+2.987
0 days 02:06:35.754000,81,2,+2.892,+2.892
0 days 02:06:39.057000,81,2,+2.732,+2.732
0 days 02:06:43.247000,81,2,+2.864,+2.864
0 days 02:06:47.136000,81,2,+2.932,+2.932
0 days 02:06:53.450000,81,2,+2.970,+2.970
0 days 02:06:59.570000,81,2,+2.923,+2.923
0 days 02:07:02.967000,81,2,+3.096,+3.096
0 days 02:07:09.171000,81,2,+3.368,+3.368
0 days 02:07:11.482000,81,2,+3.406,+3.406
0 days 02:07:17.547000,81,2,+3.433,+3.433
0 days 02:07:20.358000,81,2,+3.437,+3.437
0 days 02:07:21.773000,81,2,+3.497,+3.497
0 days 02:07:26.955000,81,2,+3.541,+3.541
0 days 02:07:30.501000,81,2,+3.556,+3.556
0 days 02:07:33.845000,81,2,+3.642,+3.642
0 days 02:07:37.998000,81,2,+3.720,+3.720
0 days 02:07:43.491000,81,2,+3.938,+3.938
0 days 02:07:46.395000,81,2,+3.810,+3.810
0 days 02:07:48.493000,81,2,+3.775,+3.775
0 days 02:07:55.630000,81,2,+6.911,+6.911
0 days 02:08:01.916000,81,2,+6.339,+6.339
0 days 02:08:08.903000,81,2,+7.757,+7.757
0 days 02:08:14.232000,81,2,+7.244,+7.244
0 days 02:08:18.530000,81,2,+5.393,+5.393
0 days 02:08:24.055000,81,2,+6.041,+6.041
0 days 02:08:28.969000,81,2,+6.099,+6.099
0 days 02:08:37.443000,81,2,+5.103,+5.103
0 days 02:08:45.849000,81,2,+5.637,+5.637
0 days 02:08:50.724000,81,2,+5.933,+5.933
0 days 02:08:57.709000,81,2,+5.259,+5.259
0 days 02:09:31.869000,81,2,+8.162,+8.162
0 days 02:09:34.296000,81,2,+8.221,+8.221
0 days 02:09:42.941000,81,2,+8.486,+8.486
0 days 02:09:48.284000,81,2,+9.627,+9.627
0 days 02:09:53.245000,81,2,+10.453,+10.453
0 days 02:09:58.104000,81,2,+9.305,+9.305
0 days 02:10:04.688000,81,2,+8.508,+8.508
0 days 02:10:08.549000,81,2,+8.407,+8.407
0 days 02:10:10.892000,81,2,+8.338,+8.338
0 days 02:10:17.094000,81,2,+8.870,+8.870
0 days 02:10:23.957000,81,2,+7.580,+7.580
0 days 02:10:32.110000,81,2,+7.718,+7.718
0 days 02:10:37.608000,81,2,+7.341,+7.341
0 days 02:10:41.475000,81,2,+6.050,+6.050
0 days 02:10:46.476000,81,2,+6.407,+6.407
0 days 02:10:51.639000,81,2,+7.371,+7.371
0 days 02:11:00.057000,81,2,+9.115,+9.115
0 days 02:11:06.471000,81,2,+9.600,+9.600
0 days 02:11:10.873000,81,2,+7.990,+7.990
0 days 02:11:19.286000,81,2,+8.455,+8.455
0 days 02:11:21.865000,81,2,+8.536,+8.536
0 days 02:11:28.373000,81,2,+8.518,+8.518
0 days 02:11:32.151000,81,2,+6.032,+6.032
0 days 02:11:34.055000,81,2,+6.015,+6.015
0 days 02:11:40.734000,81,2,+6.078,+6.078
0 days 02:11:46.081000,81,2,+4.903,+4.903
0 days 02:11:50.819000,81,2,+5.569,+5.569
0 days 02:11:55.577000,81,2,+6.183,+6.183
0 days 02:12:01.534000,81,2,+4.113,+4.113
0 days 02:12:05.619000,81,2,+2.910,+2.910
0 days 02:12:09.323000,81,2,+3.020,+3.020
0 days 02:12:15.884000,81,2,+3.349,+3.349
0 days 02:12:25.252000,81,2,+4.332,+4.332
0 days 02:12:32.331000,81,2,+3.416,+3.416
0 days 02:12:38.918000,81,2,+3.270,+3.270
0 days 02:12:44.548000,81,2,+3.141,+3.141
0 days 02:12:51.130000,81,2,+3.812,+3.812
0 days 02:12:57.135000,81,2,+2.781,+2.781
0 days 02:13:06.601000,81,2,+3.476,+3.476
0 days 02:13:14.995000,81,2,+3.814,+3.814
0 days 02:13:20.160000,81,2,+3.739,+3.739
0 days 02:13:27.849000,81,2,+3.438,+3.438
0 days 02:13:30.674000,81,2,+2.980,+2.980
0 days 02:13:39.573000,81,2,+2.847,+2.847
0 days 02:13:44.113000,81,2,+3.801,+3.801
0 days 02:13:46.240000,81,2,+4.053,+4.053
0 days 02:13:52.876000,81,2,+2.665,+2.665
0 days 02:13:58.360000,81,2,+3.132,+3.132
0 days 02:14:03.936000,81,2,+3.875,+3.875
0 days 02:14:08.038000,81,2,+3.238,+3.238
0 days 02:14:15.016000,81,2,+2.823,+2.823
0 days 02:14:20.126000,81,2,+2.527,+2.527
0 days 02:14:24.098000,81,2,+3.340,+3.340
0 days 02:14:33.034000,81,2,+2.863,+2.863
0 days 02:14:45.297000,81,2,+3.883,+3.883
0 days 02:14:55.356000,81,2,+5.458,+5.458
0 days 02:15:00.542000,81,2,+3.854,+3.854
0 days 02:15:05.697000,81,2,+3.417,+3.417
0 days 02:15:15.900000,81,2,+3.340,+3.340
0 days 02:15:25.972000,81,2,+3.644,+3.644
0 days 02:15:40.520000,81,2,+3.529,+3.529
0 days 02:15:49.344000,81,2,+3.212,+3.212
0 days 02:15:55.759000,81,2,+3.310,+3.310
0 days 02:16:04.425000,81,2,+3.398,+3.398
0 days 02:16:07.419000,81,2,+2.795,+2.795
0 days 02:16:19.272000,81,2,+5.610,+5.610
0 days 02:16:22.323000,81,2,+4.645,+4.645
0 days 02:16:24.241000,81,2,+3.989,+3.989
0 days 02:16:30.704000,81,2,+2.834,+2.834
0 days 02:16:36.290000,81,2,+3.124,+3.124
0 days 02:16:41.575000,81,2,+3.896,+3.896
0 days 02:16:46.317000,81,2,+3.703,+3.703
0 days 02:16:52.451000,81,2,+2.453,+2.453
0 days 02:16:56.916000,81,2,+2.340,+2.340
0 days 02:17:01.447000,81,2,+2.563,+2.563
0 days 02:17:10.672000,81,2,+2.614,+2.614
0 days 02:17:21.598000,81,2,+3.211,+3.211
0 days 02:17:31.147000,81,2,+3.153,+3.153
0 days 02:17:37.724000,81,2,+2.930,+2.930
0 days 02:17:43.078000,81,2,+2.928,+2.928
0 days 02:17:48.795000,81,2,+2.548,+2.548
0 days 02:17:56.533000,81,2,+3.727,+3.727
0 days 02:18:06.001000,81,2,+3.986,+3.986
0 days 02:18:13.135000,81,2,+3.258,+3.258
0 days 02:18:18.876000,81,2,+3.297,+3.297
0 days 02:18:25.878000,81,2,+2.924,+2.924
0 days 02:18:29.107000,81,2,+2.355,+2.355
0 days 02:18:38.174000,81,2,+3.482,+3.482
0 days 02:18:42.662000,81,2,+3.472,+3.472
0 days 02:18:44.777000,81,2,+3.493,+3.493
0 days 02:18:51.160000,81,2,+2.373,+2.373
0 days 02:18:56.351000,81,2,+2.970,+2.970
0 days 02:19:01.465000,81,2,+3.463,+3.463
0 days 02:19:06.154000,81,2,+3.027,+3.027
0 days 02:19:13.250000,81,2,+2.778,+2.778
0 days 02:19:17.708000,81,2,+2.557,+2.557
0 days 02:19:20.985000,81,2,+2.573,+2.573
0 days 02:19:30.473000,81,2,+3.045,+3.045
0 days 02:19:37.980000,81,2,+3.201,+3.201
0 days 02:19:45.876000,81,2,+3.504,+3.504
0 days 02:19:51.384000,81,2,+3.251,+3.251
0 days 02:19:55.961000,81,2,+2.999,+2.999
0 days 02:20:01.977000,81,2,+2.302,+2.302
0 days 02:20:08.022000,81,2,+2.258,+2.258
0 days 02:20:18.928000,81,2,+3.768,+3.768
0 days 02:20:26.061000,81,2,+2.791,+2.791
0 days 02:20:30.661000,81,2,+2.214,+2.214
0 days 02:20:38.538000,81,2,+2.294,+2.294
0 days 02:20:41.850000,81,2,+2.208,+2.208
0 days 02:20:51.984000,81,2,+3.568,+3.568
0 days 02:20:55.310000,81,2,+3.697,+3.697
0 days 02:20:57.561000,81,2,+3.052,+3.052
0 days 02:21:04.244000,81,2,+2.491,+2.491
0 days 02:21:10.036000,81,2,+3.064,+3.064
0 days 02:21:14.823000,81,2,+3.392,+3.392
0 days 02:21:18.876000,81,2,+2.816,+2.816
0 days 02:21:25.823000,81,2,+1.399,+1.399
0 days 02:21:32.022000,81,2,+0.621,+0.621
0 days 02:21:37.063000,81,2,+1.324,+1.324
0 days 02:21:44.582000,81,2,+1.840,+1.840
0 days 02:21:51.080000,81,2,+0.599,+0.599
0 days 02:21:58.154000,81,2,+0.675,+0.675
0 days 02:22:04.879000,81,2,+0.668,+0.668
0 days 02:22:10.523000,81,2,+1.150,+1.150
0 days 02:22:16.772000,81,2,+0.763,+0.763
0 days 02:22:23.823000,81,2,+1.277,+1.277
0 days 02:22:32.403000,81,2,+1.049,+1.049
0 days 02:22:40.220000,81,2,+1.330,+1.330
0 days 02:22:45.122000,81,2,+1.016,+1.016
0 days 02:22:52.583000,81,2,+0.470,+0.470
0 days 02:22:55.998000,81,2,+0.517,+0.517
0 days 02:23:04.980000,81,2,+1.247,+1.247
0 days 02:23:09.702000,81,2,+1.926,+1.926
0 days 02:23:11.444000,81,2,+1.459,+1.459
0 days 02:23:18.723000,81,2,+1.039,+1.039
0 days 02:23:24.848000,81,2,+1.814,+1.814
0 days 02:23:28.998000,81,2,+1.468,+1.468
0 days 02:23:33.310000,81,2,+0.700,+0.700
0 days 02:23:40.463000,81,2,+0.817,+0.817
0 days 02:23:45.363000,81,2,+0.622,+0.622
0 days 02:23:49.404000,81,2,+1.307,+1.307
0 days 02:23:55.168000,81,2,+0.484,+0.484
0 days 02:24:01.127000,81,2,+1.315,+1.315
0 days 02:24:07.509000,81,2,+1.026,+1.026
0 days 02:24:12.779000,81,2,+0.732,+0.732
0 days 02:24:18.540000,81,2,+0.937,+0.937
0 days 02:24:25.200000,81,2,+0.664,+0.664
0 days 02:24:33.450000,81,2,+0.454,+0.454
0 days 02:24:52.763000,81,2,+0.549,+0.549
0 days 02:25:00.994000,81,2,+0.465,+0.465
0 days 02:25:04.482000,81,2,+0.577,+0.577
0 days 02:25:10.554000,81,2,+0.764,+0.764
0 days 02:25:12.608000,81,2,+0.808,+0.808
0 days 02:25:18.556000,81,2,+0.863,+0.863
0 days 02:25:21.324000,81,2,+0.845,+0.845
0 days 02:25:22.884000,81,2,+0.910,+0.910
0 days 02:25:27.942000,81,2,+1.014,+1.014
0 days 02:25:31.424000,81,2,+0.991,+0.991
0 days 02:25:34.762000,81,2,+1.056,+1.056
0 days 02:25:38.641000,81,2,+1.101,+1.101
0 days 02:25:43.249000,81,2,+0.998,+0.998
0 days 02:25:46.239000,81,2,+0.981,+0.981
0 days 02:25:48.327000,81,2,+0.971,+0.971
0 days 02:25:52.268000,81,2,+0.950,+0.950
0 days 02:25:55.681000,81,2,+0.991,+0.991
0 days 02:25:59.656000,81,2,+0.980,+0.980
0 days 02:26:03.688000,81,2,+0.927,+0.927
0 days 02:26:07.168000,81,2,+0.876,+0.876
0 days 02:26:11.259000,81,2,+0.925,+0.925
0 days 02:26:14.933000,81,2,+1.042,+1.042
0 days 02:26:21.211000,81,2,+1.156,+1.156
0 days 02:26:26.757000,81,2,+1.420,+1.420
0 days 02:26:29.856000,81,2,+1.431,+1.431
0 days 02:26:35.525000,81,2,+1.581,+1.581
0 days 02:26:37.366000,81,2,+1.623,+1.623
0 days 02:26:43.106000,81,2,+1.649,+1.649
0 days 02:26:45.865000,81,2,+1.625,+1.625
0 days 02:26:47.227000,81,2,+1.624,+1.624
0 days 02:26:52.008000,81,2,+1.816,+1.816
0 days 02:26:55.589000,81,2,+1.843,+1.843
0 days 02:26:58.811000,81,2,+1.966,+1.966
0 days 02:27:02.428000,81,2,+2.134,+2.134
0 days 02:27:07.060000,81,2,+2.142,+2.142
0 days 02:27:09.765000,81,2,+2.100,+2.100
0 days 02:27:11.766000,81,2,+2.066,+2.066
0 days 02:27:15.660000,81,2,+2.123,+2.123
0 days 02:27:18.807000,81,2,+2.134,+2.134
0 days 02:27:22.770000,81,2,+2.176,+2.176
0 days 02:27:26.878000,81,2,+2.157,+2.157
0 days 02:27:30.404000,81,2,+2.142,+2.142
0 days 02:27:34.401000,81,2,+2.167,+2.167
0 days 02:27:38.011000,81,2,+2.255,+2.255
0 days 02:27:44.259000,81,2,+2.370,+2.370
0 days 02:27:49.651000,81,2,+2.418,+2.418
0 days 02:27:52.865000,81,2,+2.437,+2.437
0 days 02:27:58.697000,81,2,+2.686,+2.686
0 days 02:28:00.558000,81,2,+2.712,+2.712
0 days 02:28:06.367000,81,2,+2.724,+2.724
0 days 02:28:10.502000,81,2,+2.801,+2.801
0 days 02:28:15.657000,81,2,+2.926,+2.926
0 days 02:28:18.965000,81,2,+2.986,+2.986
0 days 02:28:22.281000,81,2,+3.032,+3.032
0 days 02:28:25.826000,81,2,+2.968,+2.968
0 days 02:28:30.408000,81,2,+2.937,+2.937
0 days 02:28:32.999000,81,2,+2.848,+2.848
0 days 02:28:34.958000,81,2,+2.805,+2.805
0 days 02:28:38.576000,81,2,+2.713,+2.713
0 days 02:28:41.830000,81,2,+2.677,+2.677
0 days 02:28:45.766000,81,2,+2.655,+2.655
0 days 02:28:49.857000,81,2,+2.631,+2.631
0 days 02:28:53.375000,81,2,+2.614,+2.614
0 days 02:28:57.358000,81,2,+2.126,+2.126
0 days 02:29:00.866000,81,2,+1.827,+1.827
0 days 02:29:07.427000,81,2,+1.819,+1.819
0 days 02:29:13.124000,81,2,+1.795,+1.795
0 days 02:29:18.279000,81,3,+1.795,+1.795
0 days 02:29:24.044000,81,4,+1.795,+1.795
0 days 02:29:24.761000,81,5,+1.795,+1.795
0 days 02:29:26.215000,81,6,+1.795,+1.795
0 days 02:29:26.627000,81,7,+1.795,+1.795
0 days 02:29:27.857000,81,8,+1.795,+1.795
0 days 02:29:28.314000,81,9,+1.795,+1.795
0 days 02:29:29.051000,81,10,+1.795,+1.795
0 days 02:29:31.228000,81,11,+1.795,+1.795
0 days 02:29:34.024000,81,12,+1.795,+1.795
0 days 02:29:38.701000,81,13,+1.795,+1.795
0 days 02:29:40.144000,81,14,+1.795,+1.795
0 days 02:30:17.565000,81,15,+1.795,+1.795
0 days 02:30:50.281000,81,15,+1.795,+1.795
0 days 02:30:50.370000,81,15,+84.907,+25.023
0 days 02:31:24.129000,81,15,1 L,+46.698
0 days 02:31:26.007000,81,15,1 L,+47.063
0 days 02:31:32.781000,81,15,1 L,+48.303
0 days 02:31:36.470000,81,15,1 L,+48.366
0 days 02:31:39.940000,81,15,1 L,+48.359
0 days 02:31:43.884000,81,15,1 L,+48.563
0 days 02:31:48.900000,81,15,1 L,+48.893
0 days 02:31:51.831000,81,15,1 L,+48.894
0 days 02:31:53.882000,81,15,1 L,+48.900
0 days 02:31:57.904000,81,15,1 L,+49.076
0 days 02:32:01.289000,81,15,1 L,+49.085
0 days 02:32:05.287000,81,15,1 L,+49.095
0 days 02:32:09.469000,81,15,1 L,+49.116
0 days 02:32:13.017000,81,15,1 L,+49.156
0 days 02:32:17.293000,81,15,1 L,+48.457
0 days 02:32:21.154000,81,15,1 L,+48.021
0 days 02:32:27.971000,81,15,1 L,+47.517
0 days 02:32:34.195000,81,15,1 L,+46.537
0 days 02:32:38.858000,81,15,1 L,+46.208
0 days 02:32:46.482000,81,15,1 L,+45.906
0 days 02:32:49.382000,81,15,+109.086,+45.750
0 days 02:32:55.647000,81,15,1 L,+44.792
0 days 02:32:58.304000,81,15,1 L,+44.554
0 days 02:32:59.975000,81,15,1 L,+44.302
0 days 02:33:06.286000,81,15,1 L,+43.274
0 days 02:33:10.081000,81,15,+100.623,+42.828
0 days 02:33:13.928000,81,15,+101.026,+42.153
0 days 02:33:18.410000,81,15,+101.570,+41.238
0 days 02:33:24.170000,81,15,+102.432,+40.056
0 days 02:33:27.561000,81,15,+93.259,+38.926
0 days 02:33:29.960000,81,15,+93.593,+38.703
0 days 02:33:34.385000,81,15,+94.080,+37.685
0 days 02:33:37.903000,81,15,+94.145,+36.840
0 days 02:33:41.969000,81,15,+94.201,+36.084
0 days 02:33:46.347000,81,15,+94.411,+36.025
0 days 02:33:55.483000,81,15,+100.061,+40.661
0 days 02:34:01.841000,81,15,+102.056,+40.013
0 days 02:34:06.770000,81,15,+102.751,+71.932
0 days 02:34:15.548000,81,15,+104.616,+74.039
0 days 02:34:23.403000,81,15,+106.276,+75.795
0 days 02:34:28.333000,81,15,+107.093,+76.967
0 days 02:34:37.109000,81,14,+107.093,+76.967
0 days 02:34:37.222000,81,14,+109.157,+33.084
0 days 02:34:39.947000,81,14,+109.180,+33.084
0 days 02:34:46.657000,81,14,+113.915,+14.069
0 days 02:34:50.197000,81,14,+110.214,+10.763
0 days 02:34:52.557000,81,14,+110.585,+96.118
0 days 02:34:59.786000,81,13,+110.585,+96.118
0 days 02:34:59.869000,81,13,+110.823,+8.440
0 days 02:35:04.143000,81,13,+111.130,+8.108
0 days 02:35:08.529000,81,13,+111.724,+6.650
0 days 02:35:13.488000,81,13,+112.031,+6.517
0 days 02:35:20.648000,81,13,+113.149,+6.427
0 days 02:35:24.892000,81,13,+114.140,+4.824
0 days 02:35:27.529000,81,13,+114.596,+3.283
0 days 02:35:33.147000,81,13,+116.027,+1.315
0 days 02:35:39.731000,81,13,+119.129,+2.302
0 days 02:35:47.089000,81,13,+122.458,+4.891
0 days 02:35:52.370000,81,13,+122.300,+5.530
0 days 02:35:56.331000,81,13,+117.047,+5.421
0 days 02:36:01.464000,81,13,+116.095,+5.049
0 days 02:36:06.369000,81,13,+115.716,+5.125
0 days 02:36:15.330000,81,13,+116.169,+6.258
0 days 02:36:22.784000,81,13,+116.563,+6.579
0 days 02:36:27.896000,81,13,+116.899,+7.330
0 days 02:36:36.870000,81,13,+116.034,+7.118
0 days 02:36:39.803000,81,13,+115.943,+7.105
0 days 02:36:46.815000,81,13,+115.893,+7.013
0 days 02:36:50.031000,81,13,+116.238,+7.276
0 days 02:36:52.611000,81,13,+116.757,+7.782
0 days 02:36:59.491000,81,13,+114.713,+5.314
0 days 02:37:03.653000,81,13,+114.361,+5.312
0 days 02:37:07.806000,81,13,+114.184,+5.044
0 days 02:37:12.295000,81,13,+113.651,+4.880
0 days 02:37:18.090000,81,13,+113.373,+4.614
0 days 02:37:21.533000,81,13,+113.154,+4.364
0 days 02:37:23.787000,81,13,+111.595,+4.314
0 days 02:37:28.487000,81,13,+109.138,+4.159
0 days 02:37:32.210000,81,13,+107.760,+4.043
0 days 02:37:36.389000,81,13,+107.477,+4.057
0 days 02:37:40.628000,81,13,+104.543,+4.029
0 days 02:37:44.166000,81,13,+101.953,+3.978
0 days 02:37:49.105000,81,13,+99.131,+3.912
0 days 02:37:53.564000,81,13,+94.773,+3.970
0 days 02:38:00.932000,81,13,+92.353,+4.343
0 days 02:38:07.584000,81,13,+90.280,+4.433
0 days 02:38:11.931000,81,13,+88.194,+4.195
0 days 02:38:20.304000,81,13,+85.773,+3.540
0 days 02:38:22.830000,81,13,+84.510,+3.302
0 days 02:38:29.233000,81,13,+81.311,+3.010
0 days 02:38:32.121000,81,13,+79.133,+3.018
0 days 02:38:34.289000,81,13,+78.391,+3.506
0 days 02:38:41.984000,81,13,+75.345,+1.968
0 days 02:38:46.249000,81,13,+73.835,+2.014
0 days 02:38:50.197000,81,13,+72.294,+1.939
0 days 02:38:54.845000,81,13,+71.504,+1.952
0 days 02:39:00.652000,81,13,+69.396,+1.849
0 days 02:39:04.199000,81,13,+67.437,+1.797
0 days 02:39:06.504000,81,13,+66.478,+1.851
0 days 02:39:11.202000,81,13,+64.649,+1.931
0 days 02:39:14.932000,81,13,+62.440,+1.917
0 days 02:39:19.014000,81,13,+58.814,+1.885
0 days 02:39:23.166000,81,13,+56.941,+1.830
0 days 02:39:26.794000,81,13,+54.625,+1.857
0 days 02:39:31.962000,81,13,+52.951,+1.927
0 days 02:39:36.407000,81,13,+50.044,+2.034
0 days 02:39:43.406000,81,13,+47.024,+2.074
0 days 02:39:49.910000,81,13,+45.252,+1.965
0 days 02:39:53.863000,81,13,+42.924,+1.787
0 days 02:40:00.647000,81,13,+40.286,+1.734
0 days 02:40:03.223000,81,13,+39.175,+1.761
0 days 02:40:09.665000,81,13,+36.772,+1.707
0 days 02:40:12.472000,81,13,+35.640,+1.635
0 days 02:40:14.085000,81,13,+34.268,+1.560
0 days 02:40:20.126000,81,13,+31.362,+1.002
0 days 02:40:24.060000,81,13,+26.968,+1.047
0 days 02:40:27.933000,81,13,+25.734,+0.964
0 days 02:40:32.334000,81,13,+25.065,+0.893
0 days 02:40:38.064000,81,13,+22.771,+0.543
0 days 02:40:41.818000,81,13,+20.886,+0.712
0 days 02:40:44.163000,81,13,+18.439,+0.769
0 days 02:40:48.960000,81,13,+16.739,+0.760
0 days 02:40:53.208000,81,13,+14.353,+0.625
0 days 02:41:00.183000,81,13,+14.132,+1.060
0 days 02:41:05.560000,81,13,+14.346,+1.180
0 days 02:41:10.510000,81,13,+13.296,+0.962
0 days 02:41:17.189000,81,13,+13.069,+0.981
0 days 02:41:24.233000,81,13,+13.124,+0.962
0 days 02:41:34.930000,81,13,+14.455,+1.358
0 days 02:41:42.507000,81,13,+13.364,+1.619
0 days 02:41:47.360000,81,13,+12.878,+1.190
0 days 02:41:57.247000,81,13,+14.134,+1.602
0 days 02:42:00.162000,81,13,+13.424,+1.183
0 days 02:42:13.387000,81,13,+18.109,+2.586
0 days 02:42:16.547000,81,13,+17.283,+1.689
0 days 02:42:18.935000,81,13,+17.530,+1.853
0 days 02:42:25.458000,81,13,+15.610,+1.533
0 days 02:42:29.450000,81,13,+14.559,+1.371
0 days 02:42:34.938000,81,13,+14.841,+1.628
0 days 02:42:40.105000,81,13,+14.771,+1.888
0 days 02:42:46.348000,81,13,+13.080,+1.360
0 days 02:42:51.450000,81,13,+12.703,+0.697
0 days 02:42:56.699000,81,13,+15.188,+0.841
0 days 02:43:03.050000,81,13,+15.188,+0.951
0 days 02:43:07.144000,81,13,+13.810,+0.988
0 days 02:43:11.831000,81,13,+11.388,+1.079
0 days 02:43:17.972000,81,13,+12.391,+1.267
0 days 02:43:22.776000,81,13,+11.373,+0.684
0 days 02:43:30.255000,81,13,+12.044,+1.558
0 days 02:43:35.614000,81,13,+10.763,+0.872
0 days 02:43:49.991000,81,13,+8.503,+0.382
0 days 02:43:56.931000,81,13,+7.519,+0.283
0 days 02:44:01.416000,81,13,+7.889,+0.309
0 days 02:44:08.780000,81,13,+8.325,+0.392
0 days 02:44:11.282000,81,13,+8.349,+0.392
0 days 02:44:17.710000,81,12,+8.349,+0.392
0 days 02:44:17.720000,81,12,+8.206,+0.831
0 days 02:44:20.493000,81,12,+8.172,+0.742
0 days 02:44:22.227000,81,12,+8.346,+0.641
0 days 02:44:28.439000,81,12,+8.558,+0.258
0 days 02:44:32.176000,81,12,+8.518,+0.208
0 days 02:44:36.418000,81,12,+9.118,+0.652
0 days 02:44:42.217000,81,12,+10.494,+1.639
0 days 02:44:48.241000,81,13,+10.494,+1.639
0 days 02:44:48.575000,81,13,+11.257,+0.255
0 days 02:44:52.049000,81,13,+11.533,+0.152
0 days 02:44:54.222000,81,13,+11.569,+0.122
0 days 02:44:59.052000,81,13,+12.167,+0.458
0 days 02:45:02.680000,81,13,+12.142,+0.403
0 days 02:45:06.610000,81,13,+12.061,+0.280
0 days 02:45:10.574000,81,13,+11.890,+0.110
0 days 02:45:13.990000,81,13,+11.803,+0.080
0 days 02:45:18.435000,81,12,+11.803,+0.080
0 days 02:45:18.514000,81,12,+11.818,+1.510
0 days 02:45:22.638000,81,12,+11.877,+1.246
0 days 02:45:29.411000,81,12,+12.067,+1.062
0 days 02:45:35.749000,81,12,+12.226,+0.919
0 days 02:45:39.590000,81,12,+12.147,+0.753
0 days 02:45:46.175000,81,12,+12.174,+0.456
0 days 02:45:48.593000,81,12,+12.242,+0.347
0 days 02:45:54.996000,81,12,+12.232,+0.246
0 days 02:45:57.608000,81,12,+12.159,+0.167
0 days 02:45:59.242000,81,12,+12.272,+0.084
0 days 02:46:05.587000,81,11,+12.272,+0.084
0 days 02:46:05.679000,81,11,+13.036,+2.624
0 days 02:46:09.416000,81,11,+13.123,+2.703
0 days 02:46:12.966000,81,11,+13.176,+2.566
0 days 02:46:17.210000,81,11,+13.208,+2.452
0 days 02:46:22.429000,81,11,+13.128,+2.237
0 days 02:46:25.382000,81,11,+13.126,+2.259
0 days 02:46:27.522000,81,11,+13.133,+2.283
0 days 02:46:31.585000,81,11,+13.091,+2.265
0 days 02:46:35.023000,81,11,+13.104,+2.287
0 days 02:46:39.038000,81,11,+13.113,+2.304
0 days 02:46:43.163000,81,11,+13.062,+2.374
0 days 02:46:46.576000,81,11,+12.973,+2.463
0 days 02:46:51.052000,81,11,+12.984,+2.414
0 days 02:46:55.136000,81,11,+13.109,+2.294
0 days 02:47:01.739000,81,11,+13.297,+2.272
0 days 02:47:07.922000,81,11,+13.414,+1.848
0 days 02:47:11.708000,81,11,+13.464,+1.464
0 days 02:47:18.176000,81,11,+13.494,+1.231
0 days 02:47:20.452000,81,11,+13.478,+1.091
0 days 02:47:26.789000,81,11,+13.559,+0.993
0 days 02:47:29.545000,81,11,+13.535,+0.961
0 days 02:47:30.993000,81,11,+13.565,+0.918
0 days 02:47:36.775000,81,11,+13.643,+0.829
0 days 02:47:40.391000,81,11,+13.615,+0.820
0 days 02:47:43.890000,81,11,+13.603,+0.560
0 days 02:47:48.234000,81,11,+13.790,+0.305
0 days 02:47:53.840000,81,11,+14.191,+0.279
0 days 02:47:56.968000,81,11,+14.471,+0.169
0 days 02:47:59.053000,81,11,+14.518,+0.117
0 days 02:48:03.619000,81,11,+15.052,+0.286
0 days 02:48:07.002000,81,11,+15.140,+0.294
0 days 02:48:10.923000,81,11,+15.087,+0.189
0 days 02:48:14.866000,81,11,+14.876,+0.049
0 days 02:48:18.423000,81,11,+14.828,+0.066
0 days 02:48:23.156000,81,11,+15.387,+0.286
0 days 02:48:27.514000,81,11,+15.781,+0.356
0 days 02:48:34.410000,81,11,+16.169,+0.440
0 days 02:48:40.619000,81,11,+16.491,+0.498
0 days 02:48:44.423000,81,11,+16.623,+0.508
0 days 02:48:50.961000,81,11,+16.761,+0.495
0 days 02:48:53.178000,81,11,+16.757,+0.462
0 days 02:48:59.219000,81,11,+16.638,+0.313
0 days 02:49:01.853000,81,11,+16.508,+0.128
0 days 02:49:03.577000,81,11,+16.738,+0.252
0 days 02:49:09.297000,81,11,+17.026,+0.318
0 days 02:49:12.796000,81,11,+16.933,+0.174
0 days 02:49:16.190000,81,10,+16.933,+0.174
0 days 02:49:16.280000,81,10,+16.934,+2.333
0 days 02:49:20.655000,81,10,+17.345,+2.734
0 days 02:49:25.816000,81,10,+17.375,+2.633
0 days 02:49:28.699000,81,10,+17.412,+2.626
0 days 02:49:30.686000,81,10,+17.432,+2.614
0 days 02:49:34.743000,81,10,+17.471,+2.760
0 days 02:49:38.125000,81,10,+17.107,+2.737
0 days 02:49:42.140000,81,10,+17.021,+2.743
0 days 02:49:46.220000,81,10,+16.953,+2.875
0 days 02:49:49.672000,81,10,+16.917,+3.087
0 days 02:49:54.050000,81,10,+17.094,+3.096
0 days 02:49:58.138000,81,10,+17.206,+3.065
0 days 02:50:04.620000,81,10,+17.316,+3.113
0 days 02:50:10.839000,81,10,+17.398,+3.024
0 days 02:50:14.558000,81,10,+17.475,+2.864
0 days 02:50:20.977000,81,10,+17.629,+2.671
0 days 02:50:23.220000,81,10,+17.541,+2.503
0 days 02:50:29.300000,81,10,+17.494,+2.412
0 days 02:50:32.001000,81,10,+17.467,+2.502
0 days 02:50:33.508000,81,10,+17.477,+2.430
0 days 02:50:38.981000,81,10,+17.460,+2.067
0 days 02:50:42.573000,81,10,+17.442,+1.984
0 days 02:50:45.943000,81,10,+17.491,+1.964
0 days 02:50:49.920000,81,10,+17.500,+2.016
0 days 02:50:54.884000,81,10,+17.454,+1.752
0 days 02:50:57.613000,81,10,+17.342,+1.620
0 days 02:50:59.550000,81,10,+17.298,+1.573
0 days 02:51:03.494000,81,10,+17.387,+1.619
0 days 02:51:06.831000,81,10,+17.388,+1.468
0 days 02:51:10.791000,81,10,+17.394,+1.433
0 days 02:51:14.840000,81,10,+17.338,+1.443
0 days 02:51:18.310000,81,10,+17.301,+1.462
0 days 02:51:22.640000,81,10,+17.371,+1.469
0 days 02:51:26.677000,81,10,+17.656,+1.504
0 days 02:51:33.239000,81,10,+17.918,+1.498
0 days 02:51:39.420000,81,10,+17.980,+1.393
0 days 02:51:43.113000,81,10,+18.053,+1.229
0 days 02:51:49.552000,81,10,+18.151,+1.197
0 days 02:51:51.811000,81,10,+18.121,+1.056
0 days 02:51:57.838000,81,10,+18.057,+0.876
0 days 02:52:00.557000,81,10,+18.010,+0.839
0 days 02:52:02.039000,81,10,+18.068,+0.743
0 days 02:52:07.517000,81,10,+18.158,+0.466
0 days 02:52:11.114000,81,10,+18.124,+0.365
0 days 02:52:14.526000,81,10,+18.245,+0.415
0 days 02:52:18.542000,81,10,+18.431,+0.381
0 days 02:52:24.154000,81,10,+19.065,+0.724
0 days 02:52:26.978000,81,10,+19.140,+0.727
0 days 02:52:29.011000,81,10,+19.137,+0.698
0 days 02:52:32.877000,81,10,+19.210,+0.635
0 days 02:52:36.239000,81,10,+19.142,+0.534
0 days 02:52:40.057000,81,10,+19.084,+0.449
0 days 02:52:43.955000,81,10,+18.891,+0.286
0 days 02:52:47.196000,81,10,+18.613,+0.072
0 days 02:52:51.570000,81,9,+18.613,+0.072
0 days 02:52:51.657000,81,9,+19.003,+1.211
0 days 02:52:56.366000,81,9,+19.995,+1.660
0 days 02:53:02.939000,81,9,+20.265,+1.615
0 days 02:53:09.209000,81,9,+20.356,+1.310
0 days 02:53:12.739000,81,9,+20.320,+1.009
0 days 02:53:19.139000,81,9,+20.445,+0.908
0 days 02:53:21.380000,81,9,+20.514,+0.841
0 days 02:53:27.421000,81,9,+20.448,+0.622
0 days 00:00:04.219000,1,3,,
0 days 01:11:08.725000,1,3,+0.061,
0 days 01:11:10.914000,1,3,+0.301,+0.098
0 days 01:11:17.872000,1,2,+0.301,+0.098
0 days 01:11:17.957000,1,2,+0.549,+0.549
0 days 01:11:21.769000,1,2,+0.422,+0.422
0 days 01:11:25.877000,1,2,+0.745,+0.745
0 days 01:11:30.846000,1,2,+0.905,+0.905
0 days 01:11:37.325000,1,2,+1.193,+1.193
0 days 01:11:41.267000,1,2,+1.297,+1.297
0 days 01:11:43.684000,1,2,+1.272,+1.272
0 days 01:11:48.626000,1,2,+1.446,+1.446
0 days 01:11:52.492000,1,2,+1.356,+1.356
0 days 01:11:56.742000,1,2,+1.241,+1.241
0 days 01:12:00.959000,1,2,+1.182,+1.182
0 days 01:12:04.432000,1,2,+1.060,+1.060
0 days 01:12:09.565000,1,2,+1.400,+1.400
0 days 01:12:15.021000,1,2,+1.663,+1.663
0 days 01:12:29.553000,1,2,+2.568,+2.568
0 days 01:12:37.939000,1,2,+2.472,+2.472
0 days 01:12:42.421000,1,2,+2.513,+2.513
0 days 01:12:49.884000,1,2,+2.231,+2.231
0 days 01:12:52.611000,1,2,+1.993,+1.993
0 days 01:12:59.942000,1,2,+2.293,+2.293
0 days 01:13:03.208000,1,2,+2.606,+2.606
0 days 01:13:05.353000,1,2,+2.865,+2.865
0 days 01:13:12.901000,1,2,+1.737,+1.737
0 days 01:13:19.661000,1,2,+1.696,+1.696
0 days 01:13:25.950000,1,2,+1.635,+1.635
0 days 01:13:31.526000,1,2,+1.283,+1.283
0 days 01:13:40.200000,1,2,+0.777,+0.777
0 days 01:13:48.441000,1,2,+1.136,+1.136
0 days 01:13:56.612000,1,2,+1.472,+1.472
0 days 01:14:07.664000,1,2,+1.677,+1.677
0 days 01:14:13.412000,1,2,+1.468,+1.468
0 days 01:14:21.587000,1,2,+0.949,+0.949
0 days 01:14:28.802000,1,2,+0.928,+0.928
0 days 01:14:35.707000,1,2,+1.425,+1.425
0 days 01:14:42.565000,1,2,+0.934,+0.934
0 days 01:14:50.233000,1,2,+1.177,+1.177
0 days 01:15:01.603000,1,2,+1.541,+1.541
0 days 01:15:09.865000,1,2,+1.137,+1.137
0 days 01:15:15.686000,1,2,+1.266,+1.266
0 days 01:15:25.545000,1,2,+1.167,+1.167
0 days 01:15:57.388000,1,2,+1.480,+1.480
0 days 01:15:59.773000,1,2,+1.381,+1.381
0 days 01:16:08.928000,1,2,+1.593,+1.593
0 days 01:16:14.063000,1,2,+1.279,+1.279
0 days 01:16:19.021000,1,2,+1.084,+1.084
0 days 01:16:24.691000,1,2,+1.348,+1.348
0 days 01:16:32.319000,1,2,+0.853,+0.853
0 days 01:16:38.589000,1,2,+1.589,+1.589
0 days 01:16:44.288000,1,2,+1.352,+1.352
0 days 01:16:53.071000,1,2,+1.435,+1.435
0 days 01:16:58.843000,1,2,+0.969,+0.969
0 days 01:17:06.346000,1,2,+0.708,+0.708
0 days 01:17:13.211000,1,2,+1.112,+1.112
0 days 01:17:18.728000,1,2,+1.116,+1.116
0 days 01:17:26.145000,1,2,+1.338,+1.338
0 days 01:17:33.256000,1,2,+1.265,+1.265
0 days 01:17:42.577000,1,2,+0.987,+0.987
0 days 01:17:51.529000,1,2,+0.900,+0.900
0 days 01:17:57.203000,1,2,+0.959,+0.959
0 days 01:18:07.042000,1,2,+1.301,+1.301
0 days 01:18:41.060000,1,2,+2.935,+2.935
0 days 01:18:43.330000,1,2,+2.919,+2.919
0 days 01:18:51.414000,1,2,+2.491,+2.491
0 days 01:18:55.732000,1,2,+1.925,+1.925
0 days 01:19:00.109000,1,2,+1.120,+1.120
0 days 01:19:05.391000,1,2,+1.205,+1.205
0 days 01:19:12.859000,1,2,+0.810,+0.810
0 days 01:19:18.343000,1,2,+0.880,+0.880
0 days 01:19:24.823000,1,2,+1.393,+1.393
0 days 01:19:33.875000,1,2,+1.706,+1.706
0 days 01:19:40.620000,1,2,+1.524,+1.524
0 days 01:19:46.397000,1,2,+1.020,+1.020
0 days 01:19:52.853000,1,2,+0.841,+0.841
0 days 01:19:58.143000,1,2,+1.194,+1.194
0 days 01:20:05.443000,1,2,+0.801,+0.801
0 days 01:20:12.990000,1,2,+1.512,+1.512
0 days 01:20:21.999000,1,2,+1.082,+1.082
0 days 01:20:31.387000,1,2,+1.721,+1.721
0 days 01:20:35.966000,1,2,+0.748,+0.748
0 days 01:20:45.937000,1,2,+1.915,+1.915
0 days 01:21:15.332000,1,2,+1.596,+1.596
0 days 01:21:17.470000,1,2,+1.575,+1.575
0 days 01:21:25.191000,1,2,+1.521,+1.521
0 days 01:21:29.723000,1,2,+0.579,+0.579
0 days 01:21:34.873000,1,2,+1.022,+1.022
0 days 01:21:41.095000,1,2,+1.555,+1.555
0 days 01:21:49.303000,1,2,+2.011,+2.011
0 days 01:21:53.716000,1,2,+1.653,+1.653
0 days 01:21:59.508000,1,2,+1.246,+1.246
0 days 01:22:07.559000,1,2,+1.395,+1.395
0 days 01:22:13.194000,1,2,+0.889,+0.889
0 days 01:22:21.091000,1,2,+1.979,+1.979
0 days 01:22:26.376000,1,2,+1.095,+1.095
0 days 01:22:32.548000,1,2,+2.268,+2.268
0 days 01:22:38.923000,1,2,+1.479,+1.479
0 days 01:22:46.416000,1,2,+1.335,+1.335
0 days 01:22:54.768000,1,2,+0.923,+0.923
0 days 01:23:03.772000,1,2,+0.645,+0.645
0 days 01:23:09.267000,1,2,+1.297,+1.297
0 days 01:23:17.849000,1,2,+1.307,+1.307
0 days 01:23:21.049000,1,2,+1.070,+1.070
0 days 01:23:30.822000,1,2,+1.832,+1.832
0 days 01:23:35.106000,1,2,+1.296,+1.296
0 days 01:23:37.688000,1,2,+1.714,+1.714
0 days 01:23:45.683000,1,2,+1.248,+1.248
0 days 01:23:50.245000,1,2,+0.953,+0.953
0 days 01:23:55.389000,1,2,+0.776,+0.776
0 days 01:24:01.023000,1,2,+1.475,+1.475
0 days 01:24:09.212000,1,2,+1.465,+1.465
0 days 01:24:13.858000,1,2,+1.237,+1.237
0 days 01:24:18.106000,1,2,+1.501,+1.501
0 days 01:24:25.170000,1,2,+1.506,+1.506
0 days 01:24:31.782000,1,2,+1.604,+1.604
0 days 01:24:38.347000,1,2,+1.337,+1.337
0 days 01:24:45.283000,1,2,+1.176,+1.176
0 days 01:24:51.398000,1,2,+0.887,+0.887
0 days 01:24:58.783000,1,2,+1.139,+1.139
0 days 01:25:04.893000,1,2,+0.573,+0.573
0 days 01:25:14.645000,1,2,+1.061,+1.061
0 days 01:25:23.666000,1,2,+0.768,+0.768
0 days 01:25:29.093000,1,2,+0.747,+0.747
0 days 01:25:37.747000,1,2,+1.189,+1.189
0 days 01:25:40.988000,1,2,+1.418,+1.418
0 days 01:25:50.476000,1,2,+1.063,+1.063
0 days 01:25:53.950000,1,2,+1.483,+1.483
0 days 01:25:56.050000,1,2,+1.390,+1.390
0 days 01:26:04.746000,1,2,+1.905,+1.905
0 days 01:26:09.097000,1,2,+0.959,+0.959
0 days 01:26:14.025000,1,2,+0.878,+0.878
0 days 01:26:19.772000,1,2,+1.393,+1.393
0 days 01:26:28.309000,1,2,+1.889,+1.889
0 days 01:26:32.259000,1,2,+1.071,+1.071
0 days 01:26:35.850000,1,2,+1.069,+1.069
0 days 01:26:43.179000,1,2,+1.944,+1.944
0 days 01:26:48.271000,1,2,+1.495,+1.495
0 days 01:26:55.333000,1,2,+1.645,+1.645
0 days 01:27:00.227000,1,2,+1.067,+1.067
0 days 01:27:05.666000,1,2,+0.849,+0.849
0 days 01:27:12.391000,1,2,+1.026,+1.026
0 days 01:27:21.026000,1,2,+0.667,+0.667
0 days 01:27:38.754000,1,2,+0.560,+0.560
0 days 01:27:46.576000,1,2,+0.293,+0.293
0 days 01:27:50.825000,1,2,+0.459,+0.459
0 days 01:27:57.755000,1,2,+0.423,+0.423
0 days 01:28:00.378000,1,2,+0.450,+0.450
0 days 01:28:06.949000,1,2,+0.402,+0.402
0 days 01:28:09.822000,1,2,+0.390,+0.390
0 days 01:28:11.595000,1,2,+0.569,+0.569
0 days 01:28:17.972000,1,2,+0.735,+0.735
0 days 01:28:21.798000,1,2,+0.705,+0.705
0 days 01:28:25.678000,1,2,+0.872,+0.872
0 days 01:28:30.248000,1,2,+0.854,+0.854
0 days 01:28:36.088000,1,2,+0.927,+0.927
0 days 01:28:39.534000,1,2,+0.846,+0.846
0 days 01:28:41.836000,1,2,+0.814,+0.814
0 days 01:28:46.541000,1,2,+0.843,+0.843
0 days 01:28:50.345000,1,2,+0.705,+0.705
0 days 01:28:54.509000,1,2,+0.619,+0.619
0 days 01:28:58.571000,1,2,+0.539,+0.539
0 days 01:29:02.053000,1,2,+0.419,+0.419
0 days 01:29:06.983000,1,2,+0.769,+0.769
0 days 01:29:11.469000,1,2,+0.822,+0.822
0 days 01:29:18.351000,1,2,+0.971,+0.971
0 days 01:29:24.682000,1,2,+1.045,+1.045
0 days 01:29:28.380000,1,2,+1.097,+1.097
0 days 01:29:34.995000,1,2,+1.001,+1.001
0 days 01:29:37.366000,1,2,+0.963,+0.963
0 days 01:29:43.734000,1,2,+0.954,+0.954
0 days 01:29:46.595000,1,2,+0.939,+0.939
0 days 01:29:48.350000,1,2,+1.052,+1.052
0 days 01:29:54.167000,1,2,+0.841,+0.841
0 days 01:29:57.874000,1,2,+0.749,+0.749
0 days 01:30:01.570000,1,2,+0.793,+0.793
0 days 01:30:05.956000,1,2,+0.748,+0.748
0 days 01:30:11.652000,1,2,+0.696,+0.696
0 days 01:30:15.048000,1,2,+0.651,+0.651
0 days 01:30:17.298000,1,2,+0.626,+0.626
0 days 01:30:21.820000,1,2,+0.676,+0.676
0 days 01:30:25.380000,1,2,+0.579,+0.579
0 days 01:30:29.412000,1,2,+0.533,+0.533
0 days 01:30:33.535000,1,2,+0.440,+0.440
0 days 01:30:36.980000,1,2,+0.311,+0.311
0 days 01:30:41.673000,1,2,+0.500,+0.500
0 days 01:30:45.975000,1,2,+0.445,+0.445
0 days 01:30:52.742000,1,2,+0.546,+0.546
0 days 01:30:59.027000,1,2,+0.681,+0.681
0 days 01:31:02.652000,1,2,+0.688,+0.688
0 days 01:31:09.260000,1,2,+0.507,+0.507
0 days 01:31:11.735000,1,2,+0.541,+0.541
0 days 01:31:18.126000,1,2,+0.631,+0.631
0 days 01:31:20.912000,1,2,+0.617,+0.617
0 days 01:31:22.581000,1,2,+0.722,+0.722
0 days 01:31:28.197000,1,2,+0.752,+0.752
0 days 01:31:31.867000,1,2,+0.706,+0.706
0 days 01:31:35.553000,1,2,+0.819,+0.819
0 days 01:31:39.860000,1,2,+0.924,+0.924
0 days 01:31:45.416000,1,2,+0.958,+0.958
0 days 01:31:48.653000,1,2,+0.983,+0.983
0 days 01:31:50.832000,1,2,+0.974,+0.974
0 days 01:31:55.162000,1,2,+1.081,+1.081
0 days 01:31:58.781000,1,2,+1.069,+1.069
0 days 01:32:02.785000,1,2,+1.047,+1.047
0 days 01:32:06.877000,1,2,+0.982,+0.982
0 days 01:32:10.324000,1,2,+0.883,+0.883
0 days 01:32:14.756000,1,2,+0.906,+0.906
0 days 01:32:19.077000,1,2,+0.934,+0.934
0 days 01:32:25.780000,1,2,+0.972,+0.972
0 days 01:32:32.054000,1,2,+1.163,+1.163
0 days 01:32:35.672000,1,2,+1.123,+1.123
0 days 01:32:42.150000,1,2,+1.177,+1.177
0 days 01:32:44.412000,1,2,+1.092,+1.092
0 days 01:32:50.772000,1,2,+1.151,+1.151
0 days 01:32:53.550000,1,2,+1.145,+1.145
0 days 01:32:55.197000,1,2,+1.194,+1.194
0 days 01:33:00.837000,1,2,+1.158,+1.158
0 days 01:33:04.505000,1,2,+1.099,+1.099
0 days 01:33:08.100000,1,2,+1.125,+1.125
0 days 01:33:12.436000,1,2,+1.145,+1.145
0 days 01:33:17.953000,1,2,+1.189,+1.189
0 days 01:33:21.185000,1,2,+1.202,+1.202
0 days 01:33:23.411000,1,2,+1.198,+1.198
0 days 01:33:27.699000,1,2,+1.265,+1.265
0 days 01:33:31.274000,1,2,+1.224,+1.224
0 days 01:33:35.278000,1,2,+1.195,+1.195
0 days 01:33:39.430000,1,2,+1.145,+1.145
0 days 01:33:42.871000,1,2,+1.060,+1.060
0 days 01:33:47.265000,1,2,+1.069,+1.069
0 days 01:33:51.438000,1,2,+1.033,+1.033
0 days 01:33:58.122000,1,2,+1.135,+1.135
0 days 01:34:04.400000,1,2,+1.278,+1.278
0 days 01:34:07.999000,1,2,+1.286,+1.286
0 days 01:34:14.528000,1,2,+1.420,+1.420
0 days 01:34:16.855000,1,2,+1.353,+1.353
0 days 01:34:23.198000,1,2,+1.415,+1.415
0 days 01:34:26.037000,1,2,+1.412,+1.412
0 days 01:34:27.622000,1,2,+1.484,+1.484
0 days 01:34:33.180000,1,2,+1.208,+1.208
0 days 01:34:36.899000,1,2,+1.101,+1.101
0 days 01:34:40.622000,1,2,+1.233,+1.233
0 days 01:34:44.841000,1,2,+1.204,+1.204
0 days 01:34:50.337000,1,2,+1.295,+1.295
0 days 01:34:53.437000,1,2,+1.192,+1.192
0 days 01:34:55.600000,1,2,+1.150,+1.150
0 days 01:34:59.873000,1,2,+1.236,+1.236
0 days 01:35:03.439000,1,2,+1.222,+1.222
0 days 01:35:07.455000,1,2,+1.210,+1.210
0 days 01:35:11.529000,1,2,+1.139,+1.139
0 days 01:35:14.974000,1,2,+1.033,+1.033
0 days 01:35:19.368000,1,2,+1.119,+1.119
0 days 01:35:23.466000,1,2,+1.056,+1.056
0 days 01:35:30.056000,1,2,+1.156,+1.156
0 days 01:35:36.272000,1,2,+1.301,+1.301
0 days 01:35:39.751000,1,2,+1.216,+1.216
0 days 01:35:46.154000,1,2,+1.295,+1.295
0 days 01:35:48.499000,1,2,+1.187,+1.187
0 days 01:35:54.816000,1,2,+1.228,+1.228
0 days 01:35:57.600000,1,2,+1.208,+1.208
0 days 01:35:59.196000,1,2,+1.217,+1.217
0 days 01:36:04.638000,1,2,+1.071,+1.071
0 days 01:36:08.412000,1,2,+1.002,+1.002
0 days 01:36:16.334000,1,2,+1.010,+1.010
0 days 01:36:21.800000,1,2,+1.154,+1.154
0 days 01:36:24.899000,1,2,+1.131,+1.131
0 days 01:36:26.999000,1,2,+1.105,+1.105
0 days 01:36:31.269000,1,2,+1.213,+1.213
0 days 01:36:38.839000,1,2,+1.204,+1.204
0 days 01:36:42.930000,1,2,+1.131,+1.131
0 days 01:36:46.351000,1,2,+1.036,+1.036
0 days 01:36:50.704000,1,2,+1.130,+1.130
0 days 01:36:54.766000,1,2,+1.024,+1.024
0 days 01:37:01.340000,1,2,+1.038,+1.038
0 days 01:37:07.599000,1,2,+1.231,+1.231
0 days 01:37:11.032000,1,2,+1.056,+1.056
0 days 01:37:17.439000,1,2,+1.163,+1.163
0 days 01:37:19.796000,1,2,+1.156,+1.156
0 days 01:37:26.087000,1,2,+1.181,+1.181
0 days 01:37:28.869000,1,2,+1.180,+1.180
0 days 01:37:30.437000,1,2,+1.168,+1.168
0 days 01:37:35.927000,1,2,+1.015,+1.015
0 days 01:37:39.537000,1,2,+0.990,+0.990
0 days 01:37:43.058000,1,2,+1.030,+1.030
0 days 01:37:47.399000,1,2,+1.075,+1.075
0 days 01:37:52.782000,1,2,+1.154,+1.154
0 days 01:37:55.813000,1,2,+1.071,+1.071
0 days 01:37:57.830000,1,2,+1.033,+1.033
0 days 01:38:01.952000,1,2,+1.059,+1.059
0 days 01:38:05.530000,1,2,+1.066,+1.066
0 days 01:38:09.472000,1,2,+1.056,+1.056
0 days 01:38:13.580000,1,2,+0.994,+0.994
0 days 01:38:17.016000,1,2,+0.890,+0.890
0 days 01:38:21.319000,1,2,+0.822,+0.822
0 days 01:38:25.402000,1,2,+0.770,+0.770
0 days 01:38:31.950000,1,2,+0.815,+0.815
0 days 01:38:38.279000,1,2,+0.946,+0.946
0 days 01:38:41.774000,1,2,+0.913,+0.913
0 days 01:38:48.103000,1,2,+0.950,+0.950
0 days 01:38:50.536000,1,2,+1.026,+1.026
0 days 01:38:56.697000,1,2,+1.025,+1.025
0 days 01:38:59.356000,1,2,+0.882,+0.882
0 days 01:39:00.906000,1,2,+0.859,+0.859
0 days 01:39:06.444000,1,2,+0.798,+0.798
0 days 01:39:10.030000,1,2,+0.707,+0.707
0 days 01:39:13.557000,1,2,+0.678,+0.678
0 days 01:39:17.945000,1,2,+0.826,+0.826
0 days 01:39:23.262000,1,2,+0.915,+0.915
0 days 01:39:26.232000,1,2,+0.870,+0.870
0 days 01:39:28.304000,1,2,+0.849,+0.849
0 days 01:39:32.555000,1,2,+0.935,+0.935
0 days 01:39:36.001000,1,2,+0.950,+0.950
0 days 01:39:40.001000,1,2,+0.944,+0.944
0 days 01:39:44.026000,1,2,+0.781,+0.781
0 days 01:39:47.240000,1,2,+0.514,+0.514
0 days 01:39:51.545000,1,2,+0.618,+0.618
0 days 01:39:55.784000,1,2,+0.748,+0.748
0 days 01:40:02.258000,1,2,+0.614,+0.614
0 days 01:40:08.574000,1,2,+0.892,+0.892
0 days 01:40:12.124000,1,2,+0.885,+0.885
0 days 01:40:18.342000,1,2,+1.052,+1.052
0 days 01:40:20.801000,1,2,+1.126,+1.126
0 days 01:40:27.001000,1,2,+1.127,+1.127
0 days 01:40:29.716000,1,2,+0.989,+0.989
0 days 01:40:31.220000,1,2,+0.952,+0.952
0 days 01:40:36.736000,1,2,+1.015,+1.015
0 days 01:40:40.356000,1,2,+0.955,+0.955
0 days 01:40:43.767000,1,2,+0.897,+0.897
0 days 01:40:48.131000,1,2,+1.062,+1.062
0 days 01:40:53.540000,1,2,+1.236,+1.236
0 days 01:40:56.498000,1,2,+1.126,+1.126
0 days 01:40:58.595000,1,2,+1.096,+1.096
0 days 01:41:02.702000,1,2,+1.140,+1.140
0 days 01:41:06.246000,1,2,+1.168,+1.168
0 days 01:41:10.245000,1,2,+1.176,+1.176
0 days 01:41:14.341000,1,2,+1.094,+1.094
0 days 01:41:17.719000,1,2,+1.011,+1.011
0 days 01:41:21.956000,1,2,+1.064,+1.064
0 days 01:41:26.036000,1,2,+1.041,+1.041
0 days 01:41:32.557000,1,2,+1.074,+1.074
0 days 01:41:38.857000,1,2,+1.338,+1.338
0 days 01:41:42.386000,1,2,+1.366,+1.366
0 days 01:41:48.782000,1,2,+1.537,+1.537
0 days 01:41:51.313000,1,2,+1.639,+1.639
0 days 01:41:57.586000,1,2,+1.767,+1.767
0 days 01:42:00.402000,1,2,+1.763,+1.763
0 days 01:42:01.958000,1,2,+1.752,+1.752
0 days 01:42:07.380000,1,2,+1.713,+1.713
0 days 01:42:11.018000,1,2,+1.699,+1.699
0 days 01:42:14.582000,1,2,+1.776,+1.776
0 days 01:42:18.960000,1,2,+1.871,+1.871
0 days 01:42:24.557000,1,2,+2.165,+2.165
0 days 01:42:27.627000,1,2,+2.210,+2.210
0 days 01:42:29.734000,1,2,+2.213,+2.213
0 days 01:42:33.779000,1,2,+2.296,+2.296
0 days 01:42:37.283000,1,2,+2.300,+2.300
0 days 01:42:41.303000,1,2,+2.311,+2.311
0 days 01:42:45.332000,1,2,+2.246,+2.246
0 days 01:42:48.759000,1,2,+2.179,+2.179
0 days 01:42:52.974000,1,2,+2.224,+2.224
0 days 01:42:57.104000,1,2,+2.168,+2.168
0 days 01:43:03.561000,1,2,+2.009,+2.009
0 days 01:43:10.248000,1,3,+2.009,+2.009
0 days 01:43:11.930000,1,3,+4.273,+1.584
0 days 01:43:15.667000,1,3,+4.460,+1.824
0 days 01:43:22.131000,1,3,+4.718,+1.749
0 days 01:43:24.615000,1,3,+4.721,+1.831
0 days 01:43:30.990000,1,3,+4.895,+1.983
0 days 01:43:33.834000,1,3,+4.906,+2.004
0 days 01:43:35.433000,1,3,+4.982,+2.029
0 days 01:43:41.005000,1,3,+5.086,+2.262
0 days 01:43:44.662000,1,3,+5.099,+2.298
0 days 01:43:48.268000,1,3,+5.131,+2.447
0 days 01:43:52.604000,1,3,+5.318,+2.417
0 days 01:43:58.091000,1,3,+5.491,+2.579
0 days 01:44:01.101000,1,3,+5.578,+2.725
0 days 01:44:03.195000,1,3,+5.579,+2.760
0 days 01:44:07.237000,1,3,+5.634,+2.815
0 days 01:44:10.719000,1,3,+5.661,+2.850
0 days 01:44:14.690000,1,3,+5.678,+2.834
0 days 01:44:18.903000,1,3,+5.628,+2.802
0 days 01:44:22.219000,1,3,+5.557,+2.742
0 days 01:44:26.675000,1,3,+5.697,+2.818
0 days 01:44:31.363000,1,3,+6.270,+3.535
0 days 01:44:38.055000,1,3,+6.403,+3.549
0 days 01:44:44.403000,1,3,+6.593,+3.658
0 days 01:44:47.985000,1,3,+6.695,+3.859
0 days 01:44:54.557000,1,3,+6.939,+3.941
0 days 01:44:56.906000,1,3,+6.868,+3.980
0 days 01:45:03.136000,1,3,+6.918,+4.009
0 days 01:45:06.004000,1,3,+6.913,+4.017
0 days 01:45:07.577000,1,3,+6.984,+4.066
0 days 01:45:13.138000,1,3,+7.090,+4.093
0 days 01:45:16.843000,1,3,+7.094,+4.085
0 days 01:45:20.431000,1,3,+7.183,+4.279
0 days 01:45:24.804000,1,3,+7.341,+4.174
0 days 01:45:30.301000,1,3,+7.506,+4.378
0 days 01:45:33.265000,1,3,+7.546,+4.505
0 days 01:45:35.387000,1,3,+7.543,+4.540
0 days 01:45:39.376000,1,3,+7.537,+4.597
0 days 01:45:42.861000,1,3,+7.557,+4.654
0 days 01:45:46.863000,1,3,+7.581,+4.658
0 days 01:45:50.943000,1,3,+7.553,+4.650
0 days 01:45:54.418000,1,3,+7.546,+4.632
0 days 01:45:58.876000,1,3,+7.692,+4.786
0 days 01:46:03.244000,1,3,+7.763,+4.837
0 days 01:46:09.975000,1,3,+7.860,+4.880
0 days 01:46:16.242000,1,3,+8.040,+4.950
0 days 01:46:19.990000,1,3,+8.262,+5.156
0 days 01:46:26.505000,1,3,+8.351,+5.040
0 days 01:46:28.796000,1,3,+8.271,+5.071
0 days 01:46:35.060000,1,3,+8.306,+5.132
0 days 01:46:37.920000,1,3,+8.307,+5.135
0 days 01:46:39.529000,1,3,+8.425,+5.194
0 days 01:46:45.044000,1,3,+8.165,+5.368
0 days 01:46:48.684000,1,3,+8.073,+5.381
0 days 01:46:52.205000,1,3,+8.057,+5.336
0 days 01:46:56.604000,1,3,+8.146,+5.358
0 days 01:47:02.077000,1,3,+8.293,+5.542
0 days 01:47:05.049000,1,3,+8.224,+5.672
0 days 01:47:07.107000,1,3,+8.187,+5.715
0 days 01:47:11.079000,1,3,+8.132,+5.738
0 days 01:47:14.619000,1,3,+8.157,+5.750
0 days 01:47:18.589000,1,3,+8.184,+5.765
0 days 01:47:22.705000,1,3,+8.151,+5.761
0 days 01:47:26.183000,1,3,+8.143,+5.767
0 days 01:47:30.487000,1,3,+8.215,+5.773
0 days 01:47:34.745000,1,3,+8.341,+5.962
0 days 01:47:41.462000,1,3,+8.539,+6.129
0 days 01:47:47.757000,1,3,+8.743,+6.182
0 days 01:47:51.405000,1,3,+8.890,+6.407
0 days 01:47:57.953000,1,3,+8.974,+6.366
0 days 01:48:00.444000,1,3,+8.991,+6.388
0 days 01:48:06.662000,1,3,+9.194,+6.571
0 days 01:48:09.506000,1,3,+9.198,+6.593
0 days 01:48:11.119000,1,3,+9.306,+6.685
0 days 01:48:16.690000,1,3,+9.421,+6.824
0 days 01:48:20.320000,1,3,+9.426,+6.847
0 days 01:48:23.959000,1,3,+9.568,+7.001
0 days 01:48:28.263000,1,3,+9.725,+7.083
0 days 01:48:33.636000,1,3,+9.675,+7.103
0 days 01:48:36.562000,1,3,+9.660,+7.187
0 days 01:48:38.644000,1,3,+9.633,+7.218
0 days 01:48:42.558000,1,3,+9.585,+7.231
0 days 01:48:46.021000,1,3,+9.587,+7.257
0 days 01:48:50.002000,1,3,+9.601,+7.272
0 days 01:48:54.146000,1,3,+9.571,+7.274
0 days 01:48:57.689000,1,3,+9.565,+7.275
0 days 01:49:01.959000,1,3,+9.733,+7.446
0 days 01:49:06.233000,1,3,+9.730,+7.494
0 days 01:49:12.849000,1,3,+9.851,+7.597
0 days 01:49:19.120000,1,3,+9.889,+7.703
0 days 01:49:22.732000,1,3,+9.998,+7.880
0 days 01:49:29.224000,1,3,+10.057,+7.875
0 days 01:49:31.582000,1,3,+10.000,+7.900
0 days 01:49:37.846000,1,3,+10.137,+8.021
0 days 01:49:40.703000,1,3,+10.136,+8.040
0 days 01:49:42.268000,1,3,+10.180,+8.021
0 days 01:49:47.861000,1,3,+10.335,+8.156
0 days 01:49:51.545000,1,3,+10.335,+8.152
0 days 01:49:55.060000,1,3,+10.367,+8.251
0 days 01:49:59.389000,1,3,+10.475,+8.225
0 days 01:50:04.839000,1,3,+10.594,+8.292
0 days 01:50:07.880000,1,3,+10.653,+8.434
0 days 01:50:10.022000,1,3,+10.694,+8.482
0 days 01:50:13.986000,1,3,+10.694,+8.520
0 days 01:50:17.497000,1,3,+10.752,+8.580
0 days 01:50:21.481000,1,3,+10.777,+8.617
0 days 01:50:25.596000,1,3,+10.738,+8.605
0 days 01:50:29.044000,1,3,+10.705,+8.558
0 days 01:50:33.345000,1,3,+10.760,+8.564
0 days 01:50:37.579000,1,3,+10.678,+8.699
0 days 01:50:44.240000,1,3,+10.750,+8.805
0 days 01:50:50.263000,1,3,+10.678,+8.647
0 days 01:50:53.811000,1,3,+10.698,+8.776
0 days 01:51:00.328000,1,3,+10.758,+8.711
0 days 01:51:02.637000,1,3,+10.742,+8.725
0 days 01:51:08.888000,1,3,+10.877,+8.847
0 days 01:51:11.721000,1,3,+10.886,+8.868
0 days 01:51:13.339000,1,3,+10.982,+8.888
0 days 01:51:18.737000,1,3,+10.909,+8.984
0 days 01:51:22.388000,1,3,+10.856,+8.959
0 days 01:51:25.835000,1,3,+10.924,+8.988
0 days 01:51:30.100000,1,3,+10.994,+9.001
0 days 01:51:35.619000,1,3,+11.051,+9.124
0 days 01:51:38.608000,1,3,+11.098,+9.227
0 days 01:51:40.722000,1,3,+11.109,+9.253
0 days 01:51:44.608000,1,3,+11.091,+9.286
0 days 01:51:48.146000,1,3,+11.137,+9.340
0 days 01:51:52.088000,1,3,+11.164,+9.358
0 days 01:51:56.209000,1,3,+11.140,+9.339
0 days 01:51:59.634000,1,3,+11.115,+9.299
0 days 01:52:03.938000,1,3,+11.158,+9.347
0 days 01:52:08.143000,1,3,+11.241,+9.464
0 days 01:52:14.762000,1,3,+11.424,+9.577
0 days 01:52:20.947000,1,3,+11.364,+9.540
0 days 01:52:24.521000,1,3,+11.448,+9.694
0 days 01:52:30.935000,1,3,+11.484,+9.590
0 days 01:52:33.347000,1,3,+11.548,+9.689
0 days 01:52:39.572000,1,3,+11.641,+9.794
0 days 01:52:42.404000,1,3,+11.661,+9.831
0 days 01:52:44.007000,1,3,+11.742,+9.882
0 days 01:52:49.483000,1,3,+11.877,+10.016
0 days 01:52:53.109000,1,3,+11.882,+10.020
0 days 01:52:56.669000,1,3,+11.938,+10.092
0 days 01:53:00.882000,1,3,+11.977,+10.046
0 days 01:53:06.410000,1,3,+12.063,+10.252
0 days 01:53:09.449000,1,3,+12.151,+10.399
0 days 01:53:11.509000,1,3,+12.167,+10.437
0 days 01:53:15.565000,1,3,+12.241,+10.490
0 days 01:53:19.065000,1,3,+12.358,+10.513
0 days 01:53:23.010000,1,3,+12.396,+10.540
0 days 01:53:27.164000,1,3,+12.376,+10.524
0 days 01:53:30.570000,1,3,+12.357,+10.483
0 days 01:53:34.892000,1,3,+12.439,+10.570
0 days 01:53:39.047000,1,3,+12.408,+10.654
0 days 01:53:45.621000,1,3,+12.467,+10.701
0 days 01:53:51.881000,1,3,+12.667,+10.816
0 days 01:53:55.520000,1,3,+12.762,+11.038
0 days 01:54:02.062000,1,3,+12.776,+10.983
0 days 01:54:04.341000,1,3,+12.857,+11.052
0 days 01:54:10.561000,1,3,+12.932,+11.146
0 days 01:54:13.397000,1,3,+12.945,+11.176
0 days 01:54:14.948000,1,3,+12.957,+11.204
0 days 01:54:20.432000,1,3,+12.988,+11.328
0 days 01:54:24.292000,1,3,+12.977,+11.378
0 days 01:54:27.643000,1,3,+12.975,+11.503
0 days 01:54:31.960000,1,3,+13.105,+11.505
0 days 01:54:37.509000,1,3,+13.221,+11.730
0 days 01:54:40.448000,1,3,+13.271,+11.804
0 days 01:54:42.512000,1,3,+13.284,+11.827
0 days 01:54:46.526000,1,3,+13.365,+11.880
0 days 01:54:49.981000,1,3,+13.405,+11.944
0 days 01:54:53.966000,1,3,+13.428,+11.977
0 days 01:54:58.048000,1,3,+13.404,+11.981
0 days 01:55:01.465000,1,3,+13.393,+11.971
0 days 01:55:05.781000,1,3,+13.481,+12.016
0 days 01:55:10.011000,1,3,+13.553,+12.104
0 days 01:55:16.633000,1,3,+13.692,+12.224
0 days 01:55:22.809000,1,3,+13.898,+12.425
0 days 01:55:26.302000,1,3,+13.901,+12.566
0 days 01:55:32.745000,1,3,+13.957,+12.521
0 days 01:55:35.138000,1,3,+14.033,+12.580
0 days 01:55:41.421000,1,3,+14.176,+12.696
0 days 01:55:44.238000,1,3,+14.196,+12.729
0 days 01:55:45.764000,1,3,+14.225,+12.755
0 days 01:55:51.231000,1,3,+14.377,+12.845
0 days 01:55:54.863000,1,3,+14.407,+12.880
0 days 01:55:58.390000,1,3,+14.449,+12.967
0 days 01:56:02.671000,1,3,+14.561,+12.952
0 days 01:56:08.210000,1,3,+14.679,+13.045
0 days 01:56:11.152000,1,3,+14.691,+13.136
0 days 01:56:13.262000,1,3,+14.696,+13.182
0 days 01:56:17.257000,1,3,+14.796,+13.216
0 days 01:56:20.741000,1,3,+14.874,+13.294
0 days 01:56:24.734000,1,3,+14.908,+13.327
0 days 01:56:28.803000,1,3,+14.874,+13.332
0 days 01:56:32.281000,1,3,+14.851,+13.298
0 days 01:56:36.481000,1,3,+14.883,+13.293
0 days 01:56:40.640000,1,3,+14.871,+13.435
0 days 01:56:47.258000,1,3,+15.054,+13.597
0 days 01:56:53.325000,1,3,+15.060,+13.657
0 days 01:56:56.749000,1,3,+15.110,+13.782
0 days 01:57:03.112000,1,3,+15.193,+13.700
0 days 01:57:05.493000,1,3,+15.220,+13.758
0 days 01:57:11.727000,1,3,+15.309,+13.856
0 days 01:57:14.507000,1,3,+15.330,+13.897
0 days 01:57:16.107000,1,3,+15.407,+13.924
0 days 01:57:21.472000,1,3,+15.378,+14.023
0 days 01:57:25.107000,1,3,+15.346,+14.059
0 days 01:57:28.583000,1,3,+15.330,+14.076
0 days 01:57:32.843000,1,3,+15.325,+14.022
0 days 01:57:38.268000,1,3,+15.443,+14.117
0 days 01:57:41.213000,1,3,+15.491,+14.206
0 days 01:57:43.337000,1,3,+15.506,+14.242
0 days 01:57:47.268000,1,3,+15.564,+14.263
0 days 01:57:50.750000,1,3,+15.630,+14.247
0 days 01:57:54.749000,1,3,+15.659,+14.268
0 days 01:57:58.780000,1,3,+15.653,+14.278
0 days 01:58:02.191000,1,3,+15.637,+14.261
0 days 01:58:06.394000,1,3,+15.670,+14.333
0 days 01:58:10.594000,1,3,+15.719,+14.422
0 days 01:58:17.069000,1,3,+15.824,+14.557
0 days 01:58:23.150000,1,3,+15.766,+14.538
0 days 01:58:26.554000,1,3,+15.768,+14.604
0 days 01:58:32.868000,1,3,+15.711,+14.420
0 days 01:58:35.178000,1,3,+15.713,+14.479
0 days 01:58:41.419000,1,3,+15.790,+14.550
0 days 01:58:44.255000,1,3,+15.816,+14.591
0 days 01:58:45.782000,1,3,+15.819,+14.576
0 days 01:58:51.087000,1,3,+15.817,+14.643
0 days 01:58:54.750000,1,3,+15.819,+14.675
0 days 01:58:58.232000,1,3,+15.840,+14.717
0 days 01:59:02.496000,1,3,+15.833,+14.685
0 days 01:59:07.930000,1,3,+15.935,+14.730
0 days 01:59:10.845000,1,3,+15.971,+14.786
0 days 01:59:12.898000,1,3,+15.967,+14.805
0 days 01:59:16.829000,1,3,+16.048,+14.890
0 days 01:59:20.329000,1,3,+16.034,+14.953
0 days 01:59:24.311000,1,3,+16.034,+14.967
0 days 01:59:28.380000,1,3,+16.015,+14.972
0 days 01:59:31.838000,1,3,+16.017,+15.013
0 days 01:59:35.988000,1,3,+16.035,+15.124
0 days 01:59:40.165000,1,3,+16.112,+15.228
0 days 01:59:46.608000,1,3,+16.175,+15.386
0 days 01:59:52.699000,1,3,+16.125,+15.412
0 days 01:59:56.064000,1,3,+16.197,+15.449
0 days 02:00:02.400000,1,3,+16.122,+15.296
0 days 02:00:04.643000,1,3,+16.035,+15.206
0 days 02:00:10.830000,1,3,+16.104,+15.332
0 days 02:00:13.647000,1,3,+16.129,+15.491
0 days 02:00:15.151000,1,3,+16.139,+15.459
0 days 02:00:20.470000,1,3,+16.243,+15.422
0 days 02:00:24.067000,1,3,+16.283,+15.488
0 days 02:00:27.551000,1,3,+16.341,+15.474
0 days 02:00:31.754000,1,3,+16.419,+15.408
0 days 02:00:37.144000,1,3,+16.466,+15.498
0 days 02:00:40.012000,1,3,+16.468,+15.507
0 days 02:00:42.095000,1,3,+16.460,+15.512
0 days 02:00:46.013000,1,3,+16.451,+15.528
0 days 02:00:49.509000,1,3,+16.417,+15.558
0 days 02:00:53.452000,1,3,+16.431,+15.583
0 days 02:00:57.491000,1,3,+16.544,+15.726
0 days 02:01:00.926000,1,3,+16.705,+15.962
0 days 02:01:05.151000,1,3,+16.802,+16.096
0 days 02:01:09.109000,1,3,+16.793,+16.057
0 days 02:01:15.612000,1,3,+16.910,+16.164
0 days 02:01:21.744000,1,3,+16.919,+16.212
0 days 02:01:25.081000,1,3,+16.977,+16.160
0 days 02:01:31.336000,1,3,+16.805,+16.045
0 days 02:01:33.655000,1,3,+16.760,+16.053
0 days 02:01:40.182000,1,3,+16.790,+16.187
0 days 02:01:42.685000,1,3,+16.824,+16.340
0 days 02:01:44.112000,1,3,+16.825,+16.305
0 days 02:01:49.339000,1,3,+16.620,+16.130
0 days 02:01:52.933000,1,3,+16.570,+16.175
0 days 02:01:56.393000,1,3,+16.524,+16.163
0 days 02:02:00.466000,1,3,+16.479,+15.972
0 days 02:02:05.730000,1,3,+16.476,+15.859
0 days 02:02:08.628000,1,3,+16.514,+15.854
0 days 02:02:10.690000,1,3,+16.501,+15.857
0 days 02:02:14.526000,1,3,+16.517,+15.789
0 days 02:02:17.951000,1,3,+16.544,+15.786
0 days 02:02:21.854000,1,3,+16.539,+15.799
0 days 02:02:25.931000,1,3,+16.516,+15.902
0 days 02:02:29.367000,1,3,+16.497,+16.083
0 days 02:02:33.498000,1,3,+16.636,+16.068
0 days 02:02:37.444000,1,3,+16.691,+16.066
0 days 02:02:43.907000,1,3,+16.738,+16.133
0 days 02:02:50.013000,1,3,+16.814,+16.028
0 days 02:02:53.346000,1,3,+16.882,+16.009
0 days 02:02:59.586000,1,3,+16.809,+15.916
0 days 02:03:01.886000,1,3,+16.930,+15.942
0 days 02:03:08.098000,1,3,+16.995,+16.093
0 days 02:03:10.940000,1,3,+17.016,+16.246
0 days 02:03:12.465000,1,3,+17.054,+16.215
0 days 02:03:17.517000,1,3,+16.984,+16.180
0 days 02:03:21.082000,1,3,+16.971,+16.269
0 days 02:03:24.565000,1,3,+17.002,+16.268
0 days 02:03:28.608000,1,3,+16.844,+16.075
0 days 02:03:34.052000,1,3,+16.902,+16.007
0 days 02:03:36.865000,1,3,+16.963,+15.993
0 days 02:03:39.031000,1,3,+16.978,+15.977
0 days 02:03:42.798000,1,3,+16.984,+15.994
0 days 02:03:46.196000,1,3,+16.976,+16.022
0 days 02:03:50.196000,1,3,+16.977,+16.048
0 days 02:03:54.259000,1,3,+16.966,+16.171
0 days 02:03:57.727000,1,3,+16.976,+16.379
0 days 02:04:01.914000,1,3,+17.172,+16.468
0 days 02:04:05.816000,1,3,+17.197,+16.476
0 days 02:04:12.327000,1,3,+17.291,+16.656
0 days 02:04:18.374000,1,3,+17.351,+16.439
0 days 02:04:21.669000,1,3,+17.470,+16.472
0 days 02:04:27.884000,1,3,+17.443,+16.359
0 days 02:04:30.067000,1,3,+17.437,+16.293
0 days 02:04:36.241000,1,3,+17.427,+16.304
0 days 02:04:39.128000,1,3,+17.448,+16.443
0 days 02:04:40.587000,1,3,+17.487,+16.402
0 days 02:04:45.614000,1,3,+17.357,+16.261
0 days 02:04:49.155000,1,3,+17.353,+16.331
0 days 02:04:52.597000,1,3,+17.410,+16.305
0 days 02:04:56.602000,1,3,+17.268,+16.128
0 days 02:05:01.945000,1,3,+17.384,+15.919
0 days 02:05:04.785000,1,3,+17.339,+15.849
0 days 02:05:06.848000,1,3,+17.312,+15.830
0 days 02:05:10.756000,1,3,+17.304,+15.783
0 days 02:05:14.180000,1,3,+17.378,+15.338
0 days 02:05:18.193000,1,3,+17.405,+15.236
0 days 02:05:22.294000,1,3,+17.435,+15.237
0 days 02:05:25.773000,1,3,+17.483,+15.236
0 days 02:05:29.953000,1,3,+17.603,+15.169
0 days 02:05:33.926000,1,3,+17.701,+15.171
0 days 02:05:40.546000,1,3,+17.828,+15.257
0 days 02:05:46.570000,1,3,+17.805,+15.242
0 days 02:05:49.773000,1,3,+17.886,+15.262
0 days 02:05:55.952000,1,3,+17.871,+15.098
0 days 02:05:58.249000,1,3,+17.778,+15.070
0 days 02:06:04.454000,1,3,+17.835,+15.133
0 days 02:06:07.277000,1,3,+17.883,+15.158
0 days 02:06:08.795000,1,3,+17.871,+15.154
0 days 02:06:13.852000,1,3,+17.582,+15.183
0 days 02:06:17.454000,1,3,+17.564,+15.216
0 days 02:06:20.897000,1,3,+17.599,+15.185
0 days 02:06:24.953000,1,3,+17.558,+15.089
0 days 02:06:30.128000,1,3,+17.547,+14.957
0 days 02:06:33.016000,1,3,+17.532,+14.976
0 days 02:06:35.049000,1,3,+17.545,+15.009
0 days 02:06:38.957000,1,3,+17.557,+14.996
0 days 02:06:42.415000,1,3,+17.606,+14.711
0 days 02:06:46.383000,1,3,+17.615,+14.628
0 days 02:06:50.454000,1,3,+17.605,+14.713
0 days 02:06:53.915000,1,3,+17.595,+14.863
0 days 02:06:58.047000,1,3,+17.683,+14.819
0 days 02:07:01.967000,1,3,+17.766,+14.834
0 days 02:07:08.446000,1,3,+17.942,+14.972
0 days 02:07:14.439000,1,3,+17.789,+14.866
0 days 02:07:17.847000,1,3,+18.011,+14.915
0 days 02:07:24.116000,1,3,+18.258,+14.890
0 days 02:07:26.305000,1,3,+18.268,+14.862
0 days 02:07:32.496000,1,3,+18.386,+14.953
0 days 02:07:35.349000,1,3,+18.420,+14.983
0 days 02:07:36.840000,1,3,+18.477,+14.980
0 days 02:07:41.899000,1,3,+18.505,+14.964
0 days 02:07:45.454000,1,3,+18.539,+14.983
0 days 02:07:49.015000,1,3,+18.760,+15.118
0 days 02:07:54.672000,1,3,+20.457,+16.737
0 days 02:08:03.890000,1,3,+24.315,+20.377
0 days 02:08:08.055000,1,3,+25.508,+21.698
0 days 02:08:10.616000,1,3,+25.904,+22.129
0 days 02:08:17.140000,1,3,+28.417,+21.506
0 days 02:08:24.276000,1,3,+28.712,+22.373
0 days 02:08:31.506000,1,3,+30.402,+22.645
0 days 02:08:36.489000,1,3,+29.492,+22.248
0 days 02:08:40.301000,1,3,+27.109,+21.716
0 days 02:08:45.037000,1,3,+27.071,+21.030
0 days 02:08:49.709000,1,3,+26.850,+20.751
0 days 02:08:57.865000,1,3,+25.540,+20.437
0 days 02:09:04.286000,1,3,+24.086,+18.449
0 days 02:09:08.259000,1,3,+23.384,+17.451
0 days 02:09:16.795000,1,3,+24.321,+19.062
0 days 02:09:48.057000,1,3,+24.415,+16.253
0 days 02:09:50.649000,1,3,+24.501,+16.280
0 days 02:09:59.443000,1,3,+24.915,+16.429
0 days 02:10:03.718000,1,3,+25.041,+15.414
0 days 02:10:07.873000,1,3,+25.060,+14.607
0 days 02:10:12.598000,1,3,+23.857,+14.552
0 days 02:10:20.418000,1,3,+24.203,+15.695
0 days 02:10:25.018000,1,3,+24.919,+16.512
0 days 02:10:27.571000,1,3,+24.989,+16.651
0 days 02:10:32.719000,1,3,+24.551,+15.681
0 days 02:10:39.950000,1,3,+23.529,+15.949
0 days 02:10:46.569000,1,3,+22.170,+14.452
0 days 02:10:51.123000,1,3,+20.899,+13.558
0 days 02:10:54.918000,1,3,+19.501,+13.451
0 days 02:11:00.119000,1,3,+19.979,+13.572
0 days 02:11:04.647000,1,3,+20.411,+13.040
0 days 02:11:14.772000,1,3,+23.892,+14.777
0 days 02:11:22.971000,1,3,+26.055,+16.455
0 days 02:11:27.230000,1,3,+24.406,+16.416
0 days 02:11:35.432000,1,3,+24.585,+16.130
0 days 02:11:38.506000,1,3,+25.133,+16.597
0 days 02:11:45.592000,1,3,+25.771,+17.253
0 days 02:11:48.757000,1,3,+22.650,+16.618
0 days 02:11:50.527000,1,3,+22.437,+16.422
0 days 02:11:56.220000,1,3,+21.598,+15.520
0 days 02:12:00.051000,1,3,+18.865,+13.962
0 days 02:12:03.716000,1,3,+18.476,+12.907
0 days 02:12:07.739000,1,3,+18.357,+12.174
0 days 02:12:13.057000,1,3,+15.699,+11.586
0 days 02:12:16.371000,1,3,+13.700,+10.790
0 days 02:12:18.600000,1,3,+12.258,+9.238
0 days 02:12:22.873000,1,3,+10.371,+7.022
0 days 02:12:30.411000,1,3,+9.564,+5.232
0 days 02:12:36.570000,1,3,+7.683,+4.267
0 days 02:12:43.657000,1,3,+7.973,+4.703
0 days 02:12:48.752000,1,3,+7.336,+4.195
0 days 02:12:55.603000,1,3,+8.171,+4.359
0 days 02:13:00.182000,1,3,+5.862,+3.081
0 days 02:13:10.107000,1,3,+7.062,+3.586
0 days 02:13:17.716000,1,3,+6.533,+2.719
0 days 02:13:23.420000,1,3,+6.933,+3.194
0 days 02:13:31.375000,1,3,+6.990,+3.552
0 days 02:13:33.931000,1,3,+6.205,+3.225
0 days 02:13:41.990000,1,3,+5.222,+2.375
0 days 02:13:46.716000,1,3,+6.451,+2.650
0 days 02:13:49.572000,1,3,+7.431,+3.378
0 days 02:13:56.490000,1,3,+6.311,+3.646
0 days 02:14:00.974000,1,3,+5.822,+2.690
0 days 02:14:07.161000,1,3,+7.126,+3.251
0 days 02:14:12.408000,1,3,+7.593,+4.355
0 days 02:14:17.935000,1,3,+5.735,+2.912
0 days 02:14:23.638000,1,3,+6.012,+3.485
0 days 02:14:27.635000,1,3,+6.873,+3.533
0 days 02:14:36.978000,1,3,+6.729,+3.866
0 days 02:14:49.423000,1,3,+7.935,+4.052
0 days 02:14:58.558000,1,3,+8.661,+3.203
0 days 02:15:03.497000,1,3,+6.774,+2.920
0 days 02:15:08.592000,1,3,+6.277,+2.860
0 days 02:15:19.458000,1,3,+6.960,+3.620
0 days 02:15:29.973000,1,3,+7.669,+4.025
0 days 02:15:43.559000,1,3,+6.547,+3.018
0 days 02:15:52.102000,1,3,+5.977,+2.765
0 days 02:15:58.560000,1,3,+6.173,+2.863
0 days 02:16:07.793000,1,3,+6.779,+3.381
0 days 02:16:10.373000,1,3,+5.786,+2.991
0 days 02:16:24.796000,1,3,+11.158,+5.548
0 days 02:16:28.344000,1,3,+10.694,+6.049
0 days 02:16:30.035000,1,3,+9.766,+5.777
0 days 02:16:35.774000,1,3,+7.826,+4.992
0 days 02:16:39.423000,1,3,+6.316,+3.192
0 days 02:16:44.601000,1,3,+6.897,+3.001
0 days 02:16:49.375000,1,3,+6.776,+3.073
0 days 02:16:55.004000,1,3,+4.976,+2.523
0 days 02:17:00.017000,1,3,+5.421,+3.081
0 days 02:17:04.210000,1,3,+5.313,+2.750
0 days 02:17:14.566000,1,3,+6.431,+3.817
0 days 02:17:25.660000,1,3,+7.341,+4.130
0 days 02:17:34.403000,1,3,+6.352,+3.199
0 days 02:17:40.386000,1,3,+5.594,+2.664
0 days 02:17:46.023000,1,3,+5.806,+2.878
0 days 02:17:53.334000,1,3,+7.020,+4.472
0 days 02:17:59.460000,1,3,+6.717,+2.990
0 days 02:18:09.689000,1,3,+7.739,+3.753
0 days 02:18:16.660000,1,3,+6.784,+3.526
0 days 02:18:21.560000,1,3,+6.053,+2.756
0 days 02:18:29.460000,1,3,+6.454,+3.530
0 days 02:18:31.820000,1,3,+5.127,+2.772
0 days 02:18:42.736000,1,3,+8.048,+4.566
0 days 02:18:46.010000,1,3,+6.841,+3.369
0 days 02:18:48.275000,1,3,+7.057,+3.564
0 days 02:18:54.136000,1,3,+5.406,+3.033
0 days 02:18:58.973000,1,3,+5.558,+2.588
0 days 02:19:04.909000,1,3,+6.874,+3.411
0 days 02:19:09.395000,1,3,+6.272,+3.245
0 days 02:19:16.376000,1,3,+5.823,+3.045
0 days 02:19:21.393000,1,3,+6.274,+3.717
0 days 02:19:24.374000,1,3,+5.971,+3.398
0 days 02:19:34.161000,1,3,+6.786,+3.741
0 days 02:19:41.240000,1,3,+6.394,+3.193
0 days 02:19:49.136000,1,3,+6.809,+3.305
0 days 02:19:54.423000,1,3,+6.332,+3.081
0 days 02:20:01.187000,1,3,+8.253,+5.254
0 days 02:20:06.190000,1,3,+6.514,+4.212
0 days 02:20:11.674000,1,3,+5.879,+3.621
0 days 02:20:23.538000,1,3,+8.413,+4.645
0 days 02:20:30.327000,1,3,+7.008,+4.217
0 days 02:20:33.752000,1,3,+5.363,+3.149
0 days 02:20:41.772000,1,3,+5.485,+3.191
0 days 02:20:44.353000,1,3,+4.858,+2.650
0 days 02:20:55.492000,1,3,+7.068,+3.500
0 days 02:20:58.706000,1,3,+7.106,+3.409
0 days 02:21:00.425000,1,3,+6.077,+3.025
0 days 02:21:07.041000,1,3,+5.281,+2.790
0 days 02:21:12.176000,1,3,+5.157,+2.093
0 days 02:21:19.417000,1,3,+7.991,+4.599
0 days 02:21:23.500000,1,3,+7.396,+4.580
0 days 02:21:28.720000,1,3,+4.358,+2.959
0 days 02:21:34.218000,1,3,+2.847,+2.226
0 days 02:21:37.950000,1,3,+2.305,+0.981
0 days 02:21:45.578000,1,3,+2.878,+1.038
0 days 02:21:51.905000,1,3,+1.390,+0.791
0 days 02:21:59.438000,1,3,+1.988,+1.313
0 days 02:22:06.282000,1,3,+2.113,+1.445
0 days 02:22:12.154000,1,3,+2.807,+1.657
0 days 02:22:17.724000,1,3,+1.621,+0.858
0 days 02:22:24.408000,1,3,+1.895,+0.618
0 days 02:22:33.079000,1,3,+1.749,+0.700
0 days 02:22:40.940000,1,3,+2.080,+0.750
0 days 02:22:46.355000,1,3,+2.312,+1.296
0 days 02:22:53.663000,1,3,+1.626,+1.156
0 days 02:22:56.863000,1,3,+1.464,+0.947
0 days 02:23:06.940000,1,3,+3.229,+1.982
0 days 02:23:10.981000,1,3,+3.231,+1.305
0 days 02:23:12.851000,1,3,+2.825,+1.366
0 days 02:23:22.276000,1,3,+4.576,+3.537
0 days 02:23:26.705000,1,3,+3.712,+1.898
0 days 02:23:31.126000,1,3,+3.621,+2.153
0 days 02:23:35.576000,1,3,+2.908,+2.208
0 days 02:23:42.191000,1,3,+2.588,+1.771
0 days 02:23:46.996000,1,3,+2.200,+1.578
0 days 02:23:51.170000,1,3,+3.086,+1.779
0 days 02:23:57.221000,1,3,+2.518,+2.034
0 days 02:24:02.401000,1,3,+2.669,+1.354
0 days 02:24:08.680000,1,3,+2.261,+1.235
0 days 02:24:13.727000,1,3,+1.658,+0.926
0 days 02:24:20.565000,1,3,+2.967,+2.030
0 days 02:24:26.087000,1,3,+1.512,+0.848
0 days 02:24:34.213000,1,3,+1.229,+0.775
0 days 02:24:53.405000,1,3,+1.258,+0.709
0 days 02:25:01.325000,1,3,+0.774,+0.309
0 days 02:25:04.907000,1,3,+1.040,+0.463
0 days 02:25:11.086000,1,3,+1.229,+0.465
0 days 02:25:13.093000,1,3,+1.267,+0.459
0 days 02:25:18.966000,1,3,+1.296,+0.433
0 days 02:25:21.752000,1,3,+1.269,+0.424
0 days 02:25:23.503000,1,3,+1.431,+0.521
0 days 02:25:28.324000,1,3,+1.405,+0.391
0 days 02:25:31.836000,1,3,+1.359,+0.368
0 days 02:25:35.195000,1,3,+1.499,+0.443
0 days 02:25:39.068000,1,3,+1.585,+0.484
0 days 02:25:43.783000,1,3,+1.572,+0.574
0 days 02:25:46.847000,1,3,+1.578,+0.597
0 days 02:25:48.925000,1,3,+1.575,+0.604
0 days 02:25:52.940000,1,3,+1.683,+0.733
0 days 02:25:56.497000,1,3,+1.749,+0.758
0 days 02:26:00.396000,1,3,+1.738,+0.758
0 days 02:26:04.437000,1,3,+1.653,+0.726
0 days 02:26:07.852000,1,3,+1.572,+0.696
0 days 02:26:12.058000,1,3,+1.797,+0.872
0 days 02:26:15.878000,1,3,+2.003,+0.961
0 days 02:26:22.358000,1,3,+2.269,+1.113
0 days 02:26:27.881000,1,3,+2.558,+1.138
0 days 02:26:31.052000,1,3,+2.619,+1.188
0 days 02:26:36.741000,1,3,+2.757,+1.176
0 days 02:26:38.488000,1,3,+2.772,+1.149
0 days 02:26:44.259000,1,3,+2.816,+1.167
0 days 02:26:47.007000,1,3,+2.805,+1.180
0 days 02:26:48.506000,1,3,+2.886,+1.262
0 days 02:26:53.191000,1,3,+3.023,+1.207
0 days 02:26:56.725000,1,3,+3.020,+1.177
0 days 02:26:59.965000,1,3,+3.105,+1.139
0 days 02:27:03.625000,1,3,+3.262,+1.128
0 days 02:27:08.165000,1,3,+3.261,+1.119
0 days 02:27:10.877000,1,3,+3.200,+1.100
0 days 02:27:12.865000,1,3,+3.151,+1.085
0 days 02:27:16.628000,1,3,+3.269,+1.146
0 days 02:27:20.027000,1,3,+3.320,+1.186
0 days 02:27:23.965000,1,3,+3.329,+1.153
0 days 02:27:27.982000,1,3,+3.256,+1.099
0 days 02:27:31.457000,1,3,+3.183,+1.041
0 days 02:27:35.778000,1,3,+3.446,+1.279
0 days 02:27:39.329000,1,3,+3.571,+1.316
0 days 02:27:45.640000,1,3,+3.686,+1.316
0 days 02:27:51.342000,1,3,+3.883,+1.465
0 days 02:27:54.229000,1,3,+3.858,+1.421
0 days 02:27:59.826000,1,3,+3.820,+1.134
0 days 02:28:01.583000,1,3,+3.775,+1.063
0 days 02:28:07.355000,1,3,+3.730,+1.006
0 days 02:28:10.105000,1,3,+3.752,+1.028
0 days 02:28:11.502000,1,3,+3.794,+0.993
0 days 02:28:16.297000,1,3,+3.790,+0.864
0 days 02:28:19.816000,1,3,+3.792,+0.806
0 days 02:28:23.086000,1,3,+3.845,+0.813
0 days 02:28:26.681000,1,3,+3.799,+0.831
0 days 02:28:31.213000,1,3,+3.799,+0.862
0 days 02:28:33.860000,1,3,+3.719,+0.871
0 days 02:28:35.823000,1,3,+3.667,+0.862
0 days 02:28:39.557000,1,3,+3.708,+0.995
0 days 02:28:42.899000,1,3,+3.724,+1.047
0 days 02:28:46.806000,1,3,+3.710,+1.055
0 days 02:28:50.781000,1,3,+3.537,+0.906
0 days 02:28:54.015000,1,3,+3.259,+0.645
0 days 02:28:58.207000,1,3,+3.075,+0.949
0 days 02:29:02.012000,1,3,+2.972,+1.145
0 days 02:29:08.427000,1,3,+2.761,+0.942
0 days 02:29:14.325000,1,3,+2.970,+1.175
0 days 02:29:18.279000,1,1,LAP 44,LAP 44
0 days 02:29:25.012000,1,2,LAP 44,LAP 44
0 days 02:29:25.490000,1,2,+0.579,+0.579
0 days 02:29:34.144000,1,1,LAP 44,LAP 44
0 days 02:29:34.144000,1,1,LAP 45,LAP 45
0 days 02:31:07.028000,1,1,LAP 46,LAP 46
0 days 02:32:52.710000,1,2,LAP 46,LAP 46
0 days 02:32:56.694000,1,3,LAP 46,LAP 46
0 days 02:32:57.257000,1,4,LAP 46,LAP 46
0 days 02:32:57.554000,1,5,LAP 46,LAP 46
0 days 02:33:06.091000,1,5,+10.245,+5.268
0 days 02:33:08.069000,1,5,+10.003,+4.921
0 days 02:33:15.144000,1,5,+9.144,+4.298
0 days 02:33:18.964000,1,5,+8.152,+3.478
0 days 02:33:23.012000,1,5,+7.122,+2.788
0 days 02:33:27.601000,1,5,+6.191,+1.957
0 days 02:33:33.468000,1,4,+6.191,+1.957
0 days 02:33:33.507000,1,5,+6.191,+1.957
0 days 02:33:33.547000,1,5,+6.048,+1.957
0 days 02:33:37.544000,1,4,+6.048,+1.957
0 days 02:33:37.630000,1,4,+6.928,+2.460
0 days 02:33:39.957000,1,4,+7.091,+2.024
0 days 02:33:44.983000,1,4,+7.862,+1.499
0 days 02:33:50.383000,1,4,+9.742,+0.892
0 days 02:33:59.101000,1,4,+14.431,+1.129
0 days 02:34:06.364000,1,4,+16.268,+1.813
0 days 02:34:11.501000,1,4,+12.301,+1.781
0 days 02:34:18.026000,1,4,+12.629,+1.171
0 days 02:34:23.716000,1,4,+13.047,+0.776
0 days 02:34:33.246000,1,4,+14.056,+1.149
0 days 02:34:41.569000,1,4,+15.352,+0.466
0 days 02:34:47.244000,1,4,+16.152,+0.406
0 days 02:34:56.694000,1,4,+15.810,+0.624
0 days 02:34:59.714000,1,4,+15.829,+0.624
0 days 02:35:06.854000,1,2,+15.829,+0.624
0 days 02:35:06.882000,1,2,+15.923,+15.923
0 days 02:35:10.101000,1,2,+16.363,+16.363
0 days 02:35:12.310000,1,2,+16.451,+16.451
0 days 02:35:19.763000,1,2,+14.967,+14.967
0 days 02:35:24.094000,1,2,+14.815,+14.815
0 days 02:35:28.400000,1,2,+14.833,+14.833
0 days 02:35:33.084000,1,2,+14.495,+14.495
0 days 02:35:39.187000,1,2,+14.523,+14.523
0 days 02:35:43.027000,1,2,+14.671,+14.671
0 days 02:35:45.442000,1,2,+13.183,+13.183
0 days 02:35:50.531000,1,2,+11.134,+11.134
0 days 02:35:54.669000,1,2,+10.183,+10.183
0 days 02:35:59.261000,1,2,+10.348,+10.348
0 days 02:36:03.964000,1,2,+7.929,+7.929
0 days 02:36:08.784000,1,2,+6.551,+6.551
0 days 02:36:15.487000,1,2,+5.593,+5.593
0 days 02:36:20.713000,1,2,+1.960,+1.960
0 days 02:36:30.196000,1,2,+1.661,+1.661
0 days 02:36:38.049000,1,2,+0.742,+0.742
0 days 02:36:44.470000,1,2,+0.745,+0.745
0 days 02:36:55.503000,1,2,+0.909,+0.909
0 days 02:36:59.116000,1,2,+0.790,+0.790
0 days 02:37:09.314000,1,2,+1.334,+1.334
0 days 02:37:14.418000,1,2,+1.486,+1.486
0 days 02:37:16.855000,1,2,+1.003,+1.003
0 days 02:37:27.846000,1,2,+1.264,+1.264
0 days 02:37:34.265000,1,2,+1.870,+1.870
0 days 02:37:39.215000,1,2,+1.298,+1.298
0 days 02:37:44.631000,1,2,+1.285,+1.285
0 days 02:37:52.164000,1,2,+0.807,+0.807
0 days 02:37:57.561000,1,2,+0.782,+0.782
0 days 02:38:00.585000,1,2,+0.571,+0.571
0 days 02:38:07.461000,1,2,+0.898,+0.898
0 days 02:38:13.655000,1,2,+1.231,+1.231
0 days 02:38:21.452000,1,2,+1.292,+1.292
0 days 02:38:27.549000,1,2,+1.365,+1.365
0 days 02:38:32.906000,1,2,+0.779,+0.779
0 days 02:38:40.471000,1,2,+1.493,+1.493
0 days 02:38:48.015000,1,2,+1.671,+1.671
0 days 02:38:57.364000,1,2,+1.013,+1.013
0 days 02:39:05.565000,1,2,+0.975,+0.975
0 days 02:39:11.616000,1,2,+0.770,+0.770
0 days 02:39:21.346000,1,2,+0.951,+0.951
0 days 02:39:25.116000,1,2,+1.014,+1.014
0 days 02:39:34.114000,1,2,+1.247,+1.247
0 days 02:39:37.936000,1,2,+1.110,+1.110
0 days 02:39:40.747000,1,2,+0.917,+0.917
0 days 02:39:50.119000,1,2,+1.361,+1.361
0 days 02:39:57.932000,1,2,+0.899,+0.899
0 days 02:40:03.086000,1,2,+0.770,+0.770
0 days 02:40:08.372000,1,2,+1.088,+1.088
0 days 02:40:15.865000,1,2,+0.565,+0.565
0 days 02:40:21.492000,1,2,+0.544,+0.544
0 days 02:40:26.132000,1,2,+0.436,+0.436
0 days 02:40:33.558000,1,2,+1.323,+1.323
0 days 02:40:40.088000,1,2,+1.194,+1.194
0 days 02:40:46.845000,1,2,+0.825,+0.825
0 days 02:40:52.115000,1,2,+0.892,+0.892
0 days 02:40:58.527000,1,2,+1.317,+1.317
0 days 02:41:04.848000,1,2,+0.726,+0.726
0 days 02:41:12.150000,1,2,+1.000,+1.000
0 days 02:41:21.149000,1,2,+0.733,+0.733
0 days 02:41:29.865000,1,2,+0.764,+0.764
0 days 02:41:35.914000,1,2,+1.370,+1.370
0 days 02:41:44.133000,1,2,+1.003,+1.003
0 days 02:41:47.913000,1,2,+1.173,+1.173
0 days 02:41:56.199000,1,2,+0.937,+0.937
0 days 02:41:59.987000,1,2,+0.722,+0.722
0 days 02:42:02.671000,1,2,+1.131,+1.131
0 days 02:42:11.324000,1,2,+1.484,+1.484
0 days 02:42:16.201000,1,2,+1.333,+1.333
0 days 02:42:20.833000,1,2,+0.744,+0.744
0 days 02:42:26.720000,1,2,+1.426,+1.426
0 days 02:42:34.575000,1,2,+1.294,+1.294
0 days 02:42:39.868000,1,2,+1.107,+1.107
0 days 02:42:43.089000,1,2,+1.576,+1.576
0 days 02:42:48.946000,1,2,+1.155,+1.155
0 days 02:42:53.918000,1,2,+0.614,+0.614
0 days 02:43:01.705000,1,2,+1.279,+1.279
0 days 02:43:06.848000,1,2,+1.276,+1.276
0 days 02:43:12.622000,1,2,+1.191,+1.191
0 days 02:43:18.953000,1,2,+0.698,+0.698
0 days 02:43:25.298000,1,2,+0.504,+0.504
0 days 02:43:42.019000,1,2,+0.551,+0.551
0 days 02:43:49.710000,1,2,+0.318,+0.318
0 days 02:43:54.115000,1,2,+0.642,+0.642
0 days 02:44:01.182000,1,2,+0.706,+0.706
0 days 02:44:03.713000,1,2,+0.705,+0.705
0 days 02:44:10.090000,1,2,+0.638,+0.638
0 days 02:44:12.893000,1,2,+0.652,+0.652
0 days 02:44:14.711000,1,2,+0.781,+0.781
0 days 02:44:20.988000,1,2,+1.150,+1.150
0 days 02:44:24.791000,1,2,+1.147,+1.147
0 days 02:44:28.487000,1,2,+1.185,+1.185
0 days 02:44:32.874000,1,2,+1.182,+1.182
0 days 02:44:38.535000,1,2,+1.251,+1.251
0 days 02:44:41.730000,1,2,+1.220,+1.220
0 days 02:44:43.852000,1,2,+1.190,+1.190
0 days 02:44:48.119000,1,2,+1.296,+1.296
0 days 02:44:51.674000,1,2,+1.214,+1.214
0 days 02:44:55.690000,1,2,+1.177,+1.177
0 days 02:44:59.808000,1,2,+1.141,+1.141
0 days 02:45:03.311000,1,2,+1.102,+1.102
0 days 02:45:07.988000,1,2,+1.314,+1.314
0 days 02:45:12.116000,1,2,+1.381,+1.381
0 days 02:45:18.894000,1,2,+1.547,+1.547
0 days 02:45:25.119000,1,2,+1.626,+1.626
0 days 02:45:28.897000,1,2,+1.525,+1.525
0 days 02:45:35.487000,1,2,+1.413,+1.413
0 days 02:45:37.774000,1,2,+1.376,+1.376
0 days 02:45:43.953000,1,2,+1.304,+1.304
0 days 02:45:46.821000,1,2,+1.311,+1.311
0 days 02:45:48.415000,1,2,+1.381,+1.381
0 days 02:45:54.097000,1,2,+1.465,+1.465
0 days 02:45:57.758000,1,2,+1.416,+1.416
0 days 02:46:01.305000,1,2,+1.524,+1.524
0 days 02:46:05.517000,1,2,+1.563,+1.563
0 days 02:46:10.800000,1,2,+1.484,+1.484
0 days 02:46:13.678000,1,2,+1.427,+1.427
0 days 02:46:15.750000,1,2,+1.397,+1.397
0 days 02:46:19.757000,1,2,+1.329,+1.329
0 days 02:46:23.241000,1,2,+1.320,+1.320
0 days 02:46:27.225000,1,2,+1.299,+1.299
0 days 02:46:31.304000,1,2,+1.256,+1.256
0 days 02:46:34.816000,1,2,+1.209,+1.209
0 days 02:46:39.178000,1,2,+1.127,+1.127
0 days 02:46:43.163000,1,2,+1.140,+1.140
0 days 02:46:49.769000,1,2,+1.316,+1.316
0 days 02:46:55.936000,1,2,+1.412,+1.412
0 days 02:46:59.748000,1,2,+1.538,+1.538
0 days 02:47:06.288000,1,2,+1.588,+1.588
0 days 02:47:08.636000,1,2,+1.603,+1.603
0 days 02:47:14.792000,1,2,+1.681,+1.681
0 days 02:47:17.618000,1,2,+1.703,+1.703
0 days 02:47:19.311000,1,2,+1.774,+1.774
0 days 02:47:24.816000,1,2,+1.729,+1.729
0 days 02:47:28.413000,1,2,+1.660,+1.660
0 days 02:47:32.160000,1,2,+1.697,+1.697
0 days 02:47:36.223000,1,2,+1.659,+1.659
0 days 02:47:41.175000,1,2,+1.563,+1.563
0 days 02:47:43.941000,1,2,+1.462,+1.462
0 days 02:47:45.992000,1,2,+1.412,+1.412
0 days 02:47:49.736000,1,2,+1.339,+1.339
0 days 02:47:53.137000,1,2,+1.301,+1.301
0 days 02:47:57.093000,1,2,+1.276,+1.276
0 days 02:48:01.180000,1,2,+1.229,+1.229
0 days 02:48:04.653000,1,2,+1.194,+1.194
0 days 02:48:08.992000,1,2,+1.197,+1.197
0 days 02:48:12.894000,1,2,+1.180,+1.180
0 days 02:48:19.423000,1,2,+1.209,+1.209
0 days 02:48:25.456000,1,2,+1.314,+1.314
0 days 02:48:29.136000,1,2,+1.380,+1.380
0 days 02:48:35.550000,1,2,+1.350,+1.350
0 days 02:48:37.794000,1,2,+1.326,+1.326
0 days 02:48:43.891000,1,2,+1.353,+1.353
0 days 02:48:48.238000,1,2,+1.431,+1.431
0 days 02:48:53.891000,1,2,+1.547,+1.547
0 days 02:48:57.389000,1,2,+1.526,+1.526
0 days 02:49:00.792000,1,2,+1.483,+1.483
0 days 02:49:04.861000,1,2,+1.497,+1.497
0 days 02:49:09.716000,1,2,+1.301,+1.301
0 days 02:49:12.415000,1,2,+1.211,+1.211
0 days 02:49:14.426000,1,2,+1.176,+1.176
0 days 02:49:18.360000,1,2,+1.122,+1.122
0 days 02:49:21.766000,1,2,+0.744,+0.744
0 days 02:49:25.737000,1,2,+0.640,+0.640
0 days 02:49:29.791000,1,2,+0.570,+0.570
0 days 02:49:33.257000,1,2,+0.508,+0.508
0 days 02:49:37.617000,1,2,+0.680,+0.680
0 days 02:49:41.546000,1,2,+0.672,+0.672
0 days 02:49:48.139000,1,2,+0.783,+0.783
0 days 02:49:54.190000,1,2,+0.782,+0.782
0 days 02:49:57.792000,1,2,+0.777,+0.777
0 days 02:50:04.229000,1,2,+0.861,+0.861
0 days 02:50:06.417000,1,2,+0.825,+0.825
0 days 02:50:12.433000,1,2,+0.696,+0.696
0 days 02:50:15.089000,1,2,+0.562,+0.562
0 days 02:50:16.677000,1,2,+0.635,+0.635
0 days 02:50:22.263000,1,2,+0.776,+0.776
0 days 02:50:25.862000,1,2,+0.696,+0.696
0 days 02:50:29.175000,1,2,+0.745,+0.745
0 days 02:50:33.237000,1,2,+0.765,+0.765
0 days 02:50:38.203000,1,2,+0.768,+0.768
0 days 02:50:40.871000,1,2,+0.660,+0.660
0 days 02:50:42.871000,1,2,+0.599,+0.599
0 days 02:50:46.726000,1,2,+0.651,+0.651
0 days 02:50:50.078000,1,2,+0.662,+0.662
0 days 02:50:54.054000,1,2,+0.624,+0.624
0 days 02:50:57.973000,1,2,+0.455,+0.455
0 days 02:51:01.228000,1,2,+0.219,+0.219
0 days 02:51:05.719000,1,2,+0.500,+0.500
0 days 02:51:09.638000,1,2,+0.527,+0.527
0 days 02:51:15.963000,1,2,+0.604,+0.604
0 days 02:51:22.042000,1,2,+0.620,+0.620
0 days 02:51:25.778000,1,2,+0.729,+0.729
0 days 02:51:32.242000,1,2,+0.780,+0.780
0 days 02:51:34.491000,1,2,+0.757,+0.757
0 days 02:51:40.379000,1,2,+0.621,+0.621
0 days 02:51:42.991000,1,2,+0.476,+0.476
0 days 02:51:44.512000,1,2,+0.549,+0.549
0 days 02:51:50.126000,1,2,+0.780,+0.780
0 days 02:51:53.666000,1,2,+0.697,+0.697
0 days 02:51:57.022000,1,2,+0.696,+0.696
0 days 02:52:00.994000,1,2,+0.851,+0.851
0 days 02:52:05.876000,1,2,+0.816,+0.816
0 days 02:52:08.545000,1,2,+0.705,+0.705
0 days 02:52:10.517000,1,2,+0.657,+0.657
0 days 02:52:14.345000,1,2,+0.695,+0.695
0 days 02:52:17.697000,1,2,+0.671,+0.671
0 days 02:52:21.617000,1,2,+0.652,+0.652
0 days 02:52:25.605000,1,2,+0.520,+0.520
0 days 02:52:28.838000,1,2,+0.290,+0.290
0 days 02:52:33.104000,1,2,+0.458,+0.458
0 days 02:52:36.996000,1,2,+0.619,+0.619
0 days 02:52:43.296000,1,2,+0.607,+0.607
0 days 02:52:49.483000,1,2,+0.741,+0.741
0 days 02:52:53.253000,1,2,+0.837,+0.837
0 days 02:52:59.613000,1,2,+0.903,+0.903
0 days 02:53:01.754000,1,2,+0.924,+0.924
0 days 02:53:07.816000,1,2,+0.895,+0.895
0 days 00:00:04.219000,63,4,,
0 days 01:11:09.249000,63,4,+0.483,+0.422
0 days 01:11:11.583000,63,4,+0.818,+0.517
0 days 01:11:18.625000,63,4,+1.255,+0.591
0 days 01:11:22.567000,63,4,+1.263,+0.522
0 days 01:11:26.685000,63,4,+1.539,+0.502
0 days 01:11:31.588000,63,4,+1.605,+0.284
0 days 01:11:38.242000,63,4,+2.150,+0.479
0 days 01:11:42.429000,63,4,+2.455,+0.698
0 days 01:11:44.899000,63,4,+2.504,+0.772
0 days 01:11:50.227000,63,4,+3.030,+1.021
0 days 01:11:54.151000,63,4,+3.009,+1.038
0 days 01:11:58.386000,63,4,+2.890,+1.008
0 days 01:12:02.540000,63,4,+2.806,+0.989
0 days 01:12:06.025000,63,4,+2.639,+0.962
0 days 01:12:11.242000,63,4,+3.069,+1.074
0 days 01:12:20.205000,63,4,+6.891,+2.165
0 days 01:12:33.489000,63,4,+6.489,+1.641
0 days 01:12:41.999000,63,4,+6.461,+2.677
0 days 01:12:46.867000,63,4,+6.834,+3.039
0 days 01:12:55.047000,63,4,+7.373,+3.611
0 days 01:12:58.084000,63,4,+7.476,+3.776
0 days 01:13:05.220000,63,4,+7.545,+3.837
0 days 01:13:08.241000,63,4,+7.674,+3.633
0 days 01:13:10.709000,63,4,+8.331,+3.991
0 days 01:13:17.614000,63,4,+6.520,+3.230
0 days 01:13:22.935000,63,4,+4.984,+1.227
0 days 01:13:28.887000,63,4,+4.473,+1.502
0 days 01:13:34.202000,63,4,+3.986,+1.379
0 days 01:13:43.121000,63,4,+3.643,+2.107
0 days 01:13:51.705000,63,4,+4.425,+1.908
0 days 01:14:01.172000,63,4,+6.021,+2.778
0 days 01:14:10.904000,63,4,+4.959,+2.589
0 days 01:14:16.827000,63,4,+4.896,+1.551
0 days 01:14:25.310000,63,4,+4.667,+1.517
0 days 01:14:31.680000,63,4,+3.866,+2.099
0 days 01:14:38.303000,63,4,+4.066,+1.322
0 days 01:14:45.315000,63,4,+3.630,+1.902
0 days 01:14:52.789000,63,4,+3.811,+1.675
0 days 01:15:05.727000,63,4,+5.619,+2.194
0 days 01:15:13.827000,63,4,+5.106,+2.792
0 days 01:15:18.608000,63,4,+4.250,+1.799
0 days 01:15:29.193000,63,4,+4.778,+2.068
0 days 01:16:01.042000,63,4,+5.040,+1.509
0 days 01:16:04.028000,63,4,+5.679,+2.182
0 days 01:16:12.343000,63,4,+5.058,+2.478
0 days 01:16:16.771000,63,4,+3.964,+1.562
0 days 01:16:23.428000,63,4,+5.496,+1.741
0 days 01:16:28.544000,63,4,+5.093,+1.880
0 days 01:16:35.413000,63,4,+3.966,+2.216
0 days 01:16:41.601000,63,4,+4.598,+1.770
0 days 01:16:47.302000,63,4,+4.413,+1.261
0 days 01:16:56.605000,63,4,+4.923,+2.231
0 days 01:17:02.316000,63,4,+4.389,+1.907
0 days 01:17:09.344000,63,4,+3.753,+1.239
0 days 01:17:16.528000,63,4,+4.414,+1.270
0 days 01:17:22.470000,63,4,+4.843,+1.757
0 days 01:17:29.546000,63,4,+4.779,+2.407
0 days 01:17:35.644000,63,4,+3.693,+1.078
0 days 01:17:47.241000,63,4,+5.498,+2.219
0 days 01:17:55.290000,63,4,+4.693,+2.510
0 days 01:18:00.061000,63,4,+3.879,+1.328
0 days 01:18:10.190000,63,4,+4.493,+1.949
0 days 01:18:45.025000,63,4,+6.791,+1.355
0 days 01:18:47.849000,63,4,+7.548,+1.799
0 days 01:18:55.823000,63,4,+6.828,+1.835
0 days 01:19:00.010000,63,4,+6.172,+1.801
0 days 01:19:04.890000,63,4,+5.948,+2.455
0 days 01:19:09.773000,63,4,+5.544,+2.634
0 days 01:19:16.304000,63,4,+4.305,+2.753
0 days 01:19:22.063000,63,4,+4.631,+2.763
0 days 01:19:28.291000,63,4,+4.888,+2.074
0 days 01:19:36.432000,63,4,+4.270,+1.622
0 days 01:19:43.065000,63,4,+4.005,+1.448
0 days 01:19:50.319000,63,4,+4.948,+1.965
0 days 01:19:56.423000,63,4,+4.378,+1.858
0 days 01:20:01.745000,63,4,+4.798,+1.402
0 days 01:20:07.871000,63,4,+3.239,+1.607
0 days 01:20:15.488000,63,4,+4.036,+1.106
0 days 01:20:25.347000,63,4,+4.383,+1.254
0 days 01:20:33.847000,63,4,+4.145,+0.942
0 days 01:20:39.262000,63,4,+4.030,+1.514
0 days 01:20:48.822000,63,4,+4.846,+1.695
0 days 01:21:19.330000,63,4,+5.585,+2.874
0 days 01:21:21.711000,63,4,+5.820,+2.776
0 days 01:21:29.443000,63,4,+5.787,+2.811
0 days 01:21:33.723000,63,4,+4.548,+2.701
0 days 01:21:39.451000,63,4,+5.640,+2.869
0 days 01:21:44.273000,63,4,+4.831,+2.447
0 days 01:21:52.076000,63,4,+4.805,+1.451
0 days 01:21:57.400000,63,4,+5.290,+2.075
0 days 01:22:02.502000,63,4,+4.328,+1.289
0 days 01:22:10.673000,63,4,+4.499,+1.973
0 days 01:22:16.531000,63,4,+4.257,+2.314
0 days 01:22:24.767000,63,4,+5.688,+1.732
0 days 01:22:30.907000,63,4,+5.581,+2.311
0 days 01:22:35.173000,63,4,+4.847,+1.074
0 days 01:22:41.906000,63,4,+4.347,+1.564
0 days 01:22:48.892000,63,4,+3.738,+0.874
0 days 01:22:59.745000,63,4,+5.968,+2.623
0 days 01:23:07.192000,63,4,+4.102,+2.162
0 days 01:23:11.893000,63,4,+3.938,+1.667
0 days 01:23:20.331000,63,4,+3.744,+1.545
0 days 01:23:23.363000,63,4,+3.373,+1.649
0 days 01:23:33.974000,63,4,+5.015,+1.889
0 days 01:23:38.732000,63,4,+4.941,+1.853
0 days 01:23:41.876000,63,4,+5.942,+2.626
0 days 01:23:49.331000,63,4,+4.875,+2.864
0 days 01:23:53.794000,63,4,+4.481,+1.213
0 days 01:23:58.995000,63,4,+4.384,+1.543
0 days 01:24:04.035000,63,4,+4.497,+1.841
0 days 01:24:11.865000,63,4,+4.164,+1.442
0 days 01:24:17.159000,63,4,+4.547,+2.148
0 days 01:24:20.952000,63,4,+4.355,+1.531
0 days 01:24:27.470000,63,4,+3.828,+1.556
0 days 01:24:34.226000,63,4,+4.102,+1.205
0 days 01:24:42.220000,63,4,+5.245,+2.160
0 days 01:24:48.900000,63,4,+4.770,+1.862
0 days 01:24:54.976000,63,4,+4.428,+2.036
0 days 01:25:01.048000,63,4,+3.376,+1.324
0 days 01:25:07.381000,63,4,+3.093,+1.308
0 days 01:25:17.708000,63,4,+4.166,+1.790
0 days 01:25:26.397000,63,4,+3.531,+1.587
0 days 01:25:31.408000,63,4,+3.078,+1.214
0 days 01:25:40.754000,63,4,+4.217,+1.882
0 days 01:25:43.941000,63,4,+4.258,+1.814
0 days 01:25:53.533000,63,4,+4.077,+1.501
0 days 01:25:57.318000,63,4,+4.724,+1.796
0 days 01:25:59.111000,63,4,+4.456,+1.790
0 days 01:26:07.794000,63,4,+4.989,+1.752
0 days 01:26:12.648000,63,4,+4.457,+2.021
0 days 01:26:16.973000,63,4,+3.831,+1.978
0 days 01:26:22.048000,63,4,+3.655,+1.377
0 days 01:26:30.446000,63,4,+4.025,+1.057
0 days 01:26:35.625000,63,4,+4.342,+1.927
0 days 01:26:38.479000,63,4,+3.672,+1.413
0 days 01:26:45.297000,63,4,+4.046,+1.455
0 days 01:26:51.024000,63,4,+4.286,+1.509
0 days 01:26:59.011000,63,4,+5.309,+1.499
0 days 01:27:04.018000,63,4,+4.862,+1.652
0 days 01:27:10.350000,63,4,+5.580,+2.162
0 days 01:27:16.268000,63,4,+4.952,+2.395
0 days 01:27:23.796000,63,4,+3.368,+1.171
0 days 01:27:40.025000,63,4,+1.814,+0.640
0 days 01:27:47.467000,63,4,+1.174,+0.550
0 days 01:27:51.622000,63,4,+1.264,+0.471
0 days 01:27:58.969000,63,4,+1.642,+0.576
0 days 01:28:01.597000,63,4,+1.670,+0.610
0 days 01:28:08.223000,63,4,+1.653,+0.616
0 days 01:28:11.092000,63,4,+1.625,+0.598
0 days 01:28:12.850000,63,4,+1.775,+0.629
0 days 01:28:19.111000,63,4,+1.887,+0.708
0 days 01:28:22.949000,63,4,+1.835,+0.687
0 days 01:28:26.861000,63,4,+2.071,+0.721
0 days 01:28:31.517000,63,4,+2.107,+0.720
0 days 01:28:37.399000,63,4,+2.322,+0.886
0 days 01:28:41.067000,63,4,+2.379,+0.992
0 days 01:28:43.385000,63,4,+2.362,+1.020
0 days 01:28:48.219000,63,4,+2.475,+1.033
0 days 01:28:52.028000,63,4,+2.350,+1.119
0 days 01:28:56.161000,63,4,+2.279,+1.188
0 days 01:29:00.250000,63,4,+2.203,+1.228
0 days 01:29:03.734000,63,4,+2.079,+1.246
0 days 01:29:08.620000,63,4,+2.390,+1.345
0 days 01:29:13.086000,63,4,+2.420,+1.166
0 days 01:29:20.029000,63,4,+2.675,+1.107
0 days 01:29:26.384000,63,4,+2.762,+1.171
0 days 01:29:30.334000,63,4,+3.047,+1.312
0 days 01:29:37.266000,63,4,+3.292,+1.342
0 days 01:29:39.674000,63,4,+3.275,+1.289
0 days 01:29:45.974000,63,4,+3.199,+1.189
0 days 01:29:48.823000,63,4,+3.170,+1.185
0 days 01:29:50.495000,63,4,+3.251,+1.209
0 days 01:29:56.472000,63,4,+3.182,+1.236
0 days 01:30:00.269000,63,4,+3.112,+1.213
0 days 01:30:03.975000,63,4,+3.201,+1.155
0 days 01:30:08.377000,63,4,+3.115,+1.157
0 days 01:30:14.010000,63,4,+3.076,+1.175
0 days 01:30:17.523000,63,4,+3.111,+1.222
0 days 01:30:19.734000,63,4,+3.099,+1.185
0 days 01:30:24.435000,63,4,+3.285,+1.261
0 days 01:30:28.035000,63,4,+3.238,+1.317
0 days 01:30:32.135000,63,4,+3.218,+1.332
0 days 01:30:36.223000,63,4,+3.147,+1.291
0 days 01:30:39.653000,63,4,+3.021,+1.231
0 days 01:30:44.335000,63,4,+3.157,+1.150
0 days 01:30:48.770000,63,4,+3.238,+1.188
0 days 01:30:55.635000,63,4,+3.372,+1.159
0 days 01:31:01.752000,63,4,+3.427,+1.279
0 days 01:31:05.530000,63,4,+3.552,+1.377
0 days 01:31:12.341000,63,4,+3.578,+1.578
0 days 01:31:14.638000,63,4,+3.501,+1.527
0 days 01:31:20.867000,63,4,+3.434,+1.484
0 days 01:31:23.670000,63,4,+3.412,+1.491
0 days 01:31:25.328000,63,4,+3.483,+1.520
0 days 01:31:31.037000,63,4,+3.559,+1.518
0 days 01:31:34.751000,63,4,+3.510,+1.481
0 days 01:31:38.367000,63,4,+3.690,+1.488
0 days 01:31:42.721000,63,4,+3.793,+1.495
0 days 01:31:48.398000,63,4,+3.926,+1.667
0 days 01:31:51.875000,63,4,+4.092,+1.758
0 days 01:31:54.013000,63,4,+4.105,+1.762
0 days 01:31:58.521000,63,4,+4.311,+1.828
0 days 01:32:02.070000,63,4,+4.359,+1.911
0 days 01:32:06.110000,63,4,+4.371,+1.947
0 days 01:32:10.228000,63,4,+4.319,+1.937
0 days 01:32:13.727000,63,4,+4.256,+1.929
0 days 01:32:18.358000,63,4,+4.509,+2.028
0 days 01:32:22.561000,63,4,+4.442,+2.043
0 days 01:32:29.265000,63,4,+4.533,+2.075
0 days 01:32:35.641000,63,4,+4.681,+2.124
0 days 01:32:39.277000,63,4,+4.788,+2.286
0 days 01:32:46.036000,63,4,+5.075,+2.490
0 days 01:32:48.327000,63,4,+4.981,+2.439
0 days 01:32:54.458000,63,4,+4.891,+2.399
0 days 01:32:57.297000,63,4,+4.858,+2.404
0 days 01:32:58.921000,63,4,+4.908,+2.376
0 days 01:33:04.613000,63,4,+4.909,+2.358
0 days 01:33:08.271000,63,4,+4.862,+2.368
0 days 01:33:11.997000,63,4,+5.039,+2.452
0 days 01:33:16.394000,63,4,+5.088,+2.585
0 days 01:33:21.946000,63,4,+5.198,+2.731
0 days 01:33:25.235000,63,4,+5.238,+2.863
0 days 01:33:27.436000,63,4,+5.224,+2.880
0 days 01:33:31.758000,63,4,+5.332,+2.999
0 days 01:33:35.422000,63,4,+5.354,+3.119
0 days 01:33:39.497000,63,4,+5.361,+3.187
0 days 01:33:43.613000,63,4,+5.319,+3.214
0 days 01:33:47.037000,63,4,+5.240,+3.216
0 days 01:33:51.752000,63,4,+5.523,+3.378
0 days 01:33:55.911000,63,4,+5.526,+3.352
0 days 01:34:02.612000,63,4,+5.662,+3.437
0 days 01:34:08.897000,63,4,+5.782,+3.503
0 days 01:34:12.595000,63,4,+5.891,+3.693
0 days 01:34:19.337000,63,4,+6.270,+3.930
0 days 01:34:21.629000,63,4,+6.110,+3.838
0 days 01:34:27.800000,63,4,+6.049,+3.787
0 days 01:34:30.610000,63,4,+6.005,+3.773
0 days 01:34:32.221000,63,4,+6.091,+3.771
0 days 01:34:37.937000,63,4,+5.967,+3.956
0 days 01:34:41.661000,63,4,+5.902,+4.005
0 days 01:34:45.314000,63,4,+6.059,+4.028
0 days 01:34:49.655000,63,4,+6.022,+4.068
0 days 01:34:55.325000,63,4,+6.278,+4.262
0 days 01:34:58.584000,63,4,+6.302,+4.387
0 days 01:35:00.738000,63,4,+6.285,+4.397
0 days 01:35:05.182000,63,4,+6.440,+4.553
0 days 01:35:08.754000,63,4,+6.516,+4.653
0 days 01:35:12.774000,63,4,+6.540,+4.710
0 days 01:35:16.899000,63,4,+6.484,+4.808
0 days 01:35:20.346000,63,4,+6.399,+4.985
0 days 01:35:24.900000,63,4,+6.682,+5.068
0 days 01:35:29.085000,63,4,+6.686,+5.012
0 days 01:35:35.798000,63,4,+6.875,+5.151
0 days 01:35:41.955000,63,4,+6.985,+5.094
0 days 01:35:45.626000,63,4,+7.074,+5.262
0 days 01:35:52.213000,63,4,+7.344,+5.326
0 days 01:35:54.377000,63,4,+7.170,+5.264
0 days 01:36:00.629000,63,4,+7.074,+5.300
0 days 01:36:03.401000,63,4,+7.032,+5.406
0 days 01:36:04.985000,63,4,+7.032,+5.383
0 days 01:36:10.721000,63,4,+7.103,+5.283
0 days 01:36:14.393000,63,4,+7.100,+5.328
0 days 01:36:18.138000,63,4,+7.234,+5.384
0 days 01:36:22.416000,63,4,+7.158,+5.407
0 days 01:36:27.991000,63,4,+7.317,+5.505
0 days 01:36:31.224000,63,4,+7.481,+5.693
0 days 01:36:33.432000,63,4,+7.522,+5.763
0 days 01:36:37.679000,63,4,+7.631,+5.759
0 days 01:36:41.278000,63,4,+7.654,+5.802
0 days 01:36:45.308000,63,4,+7.675,+5.860
0 days 01:36:49.438000,63,4,+7.639,+5.995
0 days 01:36:52.907000,63,4,+7.596,+6.202
0 days 01:36:57.391000,63,4,+7.776,+6.116
0 days 01:37:01.527000,63,4,+7.782,+6.011
0 days 01:37:08.215000,63,4,+7.943,+6.163
0 days 01:37:14.339000,63,4,+7.979,+6.057
0 days 01:37:18.030000,63,4,+8.011,+6.197
0 days 01:37:24.574000,63,4,+8.305,+6.375
0 days 01:37:26.900000,63,4,+8.192,+6.271
0 days 01:37:32.982000,63,4,+8.120,+6.287
0 days 01:37:35.801000,63,4,+8.082,+6.397
0 days 01:37:37.339000,63,4,+8.092,+6.353
0 days 01:37:42.927000,63,4,+8.064,+6.398
0 days 01:37:46.657000,63,4,+8.059,+6.486
0 days 01:37:50.241000,63,4,+8.194,+6.481
0 days 01:37:54.524000,63,4,+8.186,+6.418
0 days 01:38:00.015000,63,4,+8.393,+6.524
0 days 01:38:03.277000,63,4,+8.576,+6.693
0 days 01:38:05.439000,63,4,+8.619,+6.738
0 days 01:38:09.714000,63,4,+8.826,+6.846
0 days 01:38:13.340000,63,4,+8.868,+6.915
0 days 01:38:17.316000,63,4,+8.891,+6.958
0 days 01:38:21.402000,63,4,+8.827,+7.045
0 days 01:38:24.856000,63,4,+8.734,+7.201
0 days 01:38:29.356000,63,4,+8.910,+7.332
0 days 01:38:33.424000,63,4,+8.801,+7.339
0 days 01:38:40.057000,63,4,+8.883,+7.443
0 days 01:38:46.160000,63,4,+8.868,+7.345
0 days 01:38:49.824000,63,4,+8.959,+7.458
0 days 01:38:56.400000,63,4,+9.249,+7.635
0 days 01:38:58.557000,63,4,+9.168,+7.478
0 days 01:39:04.817000,63,4,+9.181,+7.588
0 days 01:39:07.640000,63,4,+9.157,+7.749
0 days 01:39:09.248000,63,4,+9.203,+7.763
0 days 01:39:14.831000,63,4,+9.181,+7.703
0 days 01:39:18.534000,63,4,+9.175,+7.749
0 days 01:39:22.182000,63,4,+9.293,+7.863
0 days 01:39:26.405000,63,4,+9.318,+7.804
0 days 01:39:31.831000,63,4,+9.494,+7.803
0 days 01:39:34.998000,63,4,+9.634,+7.901
0 days 01:39:37.115000,63,4,+9.665,+7.932
0 days 01:39:41.300000,63,4,+9.797,+8.032
0 days 01:39:44.862000,63,4,+9.850,+8.115
0 days 01:39:48.940000,63,4,+9.893,+8.200
0 days 01:39:53.041000,63,4,+9.837,+8.347
0 days 01:39:56.504000,63,4,+9.768,+8.566
0 days 01:40:01.086000,63,4,+10.151,+8.781
0 days 01:40:05.370000,63,4,+10.270,+8.896
0 days 01:40:11.937000,63,4,+10.312,+9.082
0 days 01:40:18.107000,63,4,+10.415,+8.891
0 days 01:40:21.807000,63,4,+10.589,+9.071
0 days 01:40:28.303000,63,4,+11.004,+9.221
0 days 01:40:30.472000,63,4,+10.901,+9.055
0 days 01:40:36.703000,63,4,+10.840,+9.130
0 days 01:40:39.503000,63,4,+10.790,+9.264
0 days 01:40:41.092000,63,4,+10.821,+9.237
0 days 01:40:46.713000,63,4,+10.926,+9.223
0 days 01:40:50.366000,63,4,+10.957,+9.288
0 days 01:40:53.961000,63,4,+11.050,+9.455
0 days 01:40:58.233000,63,4,+11.184,+9.365
0 days 01:41:03.718000,63,4,+11.418,+9.422
0 days 01:41:06.914000,63,4,+11.563,+9.667
0 days 01:41:09.133000,63,4,+11.604,+9.746
0 days 01:41:13.388000,63,4,+11.803,+9.949
0 days 01:41:16.933000,63,4,+11.865,+10.018
0 days 01:41:20.970000,63,4,+11.923,+10.084
0 days 01:41:25.087000,63,4,+11.873,+10.215
0 days 01:41:28.505000,63,4,+11.809,+10.403
0 days 01:41:33.180000,63,4,+12.273,+10.520
0 days 01:41:37.308000,63,4,+12.312,+10.554
0 days 01:41:43.914000,63,4,+12.409,+10.620
0 days 01:41:50.001000,63,4,+12.516,+10.416
0 days 01:41:53.673000,63,4,+12.617,+10.474
0 days 01:42:00.084000,63,4,+12.796,+10.264
0 days 01:42:02.334000,63,4,+12.662,+10.090
0 days 01:42:08.426000,63,4,+12.627,+10.147
0 days 01:42:11.237000,63,4,+12.601,+10.274
0 days 01:42:12.846000,63,4,+12.644,+10.278
0 days 01:42:18.306000,63,4,+12.611,+10.145
0 days 01:42:22.018000,63,4,+12.610,+10.192
0 days 01:42:25.702000,63,4,+12.842,+10.424
0 days 01:42:29.890000,63,4,+12.834,+10.195
0 days 01:42:35.341000,63,4,+12.961,+10.161
0 days 01:42:38.406000,63,4,+13.047,+10.303
0 days 01:42:40.590000,63,4,+13.067,+10.338
0 days 01:42:44.743000,63,4,+13.233,+10.375
0 days 01:42:48.264000,63,4,+13.300,+10.448
0 days 01:42:52.303000,63,4,+13.353,+10.518
0 days 01:42:56.405000,63,4,+13.302,+10.660
0 days 01:42:59.890000,63,4,+13.254,+10.855
0 days 01:43:04.403000,63,4,+13.697,+10.986
0 days 01:43:08.563000,63,4,+13.684,+11.096
0 days 01:43:15.231000,63,4,+13.741,+11.732
0 days 01:43:21.381000,63,4,+13.777,+9.504
0 days 01:43:25.131000,63,4,+13.905,+9.445
0 days 01:43:31.584000,63,4,+14.172,+9.454
0 days 01:43:33.801000,63,4,+13.996,+9.275
0 days 01:43:40.056000,63,4,+13.960,+9.065
0 days 01:43:42.845000,63,4,+13.929,+9.023
0 days 01:43:44.487000,63,4,+14.047,+9.065
0 days 01:43:50.106000,63,4,+14.193,+9.107
0 days 01:43:53.805000,63,4,+14.232,+9.133
0 days 01:43:57.445000,63,4,+14.298,+9.167
0 days 01:44:01.717000,63,4,+14.417,+9.099
0 days 01:44:07.036000,63,4,+14.465,+8.974
0 days 01:44:10.134000,63,4,+14.609,+9.031
0 days 01:44:12.258000,63,4,+14.622,+9.043
0 days 01:44:16.365000,63,4,+14.760,+9.126
0 days 01:44:19.903000,63,4,+14.830,+9.169
0 days 01:44:23.903000,63,4,+14.874,+9.196
0 days 01:44:28.020000,63,4,+14.834,+9.206
0 days 01:44:31.435000,63,4,+14.783,+9.226
0 days 01:44:36.003000,63,4,+15.016,+9.319
0 days 01:44:40.137000,63,4,+14.984,+8.714
0 days 01:44:46.711000,63,4,+15.068,+8.665
0 days 01:44:52.860000,63,4,+15.116,+8.523
0 days 01:44:56.644000,63,4,+15.378,+8.683
0 days 01:45:03.370000,63,4,+15.703,+8.764
0 days 01:45:05.604000,63,4,+15.585,+8.717
0 days 01:45:11.759000,63,4,+15.554,+8.636
0 days 01:45:14.582000,63,4,+15.522,+8.609
0 days 01:45:16.206000,63,4,+15.608,+8.624
0 days 01:45:21.860000,63,4,+15.803,+8.713
0 days 01:45:25.659000,63,4,+15.832,+8.738
0 days 01:45:29.277000,63,4,+16.015,+8.832
0 days 01:45:33.584000,63,4,+16.135,+8.794
0 days 01:45:39.104000,63,4,+16.279,+8.773
0 days 01:45:42.289000,63,4,+16.497,+8.951
0 days 01:45:44.382000,63,4,+16.542,+8.999
0 days 01:45:48.531000,63,4,+16.694,+9.157
0 days 01:45:52.034000,63,4,+16.744,+9.187
0 days 01:45:56.099000,63,4,+16.792,+9.211
0 days 01:46:00.139000,63,4,+16.736,+9.183
0 days 01:46:03.556000,63,4,+16.684,+9.138
0 days 01:46:08.227000,63,4,+16.996,+9.304
0 days 01:46:12.394000,63,4,+16.867,+9.104
0 days 01:46:19.022000,63,4,+16.955,+9.095
0 days 01:46:25.222000,63,4,+17.031,+8.991
0 days 01:46:28.921000,63,4,+17.183,+8.921
0 days 01:46:35.535000,63,4,+17.320,+8.969
0 days 01:46:37.777000,63,4,+17.204,+8.933
0 days 01:46:43.959000,63,4,+17.192,+8.886
0 days 01:46:46.849000,63,4,+17.176,+8.869
0 days 01:46:48.378000,63,4,+17.284,+8.859
0 days 01:46:53.907000,63,4,+17.007,+8.842
0 days 01:46:57.712000,63,4,+16.929,+8.856
0 days 01:47:01.119000,63,4,+16.907,+8.850
0 days 01:47:05.386000,63,4,+16.946,+8.800
0 days 01:47:10.793000,63,4,+17.014,+8.721
0 days 01:47:13.929000,63,4,+17.116,+8.892
0 days 01:47:16.103000,63,4,+17.135,+8.948
0 days 01:47:20.231000,63,4,+17.260,+9.128
0 days 01:47:23.832000,63,4,+17.309,+9.152
0 days 01:47:27.778000,63,4,+17.353,+9.169
0 days 01:47:31.836000,63,4,+17.286,+9.135
0 days 01:47:35.267000,63,4,+17.235,+9.092
0 days 01:47:39.749000,63,4,+17.446,+9.231
0 days 01:47:43.844000,63,4,+17.448,+9.107
0 days 01:47:50.405000,63,4,+17.494,+8.955
0 days 01:47:56.606000,63,4,+17.602,+8.859
0 days 01:48:00.444000,63,4,+17.801,+8.911
0 days 01:48:06.902000,63,4,+17.881,+8.907
0 days 01:48:09.060000,63,4,+17.804,+8.813
0 days 01:48:15.267000,63,4,+17.797,+8.603
0 days 01:48:18.095000,63,4,+17.765,+8.567
0 days 01:48:19.705000,63,4,+17.874,+8.568
0 days 01:48:25.303000,63,4,+18.015,+8.594
0 days 01:48:28.937000,63,4,+18.040,+8.614
0 days 01:48:32.545000,63,4,+18.162,+8.594
0 days 01:48:36.859000,63,4,+18.339,+8.614
0 days 01:48:42.265000,63,4,+18.292,+8.617
0 days 01:48:45.306000,63,4,+18.400,+8.740
0 days 01:48:47.419000,63,4,+18.411,+8.778
0 days 01:48:51.473000,63,4,+18.496,+8.911
0 days 01:48:54.969000,63,4,+18.537,+8.950
0 days 01:48:58.972000,63,4,+18.576,+8.975
0 days 01:49:03.083000,63,4,+18.520,+8.949
0 days 01:49:06.489000,63,4,+18.475,+8.910
0 days 01:49:10.936000,63,4,+18.742,+9.009
0 days 01:49:15.023000,63,4,+18.607,+8.877
0 days 01:49:21.621000,63,4,+18.656,+8.805
0 days 01:49:27.763000,63,4,+18.554,+8.665
0 days 01:49:31.374000,63,4,+18.643,+8.645
0 days 01:49:38.061000,63,4,+18.849,+8.792
0 days 01:49:40.284000,63,4,+18.712,+8.712
0 days 01:49:46.382000,63,4,+18.690,+8.553
0 days 01:49:49.227000,63,4,+18.665,+8.529
0 days 01:49:50.831000,63,4,+18.748,+8.568
0 days 01:49:56.496000,63,4,+18.950,+8.615
0 days 01:50:00.145000,63,4,+18.949,+8.614
0 days 01:50:03.588000,63,4,+18.894,+8.527
0 days 01:50:07.910000,63,4,+19.026,+8.551
0 days 01:50:13.392000,63,4,+19.140,+8.546
0 days 01:50:16.500000,63,4,+19.276,+8.623
0 days 01:50:18.623000,63,4,+19.300,+8.606
0 days 01:50:22.746000,63,4,+19.447,+8.753
0 days 01:50:26.284000,63,4,+19.537,+8.785
0 days 01:50:30.276000,63,4,+19.579,+8.802
0 days 01:50:34.340000,63,4,+19.529,+8.791
0 days 01:50:37.811000,63,4,+19.487,+8.782
0 days 01:50:42.293000,63,4,+19.702,+8.942
0 days 01:50:46.404000,63,4,+19.532,+8.854
0 days 01:50:52.951000,63,4,+19.496,+8.746
0 days 01:50:59.046000,63,4,+19.397,+8.719
0 days 01:51:02.662000,63,4,+19.522,+8.824
0 days 01:51:09.173000,63,4,+19.650,+8.892
0 days 01:51:11.400000,63,4,+19.490,+8.748
0 days 01:51:17.449000,63,4,+19.419,+8.542
0 days 01:51:20.239000,63,4,+19.394,+8.508
0 days 01:51:21.784000,63,4,+19.478,+8.496
0 days 01:51:27.335000,63,4,+19.528,+8.619
0 days 01:51:30.991000,63,4,+19.510,+8.654
0 days 01:51:34.559000,63,4,+19.648,+8.724
0 days 01:51:38.909000,63,4,+19.764,+8.770
0 days 01:51:44.333000,63,4,+19.801,+8.750
0 days 01:51:47.367000,63,4,+19.905,+8.807
0 days 01:51:49.504000,63,4,+19.927,+8.818
0 days 01:51:53.619000,63,4,+20.104,+9.013
0 days 01:51:57.146000,63,4,+20.170,+9.033
0 days 01:52:01.221000,63,4,+20.220,+9.056
0 days 01:52:05.206000,63,4,+20.167,+9.027
0 days 01:52:08.659000,63,4,+20.123,+9.008
0 days 01:52:13.082000,63,4,+20.296,+9.138
0 days 01:52:17.146000,63,4,+20.232,+8.991
0 days 01:52:23.709000,63,4,+20.334,+8.910
0 days 01:52:29.866000,63,4,+20.221,+8.857
0 days 01:52:33.392000,63,4,+20.380,+8.932
0 days 01:52:40.042000,63,4,+20.613,+9.129
0 days 01:52:42.231000,63,4,+20.535,+8.987
0 days 01:52:48.410000,63,4,+20.472,+8.831
0 days 01:52:51.214000,63,4,+20.457,+8.796
0 days 01:52:52.820000,63,4,+20.548,+8.806
0 days 01:52:58.189000,63,4,+20.594,+8.717
0 days 01:53:01.795000,63,4,+20.591,+8.709
0 days 01:53:05.322000,63,4,+20.657,+8.719
0 days 01:53:09.611000,63,4,+20.684,+8.707
0 days 01:53:15.038000,63,4,+20.708,+8.645
0 days 01:53:18.049000,63,4,+20.768,+8.617
0 days 01:53:20.189000,63,4,+20.783,+8.616
0 days 01:53:24.275000,63,4,+21.026,+8.785
0 days 01:53:27.786000,63,4,+21.114,+8.756
0 days 01:53:31.782000,63,4,+21.155,+8.759
0 days 01:53:35.860000,63,4,+21.113,+8.737
0 days 01:53:39.356000,63,4,+21.079,+8.722
0 days 01:53:43.811000,63,4,+21.357,+8.918
0 days 01:53:47.924000,63,4,+21.307,+8.899
0 days 01:53:54.483000,63,4,+21.340,+8.873
0 days 01:54:00.600000,63,4,+21.394,+8.727
0 days 01:54:04.210000,63,4,+21.500,+8.738
0 days 01:54:10.800000,63,4,+21.621,+8.845
0 days 01:54:12.962000,63,4,+21.557,+8.700
0 days 01:54:19.190000,63,4,+21.458,+8.526
0 days 01:54:21.905000,63,4,+21.430,+8.485
0 days 01:54:23.494000,63,4,+21.421,+8.464
0 days 01:54:28.808000,63,4,+21.348,+8.360
0 days 01:54:32.384000,63,4,+21.306,+8.329
0 days 01:54:35.921000,63,4,+21.265,+8.290
0 days 01:54:40.142000,63,4,+21.318,+8.213
0 days 01:54:45.661000,63,4,+21.424,+8.203
0 days 01:54:48.710000,63,4,+21.530,+8.259
0 days 01:54:50.808000,63,4,+21.554,+8.270
0 days 01:54:54.861000,63,4,+21.724,+8.359
0 days 01:54:58.382000,63,4,+21.792,+8.387
0 days 01:55:02.395000,63,4,+21.844,+8.416
0 days 01:55:06.448000,63,4,+21.807,+8.403
0 days 01:55:09.909000,63,4,+21.767,+8.374
0 days 01:55:14.249000,63,4,+21.950,+8.469
0 days 01:55:18.286000,63,4,+21.897,+8.344
0 days 01:55:24.861000,63,4,+21.948,+8.256
0 days 01:55:31.011000,63,4,+22.108,+8.210
0 days 01:55:34.562000,63,4,+22.166,+8.265
0 days 01:55:41.222000,63,4,+22.418,+8.461
0 days 01:55:43.521000,63,4,+22.405,+8.372
0 days 01:55:49.552000,63,4,+22.345,+8.169
0 days 01:55:52.368000,63,4,+22.327,+8.131
0 days 01:55:53.948000,63,4,+22.409,+8.184
0 days 01:55:59.380000,63,4,+22.557,+8.180
0 days 01:56:02.985000,63,4,+22.554,+8.147
0 days 01:56:06.498000,63,4,+22.525,+8.076
0 days 01:56:10.762000,63,4,+22.610,+8.049
0 days 01:56:16.175000,63,4,+22.672,+7.993
0 days 01:56:19.148000,63,4,+22.706,+8.015
0 days 01:56:21.267000,63,4,+22.707,+8.011
0 days 01:56:25.337000,63,4,+22.885,+8.089
0 days 01:56:28.850000,63,4,+22.954,+8.080
0 days 01:56:32.815000,63,4,+23.009,+8.101
0 days 01:56:36.887000,63,4,+22.962,+8.088
0 days 01:56:40.314000,63,4,+22.917,+8.066
0 days 01:56:44.685000,63,4,+23.091,+8.208
0 days 01:56:48.703000,63,4,+22.973,+8.102
0 days 01:56:55.228000,63,4,+23.066,+8.012
0 days 01:57:01.330000,63,4,+23.071,+8.011
0 days 01:57:04.892000,63,4,+23.228,+8.118
0 days 01:57:11.385000,63,4,+23.457,+8.264
0 days 01:57:13.622000,63,4,+23.398,+8.178
0 days 01:57:19.662000,63,4,+23.296,+7.987
0 days 01:57:22.470000,63,4,+23.278,+7.948
0 days 01:57:24.034000,63,4,+23.382,+7.975
0 days 01:57:29.427000,63,4,+23.273,+7.895
0 days 01:57:32.980000,63,4,+23.219,+7.873
0 days 01:57:36.510000,63,4,+23.238,+7.908
0 days 01:57:40.846000,63,4,+23.248,+7.923
0 days 01:57:46.071000,63,4,+23.250,+7.807
0 days 01:57:49.070000,63,4,+23.347,+7.856
0 days 01:57:51.197000,63,4,+23.380,+7.874
0 days 01:57:55.211000,63,4,+23.512,+7.948
0 days 01:57:58.663000,63,4,+23.560,+7.930
0 days 01:58:02.641000,63,4,+23.601,+7.942
0 days 01:58:06.792000,63,4,+23.572,+7.919
0 days 01:58:10.132000,63,4,+23.543,+7.906
0 days 01:58:14.541000,63,4,+23.727,+8.057
0 days 01:58:18.494000,63,4,+23.764,+8.045
0 days 01:58:24.951000,63,4,+23.763,+7.939
0 days 01:58:31.177000,63,4,+23.738,+7.972
0 days 01:58:34.684000,63,4,+23.908,+8.140
0 days 01:58:41.251000,63,4,+24.103,+8.392
0 days 01:58:43.413000,63,4,+23.989,+8.276
0 days 01:58:49.542000,63,4,+23.909,+8.119
0 days 01:58:52.328000,63,4,+23.900,+8.084
0 days 01:58:53.908000,63,4,+23.929,+8.110
0 days 01:58:59.166000,63,4,+23.883,+8.066
0 days 01:59:02.768000,63,4,+23.875,+8.056
0 days 01:59:06.268000,63,4,+23.897,+8.057
0 days 01:59:10.513000,63,4,+23.852,+8.019
0 days 01:59:15.924000,63,4,+23.899,+7.964
0 days 01:59:18.884000,63,4,+23.966,+7.995
0 days 01:59:20.950000,63,4,+23.983,+8.016
0 days 01:59:24.914000,63,4,+24.105,+8.057
0 days 01:59:28.324000,63,4,+24.037,+8.003
0 days 01:59:32.296000,63,4,+24.042,+8.008
0 days 01:59:36.342000,63,4,+24.022,+8.007
0 days 01:59:39.802000,63,4,+24.027,+8.010
0 days 01:59:44.235000,63,4,+24.288,+8.253
0 days 01:59:48.229000,63,4,+24.291,+8.179
0 days 01:59:54.852000,63,4,+24.377,+8.202
0 days 02:00:00.863000,63,4,+24.321,+8.196
0 days 02:00:04.395000,63,4,+24.521,+8.324
0 days 02:00:11.084000,63,4,+24.688,+8.566
0 days 02:00:13.151000,63,4,+24.580,+8.545
0 days 02:00:19.273000,63,4,+24.508,+8.404
0 days 02:00:22.024000,63,4,+24.494,+8.365
0 days 02:00:23.567000,63,4,+24.509,+8.370
0 days 02:00:28.794000,63,4,+24.544,+8.301
0 days 02:00:32.351000,63,4,+24.570,+8.287
0 days 02:00:35.865000,63,4,+24.683,+8.342
0 days 02:00:40.051000,63,4,+24.722,+8.303
0 days 02:00:45.544000,63,4,+24.756,+8.290
0 days 02:00:48.518000,63,4,+24.857,+8.389
0 days 02:00:50.493000,63,4,+24.884,+8.424
0 days 02:00:54.514000,63,4,+24.895,+8.444
0 days 02:00:57.901000,63,4,+24.859,+8.442
0 days 02:01:01.901000,63,4,+24.904,+8.473
0 days 02:01:05.951000,63,4,+25.009,+8.465
0 days 02:01:09.386000,63,4,+25.175,+8.470
0 days 02:01:13.778000,63,4,+25.427,+8.625
0 days 02:01:17.869000,63,4,+25.511,+8.718
0 days 02:01:24.339000,63,4,+25.653,+8.743
0 days 02:01:30.461000,63,4,+25.669,+8.750
0 days 02:01:33.939000,63,4,+25.879,+8.902
0 days 02:01:40.351000,63,4,+25.827,+9.022
0 days 02:01:42.513000,63,4,+25.629,+8.869
0 days 02:01:48.744000,63,4,+25.639,+8.849
0 days 02:01:51.527000,63,4,+25.658,+8.834
0 days 02:01:53.079000,63,4,+25.729,+8.904
0 days 02:01:58.356000,63,4,+25.653,+9.033
0 days 02:02:02.012000,63,4,+25.632,+9.062
0 days 02:02:05.487000,63,4,+25.671,+9.147
0 days 02:02:09.712000,63,4,+25.722,+9.243
0 days 02:02:15.095000,63,4,+25.814,+9.338
0 days 02:02:18.090000,63,4,+25.940,+9.426
0 days 02:02:20.141000,63,4,+25.953,+9.452
0 days 02:02:24.067000,63,4,+26.087,+9.570
0 days 02:02:27.513000,63,4,+26.147,+9.603
0 days 02:02:31.537000,63,4,+26.188,+9.649
0 days 02:02:35.587000,63,4,+26.181,+9.665
0 days 02:02:39.084000,63,4,+26.176,+9.679
0 days 02:02:43.337000,63,4,+26.444,+9.808
0 days 02:02:47.295000,63,4,+26.529,+9.838
0 days 02:02:53.852000,63,4,+26.676,+9.938
0 days 02:03:00.017000,63,4,+26.861,+10.047
0 days 02:03:03.543000,63,4,+27.106,+10.224
0 days 02:03:10.065000,63,4,+27.287,+10.478
0 days 02:03:12.367000,63,4,+27.390,+10.460
0 days 02:03:18.503000,63,4,+27.396,+10.401
0 days 02:03:21.310000,63,4,+27.393,+10.377
0 days 02:03:23.028000,63,4,+27.504,+10.450
0 days 02:03:28.182000,63,4,+27.625,+10.641
0 days 02:03:31.795000,63,4,+27.637,+10.666
0 days 02:03:35.232000,63,4,+27.696,+10.694
0 days 02:03:39.383000,63,4,+27.618,+10.774
0 days 02:03:44.729000,63,4,+27.621,+10.719
0 days 02:03:47.666000,63,4,+27.763,+10.800
0 days 02:03:49.794000,63,4,+27.812,+10.834
0 days 02:03:53.738000,63,4,+27.917,+10.933
0 days 02:03:57.320000,63,4,+27.974,+10.998
0 days 02:04:01.168000,63,4,+28.008,+11.031
0 days 02:04:05.255000,63,4,+27.972,+11.006
0 days 02:04:08.696000,63,4,+27.951,+10.975
0 days 02:04:13.010000,63,4,+28.195,+11.023
0 days 02:04:16.926000,63,4,+28.281,+11.084
0 days 02:04:23.392000,63,4,+28.406,+11.115
0 days 02:04:29.467000,63,4,+28.431,+11.080
0 days 02:04:32.804000,63,4,+28.634,+11.164
0 days 02:04:39.214000,63,4,+28.748,+11.305
0 days 02:04:41.382000,63,4,+28.726,+11.289
0 days 02:04:47.566000,63,4,+28.742,+11.315
0 days 02:04:50.368000,63,4,+28.757,+11.309
0 days 02:04:51.884000,63,4,+28.848,+11.361
0 days 02:04:57.133000,63,4,+28.908,+11.551
0 days 02:05:00.744000,63,4,+28.931,+11.578
0 days 02:05:04.298000,63,4,+29.081,+11.671
0 days 02:05:08.410000,63,4,+29.097,+11.829
0 days 02:05:13.796000,63,4,+29.252,+11.868
0 days 02:05:16.697000,63,4,+29.230,+11.891
0 days 02:05:18.746000,63,4,+29.215,+11.903
0 days 02:05:22.692000,63,4,+29.273,+11.969
0 days 02:05:26.153000,63,4,+29.322,+11.944
0 days 02:05:30.129000,63,4,+29.367,+11.962
0 days 02:05:34.230000,63,4,+29.386,+11.951
0 days 02:05:37.701000,63,4,+29.416,+11.933
0 days 02:05:42.014000,63,4,+29.666,+12.063
0 days 02:05:46.149000,63,4,+29.794,+12.093
0 days 02:05:52.580000,63,4,+29.919,+12.091
0 days 02:05:58.514000,63,4,+29.904,+12.099
0 days 02:06:01.968000,63,4,+30.099,+12.213
0 days 02:06:08.381000,63,4,+30.308,+12.437
0 days 02:06:10.719000,63,4,+30.279,+12.501
0 days 02:06:16.914000,63,4,+30.303,+12.468
0 days 02:06:19.747000,63,4,+30.330,+12.447
0 days 02:06:21.294000,63,4,+30.415,+12.544
0 days 02:06:26.631000,63,4,+30.352,+12.770
0 days 02:06:30.264000,63,4,+30.375,+12.811
0 days 02:06:33.847000,63,4,+30.531,+12.932
0 days 02:06:37.987000,63,4,+30.653,+13.095
0 days 02:06:43.485000,63,4,+30.953,+13.406
0 days 02:06:46.570000,63,4,+31.147,+13.615
0 days 02:06:48.683000,63,4,+31.175,+13.630
0 days 02:06:52.783000,63,4,+31.356,+13.799
0 days 02:06:56.315000,63,4,+31.464,+13.858
0 days 02:07:00.329000,63,4,+31.530,+13.915
0 days 02:07:04.396000,63,4,+31.524,+13.919
0 days 02:07:07.847000,63,4,+31.529,+13.934
0 days 02:07:12.198000,63,4,+31.880,+14.197
0 days 02:07:16.287000,63,4,+32.114,+14.348
0 days 02:07:22.914000,63,4,+32.444,+14.502
0 days 02:07:28.920000,63,4,+32.257,+14.468
0 days 02:07:32.739000,63,4,+32.763,+14.752
0 days 02:07:38.969000,63,4,+33.146,+14.888
0 days 02:07:41.333000,63,4,+33.301,+15.033
0 days 02:07:47.529000,63,4,+33.361,+14.975
0 days 02:07:50.974000,63,4,+34.070,+15.650
0 days 02:07:54.593000,63,4,+36.365,+17.888
0 days 02:08:01.887000,63,4,+38.525,+20.020
0 days 02:08:06.033000,63,4,+39.140,+20.601
0 days 02:08:11.614000,63,4,+41.334,+22.574
0 days 02:08:16.596000,63,4,+42.362,+21.905
0 days 02:08:23.056000,63,4,+43.475,+19.160
0 days 02:08:27.232000,63,4,+44.647,+19.139
0 days 02:08:29.856000,63,4,+45.134,+19.230
0 days 02:08:36.240000,63,4,+47.551,+19.134
0 days 02:08:42.943000,63,4,+47.333,+18.621
0 days 02:08:49.912000,63,4,+48.802,+18.400
0 days 02:08:54.724000,63,4,+47.767,+18.275
0 days 02:08:58.455000,63,4,+45.299,+18.190
0 days 02:09:03.855000,63,4,+45.778,+18.707
0 days 02:09:08.772000,63,4,+45.916,+19.066
0 days 02:09:17.874000,63,4,+45.575,+20.035
0 days 02:09:25.847000,63,4,+45.641,+21.555
0 days 02:09:30.576000,63,4,+45.767,+22.383
0 days 02:09:38.182000,63,4,+45.753,+21.432
0 days 02:10:10.606000,63,4,+46.846,+22.431
0 days 02:10:13.278000,63,4,+47.226,+22.725
0 days 02:10:22.789000,63,4,+48.271,+23.356
0 days 02:10:27.601000,63,4,+48.920,+23.879
0 days 02:10:32.916000,63,4,+50.085,+25.025
0 days 02:10:37.900000,63,4,+49.168,+25.311
0 days 02:10:44.916000,63,4,+48.719,+24.516
0 days 02:10:49.108000,63,4,+49.050,+24.131
0 days 02:10:51.592000,63,4,+49.053,+24.064
0 days 02:10:58.332000,63,4,+50.078,+25.527
0 days 02:11:05.673000,63,4,+49.265,+25.736
0 days 02:11:13.676000,63,4,+49.305,+27.135
0 days 02:11:18.455000,63,4,+48.184,+27.285
0 days 02:11:21.999000,63,4,+46.582,+27.081
0 days 02:11:26.870000,63,4,+46.825,+26.846
0 days 02:11:31.427000,63,4,+47.200,+26.789
0 days 02:11:40.315000,63,4,+49.415,+25.523
0 days 02:11:47.615000,63,4,+50.765,+24.710
0 days 02:11:52.219000,63,4,+49.410,+25.004
0 days 02:11:59.394000,63,4,+48.576,+23.991
0 days 02:12:02.289000,63,4,+48.933,+23.800
0 days 02:12:08.980000,63,4,+49.139,+23.368
0 days 02:12:11.823000,63,4,+45.734,+23.084
0 days 02:12:13.631000,63,4,+45.530,+23.093
0 days 02:12:19.757000,63,4,+45.119,+23.521
0 days 02:12:23.557000,63,4,+42.401,+23.536
0 days 02:12:27.600000,63,4,+42.362,+23.886
0 days 02:12:31.957000,63,4,+42.578,+24.221
0 days 02:12:37.551000,63,4,+40.213,+24.514
0 days 02:12:41.393000,63,4,+38.621,+24.921
0 days 02:12:43.557000,63,4,+37.204,+24.946
0 days 02:12:48.360000,63,4,+35.877,+25.506
0 days 02:12:55.642000,63,4,+34.686,+25.122
0 days 02:13:03.619000,63,4,+34.749,+27.066
0 days 02:13:08.532000,63,4,+32.893,+24.920
0 days 02:13:12.143000,63,4,+30.706,+23.370
0 days 02:13:16.704000,63,4,+29.402,+21.231
0 days 02:13:21.032000,63,4,+26.698,+20.836
0 days 02:13:27.757000,63,4,+24.671,+17.609
0 days 02:13:34.018000,63,4,+22.850,+16.317
0 days 02:13:37.945000,63,4,+21.521,+14.588
0 days 02:13:45.351000,63,4,+20.976,+13.986
0 days 02:13:47.750000,63,4,+20.101,+13.896
0 days 02:13:53.871000,63,4,+17.162,+11.940
0 days 02:13:56.674000,63,4,+16.387,+9.936
0 days 02:13:58.321000,63,4,+16.148,+8.717
0 days 02:14:03.886000,63,4,+13.668,+7.357
0 days 02:14:07.516000,63,4,+12.305,+6.483
0 days 02:14:11.767000,63,4,+11.682,+4.556
0 days 02:14:16.907000,63,4,+12.034,+4.441
0 days 02:14:22.449000,63,4,+10.282,+4.547
0 days 02:14:25.958000,63,4,+8.359,+2.347
0 days 02:14:29.653000,63,4,+8.863,+1.990
0 days 02:14:38.644000,63,4,+8.559,+1.830
0 days 02:14:51.188000,63,4,+9.687,+1.752
0 days 02:14:59.402000,63,4,+9.497,+0.836
0 days 02:15:05.446000,63,4,+8.755,+1.981
0 days 02:15:10.661000,63,4,+8.353,+2.076
0 days 02:15:20.916000,63,4,+8.411,+1.451
0 days 02:15:31.193000,63,4,+8.870,+1.201
0 days 02:15:45.598000,63,4,+8.637,+2.090
0 days 02:15:53.694000,63,4,+7.506,+1.529
0 days 02:15:59.811000,63,4,+7.416,+1.243
0 days 02:16:09.951000,63,4,+8.952,+2.173
0 days 02:16:12.659000,63,4,+8.025,+2.239
0 days 02:16:26.185000,63,4,+12.561,+1.403
0 days 02:16:29.559000,63,4,+11.901,+1.207
0 days 02:16:31.479000,63,4,+11.218,+1.452
0 days 02:16:37.611000,63,4,+9.744,+1.918
0 days 02:16:41.575000,63,4,+8.451,+2.135
0 days 02:16:46.691000,63,4,+8.990,+2.093
0 days 02:16:51.133000,63,4,+8.524,+1.748
0 days 02:16:57.366000,63,4,+7.299,+2.323
0 days 02:17:02.159000,63,4,+7.535,+2.114
0 days 02:17:05.650000,63,4,+6.801,+1.488
0 days 02:17:15.577000,63,4,+7.524,+1.093
0 days 02:17:26.801000,63,4,+8.475,+1.134
0 days 02:17:35.962000,63,4,+7.929,+1.577
0 days 02:17:41.521000,63,4,+6.758,+1.164
0 days 02:17:47.520000,63,4,+7.329,+1.523
0 days 02:17:54.593000,63,4,+8.280,+1.260
0 days 02:18:00.745000,63,4,+7.967,+1.250
0 days 02:18:11.421000,63,4,+9.439,+1.700
0 days 02:18:18.005000,63,4,+8.155,+1.371
0 days 02:18:22.922000,63,4,+7.426,+1.373
0 days 02:18:30.853000,63,4,+7.849,+1.395
0 days 02:18:33.292000,63,4,+6.544,+1.417
0 days 02:18:44.534000,63,4,+9.813,+1.765
0 days 02:18:47.545000,63,4,+8.369,+1.528
0 days 02:18:49.721000,63,4,+8.578,+1.521
0 days 02:18:56.022000,63,4,+7.256,+1.850
0 days 02:19:00.552000,63,4,+7.142,+1.584
0 days 02:19:06.607000,63,4,+8.525,+1.651
0 days 02:19:11.034000,63,4,+7.953,+1.681
0 days 02:19:17.761000,63,4,+7.312,+1.489
0 days 02:19:23.076000,63,4,+7.999,+1.725
0 days 02:19:26.181000,63,4,+7.782,+1.811
0 days 02:19:35.753000,63,4,+8.408,+1.622
0 days 02:19:43.153000,63,4,+8.306,+1.912
0 days 02:19:50.746000,63,4,+8.414,+1.605
0 days 02:19:56.256000,63,4,+8.130,+1.798
0 days 02:20:02.480000,63,4,+9.502,+1.249
0 days 02:20:08.109000,63,4,+8.452,+1.938
0 days 02:20:12.861000,63,4,+7.153,+1.274
0 days 02:20:25.621000,63,4,+10.518,+2.105
0 days 02:20:32.555000,63,4,+9.264,+2.256
0 days 02:20:36.397000,63,4,+8.013,+2.650
0 days 02:20:43.496000,63,4,+7.217,+1.732
0 days 02:20:45.934000,63,4,+6.408,+1.550
0 days 02:20:57.319000,63,4,+8.903,+1.835
0 days 02:21:00.288000,63,4,+8.697,+1.591
0 days 02:21:02.161000,63,4,+7.849,+1.772
0 days 02:21:08.875000,63,4,+7.124,+1.843
0 days 02:21:13.693000,63,4,+6.653,+1.496
0 days 02:21:20.521000,63,4,+9.082,+1.091
0 days 02:21:24.942000,63,4,+8.868,+1.472
0 days 02:21:30.878000,63,4,+6.476,+2.118
0 days 02:21:36.204000,63,4,+4.774,+1.927
0 days 02:21:39.798000,63,4,+4.160,+1.855
0 days 02:21:47.363000,63,4,+4.690,+1.812
0 days 02:21:53.350000,63,4,+2.909,+1.519
0 days 02:22:01.048000,63,4,+3.609,+1.621
0 days 02:22:08.009000,63,4,+3.815,+1.702
0 days 02:22:14.105000,63,4,+4.665,+1.858
0 days 02:22:20.044000,63,4,+3.994,+2.373
0 days 02:22:24.877000,63,4,+2.359,+0.464
0 days 02:22:35.157000,63,4,+3.825,+2.076
0 days 02:22:42.299000,63,4,+3.438,+1.358
0 days 02:22:47.493000,63,4,+3.394,+1.082
0 days 02:22:55.251000,63,4,+3.204,+1.578
0 days 02:22:58.211000,63,4,+2.773,+1.309
0 days 02:23:08.676000,63,4,+4.934,+1.705
0 days 02:23:12.923000,63,4,+5.099,+1.868
0 days 02:23:15.188000,63,4,+5.207,+2.382
0 days 02:23:23.693000,63,4,+5.959,+1.383
0 days 02:23:28.015000,63,4,+4.993,+1.281
0 days 02:23:32.824000,63,4,+5.341,+1.720
0 days 02:23:37.293000,63,4,+4.699,+1.791
0 days 02:23:43.838000,63,4,+4.137,+1.549
0 days 02:23:48.954000,63,4,+4.203,+2.003
0 days 02:23:52.687000,63,4,+4.586,+1.500
0 days 02:23:58.525000,63,4,+3.843,+1.325
0 days 02:24:03.463000,63,4,+3.712,+1.043
0 days 02:24:09.824000,63,4,+3.404,+1.143
0 days 02:24:15.163000,63,4,+3.107,+1.449
0 days 02:24:21.949000,63,4,+4.374,+1.407
0 days 02:24:27.587000,63,4,+3.057,+1.545
0 days 02:24:35.189000,63,4,+2.209,+0.980
0 days 02:24:54.392000,63,4,+2.182,+0.924
0 days 02:25:01.831000,63,4,+1.329,+0.555
0 days 02:25:05.565000,63,4,+1.695,+0.655
0 days 02:25:11.897000,63,4,+2.034,+0.805
0 days 02:25:13.908000,63,4,+2.115,+0.848
0 days 02:25:19.864000,63,4,+2.211,+0.915
0 days 02:25:22.652000,63,4,+2.181,+0.912
0 days 02:25:24.195000,63,4,+2.320,+0.889
0 days 02:25:29.430000,63,4,+2.481,+1.076
0 days 02:25:32.882000,63,4,+2.485,+1.126
0 days 02:25:36.363000,63,4,+2.659,+1.160
0 days 02:25:40.249000,63,4,+2.797,+1.212
0 days 02:25:45.130000,63,4,+2.881,+1.309
0 days 02:25:48.094000,63,4,+2.857,+1.279
0 days 02:25:50.151000,63,4,+2.821,+1.246
0 days 02:25:54.160000,63,4,+2.872,+1.189
0 days 02:25:57.593000,63,4,+2.911,+1.162
0 days 02:26:01.537000,63,4,+2.916,+1.178
0 days 02:26:05.610000,63,4,+2.841,+1.188
0 days 02:26:09.026000,63,4,+2.759,+1.187
0 days 02:26:13.291000,63,4,+3.013,+1.216
0 days 02:26:17.110000,63,4,+3.212,+1.209
0 days 02:26:23.652000,63,4,+3.565,+1.296
0 days 02:26:29.155000,63,4,+3.860,+1.302
0 days 02:26:32.437000,63,4,+4.055,+1.436
0 days 02:26:38.243000,63,4,+4.391,+1.634
0 days 02:26:40.237000,63,4,+4.525,+1.753
0 days 02:26:46.107000,63,4,+4.653,+1.837
0 days 02:26:48.864000,63,4,+4.620,+1.815
0 days 02:26:50.464000,63,4,+4.760,+1.874
0 days 02:26:55.271000,63,4,+5.063,+2.040
0 days 02:26:58.689000,63,4,+5.085,+2.065
0 days 02:27:02.039000,63,4,+5.193,+2.088
0 days 02:27:05.781000,63,4,+5.424,+2.162
0 days 02:27:10.468000,63,4,+5.580,+2.319
0 days 02:27:13.346000,63,4,+5.624,+2.424
0 days 02:27:15.365000,63,4,+5.617,+2.466
0 days 02:27:19.098000,63,4,+5.723,+2.454
0 days 02:27:22.438000,63,4,+5.758,+2.438
0 days 02:27:26.372000,63,4,+5.768,+2.439
0 days 02:27:30.466000,63,4,+5.721,+2.465
0 days 02:27:33.953000,63,4,+5.693,+2.510
0 days 02:27:38.153000,63,4,+5.974,+2.528
0 days 02:27:41.958000,63,4,+6.173,+2.602
0 days 02:27:48.465000,63,4,+6.528,+2.842
0 days 02:27:54.120000,63,4,+6.871,+2.988
0 days 02:27:57.552000,63,4,+7.165,+3.307
0 days 02:28:03.413000,63,4,+7.394,+3.574
0 days 02:28:05.310000,63,4,+7.498,+3.723
0 days 02:28:11.153000,63,4,+7.551,+3.821
0 days 02:28:13.900000,63,4,+7.532,+3.780
0 days 02:28:15.526000,63,4,+7.614,+3.820
0 days 02:28:20.207000,63,4,+7.738,+3.948
0 days 02:28:23.755000,63,4,+7.757,+3.965
0 days 02:28:27.158000,63,4,+7.896,+4.051
0 days 02:28:30.866000,63,4,+7.943,+4.144
0 days 02:28:35.628000,63,4,+8.220,+4.421
0 days 02:28:38.502000,63,4,+8.370,+4.651
0 days 02:28:40.550000,63,4,+8.398,+4.731
0 days 02:28:44.266000,63,4,+8.437,+4.729
0 days 02:28:47.622000,63,4,+8.448,+4.724
0 days 02:28:51.531000,63,4,+8.453,+4.743
0 days 02:28:55.640000,63,4,+8.399,+4.862
0 days 02:28:59.141000,63,4,+8.397,+5.138
0 days 02:29:03.366000,63,4,+8.197,+5.122
0 days 02:29:07.262000,63,4,+8.149,+5.177
0 days 02:29:13.845000,63,4,+8.211,+5.450
0 days 02:29:19.797000,63,4,+5.521,+6.696
0 days 02:29:24.044000,63,2,+5.521,+6.696
0 days 02:29:24.127000,63,2,+5.713,+5.713
0 days 02:29:25.012000,63,3,+5.713,+5.713
0 days 02:29:31.191000,63,3,+6.251,+5.672
0 days 02:29:40.568000,63,4,+6.251,+5.672
0 days 02:29:42.961000,63,5,+6.251,+5.672
0 days 02:29:43.668000,63,6,+6.251,+5.672
0 days 02:29:49.059000,63,7,+6.251,+5.672
0 days 02:29:53.731000,63,8,+6.251,+5.672
0 days 02:30:04.090000,63,8,+27.214,+7.602
0 days 02:30:06.036000,63,8,+27.498,+8.202
0 days 02:30:12.844000,63,8,+29.212,+7.852
0 days 02:30:16.539000,63,8,+29.394,+7.722
0 days 02:30:20.168000,63,8,+29.467,+7.791
0 days 02:30:24.235000,63,8,+29.828,+7.968
0 days 02:30:29.599000,63,8,+30.498,+8.345
0 days 02:30:32.627000,63,8,+30.819,+8.607
0 days 02:30:34.825000,63,8,+30.927,+8.684
0 days 02:30:38.700000,63,8,+30.988,+8.703
0 days 02:30:42.112000,63,8,+30.997,+8.646
0 days 02:30:46.090000,63,8,+31.023,+8.645
0 days 02:30:50.203000,63,8,+31.009,+8.661
0 days 02:30:53.761000,63,8,+31.053,+8.753
0 days 02:30:58.120000,63,8,+30.936,+8.955
0 days 02:31:01.987000,63,8,+30.767,+8.992
0 days 02:31:08.666000,63,8,+30.169,+9.103
0 days 02:31:14.867000,63,8,+29.409,+9.043
0 days 02:31:18.746000,63,8,+28.596,+9.416
0 days 02:31:25.498000,63,8,+27.905,+3.544
0 days 02:31:27.688000,63,8,+27.470,+3.002
0 days 02:31:33.758000,63,8,+26.726,+2.169
0 days 02:31:36.452000,63,8,+26.645,+2.069
0 days 02:31:38.003000,63,8,+26.533,+1.977
0 days 02:31:43.643000,63,8,+26.740,+1.304
0 days 02:31:47.320000,63,8,+26.793,+1.193
0 days 02:31:50.893000,63,8,+26.909,+1.189
0 days 02:31:54.968000,63,8,+27.099,+1.034
0 days 02:32:00.184000,63,8,+27.416,+1.113
0 days 02:32:03.103000,63,8,+27.462,+1.183
0 days 02:32:05.249000,63,8,+27.493,+1.197
0 days 02:32:09.195000,63,8,+27.350,+1.300
0 days 02:32:12.583000,63,8,+27.322,+1.307
0 days 02:32:16.585000,63,8,+27.325,+1.289
0 days 02:32:20.683000,63,8,+27.260,+1.185
0 days 02:32:24.136000,63,8,+27.199,+1.084
0 days 02:32:28.698000,63,8,+26.937,+1.101
0 days 02:32:32.782000,63,8,+26.757,+1.082
0 days 02:32:39.811000,63,8,+26.394,+0.661
0 days 02:32:46.317000,63,7,+26.394,+0.661
0 days 02:32:46.387000,63,7,+25.539,+9.314
0 days 02:32:50.481000,63,7,+24.491,+9.294
0 days 02:32:57.225000,63,7,+15.274,+9.146
0 days 02:32:59.538000,63,7,+14.433,+9.146
0 days 02:33:05.613000,63,6,+14.433,+9.146
0 days 02:33:05.613000,63,6,+12.892,+5.990
0 days 02:33:08.343000,63,6,+12.510,+2.265
0 days 02:33:09.995000,63,6,+12.031,+2.028
0 days 02:33:16.131000,63,6,+9.906,+0.762
0 days 02:33:19.682000,63,6,+8.826,+0.674
0 days 02:33:23.552000,63,6,+7.679,+0.557
0 days 02:33:28.087000,63,6,+6.710,+0.519
0 days 02:33:34.260000,63,6,+6.714,+0.666
0 days 02:33:38.456000,63,5,+6.714,+0.666
0 days 02:33:38.529000,63,5,+7.713,+0.785
0 days 02:33:40.759000,63,5,+7.874,+0.783
0 days 02:33:45.562000,63,5,+8.467,+0.605
0 days 02:33:52.100000,63,5,+11.457,+1.715
0 days 02:34:00.069000,63,5,+15.391,+0.960
0 days 02:34:07.084000,63,5,+16.999,+0.731
0 days 02:34:12.007000,63,5,+12.839,+0.538
0 days 02:34:19.063000,63,5,+13.705,+1.076
0 days 02:34:25.243000,63,5,+14.565,+1.518
0 days 02:34:35.029000,63,5,+15.880,+1.824
0 days 02:34:43.112000,63,5,+16.864,+1.512
0 days 02:34:48.621000,63,5,+17.584,+1.432
0 days 02:34:58.806000,63,5,+17.940,+2.130
0 days 02:35:01.557000,63,5,+17.666,+1.837
0 days 02:35:08.029000,63,3,+17.666,+1.837
0 days 02:35:08.029000,63,3,+17.139,+1.216
0 days 02:35:12.231000,63,3,+18.496,+2.133
0 days 02:35:15.294000,63,3,+19.400,+2.949
0 days 02:35:23.688000,63,3,+18.943,+3.976
0 days 02:35:28.030000,63,3,+18.707,+3.892
0 days 02:35:32.130000,63,3,+18.561,+3.728
0 days 02:35:36.627000,63,3,+18.062,+3.567
0 days 02:35:42.287000,63,3,+17.626,+3.103
0 days 02:35:45.873000,63,3,+17.402,+2.731
0 days 02:35:48.015000,63,3,+15.821,+2.638
0 days 02:35:52.730000,63,3,+13.367,+2.233
0 days 02:35:56.686000,63,3,+12.245,+2.062
0 days 02:36:01.214000,63,3,+12.313,+1.965
0 days 02:36:05.731000,63,3,+9.653,+1.724
0 days 02:36:11.742000,63,3,+9.517,+2.966
0 days 02:36:18.252000,63,3,+8.241,+2.648
0 days 02:36:23.027000,63,3,+4.252,+2.292
0 days 02:36:33.255000,63,3,+4.736,+3.075
0 days 02:36:41.293000,63,3,+3.902,+3.160
0 days 02:36:46.570000,63,3,+2.809,+2.064
0 days 02:36:58.241000,63,3,+3.674,+2.765
0 days 02:37:01.301000,63,3,+3.003,+2.213
0 days 02:37:11.203000,63,3,+3.273,+1.939
0 days 02:37:16.499000,63,3,+3.473,+1.987
0 days 02:37:19.673000,63,3,+3.816,+2.813
0 days 02:37:30.255000,63,3,+3.663,+2.399
0 days 02:37:36.220000,63,3,+3.777,+1.907
0 days 02:37:41.728000,63,3,+3.826,+2.528
0 days 02:37:46.971000,63,3,+3.674,+2.389
0 days 02:37:54.205000,63,3,+2.916,+2.109
0 days 02:37:59.696000,63,3,+2.906,+2.124
0 days 02:38:02.610000,63,3,+2.547,+1.976
0 days 02:38:09.370000,63,3,+2.807,+1.909
0 days 02:38:15.071000,63,3,+2.620,+1.389
0 days 02:38:22.503000,63,3,+2.266,+0.974
0 days 02:38:29.091000,63,3,+2.876,+1.511
0 days 02:38:34.364000,63,3,+2.198,+1.419
0 days 02:38:42.365000,63,3,+3.422,+1.929
0 days 02:38:49.197000,63,3,+2.865,+1.194
0 days 02:39:00.104000,63,3,+3.786,+2.773
0 days 02:39:08.034000,63,3,+3.462,+2.487
0 days 02:39:12.962000,63,3,+2.127,+1.357
0 days 02:39:23.285000,63,3,+2.905,+1.954
0 days 02:39:26.408000,63,3,+2.363,+1.349
0 days 02:39:35.324000,63,3,+2.457,+1.210
0 days 02:39:39.971000,63,3,+3.170,+2.060
0 days 02:39:43.071000,63,3,+3.316,+2.399
0 days 02:39:51.533000,63,3,+2.782,+1.421
0 days 02:40:00.210000,63,3,+3.160,+2.261
0 days 02:40:06.848000,63,3,+4.639,+3.869
0 days 02:40:11.865000,63,3,+4.560,+3.472
0 days 02:40:18.609000,63,3,+3.343,+2.778
0 days 02:40:23.960000,63,3,+3.000,+2.456
0 days 02:40:27.572000,63,3,+1.889,+1.453
0 days 02:40:34.631000,63,3,+2.404,+1.081
0 days 02:40:40.699000,63,3,+1.816,+0.622
0 days 02:40:48.018000,63,3,+2.010,+1.185
0 days 02:40:53.907000,63,3,+2.732,+1.840
0 days 02:40:59.652000,63,3,+2.442,+1.125
0 days 02:41:06.573000,63,3,+2.480,+1.754
0 days 02:41:13.291000,63,3,+2.144,+1.144
0 days 02:41:22.888000,63,3,+2.437,+1.704
0 days 02:41:31.048000,63,3,+1.870,+1.106
0 days 02:41:36.806000,63,3,+2.293,+0.923
0 days 02:41:45.282000,63,3,+2.203,+1.200
0 days 02:41:48.647000,63,3,+1.932,+0.759
0 days 02:41:57.626000,63,3,+2.367,+1.430
0 days 02:42:01.858000,63,3,+2.563,+1.841
0 days 02:42:04.593000,63,3,+3.052,+1.921
0 days 02:42:12.427000,63,3,+2.595,+1.111
0 days 02:42:17.589000,63,3,+2.729,+1.396
0 days 02:42:22.773000,63,3,+2.607,+1.863
0 days 02:42:27.834000,63,3,+2.516,+1.090
0 days 02:42:35.686000,63,3,+2.431,+1.137
0 days 02:42:41.150000,63,3,+2.368,+1.261
0 days 02:42:44.444000,63,3,+2.941,+1.365
0 days 02:42:50.337000,63,3,+2.478,+1.323
0 days 02:42:55.277000,63,3,+1.940,+1.326
0 days 02:43:02.621000,63,3,+2.225,+0.946
0 days 02:43:08.320000,63,3,+2.761,+1.485
0 days 02:43:13.934000,63,3,+2.524,+1.333
0 days 02:43:20.877000,63,3,+2.669,+1.971
0 days 02:43:26.635000,63,3,+1.849,+1.345
0 days 02:43:42.776000,63,3,+1.367,+0.816
0 days 02:43:50.292000,63,3,+0.900,+0.582
0 days 02:43:54.631000,63,3,+1.126,+0.484
0 days 02:44:01.932000,63,3,+1.472,+0.766
0 days 02:44:04.432000,63,3,+1.453,+0.748
0 days 02:44:10.787000,63,3,+1.338,+0.700
0 days 02:44:13.586000,63,3,+1.344,+0.692
0 days 02:44:15.445000,63,3,+1.498,+0.717
0 days 02:44:21.515000,63,3,+1.664,+0.514
0 days 02:44:25.236000,63,3,+1.577,+0.430
0 days 02:44:29.026000,63,3,+1.728,+0.543
0 days 02:44:33.474000,63,3,+1.747,+0.565
0 days 02:44:39.035000,63,3,+1.764,+0.513
0 days 02:44:42.333000,63,3,+1.825,+0.605
0 days 02:44:44.515000,63,3,+1.802,+0.612
0 days 02:44:48.788000,63,3,+1.960,+0.664
0 days 02:44:52.426000,63,3,+1.956,+0.742
0 days 02:44:56.421000,63,3,+1.908,+0.731
0 days 02:45:00.479000,63,3,+1.811,+0.670
0 days 02:45:03.909000,63,3,+1.703,+0.601
0 days 02:45:08.705000,63,3,+2.030,+0.716
0 days 02:45:12.909000,63,3,+2.153,+0.772
0 days 02:45:19.837000,63,3,+2.480,+0.933
0 days 02:45:26.151000,63,3,+2.727,+1.101
0 days 02:45:30.050000,63,3,+2.651,+1.126
0 days 02:45:36.808000,63,3,+2.709,+1.296
0 days 02:45:39.035000,63,3,+2.628,+1.252
0 days 02:45:45.235000,63,3,+2.474,+1.170
0 days 02:45:47.908000,63,3,+2.444,+1.133
0 days 02:45:49.511000,63,3,+2.541,+1.160
0 days 02:45:55.375000,63,3,+2.749,+1.284
0 days 02:45:59.015000,63,3,+2.727,+1.311
0 days 02:46:02.674000,63,3,+2.887,+1.363
0 days 02:46:06.866000,63,3,+2.924,+1.361
0 days 02:46:12.233000,63,3,+2.835,+1.351
0 days 02:46:15.150000,63,3,+2.879,+1.452
0 days 02:46:17.272000,63,3,+2.866,+1.469
0 days 02:46:21.272000,63,3,+2.853,+1.524
0 days 02:46:24.757000,63,3,+2.834,+1.514
0 days 02:46:28.710000,63,3,+2.822,+1.523
0 days 02:46:32.804000,63,3,+2.749,+1.493
0 days 02:46:36.288000,63,3,+2.674,+1.465
0 days 02:46:40.788000,63,3,+2.755,+1.628
0 days 02:46:44.804000,63,3,+2.835,+1.695
0 days 02:46:51.593000,63,3,+3.141,+1.825
0 days 02:46:57.645000,63,3,+3.150,+1.738
0 days 02:47:01.394000,63,3,+3.159,+1.621
0 days 02:47:07.951000,63,3,+3.194,+1.606
0 days 02:47:10.204000,63,3,+3.180,+1.577
0 days 02:47:16.363000,63,3,+3.169,+1.488
0 days 02:47:19.018000,63,3,+3.151,+1.448
0 days 02:47:20.610000,63,3,+3.191,+1.417
0 days 02:47:26.328000,63,3,+3.233,+1.504
0 days 02:47:30.020000,63,3,+3.209,+1.549
0 days 02:47:33.614000,63,3,+3.307,+1.610
0 days 02:47:37.824000,63,3,+3.348,+1.689
0 days 02:47:43.033000,63,3,+3.421,+1.858
0 days 02:47:46.013000,63,3,+3.514,+2.052
0 days 02:47:48.067000,63,3,+3.511,+2.099
0 days 02:47:51.968000,63,3,+3.554,+2.215
0 days 02:47:55.466000,63,3,+3.596,+2.295
0 days 02:47:59.419000,63,3,+3.603,+2.327
0 days 02:48:03.516000,63,3,+3.551,+2.322
0 days 02:48:06.976000,63,3,+3.518,+2.324
0 days 02:48:11.398000,63,3,+3.603,+2.406
0 days 02:48:15.417000,63,3,+3.683,+2.503
0 days 02:48:22.121000,63,3,+3.911,+2.702
0 days 02:48:28.226000,63,3,+4.097,+2.783
0 days 02:48:31.921000,63,3,+4.143,+2.763
0 days 02:48:38.426000,63,3,+4.259,+2.909
0 days 02:48:40.719000,63,3,+4.203,+2.877
0 days 02:48:46.752000,63,3,+4.151,+2.798
0 days 02:48:49.476000,63,3,+4.128,+2.775
0 days 02:48:51.061000,63,3,+4.192,+2.761
0 days 02:48:56.710000,63,3,+4.420,+2.873
0 days 02:49:00.361000,63,3,+4.471,+2.945
0 days 02:49:03.861000,63,3,+4.543,+3.060
0 days 02:49:07.896000,63,3,+4.572,+3.075
0 days 02:49:13.137000,63,3,+4.686,+3.385
0 days 02:49:15.989000,63,3,+4.747,+3.536
0 days 02:49:18.032000,63,3,+4.756,+3.580
0 days 02:49:21.984000,63,3,+4.754,+3.632
0 days 02:49:25.470000,63,3,+4.390,+3.646
0 days 02:49:29.400000,63,3,+4.302,+3.662
0 days 02:49:33.527000,63,3,+4.244,+3.674
0 days 02:49:36.968000,63,3,+4.211,+3.703
0 days 02:49:41.379000,63,3,+4.447,+3.767
0 days 02:49:45.445000,63,3,+4.573,+3.901
0 days 02:49:52.177000,63,3,+4.847,+4.064
0 days 02:49:58.285000,63,3,+4.866,+4.084
0 days 02:50:01.978000,63,3,+4.962,+4.185
0 days 02:50:08.589000,63,3,+5.235,+4.374
0 days 02:50:10.808000,63,3,+5.124,+4.299
0 days 02:50:16.812000,63,3,+5.032,+4.336
0 days 02:50:19.621000,63,3,+5.010,+4.448
0 days 02:50:21.120000,63,3,+5.113,+4.478
0 days 02:50:26.702000,63,3,+5.207,+4.431
0 days 02:50:30.302000,63,3,+5.196,+4.500
0 days 02:50:33.884000,63,3,+5.384,+4.639
0 days 02:50:37.869000,63,3,+5.365,+4.600
0 days 02:50:42.929000,63,3,+5.523,+4.755
0 days 02:50:45.890000,63,3,+5.663,+5.003
0 days 02:50:47.968000,63,3,+5.679,+5.080
0 days 02:50:51.830000,63,3,+5.807,+5.156
0 days 02:50:55.306000,63,3,+5.858,+5.196
0 days 02:50:59.266000,63,3,+5.878,+5.254
0 days 02:51:03.369000,63,3,+5.828,+5.373
0 days 02:51:06.893000,63,3,+5.817,+5.598
0 days 02:51:11.194000,63,3,+5.971,+5.471
0 days 02:51:15.159000,63,3,+6.135,+5.608
0 days 02:51:21.750000,63,3,+6.427,+5.823
0 days 02:51:27.804000,63,3,+6.389,+5.769
0 days 02:51:31.498000,63,3,+6.468,+5.739
0 days 02:51:38.111000,63,3,+6.588,+5.808
0 days 02:51:40.195000,63,3,+6.544,+5.787
0 days 02:51:46.240000,63,3,+6.490,+5.869
0 days 02:51:48.966000,63,3,+6.463,+5.987
0 days 02:51:50.531000,63,3,+6.563,+6.014
0 days 02:51:56.060000,63,3,+6.641,+5.861
0 days 02:51:59.640000,63,3,+6.671,+5.974
0 days 02:52:03.145000,63,3,+6.839,+6.143
0 days 02:52:07.189000,63,3,+7.016,+6.165
0 days 02:52:12.309000,63,3,+7.268,+6.452
0 days 02:52:15.241000,63,3,+7.412,+6.707
0 days 02:52:17.281000,63,3,+7.450,+6.793
0 days 02:52:21.179000,63,3,+7.558,+6.863
0 days 02:52:24.566000,63,3,+7.542,+6.871
0 days 02:52:28.511000,63,3,+7.538,+6.886
0 days 02:52:32.578000,63,3,+7.524,+7.004
0 days 02:52:36.054000,63,3,+7.507,+7.217
0 days 02:52:40.386000,63,3,+7.717,+7.259
0 days 02:52:44.301000,63,3,+7.934,+7.315
0 days 02:52:50.723000,63,3,+8.049,+7.442
0 days 02:52:56.878000,63,3,+8.141,+7.400
0 days 02:53:00.515000,63,3,+8.100,+7.263
0 days 02:53:07.257000,63,3,+8.475,+7.572
0 days 02:53:09.422000,63,3,+8.510,+7.586
0 days 02:53:15.356000,63,3,+8.481,+7.586
0 days 00:00:04.219000,22,5,,
0 days 01:11:09.319000,22,5,+0.568,+0.085
0 days 01:11:12.016000,22,5,+1.008,+0.190
0 days 01:11:18.877000,22,5,+1.576,+0.321
0 days 01:11:22.856000,22,5,+1.533,+0.270
0 days 01:11:27.245000,22,6,+1.533,+0.270
0 days 01:11:27.538000,22,6,+2.407,+0.192
0 days 01:11:32.653000,22,6,+2.688,+0.515
0 days 01:11:39.062000,22,6,+2.989,+0.535
0 days 01:11:43.128000,22,6,+3.078,+0.186
0 days 01:11:45.519000,22,6,+3.133,+0.112
0 days 01:11:51.246000,22,6,+3.942,+0.585
0 days 01:11:55.258000,22,6,+4.046,+0.716
0 days 01:11:59.619000,22,6,+4.085,+0.883
0 days 01:12:03.760000,22,6,+4.027,+0.972
0 days 01:12:07.283000,22,6,+3.893,+1.061
0 days 01:12:12.838000,22,6,+4.679,+1.093
0 days 01:12:24.032000,22,6,+10.723,+1.538
0 days 01:12:38.361000,22,6,+11.334,+3.006
0 days 01:12:46.200000,22,6,+10.733,+2.421
0 days 01:12:51.212000,22,6,+11.274,+2.145
0 days 01:12:59.312000,22,6,+11.707,+0.936
0 days 01:13:02.967000,22,6,+12.376,+1.387
0 days 01:13:11.221000,22,6,+13.556,+2.175
0 days 01:13:14.630000,22,6,+14.039,+2.349
0 days 01:13:16.748000,22,6,+14.332,+2.462
0 days 01:13:23.484000,22,6,+12.420,+2.559
0 days 01:13:27.584000,22,6,+9.562,+2.385
0 days 01:13:32.262000,22,6,+7.941,+1.647
0 days 01:13:38.043000,22,6,+7.791,+1.956
0 days 01:13:46.541000,22,6,+7.142,+2.183
0 days 01:13:55.817000,22,6,+8.538,+1.614
0 days 01:14:04.626000,22,6,+9.495,+1.932
0 days 01:14:15.984000,22,6,+9.999,+1.590
0 days 01:14:22.543000,22,6,+10.601,+2.837
0 days 01:14:29.141000,22,6,+8.514,+2.426
0 days 01:14:35.644000,22,6,+7.798,+2.961
0 days 01:14:41.643000,22,6,+7.373,+1.838
0 days 01:14:48.065000,22,6,+6.374,+1.779
0 days 01:14:56.540000,22,6,+7.539,+1.445
0 days 01:15:08.768000,22,6,+8.604,+1.651
0 days 01:15:17.209000,22,6,+8.496,+1.616
0 days 01:15:22.190000,22,6,+7.846,+1.679
0 days 01:15:32.300000,22,6,+7.944,+1.846
0 days 01:16:06.786000,22,6,+10.846,+3.404
0 days 01:16:09.413000,22,6,+11.078,+3.608
0 days 01:16:17.403000,22,6,+10.127,+2.912
0 days 01:16:21.619000,22,6,+8.780,+2.692
0 days 01:16:26.642000,22,6,+8.723,+2.198
0 days 01:16:31.701000,22,6,+8.296,+2.403
0 days 01:16:38.519000,22,6,+7.047,+2.436
0 days 01:16:44.156000,22,6,+7.135,+1.509
0 days 01:16:49.901000,22,6,+6.972,+1.012
0 days 01:17:00.456000,22,6,+8.747,+0.986
0 days 01:17:05.576000,22,6,+7.622,+1.376
0 days 01:17:12.889000,22,6,+7.227,+1.221
0 days 01:17:19.672000,22,6,+7.549,+1.839
0 days 01:17:25.303000,22,6,+7.689,+1.968
0 days 01:17:31.719000,22,6,+7.018,+1.676
0 days 01:17:38.907000,22,6,+6.950,+1.079
0 days 01:17:49.764000,22,6,+8.112,+1.578
0 days 01:17:58.601000,22,6,+7.972,+1.244
0 days 01:18:03.245000,22,6,+7.032,+1.083
0 days 01:18:12.883000,22,6,+7.195,+1.665
0 days 01:18:49.418000,22,6,+11.238,+3.762
0 days 01:18:52.049000,22,6,+11.646,+3.055
0 days 01:18:59.946000,22,6,+11.043,+1.685
0 days 01:19:04.556000,22,6,+10.758,+1.681
0 days 01:19:08.946000,22,6,+9.990,+1.698
0 days 01:19:13.723000,22,6,+9.486,+1.740
0 days 01:19:20.424000,22,6,+8.363,+1.999
0 days 01:19:26.057000,22,6,+8.655,+2.449
0 days 01:19:32.017000,22,6,+8.597,+1.993
0 days 01:19:40.447000,22,6,+8.269,+1.371
0 days 01:19:45.818000,22,6,+6.761,+1.186
0 days 01:19:56.747000,22,6,+11.359,+3.430
0 days 01:20:02.089000,22,6,+10.013,+3.374
0 days 01:20:05.927000,22,6,+8.985,+3.150
0 days 01:20:11.256000,22,6,+6.560,+2.630
0 days 01:20:19.344000,22,6,+7.899,+1.117
0 days 01:20:29.846000,22,6,+8.880,+2.662
0 days 01:20:37.323000,22,6,+7.667,+2.812
0 days 01:20:42.225000,22,6,+6.940,+1.979
0 days 01:20:52.321000,22,6,+8.351,+2.420
0 days 01:21:24.546000,22,6,+10.784,+3.200
0 days 01:21:26.933000,22,6,+10.956,+3.307
0 days 01:21:34.438000,22,6,+10.718,+3.272
0 days 01:21:38.505000,22,6,+9.268,+3.088
0 days 01:21:42.848000,22,6,+9.038,+2.473
0 days 01:21:47.795000,22,6,+8.358,+2.568
0 days 01:21:55.999000,22,6,+8.687,+1.451
0 days 01:22:01.562000,22,6,+9.416,+1.810
0 days 01:22:06.221000,22,6,+7.978,+1.726
0 days 01:22:14.482000,22,6,+8.320,+1.943
0 days 01:22:20.468000,22,6,+8.153,+2.567
0 days 01:22:30.347000,22,6,+11.280,+3.209
0 days 01:22:36.158000,22,6,+10.829,+3.200
0 days 01:22:40.008000,22,6,+9.652,+2.945
0 days 01:22:45.075000,22,6,+7.643,+2.652
0 days 01:22:51.347000,22,6,+6.215,+1.523
0 days 01:23:02.553000,22,6,+8.742,+1.921
0 days 01:23:10.406000,22,6,+7.292,+2.010
0 days 01:23:15.019000,22,6,+7.136,+1.836
0 days 01:23:22.938000,22,6,+6.366,+1.380
0 days 01:23:25.854000,22,6,+5.864,+1.257
0 days 01:23:38.980000,22,6,+10.019,+2.157
0 days 01:23:42.992000,22,6,+9.078,+2.482
0 days 01:23:45.325000,22,6,+9.385,+2.399
0 days 01:23:52.047000,22,6,+7.695,+2.344
0 days 01:23:56.734000,22,6,+7.433,+2.695
0 days 01:24:01.306000,22,6,+6.758,+1.691
0 days 01:24:06.377000,22,6,+6.830,+1.430
0 days 01:24:14.465000,22,6,+6.674,+1.412
0 days 01:24:20.395000,22,6,+7.801,+1.870
0 days 01:24:23.739000,22,6,+7.137,+1.741
0 days 01:24:30.245000,22,6,+6.513,+1.503
0 days 01:24:36.539000,22,6,+6.394,+1.360
0 days 01:24:46.047000,22,6,+9.045,+2.799
0 days 01:24:53.732000,22,6,+9.595,+3.927
0 days 01:24:57.949000,22,6,+7.390,+2.184
0 days 01:25:03.263000,22,6,+5.538,+1.248
0 days 01:25:10.006000,22,6,+5.705,+1.525
0 days 01:25:20.195000,22,6,+6.567,+1.181
0 days 01:25:29.377000,22,6,+6.482,+1.449
0 days 01:25:34.035000,22,6,+5.654,+1.490
0 days 01:25:44.051000,22,6,+7.533,+2.074
0 days 01:25:46.891000,22,6,+7.258,+2.009
0 days 01:25:58.370000,22,6,+8.977,+2.688
0 days 01:26:01.680000,22,6,+9.208,+2.669
0 days 01:26:03.676000,22,6,+9.005,+2.737
0 days 01:26:10.396000,22,6,+7.531,+2.162
0 days 01:26:15.924000,22,6,+7.762,+2.194
0 days 01:26:20.075000,22,6,+6.898,+1.830
0 days 01:26:24.756000,22,6,+6.330,+1.727
0 days 01:26:32.934000,22,6,+6.591,+0.964
0 days 01:26:39.606000,22,6,+8.436,+1.881
0 days 01:26:42.976000,22,6,+8.220,+2.426
0 days 01:26:48.183000,22,6,+6.919,+2.219
0 days 01:26:54.893000,22,6,+8.045,+1.752
0 days 01:27:02.898000,22,6,+9.196,+2.215
0 days 01:27:07.733000,22,6,+8.590,+2.021
0 days 01:27:13.194000,22,6,+8.402,+1.991
0 days 01:27:19.721000,22,6,+8.374,+2.574
0 days 01:27:26.150000,22,6,+5.777,+1.628
0 days 01:27:41.946000,22,6,+3.730,+0.626
0 days 01:27:49.436000,22,6,+3.160,+0.752
0 days 01:27:53.553000,22,6,+3.185,+0.766
0 days 01:28:00.723000,22,6,+3.352,+0.938
0 days 01:28:03.284000,22,6,+3.335,+0.882
0 days 01:28:09.875000,22,6,+3.320,+0.930
0 days 01:28:12.834000,22,6,+3.332,+0.959
0 days 01:28:14.799000,22,6,+3.635,+1.106
0 days 01:28:20.909000,22,6,+3.658,+1.122
0 days 01:28:24.719000,22,6,+3.572,+1.124
0 days 01:28:28.598000,22,6,+3.833,+1.069
0 days 01:28:33.279000,22,6,+3.924,+1.220
0 days 01:28:39.135000,22,6,+4.021,+1.135
0 days 01:28:42.635000,22,6,+3.910,+0.969
0 days 01:28:44.895000,22,6,+3.877,+0.961
0 days 01:28:49.695000,22,6,+4.005,+0.997
0 days 01:28:53.537000,22,6,+3.877,+0.858
0 days 01:28:57.723000,22,6,+3.854,+0.911
0 days 01:29:01.851000,22,6,+3.804,+0.930
0 days 01:29:05.269000,22,6,+3.662,+0.904
0 days 01:29:10.259000,22,6,+4.042,+1.062
0 days 01:29:14.782000,22,6,+4.100,+1.034
0 days 01:29:21.878000,22,6,+4.513,+1.181
0 days 01:29:28.514000,22,6,+4.901,+1.185
0 days 01:29:32.495000,22,6,+5.164,+1.125
0 days 01:29:39.309000,22,6,+5.297,+1.140
0 days 01:29:41.826000,22,6,+5.405,+1.141
0 days 01:29:48.350000,22,6,+5.506,+1.204
0 days 01:29:51.195000,22,6,+5.486,+1.211
0 days 01:29:52.909000,22,6,+5.676,+1.340
0 days 01:29:58.896000,22,6,+5.610,+1.570
0 days 01:30:02.651000,22,6,+5.501,+1.613
0 days 01:30:06.453000,22,6,+5.666,+1.723
0 days 01:30:11.006000,22,6,+5.675,+1.726
0 days 01:30:16.648000,22,6,+5.699,+1.660
0 days 01:30:20.030000,22,6,+5.595,+1.555
0 days 01:30:22.246000,22,6,+5.599,+1.561
0 days 01:30:26.899000,22,6,+5.850,+1.750
0 days 01:30:30.637000,22,6,+5.835,+1.684
0 days 01:30:34.748000,22,6,+5.826,+1.694
0 days 01:30:38.826000,22,6,+5.776,+1.703
0 days 01:30:42.285000,22,6,+5.652,+1.702
0 days 01:30:47.013000,22,6,+5.805,+1.768
0 days 01:30:51.335000,22,6,+5.821,+1.624
0 days 01:30:58.245000,22,6,+6.014,+1.634
0 days 01:31:04.528000,22,6,+6.208,+1.626
0 days 01:31:08.375000,22,6,+6.388,+1.773
0 days 01:31:15.059000,22,6,+6.270,+1.775
0 days 01:31:17.397000,22,6,+6.284,+1.755
0 days 01:31:23.697000,22,6,+6.277,+1.680
0 days 01:31:26.535000,22,6,+6.262,+1.675
0 days 01:31:28.281000,22,6,+6.460,+1.756
0 days 01:31:34.128000,22,6,+6.645,+1.961
0 days 01:31:37.813000,22,6,+6.629,+2.013
0 days 01:31:41.627000,22,6,+6.949,+2.255
0 days 01:31:46.152000,22,6,+7.207,+2.342
0 days 01:31:51.813000,22,6,+7.276,+2.349
0 days 01:31:55.086000,22,6,+7.355,+2.314
0 days 01:31:57.296000,22,6,+7.408,+2.336
0 days 01:32:01.730000,22,6,+7.599,+2.405
0 days 01:32:05.370000,22,6,+7.663,+2.409
0 days 01:32:09.494000,22,6,+7.685,+2.433
0 days 01:32:13.555000,22,6,+7.642,+2.460
0 days 01:32:17.009000,22,6,+7.560,+2.492
0 days 01:32:21.624000,22,6,+7.767,+2.529
0 days 01:32:25.843000,22,6,+7.699,+2.301
0 days 01:32:32.751000,22,6,+7.930,+2.407
0 days 01:32:38.956000,22,6,+8.121,+2.490
0 days 01:32:42.844000,22,6,+8.340,+2.666
0 days 01:32:49.449000,22,6,+8.505,+2.645
0 days 01:32:51.797000,22,6,+8.555,+2.607
0 days 01:32:58.152000,22,6,+8.580,+2.574
0 days 01:33:00.981000,22,6,+8.553,+2.577
0 days 01:33:02.678000,22,6,+8.712,+2.626
0 days 01:33:08.458000,22,6,+8.816,+2.751
0 days 01:33:12.154000,22,6,+8.745,+2.768
0 days 01:33:15.953000,22,6,+9.034,+2.762
0 days 01:33:20.450000,22,6,+9.164,+2.868
0 days 01:33:25.956000,22,6,+9.176,+2.719
0 days 01:33:29.258000,22,6,+9.222,+2.692
0 days 01:33:31.437000,22,6,+9.219,+2.687
0 days 01:33:35.930000,22,6,+9.462,+2.826
0 days 01:33:39.554000,22,6,+9.465,+2.613
0 days 01:33:43.579000,22,6,+9.460,+2.577
0 days 01:33:47.715000,22,6,+9.417,+2.564
0 days 01:33:51.097000,22,6,+9.330,+2.543
0 days 01:33:55.773000,22,6,+9.619,+2.580
0 days 01:33:59.939000,22,6,+9.574,+2.415
0 days 01:34:06.755000,22,6,+9.776,+2.507
0 days 01:34:13.137000,22,6,+10.013,+2.547
0 days 01:34:16.928000,22,6,+10.191,+2.546
0 days 01:34:23.638000,22,6,+10.528,+2.551
0 days 01:34:25.937000,22,6,+10.529,+2.503
0 days 01:34:32.277000,22,6,+10.527,+2.459
0 days 01:34:35.184000,22,6,+10.502,+2.444
0 days 01:34:36.852000,22,6,+10.684,+2.540
0 days 01:34:42.498000,22,6,+10.526,+2.685
0 days 01:34:46.219000,22,6,+10.432,+2.682
0 days 01:34:49.931000,22,6,+10.693,+2.794
0 days 01:34:54.341000,22,6,+10.692,+2.792
0 days 01:34:59.830000,22,6,+10.762,+2.672
0 days 01:35:03.035000,22,6,+10.722,+2.555
0 days 01:35:05.155000,22,6,+10.706,+2.512
0 days 01:35:09.554000,22,6,+10.935,+2.442
0 days 01:35:13.187000,22,6,+10.967,+2.299
0 days 01:35:17.243000,22,6,+11.000,+2.267
0 days 01:35:21.353000,22,6,+10.943,+2.204
0 days 01:35:24.777000,22,6,+10.834,+2.105
0 days 01:35:29.421000,22,6,+11.170,+2.195
0 days 01:35:33.556000,22,6,+11.160,+2.052
0 days 01:35:40.396000,22,6,+11.430,+2.238
0 days 01:35:46.617000,22,6,+11.652,+2.216
0 days 01:35:50.400000,22,6,+11.845,+2.280
0 days 01:35:56.981000,22,6,+12.113,+2.351
0 days 01:35:59.278000,22,6,+12.050,+2.218
0 days 01:36:05.583000,22,6,+12.022,+2.196
0 days 01:36:08.446000,22,6,+11.994,+2.164
0 days 01:36:10.085000,22,6,+12.123,+2.288
0 days 01:36:15.755000,22,6,+12.057,+2.338
0 days 01:36:19.363000,22,6,+12.011,+2.330
0 days 01:36:23.053000,22,6,+12.209,+2.513
0 days 01:36:27.511000,22,6,+12.221,+2.621
0 days 01:36:32.871000,22,6,+12.225,+2.423
0 days 01:36:36.105000,22,6,+12.321,+2.408
0 days 01:36:38.241000,22,6,+12.342,+2.409
0 days 01:36:42.561000,22,6,+12.526,+2.449
0 days 01:36:46.211000,22,6,+12.580,+2.466
0 days 01:36:50.250000,22,6,+12.613,+2.453
0 days 01:36:54.360000,22,6,+12.564,+2.421
0 days 01:36:57.770000,22,6,+12.469,+2.383
0 days 01:37:02.316000,22,6,+12.731,+2.513
0 days 01:37:06.552000,22,6,+12.799,+2.534
0 days 01:37:13.341000,22,6,+13.044,+2.723
0 days 01:37:19.552000,22,6,+13.186,+2.664
0 days 01:37:23.282000,22,6,+13.277,+2.814
0 days 01:37:29.774000,22,6,+13.503,+2.822
0 days 01:37:32.059000,22,6,+13.491,+2.766
0 days 01:37:38.342000,22,6,+13.466,+2.760
0 days 01:37:41.161000,22,6,+13.439,+2.750
0 days 01:37:42.827000,22,6,+13.495,+2.803
0 days 01:37:48.339000,22,6,+13.455,+2.883
0 days 01:37:51.993000,22,6,+13.433,+2.864
0 days 01:37:55.752000,22,6,+13.618,+2.968
0 days 01:37:59.957000,22,6,+13.639,+2.969
0 days 01:38:05.363000,22,6,+13.745,+2.787
0 days 01:38:08.559000,22,6,+13.862,+2.721
0 days 01:38:10.677000,22,6,+13.870,+2.682
0 days 01:38:15.100000,22,6,+14.140,+2.813
0 days 01:38:18.680000,22,6,+14.212,+2.810
0 days 01:38:22.731000,22,6,+14.258,+2.832
0 days 01:38:26.814000,22,6,+14.221,+2.829
0 days 01:38:30.231000,22,6,+14.111,+2.811
0 days 01:38:34.732000,22,6,+14.266,+2.840
0 days 01:38:38.935000,22,6,+14.270,+2.728
0 days 01:38:45.679000,22,6,+14.505,+2.849
0 days 01:38:51.982000,22,6,+14.631,+2.870
0 days 01:38:55.798000,22,6,+14.808,+2.908
0 days 01:39:02.230000,22,6,+15.063,+2.849
0 days 01:39:04.472000,22,6,+15.076,+2.808
0 days 01:39:10.797000,22,6,+15.105,+2.746
0 days 01:39:13.600000,22,6,+15.104,+2.727
0 days 01:39:15.340000,22,6,+15.252,+2.913
0 days 01:39:20.772000,22,6,+15.129,+2.955
0 days 01:39:24.464000,22,6,+15.086,+2.913
0 days 01:39:27.967000,22,6,+15.153,+2.965
0 days 01:39:32.425000,22,6,+15.267,+3.061
0 days 01:39:37.673000,22,6,+15.313,+2.788
0 days 01:39:40.866000,22,6,+15.530,+2.835
0 days 01:39:43.015000,22,6,+15.572,+2.840
0 days 01:39:47.428000,22,6,+15.913,+3.025
0 days 01:39:51.056000,22,6,+15.998,+3.025
0 days 01:39:55.119000,22,6,+16.046,+2.983
0 days 01:39:59.184000,22,6,+16.006,+2.966
0 days 01:40:02.640000,22,6,+15.924,+2.952
0 days 01:40:07.240000,22,6,+16.313,+3.161
0 days 01:40:11.452000,22,6,+16.418,+3.113
0 days 01:40:18.295000,22,6,+16.646,+3.334
0 days 01:40:24.453000,22,6,+16.779,+3.210
0 days 01:40:28.258000,22,6,+17.023,+3.417
0 days 01:40:34.753000,22,6,+17.427,+3.514
0 days 01:40:37.035000,22,6,+17.428,+3.494
0 days 01:40:43.347000,22,6,+17.424,+3.445
0 days 01:40:46.115000,22,6,+17.391,+3.436
0 days 01:40:47.741000,22,6,+17.484,+3.549
0 days 01:40:53.303000,22,6,+17.548,+3.608
0 days 01:40:56.940000,22,6,+17.568,+3.593
0 days 01:41:00.587000,22,6,+17.737,+3.707
0 days 01:41:04.928000,22,6,+17.851,+3.782
0 days 01:41:10.372000,22,6,+18.062,+3.685
0 days 01:41:13.501000,22,6,+18.138,+3.704
0 days 01:41:15.677000,22,6,+18.169,+3.700
0 days 01:41:20.059000,22,6,+18.360,+3.734
0 days 01:41:23.532000,22,6,+18.392,+3.667
0 days 01:41:27.527000,22,6,+18.452,+3.640
0 days 01:41:31.615000,22,6,+18.418,+3.633
0 days 01:41:35.067000,22,6,+18.344,+3.608
0 days 01:41:39.541000,22,6,+18.629,+3.676
0 days 01:41:43.714000,22,6,+18.713,+3.646
0 days 01:41:50.501000,22,6,+18.967,+3.891
0 days 01:41:56.688000,22,6,+19.200,+3.783
0 days 01:42:00.421000,22,6,+19.393,+3.822
0 days 01:42:06.902000,22,6,+19.613,+3.754
0 days 01:42:09.203000,22,6,+19.583,+3.778
0 days 01:42:15.445000,22,6,+19.605,+3.746
0 days 01:42:18.289000,22,6,+19.588,+3.738
0 days 01:42:19.905000,22,6,+19.667,+3.809
0 days 01:42:25.394000,22,6,+19.707,+3.981
0 days 01:42:29.046000,22,6,+19.694,+3.986
0 days 01:42:32.667000,22,6,+19.827,+4.009
0 days 01:42:36.999000,22,6,+19.856,+4.029
0 days 01:42:42.299000,22,6,+19.932,+3.809
0 days 01:42:45.430000,22,6,+20.041,+3.846
0 days 01:42:47.556000,22,6,+20.076,+3.855
0 days 01:42:51.865000,22,6,+20.367,+3.966
0 days 01:42:55.414000,22,6,+20.419,+3.954
0 days 01:42:59.455000,22,6,+20.469,+3.930
0 days 01:43:03.534000,22,6,+20.440,+3.909
0 days 01:43:06.979000,22,6,+20.394,+3.905
0 days 01:43:11.585000,22,6,+20.799,+4.041
0 days 01:43:15.865000,22,6,+20.964,+4.125
0 days 01:43:22.709000,22,6,+21.199,+4.073
0 days 01:43:29.068000,22,6,+21.425,+4.028
0 days 01:43:32.856000,22,6,+21.689,+4.076
0 days 01:43:39.458000,22,6,+22.050,+4.035
0 days 01:43:41.835000,22,6,+21.996,+3.961
0 days 01:43:48.077000,22,6,+21.986,+3.889
0 days 01:43:50.904000,22,6,+21.974,+3.883
0 days 01:43:52.785000,22,6,+22.180,+4.072
0 days 01:43:58.342000,22,6,+22.407,+4.341
0 days 01:44:01.986000,22,6,+22.437,+4.350
0 days 01:44:05.754000,22,6,+22.661,+4.550
0 days 01:44:10.130000,22,6,+22.833,+4.645
0 days 01:44:15.569000,22,6,+22.984,+4.570
0 days 01:44:18.863000,22,6,+23.226,+4.672
0 days 01:44:20.955000,22,6,+23.281,+4.691
0 days 01:44:25.271000,22,6,+23.672,+4.860
0 days 01:44:28.834000,22,6,+23.785,+4.888
0 days 01:44:32.883000,22,6,+23.852,+4.888
0 days 01:44:37.005000,22,6,+23.834,+4.887
0 days 01:44:40.465000,22,6,+23.780,+4.871
0 days 01:44:45.058000,22,6,+24.168,+5.039
0 days 01:44:49.283000,22,6,+24.223,+4.730
0 days 01:44:56.081000,22,6,+24.416,+4.658
0 days 01:45:02.400000,22,6,+24.637,+4.686
0 days 01:45:06.361000,22,6,+25.071,+4.792
0 days 01:45:12.981000,22,6,+25.344,+4.844
0 days 01:45:15.262000,22,6,+25.287,+4.823
0 days 01:45:21.504000,22,6,+25.284,+4.719
0 days 01:45:24.404000,22,6,+25.307,+4.746
0 days 01:45:26.220000,22,6,+25.575,+5.019
0 days 01:45:31.943000,22,6,+25.850,+5.179
0 days 01:45:35.684000,22,6,+25.901,+5.171
0 days 01:45:39.431000,22,6,+26.155,+5.431
0 days 01:45:43.820000,22,6,+26.339,+5.501
0 days 01:45:49.253000,22,6,+26.410,+5.411
0 days 01:45:52.331000,22,6,+26.600,+5.525
0 days 01:45:54.485000,22,6,+26.641,+5.554
0 days 01:45:58.806000,22,6,+26.959,+5.774
0 days 01:46:02.361000,22,6,+27.035,+5.779
0 days 01:46:06.357000,22,6,+27.098,+5.789
0 days 01:46:10.464000,22,6,+27.063,+5.801
0 days 01:46:13.881000,22,6,+27.019,+5.801
0 days 01:46:18.537000,22,6,+27.361,+5.940
0 days 01:46:22.740000,22,6,+27.247,+5.876
0 days 01:46:29.522000,22,6,+27.400,+5.955
0 days 01:46:35.834000,22,6,+27.613,+5.971
0 days 01:46:39.747000,22,6,+27.984,+6.199
0 days 01:46:46.420000,22,6,+28.275,+6.369
0 days 01:46:48.720000,22,6,+28.214,+6.352
0 days 01:46:55.160000,22,6,+28.229,+6.354
0 days 01:46:57.844000,22,6,+28.241,+6.369
0 days 01:46:59.579000,22,6,+28.510,+6.570
0 days 01:47:05.481000,22,6,+28.530,+6.807
0 days 01:47:09.088000,22,6,+28.488,+6.823
0 days 01:47:12.816000,22,6,+28.685,+6.951
0 days 01:47:17.148000,22,6,+28.728,+6.951
0 days 01:47:22.521000,22,6,+28.759,+6.759
0 days 01:47:25.644000,22,6,+28.822,+6.793
0 days 01:47:27.845000,22,6,+28.832,+6.798
0 days 01:47:31.981000,22,6,+29.010,+6.846
0 days 01:47:35.558000,22,6,+29.057,+6.801
0 days 01:47:39.535000,22,6,+29.120,+6.816
0 days 01:47:43.621000,22,6,+29.084,+6.821
0 days 01:47:47.105000,22,6,+29.040,+6.806
0 days 01:47:51.588000,22,6,+29.275,+6.864
0 days 01:47:55.705000,22,6,+29.265,+6.825
0 days 01:48:02.386000,22,6,+29.460,+6.951
0 days 01:48:08.620000,22,6,+29.605,+6.881
0 days 01:48:12.371000,22,6,+29.849,+6.997
0 days 01:48:18.990000,22,6,+30.016,+7.145
0 days 01:48:21.332000,22,6,+30.029,+7.146
0 days 01:48:27.544000,22,6,+30.068,+7.147
0 days 01:48:30.386000,22,6,+30.068,+7.151
0 days 01:48:32.088000,22,6,+30.219,+7.275
0 days 01:48:37.633000,22,6,+30.353,+7.289
0 days 01:48:41.339000,22,6,+30.368,+7.274
0 days 01:48:45.002000,22,6,+30.614,+7.413
0 days 01:48:49.350000,22,6,+30.808,+7.466
0 days 01:48:54.653000,22,6,+30.695,+7.227
0 days 01:48:57.775000,22,6,+30.862,+7.290
0 days 01:48:59.922000,22,6,+30.900,+7.314
0 days 01:49:04.157000,22,6,+31.164,+7.494
0 days 01:49:07.706000,22,6,+31.234,+7.542
0 days 01:49:11.730000,22,6,+31.289,+7.567
0 days 01:49:15.840000,22,6,+31.275,+7.580
0 days 01:49:19.255000,22,6,+31.250,+7.578
0 days 01:49:23.802000,22,6,+31.584,+7.727
0 days 01:49:27.979000,22,6,+31.512,+7.743
0 days 01:49:34.621000,22,6,+31.627,+7.834
0 days 01:49:40.846000,22,6,+31.621,+7.840
0 days 01:49:44.463000,22,6,+31.751,+7.913
0 days 01:49:51.062000,22,6,+31.910,+7.926
0 days 01:49:53.362000,22,6,+31.834,+7.966
0 days 01:49:59.545000,22,6,+31.846,+8.000
0 days 01:50:02.398000,22,6,+31.840,+7.999
0 days 01:50:04.089000,22,6,+31.977,+8.125
0 days 01:50:09.623000,22,6,+32.073,+8.219
0 days 01:50:13.337000,22,6,+32.084,+8.222
0 days 01:50:16.942000,22,6,+32.222,+8.349
0 days 01:50:21.338000,22,6,+32.345,+8.430
0 days 01:50:26.523000,22,6,+32.306,+8.258
0 days 01:50:29.579000,22,6,+32.348,+8.305
0 days 01:50:31.674000,22,6,+32.350,+8.313
0 days 01:50:35.906000,22,6,+32.572,+8.511
0 days 01:50:39.386000,22,6,+32.635,+8.522
0 days 01:50:43.391000,22,6,+32.695,+8.530
0 days 01:50:47.549000,22,6,+32.690,+8.544
0 days 01:50:51.003000,22,6,+32.659,+8.538
0 days 01:50:55.516000,22,6,+32.895,+8.635
0 days 01:50:59.559000,22,6,+32.721,+8.629
0 days 01:51:06.267000,22,6,+32.822,+8.851
0 days 01:51:12.463000,22,6,+32.837,+8.716
0 days 01:51:16.107000,22,6,+32.969,+8.840
0 days 01:51:22.646000,22,6,+33.117,+8.881
0 days 01:51:24.928000,22,6,+33.081,+8.842
0 days 01:51:31.100000,22,6,+33.113,+8.872
0 days 01:51:34.005000,22,6,+33.120,+8.880
0 days 01:51:35.646000,22,6,+33.267,+9.017
0 days 01:51:41.177000,22,6,+33.358,+8.864
0 days 01:51:44.880000,22,6,+33.369,+8.804
0 days 01:51:48.487000,22,6,+33.551,+8.909
0 days 01:51:52.838000,22,6,+33.724,+9.000
0 days 01:51:58.175000,22,6,+33.672,+8.832
0 days 01:52:01.296000,22,6,+33.738,+8.904
0 days 01:52:03.348000,22,6,+33.756,+8.929
0 days 01:52:07.550000,22,6,+33.978,+9.088
0 days 01:52:11.004000,22,6,+34.034,+9.088
0 days 01:52:15.041000,22,6,+34.092,+9.115
0 days 01:52:19.147000,22,6,+34.082,+9.122
0 days 01:52:22.587000,22,6,+34.053,+9.113
0 days 01:52:27.208000,22,6,+34.395,+9.333
0 days 01:52:31.247000,22,6,+34.354,+9.210
0 days 01:52:37.937000,22,6,+34.562,+9.162
0 days 01:52:44.173000,22,6,+34.568,+9.073
0 days 01:52:47.764000,22,6,+34.754,+9.048
0 days 01:52:54.338000,22,6,+34.891,+9.042
0 days 01:52:56.688000,22,6,+34.939,+9.105
0 days 01:53:02.910000,22,6,+34.984,+9.114
0 days 01:53:05.893000,22,6,+35.000,+9.130
0 days 01:53:07.422000,22,6,+35.128,+9.245
0 days 01:53:12.940000,22,6,+35.327,+9.365
0 days 01:53:16.622000,22,6,+35.367,+9.373
0 days 01:53:20.216000,22,6,+35.500,+9.509
0 days 01:53:24.548000,22,6,+35.610,+9.586
0 days 01:53:29.890000,22,6,+35.536,+9.418
0 days 01:53:32.893000,22,6,+35.615,+9.387
0 days 01:53:34.981000,22,6,+35.634,+9.380
0 days 01:53:39.169000,22,6,+35.892,+9.525
0 days 01:53:42.630000,22,6,+35.957,+9.490
0 days 01:53:46.638000,22,6,+36.006,+9.495
0 days 01:53:50.770000,22,6,+36.011,+9.525
0 days 01:53:54.210000,22,6,+35.992,+9.518
0 days 01:53:58.715000,22,6,+36.257,+9.588
0 days 01:54:02.792000,22,6,+36.156,+9.485
0 days 01:54:09.433000,22,6,+36.254,+9.527
0 days 01:54:15.597000,22,6,+36.400,+9.571
0 days 01:54:19.423000,22,6,+36.566,+9.726
0 days 01:54:25.879000,22,6,+36.685,+9.807
0 days 01:54:28.065000,22,6,+36.683,+9.773
0 days 01:54:34.323000,22,6,+36.677,+9.762
0 days 01:54:37.147000,22,6,+36.681,+9.762
0 days 01:54:38.776000,22,6,+36.747,+9.853
0 days 01:54:44.261000,22,6,+36.801,+10.009
0 days 01:54:47.909000,22,6,+36.792,+10.018
0 days 01:54:51.456000,22,6,+36.794,+10.118
0 days 01:54:55.839000,22,6,+36.966,+10.291
0 days 01:55:01.178000,22,6,+36.891,+10.183
0 days 01:55:04.198000,22,6,+37.002,+10.261
0 days 01:55:06.282000,22,6,+37.028,+10.287
0 days 01:55:10.540000,22,6,+37.373,+10.555
0 days 01:55:14.073000,22,6,+37.465,+10.594
0 days 01:55:18.064000,22,6,+37.540,+10.625
0 days 01:55:22.190000,22,6,+37.553,+10.664
0 days 01:55:25.624000,22,6,+37.541,+10.665
0 days 01:55:30.111000,22,6,+37.785,+10.745
0 days 01:55:34.149000,22,6,+37.760,+10.626
0 days 01:55:40.840000,22,6,+37.863,+10.722
0 days 01:55:46.912000,22,6,+37.996,+10.597
0 days 01:55:50.605000,22,6,+38.196,+10.754
0 days 01:55:57.236000,22,6,+38.458,+10.874
0 days 01:55:59.495000,22,6,+38.463,+10.867
0 days 01:56:05.721000,22,6,+38.456,+10.891
0 days 01:56:08.503000,22,6,+38.473,+10.903
0 days 01:56:10.148000,22,6,+38.612,+11.021
0 days 01:56:15.767000,22,6,+38.836,+11.169
0 days 01:56:19.334000,22,6,+38.883,+11.175
0 days 01:56:22.915000,22,6,+38.987,+11.340
0 days 01:56:27.240000,22,6,+39.081,+11.300
0 days 01:56:32.463000,22,6,+38.952,+11.053
0 days 01:56:35.485000,22,6,+39.018,+11.141
0 days 01:56:37.604000,22,6,+39.048,+11.188
0 days 01:56:41.676000,22,6,+39.228,+11.253
0 days 01:56:45.292000,22,6,+39.297,+11.200
0 days 01:56:49.231000,22,6,+39.362,+11.212
0 days 01:56:53.265000,22,6,+39.347,+11.234
0 days 01:56:56.749000,22,6,+39.323,+11.246
0 days 01:57:01.249000,22,6,+39.618,+11.415
0 days 01:57:05.360000,22,6,+39.585,+11.441
0 days 01:57:12.010000,22,6,+39.823,+11.590
0 days 01:57:18.227000,22,6,+39.930,+11.545
0 days 01:57:21.883000,22,6,+40.224,+11.716
0 days 01:57:28.446000,22,6,+40.477,+11.759
0 days 01:57:30.662000,22,6,+40.470,+11.714
0 days 01:57:36.866000,22,6,+40.501,+11.756
0 days 01:57:39.718000,22,6,+40.521,+11.766
0 days 01:57:41.364000,22,6,+40.672,+11.909
0 days 01:57:46.997000,22,6,+40.736,+11.982
0 days 01:57:50.493000,22,6,+40.726,+11.976
0 days 01:57:54.135000,22,6,+40.887,+12.170
0 days 01:57:58.451000,22,6,+40.903,+12.157
0 days 01:58:03.740000,22,6,+40.890,+11.872
0 days 01:58:06.811000,22,6,+41.001,+11.914
0 days 01:58:08.864000,22,6,+41.031,+11.927
0 days 01:58:12.974000,22,6,+41.287,+12.028
0 days 01:58:16.514000,22,6,+41.360,+12.013
0 days 01:58:20.468000,22,6,+41.430,+12.025
0 days 01:58:24.581000,22,6,+41.445,+12.053
0 days 01:58:28.012000,22,6,+41.432,+12.055
0 days 01:58:32.608000,22,6,+41.827,+12.177
0 days 01:58:36.566000,22,6,+41.841,+12.036
0 days 01:58:43.092000,22,6,+41.873,+12.008
0 days 01:58:49.342000,22,6,+41.946,+12.051
0 days 01:58:52.950000,22,6,+42.180,+12.236
0 days 01:58:59.528000,22,6,+42.351,+12.254
0 days 01:59:01.764000,22,6,+42.322,+12.220
0 days 01:59:07.914000,22,6,+42.317,+12.259
0 days 01:59:10.824000,22,6,+42.341,+12.273
0 days 01:59:12.434000,22,6,+42.432,+12.363
0 days 01:59:17.893000,22,6,+42.483,+12.392
0 days 01:59:21.398000,22,6,+42.514,+12.399
0 days 01:59:25.050000,22,6,+42.677,+12.628
0 days 01:59:29.340000,22,6,+42.665,+12.662
0 days 01:59:34.667000,22,6,+42.646,+12.539
0 days 01:59:37.612000,22,6,+42.717,+12.586
0 days 01:59:39.711000,22,6,+42.746,+12.610
0 days 01:59:43.709000,22,6,+42.921,+12.679
0 days 01:59:47.198000,22,6,+42.892,+12.671
0 days 01:59:51.185000,22,6,+42.922,+12.702
0 days 01:59:55.297000,22,6,+42.944,+12.740
0 days 01:59:58.718000,22,6,+42.957,+12.755
0 days 02:00:03.171000,22,6,+43.221,+12.868
0 days 02:00:07.235000,22,6,+43.227,+12.827
0 days 02:00:13.827000,22,6,+43.386,+12.986
0 days 02:00:20.013000,22,6,+43.464,+12.955
0 days 02:00:23.691000,22,6,+43.793,+13.194
0 days 02:00:30.236000,22,6,+43.913,+13.211
0 days 02:00:32.513000,22,6,+43.900,+13.230
0 days 02:00:38.666000,22,6,+43.929,+13.245
0 days 02:00:41.481000,22,6,+43.958,+13.256
0 days 02:00:43.106000,22,6,+44.032,+13.334
0 days 02:00:48.518000,22,6,+44.141,+13.291
0 days 02:00:51.987000,22,6,+44.203,+13.281
0 days 02:00:55.533000,22,6,+44.334,+13.359
0 days 02:00:59.769000,22,6,+44.428,+13.447
0 days 02:01:05.198000,22,6,+44.510,+13.404
0 days 02:01:08.280000,22,6,+44.618,+13.523
0 days 02:01:10.276000,22,6,+44.659,+13.572
0 days 02:01:14.280000,22,6,+44.717,+13.588
0 days 02:01:17.776000,22,6,+44.692,+13.564
0 days 02:01:21.766000,22,6,+44.742,+13.573
0 days 02:01:25.827000,22,6,+44.872,+13.587
0 days 02:01:29.270000,22,6,+45.037,+13.580
0 days 02:01:33.716000,22,6,+45.333,+13.708
0 days 02:01:37.674000,22,6,+45.378,+13.706
0 days 02:01:44.306000,22,6,+45.591,+13.786
0 days 02:01:50.328000,22,6,+45.550,+13.731
0 days 02:01:53.927000,22,6,+45.854,+13.883
0 days 02:02:00.353000,22,6,+45.804,+13.776
0 days 02:02:02.529000,22,6,+45.629,+13.783
0 days 02:02:08.737000,22,6,+45.603,+13.784
0 days 02:02:11.529000,22,6,+45.644,+13.797
0 days 02:02:13.143000,22,6,+45.752,+13.918
0 days 02:02:18.417000,22,6,+45.696,+13.972
0 days 02:02:22.016000,22,6,+45.689,+13.977
0 days 02:02:25.513000,22,6,+45.691,+14.097
0 days 02:02:29.773000,22,6,+45.799,+14.296
0 days 02:02:35.014000,22,6,+45.752,+14.099
0 days 02:02:37.890000,22,6,+45.774,+14.093
0 days 02:02:39.992000,22,6,+45.766,+14.091
0 days 02:02:43.944000,22,6,+45.930,+14.040
0 days 02:02:47.365000,22,6,+45.988,+14.012
0 days 02:02:51.465000,22,6,+46.029,+14.029
0 days 02:02:55.496000,22,6,+46.046,+14.053
0 days 02:02:58.914000,22,6,+46.056,+14.057
0 days 02:03:03.313000,22,6,+46.407,+14.150
0 days 02:03:07.389000,22,6,+46.639,+14.222
0 days 02:03:14.052000,22,6,+46.884,+14.448
0 days 02:03:20.296000,22,6,+47.143,+14.417
0 days 02:03:24.030000,22,6,+47.555,+14.669
0 days 02:03:30.488000,22,6,+47.650,+14.685
0 days 02:03:32.644000,22,6,+47.688,+14.557
0 days 02:03:38.989000,22,6,+47.755,+14.601
0 days 02:03:41.801000,22,6,+47.786,+14.613
0 days 02:03:43.310000,22,6,+47.926,+14.709
0 days 02:03:48.615000,22,6,+48.063,+14.805
0 days 02:03:52.221000,22,6,+48.088,+14.818
0 days 02:03:55.914000,22,6,+48.224,+15.008
0 days 02:03:59.985000,22,6,+48.235,+15.130
0 days 02:04:05.317000,22,6,+48.226,+14.822
0 days 02:04:08.182000,22,6,+48.280,+14.764
0 days 02:04:10.271000,22,6,+48.296,+14.759
0 days 02:04:14.284000,22,6,+48.455,+14.818
0 days 02:04:17.731000,22,6,+48.502,+14.845
0 days 02:04:21.739000,22,6,+48.547,+14.861
0 days 02:04:25.828000,22,6,+48.560,+14.891
0 days 02:04:29.457000,22,6,+48.573,+14.912
0 days 02:04:33.715000,22,6,+48.938,+15.074
0 days 02:04:37.716000,22,6,+49.047,+14.996
0 days 02:04:44.414000,22,6,+49.325,+15.130
0 days 02:04:50.446000,22,6,+49.508,+15.020
0 days 02:04:54.095000,22,6,+49.846,+15.228
0 days 02:05:00.454000,22,6,+49.991,+15.187
0 days 02:05:02.753000,22,6,+50.085,+15.151
0 days 02:05:08.957000,22,6,+50.142,+15.137
0 days 02:05:11.853000,22,6,+50.202,+15.165
0 days 02:05:13.429000,22,6,+50.363,+15.314
0 days 02:05:18.819000,22,6,+50.511,+15.401
0 days 02:05:22.341000,22,6,+50.536,+15.395
0 days 02:05:25.949000,22,6,+50.727,+15.540
0 days 02:05:30.098000,22,6,+50.775,+15.594
0 days 02:05:35.602000,22,6,+50.880,+15.440
0 days 02:05:38.397000,22,6,+50.932,+15.560
0 days 02:05:40.581000,22,6,+50.964,+15.621
0 days 02:05:44.512000,22,6,+51.047,+15.661
0 days 02:05:47.918000,22,6,+51.119,+15.664
0 days 02:05:51.954000,22,6,+51.185,+15.689
0 days 02:05:56.077000,22,6,+51.244,+15.724
0 days 02:05:59.592000,22,6,+51.298,+15.733
0 days 02:06:03.998000,22,6,+51.621,+15.823
0 days 02:06:08.014000,22,6,+51.752,+15.775
0 days 02:06:14.554000,22,6,+51.924,+15.924
0 days 02:06:20.615000,22,6,+52.019,+15.881
0 days 02:06:24.271000,22,6,+52.411,+16.153
0 days 02:06:30.800000,22,6,+52.752,+16.136
0 days 02:06:33.193000,22,6,+52.721,+16.255
0 days 02:06:39.447000,22,6,+52.834,+16.292
0 days 02:06:42.300000,22,6,+52.924,+16.332
0 days 02:06:43.930000,22,6,+53.031,+16.427
0 days 02:06:49.201000,22,6,+52.899,+16.412
0 days 02:06:52.815000,22,6,+52.899,+16.371
0 days 02:06:56.369000,22,6,+53.057,+16.463
0 days 02:07:00.512000,22,6,+53.150,+16.470
0 days 02:07:05.885000,22,6,+53.361,+16.227
0 days 02:07:08.886000,22,6,+53.465,+16.311
0 days 02:07:11.049000,22,6,+53.498,+16.346
0 days 02:07:15.057000,22,6,+53.603,+16.390
0 days 02:07:18.493000,22,6,+53.672,+16.304
0 days 02:07:22.494000,22,6,+53.735,+16.313
0 days 02:07:26.629000,22,6,+53.755,+16.327
0 days 02:07:30.072000,22,6,+53.764,+16.328
0 days 02:07:34.447000,22,6,+54.071,+16.440
0 days 02:07:38.417000,22,6,+54.191,+16.294
0 days 02:07:44.968000,22,6,+54.506,+16.321
0 days 02:07:51.997000,22,6,+55.329,+17.163
0 days 02:07:57.645000,22,6,+57.836,+19.288
0 days 02:08:05.294000,22,6,+59.486,+20.181
0 days 02:08:37.646000,22,6,+80.760,+36.618
0 days 02:08:40.970000,22,6,+82.642,+37.855
0 days 02:08:50.178000,22,6,+86.736,+40.373
0 days 02:08:56.443000,22,6,+89.555,+42.188
0 days 02:09:02.268000,22,6,+91.997,+41.990
0 days 02:09:07.485000,22,6,+93.179,+42.441
0 days 02:09:14.915000,22,6,+95.318,+43.321
0 days 02:09:20.446000,22,6,+97.799,+45.103
0 days 02:09:24.355000,22,6,+99.657,+46.421
0 days 02:09:32.973000,22,6,+104.272,+48.751
0 days 02:09:42.595000,22,6,+107.011,+52.744
0 days 02:09:52.473000,22,6,+111.299,+56.473
0 days 02:10:00.656000,22,6,+113.672,+59.557
0 days 02:10:07.892000,22,6,+114.751,+62.300
0 days 02:10:16.017000,22,6,+117.963,+63.229
0 days 02:10:22.016000,22,6,+119.109,+63.570
0 days 02:10:29.818000,22,6,+117.507,+62.767
0 days 02:10:36.601000,22,6,+116.383,+62.174
0 days 02:10:40.744000,22,6,+115.943,+61.752
0 days 02:10:47.701000,22,6,+115.219,+60.655
0 days 02:10:56.907000,22,6,+100.528,+45.883
0 days 02:11:00.057000,22,6,+96.363,+41.919
0 days 02:11:01.997000,22,6,+95.906,+41.495
0 days 02:11:08.318000,22,6,+93.825,+39.360
0 days 02:11:12.261000,22,6,+93.540,+38.888
0 days 02:11:16.320000,22,6,+93.501,+38.736
0 days 02:11:20.717000,22,6,+91.943,+37.352
0 days 02:11:26.519000,22,6,+90.389,+34.930
0 days 02:11:30.197000,22,6,+90.093,+34.658
0 days 02:11:32.450000,22,6,+89.898,+34.472
0 days 02:11:37.331000,22,6,+89.174,+34.160
0 days 02:11:43.017000,22,6,+86.661,+34.004
0 days 02:11:48.797000,22,6,+84.366,+30.153
0 days 02:11:53.417000,22,6,+83.170,+29.651
0 days 02:11:57.174000,22,6,+81.761,+29.580
0 days 02:12:02.318000,22,6,+82.230,+29.575
0 days 02:12:06.721000,22,6,+82.479,+29.454
0 days 02:12:13.791000,22,6,+82.845,+29.106
0 days 02:12:20.072000,22,6,+83.199,+28.924
0 days 02:12:23.933000,22,6,+81.109,+28.411
0 days 02:12:30.447000,22,6,+79.552,+24.315
0 days 02:12:32.719000,22,6,+79.364,+22.814
0 days 02:12:39.271000,22,6,+79.442,+21.373
0 days 02:12:42.320000,22,6,+76.237,+21.495
0 days 02:12:44.172000,22,6,+76.086,+21.619
0 days 02:12:49.692000,22,6,+75.061,+21.395
0 days 02:12:53.380000,22,6,+72.215,+21.340
0 days 02:12:57.097000,22,6,+71.850,+21.641
0 days 02:13:01.226000,22,6,+71.821,+21.933
0 days 02:13:06.435000,22,6,+69.037,+21.994
0 days 02:13:09.736000,22,6,+67.060,+22.131
0 days 02:13:12.005000,22,6,+65.693,+22.267
0 days 02:13:16.373000,22,6,+63.918,+22.204
0 days 02:13:22.418000,22,6,+61.610,+23.622
0 days 02:13:29.187000,22,6,+60.331,+22.717
0 days 02:13:34.694000,22,6,+59.037,+23.134
0 days 02:13:38.589000,22,6,+57.167,+23.450
0 days 02:13:43.259000,22,6,+55.963,+23.380
0 days 02:13:47.320000,22,6,+52.978,+23.220
0 days 02:13:54.143000,22,6,+51.060,+23.384
0 days 02:14:00.119000,22,6,+48.920,+21.172
0 days 02:14:03.801000,22,6,+47.368,+19.602
0 days 02:14:10.127000,22,6,+45.737,+18.708
0 days 02:14:12.221000,22,6,+44.554,+18.537
0 days 02:14:18.871000,22,6,+41.925,+18.333
0 days 02:14:21.700000,22,6,+41.374,+18.255
0 days 02:14:23.350000,22,6,+41.151,+18.393
0 days 02:14:28.751000,22,6,+38.547,+18.500
0 days 02:14:32.403000,22,6,+37.202,+18.296
0 days 02:14:35.937000,22,6,+35.915,+18.062
0 days 02:14:39.936000,22,6,+35.082,+18.012
0 days 02:14:45.037000,22,6,+32.879,+17.860
0 days 02:14:48.253000,22,6,+30.679,+17.770
0 days 02:14:50.537000,22,6,+29.792,+17.611
0 days 02:14:55.058000,22,6,+24.855,+12.339
0 days 02:15:01.823000,22,6,+20.312,+8.712
0 days 02:15:09.997000,22,6,+20.127,+7.804
0 days 02:15:15.074000,22,6,+18.375,+7.616
0 days 02:15:18.937000,22,6,+16.648,+7.062
0 days 02:15:24.197000,22,6,+11.679,+2.011
0 days 02:15:35.431000,22,6,+13.131,+2.144
0 days 02:15:49.302000,22,6,+12.402,+1.861
0 days 02:15:57.239000,22,6,+11.026,+2.223
0 days 02:16:02.659000,22,6,+10.259,+1.736
0 days 02:16:14.417000,22,6,+13.418,+1.836
0 days 02:16:17.396000,22,6,+12.706,+2.259
0 days 02:16:30.413000,22,6,+16.726,+1.851
0 days 02:16:33.673000,22,6,+16.011,+1.792
0 days 02:16:35.820000,22,6,+15.496,+2.101
0 days 02:16:41.520000,22,6,+13.644,+2.127
0 days 02:16:45.196000,22,6,+12.073,+1.879
0 days 02:16:49.123000,22,6,+11.467,+1.074
0 days 02:16:53.772000,22,6,+11.175,+1.001
0 days 02:16:59.590000,22,6,+9.475,+1.105
0 days 02:17:04.574000,22,6,+9.952,+0.692
0 days 02:17:08.674000,22,6,+9.798,+1.200
0 days 02:17:18.160000,22,6,+10.139,+1.171
0 days 02:17:30.721000,22,6,+12.318,+0.984
0 days 02:17:39.760000,22,6,+11.778,+1.397
0 days 02:17:45.187000,22,6,+10.394,+1.806
0 days 02:17:49.821000,22,6,+9.716,+1.554
0 days 02:17:56.611000,22,6,+10.383,+1.220
0 days 02:18:02.436000,22,6,+9.717,+0.867
0 days 02:18:13.925000,22,6,+11.967,+1.131
0 days 02:18:21.008000,22,6,+11.138,+1.085
0 days 02:18:25.161000,22,6,+9.586,+1.036
0 days 02:18:33.297000,22,6,+10.209,+1.202
0 days 02:18:35.654000,22,6,+8.888,+1.030
0 days 02:18:49.616000,22,6,+14.937,+1.607
0 days 02:18:52.977000,22,6,+13.796,+1.582
0 days 02:18:54.850000,22,6,+13.699,+1.689
0 days 02:19:00.192000,22,6,+11.455,+1.445
0 days 02:19:04.187000,22,6,+10.821,+1.506
0 days 02:19:09.539000,22,6,+11.516,+1.678
0 days 02:19:14.156000,22,6,+11.050,+1.694
0 days 02:19:19.749000,22,6,+9.234,+1.108
0 days 02:19:25.388000,22,6,+10.208,+1.064
0 days 02:19:28.921000,22,6,+10.477,+1.737
0 days 02:19:38.421000,22,6,+11.051,+1.292
0 days 02:19:46.814000,22,6,+11.943,+1.340
0 days 02:19:54.681000,22,6,+12.340,+1.510
0 days 02:19:59.905000,22,6,+11.778,+1.595
0 days 02:20:04.979000,22,6,+12.048,+1.453
0 days 02:20:10.793000,22,6,+11.140,+1.643
0 days 02:20:15.265000,22,6,+9.513,+1.535
0 days 02:20:27.960000,22,6,+12.932,+1.213
0 days 02:20:34.991000,22,6,+11.689,+1.021
0 days 02:20:38.757000,22,6,+10.342,+0.980
0 days 02:20:45.277000,22,6,+8.979,+0.872
0 days 02:20:47.542000,22,6,+7.963,+0.783
0 days 02:21:01.631000,22,6,+13.223,+1.864
0 days 02:21:04.900000,22,6,+13.316,+1.816
0 days 02:21:06.713000,22,6,+12.378,+1.765
0 days 02:21:12.039000,22,6,+10.267,+1.631
0 days 02:21:16.088000,22,6,+9.122,+1.692
0 days 02:21:22.801000,22,6,+11.382,+1.337
0 days 02:21:27.304000,22,6,+11.226,+1.230
0 days 02:21:32.750000,22,6,+8.282,+1.145
0 days 02:21:37.762000,22,6,+6.353,+0.831
0 days 02:21:42.037000,22,6,+6.392,+1.396
0 days 02:21:49.123000,22,6,+6.368,+0.877
0 days 02:21:56.823000,22,6,+6.371,+1.213
0 days 02:22:04.287000,22,6,+6.830,+1.759
0 days 02:22:10.223000,22,6,+6.064,+1.789
0 days 02:22:16.975000,22,6,+7.628,+1.977
0 days 02:22:22.387000,22,6,+6.362,+1.397
0 days 02:22:27.124000,22,6,+4.525,+1.207
0 days 02:22:38.400000,22,6,+6.976,+1.712
0 days 02:22:44.475000,22,6,+5.597,+1.136
0 days 02:22:49.307000,22,6,+5.228,+1.097
0 days 02:22:57.550000,22,6,+5.558,+0.873
0 days 02:23:00.099000,22,6,+4.672,+0.819
0 days 02:23:13.406000,22,6,+9.715,+1.708
0 days 02:23:16.780000,22,6,+9.008,+1.730
0 days 02:23:18.512000,22,6,+8.519,+1.605
0 days 02:23:25.103000,22,6,+7.456,+0.851
0 days 02:23:30.464000,22,6,+7.384,+1.540
0 days 02:23:34.907000,22,6,+7.393,+1.081
0 days 02:23:39.582000,22,6,+7.001,+0.959
0 days 02:23:45.554000,22,6,+5.825,+0.959
0 days 02:23:50.524000,22,6,+5.718,+0.839
0 days 02:23:55.021000,22,6,+6.908,+0.840
0 days 02:24:01.480000,22,6,+6.711,+1.553
0 days 02:24:05.907000,22,6,+6.147,+1.421
0 days 02:24:13.196000,22,6,+6.758,+1.662
0 days 02:24:19.241000,22,6,+7.154,+2.112
0 days 02:24:25.431000,22,6,+7.853,+2.263
0 days 02:24:30.453000,22,6,+5.953,+1.664
0 days 02:24:37.749000,22,6,+4.737,+0.762
0 days 02:24:55.750000,22,6,+3.534,+0.572
0 days 02:25:02.864000,22,6,+2.356,+0.407
0 days 02:25:06.568000,22,6,+2.712,+0.424
0 days 02:25:12.859000,22,6,+3.089,+0.442
0 days 02:25:14.940000,22,6,+3.174,+0.436
0 days 02:25:20.941000,22,6,+3.304,+0.405
0 days 02:25:23.727000,22,6,+3.280,+0.413
0 days 02:25:25.418000,22,6,+3.555,+0.534
0 days 02:25:30.739000,22,6,+3.815,+0.612
0 days 02:25:34.260000,22,6,+3.808,+0.599
0 days 02:25:37.624000,22,6,+3.954,+0.528
0 days 02:25:41.880000,22,6,+4.447,+0.865
0 days 02:25:47.003000,22,6,+4.773,+1.091
0 days 02:25:50.055000,22,6,+4.791,+1.023
0 days 02:25:52.107000,22,6,+4.769,+0.970
0 days 02:25:56.191000,22,6,+4.874,+0.863
0 days 02:25:59.599000,22,6,+4.924,+0.883
0 days 02:26:03.538000,22,6,+4.909,+0.882
0 days 02:26:07.608000,22,6,+4.805,+0.846
0 days 02:26:10.956000,22,6,+4.688,+0.779
0 days 02:26:15.242000,22,6,+4.967,+0.687
0 days 02:26:18.952000,22,6,+5.068,+0.536
0 days 02:26:25.466000,22,6,+5.342,+0.557
0 days 02:26:31.138000,22,6,+5.787,+0.660
0 days 02:26:34.555000,22,6,+6.157,+0.748
0 days 02:26:40.408000,22,6,+6.506,+0.737
0 days 02:26:42.340000,22,6,+6.568,+0.701
0 days 02:26:48.103000,22,6,+6.653,+0.720
0 days 02:26:50.927000,22,6,+6.610,+0.692
0 days 02:26:52.364000,22,6,+6.766,+0.761
0 days 02:26:57.227000,22,6,+7.026,+0.774
0 days 02:27:00.681000,22,6,+7.036,+0.762
0 days 02:27:04.127000,22,6,+7.237,+0.871
0 days 02:27:07.905000,22,6,+7.511,+0.953
0 days 02:27:12.541000,22,6,+7.634,+0.890
0 days 02:27:15.401000,22,6,+7.670,+0.862
0 days 02:27:17.356000,22,6,+7.660,+0.850
0 days 02:27:21.098000,22,6,+7.745,+0.828
0 days 02:27:24.469000,22,6,+7.767,+0.831
0 days 02:27:28.413000,22,6,+7.749,+0.842
0 days 02:27:32.382000,22,6,+7.553,+0.723
0 days 02:27:35.644000,22,6,+7.255,+0.507
0 days 02:27:39.629000,22,6,+7.443,+0.503
0 days 02:27:43.209000,22,6,+7.450,+0.253
0 days 02:27:49.381000,22,5,+7.450,+0.253
0 days 02:27:49.465000,22,5,+7.451,+0.923
0 days 02:27:55.326000,22,5,+8.076,+1.205
0 days 02:27:58.798000,22,5,+8.393,+1.228
0 days 02:28:04.529000,22,5,+8.616,+1.222
0 days 02:28:06.550000,22,5,+8.653,+1.155
0 days 02:28:12.326000,22,5,+8.680,+1.129
0 days 02:28:15.034000,22,5,+8.661,+1.129
0 days 02:28:16.471000,22,5,+8.839,+1.225
0 days 02:28:21.582000,22,5,+9.051,+1.313
0 days 02:28:25.087000,22,5,+9.073,+1.316
0 days 02:28:28.286000,22,5,+9.039,+1.143
0 days 02:28:32.151000,22,5,+9.337,+1.394
0 days 02:28:36.966000,22,5,+9.519,+1.299
0 days 02:28:39.723000,22,5,+9.547,+1.177
0 days 02:28:41.727000,22,5,+9.545,+1.147
0 days 02:28:45.443000,22,5,+9.595,+1.158
0 days 02:28:48.751000,22,5,+9.615,+1.167
0 days 02:28:52.718000,22,5,+9.611,+1.158
0 days 02:28:56.780000,22,5,+9.519,+1.120
0 days 02:29:00.210000,22,5,+9.421,+1.024
0 days 02:29:04.526000,22,5,+9.275,+1.078
0 days 02:29:08.166000,22,5,+9.148,+0.999
0 days 02:29:14.506000,22,5,+8.839,+0.628
0 days 02:29:20.526000,22,5,+6.240,+0.719
0 days 02:29:24.761000,22,3,+6.240,+0.719
0 days 02:29:24.841000,22,3,+6.482,+0.769
0 days 02:29:25.012000,22,4,+6.482,+0.769
0 days 02:29:31.886000,22,4,+6.951,+0.700
0 days 02:29:34.357000,22,4,+6.409,+0.700
0 days 02:29:40.568000,22,2,+6.409,+0.700
0 days 02:29:40.568000,22,2,+6.413,+6.413
0 days 02:29:43.286000,22,2,+6.323,+6.323
0 days 02:29:44.761000,22,2,+6.318,+6.318
0 days 02:29:50.245000,22,2,+6.586,+6.586
0 days 02:29:53.734000,22,2,+6.574,+6.574
0 days 02:29:57.141000,22,2,+6.519,+6.519
0 days 02:30:01.078000,22,2,+6.624,+6.624
0 days 02:30:05.935000,22,2,+6.839,+6.839
0 days 02:30:08.684000,22,2,+6.860,+6.860
0 days 02:30:10.730000,22,2,+6.893,+6.893
0 days 02:30:14.467000,22,2,+6.746,+6.746
0 days 02:30:17.783000,22,2,+6.703,+6.703
0 days 02:30:21.755000,22,2,+6.689,+6.689
0 days 02:30:25.855000,22,2,+6.659,+6.659
0 days 02:30:29.361000,22,2,+6.642,+6.642
0 days 02:30:33.970000,22,2,+6.737,+6.737
0 days 02:30:37.901000,22,2,+6.685,+6.685
0 days 02:30:44.867000,22,2,+6.399,+6.399
0 days 02:30:51.993000,22,2,+6.575,+6.575
0 days 02:30:57.843000,22,3,+6.575,+6.575
0 days 02:30:59.335000,22,4,+6.575,+6.575
0 days 02:31:03.221000,22,5,+6.575,+6.575
0 days 02:31:06.362000,22,3,+6.575,+6.575
0 days 02:31:06.468000,22,3,+8.802,+0.265
0 days 02:31:09.458000,22,3,+9.167,+0.304
0 days 02:31:16.595000,22,3,+9.522,+0.532
0 days 02:31:19.252000,22,4,+9.522,+0.532
0 days 02:31:19.281000,22,3,+9.522,+0.532
0 days 02:31:19.367000,22,3,+9.529,+0.539
0 days 02:31:20.991000,22,4,+9.529,+0.539
0 days 02:31:21.153000,22,4,+9.642,+0.042
0 days 02:31:28.540000,22,4,+11.672,+0.585
0 days 02:31:32.386000,22,4,+11.946,+0.732
0 days 02:31:36.193000,22,4,+12.237,+0.971
0 days 02:31:40.341000,22,4,+12.460,+1.055
0 days 02:31:45.362000,22,4,+12.586,+1.215
0 days 02:31:48.332000,22,4,+12.611,+1.046
0 days 02:31:50.386000,22,4,+12.634,+0.999
0 days 02:31:54.317000,22,4,+12.455,+0.981
0 days 02:31:57.701000,22,4,+12.402,+0.891
0 days 02:32:01.682000,22,4,+12.367,+0.830
0 days 02:32:05.669000,22,4,+12.196,+0.693
0 days 02:32:08.867000,22,4,+11.923,+0.476
0 days 02:32:13.669000,22,4,+11.905,+0.516
0 days 02:32:17.808000,22,4,+11.777,+0.153
0 days 02:32:25.144000,22,5,+11.777,+0.153
0 days 02:32:25.238000,22,5,+11.741,+0.027
0 days 02:32:33.311000,22,5,+12.393,+0.092
0 days 02:32:38.780000,22,5,+12.691,+0.512
0 days 02:32:46.968000,22,5,+13.155,+0.791
0 days 02:32:50.141000,22,5,+13.155,+0.745
0 days 02:32:57.257000,22,6,+13.155,+0.745
0 days 02:32:57.554000,22,4,+13.155,+0.745
0 days 02:32:57.554000,22,4,+4.796,+0.332
0 days 02:33:00.788000,22,4,+4.977,+0.826
0 days 02:33:03.038000,22,4,+5.082,+1.086
0 days 02:33:10.856000,22,4,+4.846,+1.641
0 days 02:33:15.570000,22,4,+4.674,+1.358
0 days 02:33:20.217000,22,4,+4.334,+1.789
0 days 02:33:25.563000,22,4,+4.442,+1.945
0 days 02:33:33.468000,22,5,+4.442,+1.945
0 days 02:33:33.507000,22,4,+4.442,+1.945
0 days 02:33:33.588000,22,4,+6.047,+2.670
0 days 02:33:37.544000,22,5,+6.047,+2.670
0 days 02:33:38.456000,22,6,+6.047,+2.670
0 days 02:33:38.568000,22,6,+7.786,+0.073
0 days 02:33:41.684000,22,6,+8.807,+0.933
0 days 02:33:47.942000,22,6,+10.882,+2.415
0 days 02:33:54.133000,22,6,+13.588,+2.131
0 days 02:34:01.883000,22,6,+17.231,+1.840
0 days 02:34:09.129000,22,6,+19.047,+2.048
0 days 02:34:14.631000,22,6,+15.489,+2.650
0 days 02:34:22.462000,22,6,+17.072,+3.367
0 days 02:34:28.642000,22,6,+17.964,+3.399
0 days 02:34:38.253000,22,6,+19.092,+3.212
0 days 02:34:47.563000,22,6,+21.267,+4.403
0 days 02:34:53.342000,22,6,+22.298,+4.714
0 days 02:35:03.776000,22,6,+22.889,+4.949
0 days 02:35:13.244000,22,7,+22.889,+4.949
0 days 02:35:16.026000,22,8,+22.889,+4.949
0 days 02:35:17.057000,22,9,+22.889,+4.949
0 days 02:35:17.838000,22,10,+22.889,+4.949
0 days 02:35:19.331000,22,11,+22.889,+4.949
0 days 02:35:37.834000,22,11,+44.047,+1.581
0 days 02:35:40.143000,22,11,+44.240,+1.900
0 days 02:35:48.267000,22,11,+43.551,+2.101
0 days 02:35:52.523000,22,11,+43.229,+2.025
0 days 02:35:57.414000,22,11,+43.842,+2.636
0 days 02:36:02.386000,22,11,+43.804,+2.887
0 days 02:36:08.580000,22,11,+43.933,+2.866
0 days 02:36:12.216000,22,11,+43.839,+2.883
0 days 02:36:14.569000,22,11,+42.315,+2.838
0 days 02:36:19.680000,22,11,+40.305,+3.279
0 days 02:36:23.690000,22,11,+39.256,+3.314
0 days 02:36:28.289000,22,11,+39.377,+3.350
0 days 02:36:32.790000,22,11,+36.734,+3.191
0 days 02:36:36.572000,22,11,+34.345,+3.020
0 days 02:36:41.593000,22,11,+31.695,+2.837
0 days 02:36:46.008000,22,11,+27.218,+2.559
0 days 02:36:55.370000,22,11,+26.812,+1.131
0 days 02:37:02.812000,22,11,+25.523,+1.559
0 days 02:37:07.561000,22,11,+23.746,+1.935
0 days 02:37:15.791000,22,11,+21.192,+2.403
0 days 02:37:18.679000,22,11,+20.270,+1.444
0 days 02:37:27.389000,22,11,+19.207,+1.892
0 days 02:37:31.183000,22,11,+18.257,+2.017
0 days 02:37:33.715000,22,11,+17.833,+2.013
0 days 02:37:43.031000,22,11,+16.409,+0.921
0 days 02:37:48.400000,22,11,+15.994,+1.259
0 days 02:37:54.061000,22,11,+16.155,+1.474
0 days 02:37:58.964000,22,11,+15.636,+1.336
0 days 02:38:05.362000,22,11,+14.138,+1.630
0 days 02:38:09.173000,22,11,+12.439,+1.621
0 days 02:38:11.631000,22,11,+11.625,+1.511
0 days 02:38:18.784000,22,11,+12.222,+0.620
0 days 02:38:25.447000,22,11,+12.987,+0.917
0 days 02:38:33.345000,22,11,+13.187,+1.539
0 days 02:38:39.674000,22,11,+13.432,+1.940
0 days 02:38:43.993000,22,11,+11.888,+1.446
0 days 02:38:53.091000,22,11,+14.123,+1.351
0 days 02:39:00.256000,22,11,+13.856,+0.888
0 days 02:39:12.220000,22,11,+15.883,+1.608
0 days 02:39:20.184000,22,11,+15.568,+0.974
0 days 02:39:25.238000,22,11,+14.330,+0.994
0 days 02:39:35.236000,22,11,+14.832,+0.909
0 days 02:39:38.885000,22,11,+14.851,+1.220
0 days 02:39:49.662000,22,11,+16.792,+1.679
0 days 02:39:53.018000,22,11,+16.232,+1.544
0 days 02:39:55.273000,22,11,+15.418,+1.582
0 days 02:40:02.176000,22,11,+13.467,+1.569
0 days 02:40:09.929000,22,11,+12.868,+1.222
0 days 02:40:16.444000,22,11,+14.241,+1.941
0 days 02:40:21.264000,22,11,+13.931,+1.947
0 days 02:40:27.617000,22,11,+12.317,+1.724
0 days 02:40:31.960000,22,11,+11.065,+1.315
0 days 02:40:38.321000,22,11,+12.624,+1.234
0 days 02:40:45.139000,22,11,+12.896,+1.162
0 days 02:40:51.091000,22,11,+12.228,+1.547
0 days 02:40:58.008000,22,11,+11.973,+1.303
0 days 02:41:03.372000,22,11,+12.190,+1.682
0 days 02:41:08.363000,22,11,+11.171,+1.682
0 days 02:41:14.749000,22,11,+10.704,+1.669
0 days 02:41:22.112000,22,11,+10.987,+0.915
0 days 02:41:31.959000,22,11,+11.538,+1.318
0 days 02:41:39.964000,22,11,+10.832,+0.905
0 days 02:41:44.864000,22,11,+10.382,+0.877
0 days 02:41:54.605000,22,11,+11.455,+0.873
0 days 02:41:57.657000,22,11,+10.906,+0.851
0 days 02:42:09.752000,22,11,+14.498,+1.998
0 days 02:42:12.986000,22,11,+13.764,+2.191
0 days 02:42:15.048000,22,11,+13.576,+2.276
0 days 02:42:21.361000,22,11,+11.556,+2.053
0 days 02:42:26.648000,22,11,+11.766,+1.742
0 days 02:42:31.837000,22,11,+11.737,+1.236
0 days 02:42:37.109000,22,11,+11.773,+1.228
0 days 02:42:44.170000,22,11,+10.890,+1.310
0 days 02:42:49.286000,22,11,+10.526,+0.833
0 days 02:42:54.621000,22,11,+13.150,+0.782
0 days 02:43:00.849000,22,11,+12.992,+0.924
0 days 02:43:05.051000,22,11,+11.719,+1.058
0 days 02:43:09.709000,22,11,+9.198,+0.715
0 days 02:43:15.786000,22,11,+10.226,+0.906
0 days 02:43:21.076000,22,11,+9.669,+1.208
0 days 02:43:27.512000,22,11,+9.339,+1.235
0 days 02:43:33.917000,22,11,+9.148,+1.142
0 days 02:43:48.874000,22,11,+7.383,+0.488
0 days 02:43:55.864000,22,11,+6.445,+0.510
0 days 02:44:00.197000,22,11,+6.726,+0.727
0 days 02:44:07.574000,22,11,+7.109,+0.953
0 days 02:44:10.295000,22,11,+7.247,+0.946
0 days 02:44:16.837000,22,11,+7.375,+1.057
0 days 02:44:19.742000,22,11,+7.430,+1.167
0 days 02:44:21.634000,22,11,+7.705,+1.215
0 days 02:44:28.166000,22,11,+8.300,+0.451
0 days 02:44:31.996000,22,11,+8.310,+0.070
0 days 02:44:35.776000,22,11,+8.466,+0.047
0 days 02:44:40.613000,22,11,+8.855,+0.202
0 days 02:44:46.737000,22,11,+9.439,+0.563
0 days 02:44:50.209000,22,11,+9.706,+0.775
0 days 02:44:52.437000,22,11,+9.759,+0.837
0 days 02:44:56.790000,22,11,+9.960,+0.876
0 days 02:45:00.523000,22,11,+10.017,+0.992
0 days 02:45:04.522000,22,11,+10.016,+1.031
0 days 02:45:08.639000,22,11,+9.957,+1.059
0 days 02:45:12.033000,22,11,+9.830,+1.078
0 days 02:45:16.961000,22,11,+10.308,+1.380
0 days 02:45:21.380000,22,11,+10.631,+1.533
0 days 02:45:28.374000,22,11,+11.005,+1.611
0 days 02:45:34.770000,22,11,+11.307,+1.664
0 days 02:45:38.835000,22,11,+11.394,+1.712
0 days 02:45:45.789000,22,11,+11.718,+1.674
0 days 02:45:48.252000,22,11,+11.895,+1.825
0 days 02:45:54.695000,22,11,+11.986,+1.977
0 days 02:45:57.475000,22,11,+11.992,+2.019
0 days 02:45:59.190000,22,11,+12.188,+2.082
0 days 02:46:05.587000,22,12,+12.188,+2.082
0 days 02:46:06.325000,22,12,+13.725,+0.689
0 days 02:46:10.115000,22,12,+13.821,+0.698
0 days 02:46:14.015000,22,12,+14.239,+1.063
0 days 02:46:18.397000,22,12,+14.438,+1.230
0 days 02:46:23.757000,22,12,+14.511,+1.383
0 days 02:46:26.929000,22,12,+14.658,+1.532
0 days 02:46:29.038000,22,12,+14.686,+1.553
0 days 02:46:33.147000,22,12,+14.707,+1.616
0 days 02:46:36.594000,22,12,+14.682,+1.578
0 days 02:46:40.600000,22,12,+14.679,+1.566
0 days 02:46:44.668000,22,12,+14.605,+1.543
0 days 02:46:48.116000,22,12,+14.492,+1.519
0 days 02:46:52.770000,22,12,+14.732,+1.748
0 days 02:46:56.855000,22,12,+14.867,+1.758
0 days 02:47:03.689000,22,12,+15.198,+1.901
0 days 02:47:09.966000,22,12,+15.471,+2.057
0 days 02:47:13.994000,22,12,+15.776,+2.312
0 days 02:47:20.780000,22,12,+16.050,+2.556
0 days 02:47:23.190000,22,12,+16.172,+2.694
0 days 02:47:29.509000,22,12,+16.340,+2.781
0 days 02:47:32.237000,22,12,+16.369,+2.834
0 days 02:47:33.964000,22,12,+16.532,+2.967
0 days 02:47:39.775000,22,12,+16.686,+3.043
0 days 02:47:43.536000,22,12,+16.720,+3.105
0 days 02:47:47.226000,22,12,+16.905,+3.302
0 days 02:47:51.479000,22,12,+16.961,+3.171
0 days 02:47:56.836000,22,12,+17.189,+2.998
0 days 02:47:59.812000,22,12,+17.325,+2.854
0 days 02:48:01.876000,22,12,+17.358,+2.840
0 days 02:48:05.953000,22,12,+17.499,+2.447
0 days 02:48:09.352000,22,12,+17.525,+2.385
0 days 02:48:13.396000,22,12,+17.546,+2.459
0 days 02:48:17.454000,22,12,+17.477,+2.601
0 days 02:48:20.867000,22,12,+17.386,+2.558
0 days 02:48:25.567000,22,12,+17.723,+2.336
0 days 02:48:29.692000,22,12,+17.977,+2.196
0 days 02:48:36.518000,22,12,+18.297,+2.128
0 days 02:48:42.800000,22,12,+18.624,+2.133
0 days 02:48:46.579000,22,12,+18.815,+2.192
0 days 02:48:53.315000,22,12,+19.112,+2.351
0 days 02:48:55.618000,22,12,+19.190,+2.433
0 days 02:49:01.842000,22,12,+19.275,+2.637
0 days 02:49:04.576000,22,12,+19.279,+2.771
0 days 02:49:06.313000,22,12,+19.473,+2.735
0 days 02:49:11.991000,22,12,+19.736,+2.710
0 days 02:49:15.661000,22,12,+19.787,+2.854
0 days 02:49:19.320000,22,12,+19.983,+3.022
0 days 02:49:23.439000,22,12,+20.096,+2.285
0 days 02:49:28.739000,22,12,+20.310,+2.156
0 days 02:49:31.674000,22,12,+20.448,+2.025
0 days 02:49:33.752000,22,12,+20.499,+1.989
0 days 02:49:37.815000,22,12,+20.568,+1.842
0 days 02:49:41.239000,22,12,+20.227,+1.797
0 days 02:49:45.253000,22,12,+20.147,+1.775
0 days 02:49:49.287000,22,12,+20.051,+1.762
0 days 02:49:52.716000,22,12,+19.969,+1.716
0 days 02:49:57.333000,22,12,+20.408,+1.899
0 days 02:50:01.591000,22,12,+20.667,+2.065
0 days 02:50:08.323000,22,12,+21.006,+2.095
0 days 02:50:14.573000,22,12,+21.136,+2.151
0 days 02:50:18.412000,22,12,+21.364,+2.289
0 days 02:50:25.068000,22,12,+21.726,+2.404
0 days 02:50:27.492000,22,12,+21.844,+2.456
0 days 02:50:33.695000,22,12,+21.971,+2.525
0 days 02:50:36.517000,22,12,+21.976,+2.471
0 days 02:50:38.135000,22,12,+22.107,+2.480
0 days 02:50:43.993000,22,12,+22.469,+2.661
0 days 02:50:47.613000,22,12,+22.524,+2.653
0 days 02:50:51.390000,22,12,+22.899,+2.739
0 days 02:50:55.509000,22,12,+22.963,+2.808
0 days 02:51:00.678000,22,12,+23.251,+3.082
0 days 02:51:03.552000,22,12,+23.306,+2.910
0 days 02:51:05.569000,22,12,+23.320,+2.829
0 days 02:51:09.638000,22,12,+23.525,+2.726
0 days 02:51:13.015000,22,12,+23.615,+2.729
0 days 02:51:17.039000,22,12,+23.644,+2.711
0 days 02:51:21.096000,22,12,+23.603,+2.688
0 days 02:51:24.581000,22,12,+23.579,+2.636
0 days 02:51:29.202000,22,12,+23.950,+2.766
0 days 02:51:33.281000,22,12,+24.262,+2.746
0 days 02:51:40.023000,22,12,+24.668,+2.664
0 days 02:51:46.178000,22,12,+24.749,+2.705
0 days 02:51:50.055000,22,12,+25.037,+2.964
0 days 02:51:56.718000,22,12,+25.260,+3.065
0 days 02:51:59.002000,22,12,+25.349,+3.135
0 days 02:52:05.235000,22,12,+25.499,+3.183
0 days 02:52:08.017000,22,12,+25.509,+3.122
0 days 02:52:09.563000,22,12,+25.660,+3.113
0 days 02:52:15.298000,22,12,+25.969,+3.188
0 days 02:52:18.964000,22,12,+26.021,+3.193
0 days 02:52:22.571000,22,12,+26.268,+3.151
0 days 02:52:26.655000,22,12,+26.498,+3.243
0 days 02:52:31.891000,22,12,+26.840,+3.450
0 days 02:52:34.829000,22,12,+27.012,+3.411
0 days 02:52:36.901000,22,12,+27.060,+3.382
0 days 02:52:40.942000,22,12,+27.332,+3.389
0 days 02:52:44.545000,22,12,+27.423,+3.421
0 days 02:52:48.439000,22,12,+27.463,+3.399
0 days 02:52:52.567000,22,12,+27.464,+3.385
0 days 02:52:56.002000,22,12,+27.435,+3.341
0 days 02:53:00.525000,22,12,+27.874,+3.365
0 days 02:53:04.731000,22,12,+28.382,+3.402
0 days 02:53:11.525000,22,12,+28.792,+3.355
0 days 02:53:17.864000,22,12,+29.121,+3.533
0 days 02:53:21.796000,22,12,+29.392,+3.611
0 days 02:53:28.379000,22,12,+29.661,+3.456
0 days 02:53:30.601000,22,12,+29.767,+3.496
0 days 02:53:36.793000,22,12,+29.884,+3.382
0 days 00:00:04.219000,23,6,,
0 days 01:11:09.586000,23,6,+0.880,+0.312
0 days 01:11:12.013000,23,7,+0.880,+0.312
0 days 01:11:12.291000,23,8,+0.880,+0.312
0 days 01:11:12.317000,23,7,+0.880,+0.312
0 days 01:11:12.413000,23,7,+1.390,+0.147
0 days 01:11:19.901000,23,7,+2.478,+0.511
0 days 01:11:23.825000,23,7,+2.477,+0.553
0 days 01:11:28.058000,23,7,+2.885,+0.478
0 days 01:11:33.013000,23,7,+2.952,+0.264
0 days 01:11:39.573000,23,7,+3.498,+0.509
0 days 01:11:43.517000,23,7,+3.492,+0.414
0 days 01:11:45.986000,23,7,+3.574,+0.441
0 days 01:11:51.516000,23,7,+4.293,+0.351
0 days 01:11:55.476000,23,7,+4.284,+0.238
0 days 01:11:59.703000,23,7,+4.199,+0.114
0 days 01:12:03.901000,23,7,+4.144,+0.117
0 days 01:12:07.443000,23,7,+4.074,+0.181
0 days 01:12:13.602000,23,7,+5.440,+0.761
0 days 01:12:25.381000,23,7,+12.023,+1.300
0 days 01:12:39.026000,23,7,+12.075,+0.741
0 days 01:12:47.298000,23,7,+11.763,+1.030
0 days 01:12:53.387000,23,7,+13.385,+2.111
0 days 01:13:01.541000,23,7,+13.846,+2.139
0 days 01:13:04.939000,23,7,+14.328,+1.952
0 days 01:13:12.747000,23,7,+15.096,+1.540
0 days 01:13:16.341000,23,7,+15.750,+1.711
0 days 01:13:18.426000,23,7,+15.985,+1.653
0 days 01:13:25.048000,23,7,+13.990,+1.570
0 days 01:13:29.302000,23,7,+11.300,+1.738
0 days 01:13:33.959000,23,7,+9.599,+1.658
0 days 01:13:39.360000,23,7,+9.143,+1.352
0 days 01:13:47.688000,23,7,+8.199,+1.057
0 days 01:13:56.692000,23,7,+9.362,+0.824
0 days 01:14:05.842000,23,7,+10.721,+1.226
0 days 01:14:17.079000,23,7,+11.142,+1.143
0 days 01:14:23.647000,23,7,+11.706,+1.105
0 days 01:14:29.640000,23,7,+8.947,+0.433
0 days 01:14:36.267000,23,7,+8.450,+0.652
0 days 01:14:42.426000,23,7,+8.194,+0.821
0 days 01:14:49.458000,23,7,+7.742,+1.368
0 days 01:14:57.703000,23,7,+8.670,+1.131
0 days 01:15:09.766000,23,7,+9.653,+1.049
0 days 01:15:18.257000,23,7,+9.544,+1.048
0 days 01:15:23.350000,23,7,+8.984,+1.138
0 days 01:15:33.663000,23,7,+9.258,+1.314
0 days 01:16:08.628000,23,7,+12.714,+1.868
0 days 01:16:11.502000,23,7,+13.159,+2.081
0 days 01:16:19.568000,23,7,+12.259,+2.132
0 days 01:16:23.737000,23,7,+10.902,+2.122
0 days 01:16:28.844000,23,7,+10.860,+2.137
0 days 01:16:33.677000,23,7,+10.298,+2.002
0 days 01:16:40.222000,23,7,+8.742,+1.695
0 days 01:16:45.190000,23,7,+8.166,+1.031
0 days 01:16:51.029000,23,7,+8.108,+1.136
0 days 01:17:01.441000,23,7,+9.739,+0.992
0 days 01:17:06.409000,23,7,+8.454,+0.832
0 days 01:17:13.589000,23,7,+7.886,+0.659
0 days 01:17:20.491000,23,7,+8.367,+0.818
0 days 01:17:27.665000,23,7,+9.998,+2.309
0 days 01:17:34.174000,23,7,+9.461,+2.443
0 days 01:17:40.155000,23,7,+8.226,+1.276
0 days 01:17:51.141000,23,7,+9.597,+1.485
0 days 01:17:59.606000,23,7,+8.992,+1.020
0 days 01:18:04.586000,23,7,+8.407,+1.375
0 days 01:18:14.466000,23,7,+8.746,+1.551
0 days 01:18:53.573000,23,7,+15.440,+4.202
0 days 01:18:55.942000,23,7,+15.543,+3.897
0 days 01:19:03.595000,23,7,+14.649,+3.606
0 days 01:19:07.691000,23,7,+13.902,+3.144
0 days 01:19:11.917000,23,7,+12.958,+2.968
0 days 01:19:16.369000,23,7,+12.160,+2.674
0 days 01:19:22.533000,23,7,+10.568,+2.205
0 days 01:19:27.838000,23,7,+10.399,+1.744
0 days 01:19:34.129000,23,7,+10.722,+2.125
0 days 01:19:42.091000,23,7,+9.900,+1.631
0 days 01:19:47.569000,23,7,+8.524,+1.763
0 days 01:19:57.691000,23,7,+12.270,+0.911
0 days 01:20:03.920000,23,7,+11.857,+1.844
0 days 01:20:08.057000,23,7,+11.119,+2.134
0 days 01:20:13.387000,23,7,+8.840,+2.280
0 days 01:20:20.646000,23,7,+9.147,+1.248
0 days 01:20:31.191000,23,7,+10.290,+1.410
0 days 01:20:38.105000,23,7,+8.422,+0.755
0 days 01:20:42.956000,23,7,+7.693,+0.753
0 days 01:20:53.386000,23,7,+9.272,+0.921
0 days 01:21:27.864000,23,7,+14.108,+3.324
0 days 01:21:30.157000,23,7,+14.219,+3.263
0 days 01:21:37.594000,23,7,+13.866,+3.148
0 days 01:21:41.629000,23,7,+12.413,+3.145
0 days 01:21:45.423000,23,7,+11.597,+2.559
0 days 01:21:49.933000,23,7,+10.452,+2.094
0 days 01:21:57.562000,23,7,+10.265,+1.578
0 days 01:22:04.745000,23,7,+12.662,+3.246
0 days 01:22:09.870000,23,7,+11.695,+3.717
0 days 01:22:17.375000,23,7,+11.274,+2.954
0 days 01:22:23.346000,23,7,+11.040,+2.887
0 days 01:22:31.170000,23,7,+12.000,+0.720
0 days 01:22:36.793000,23,7,+11.436,+0.607
0 days 01:22:40.690000,23,7,+10.356,+0.704
0 days 01:22:46.016000,23,7,+8.554,+0.911
0 days 01:22:52.648000,23,7,+7.578,+1.363
0 days 01:23:03.685000,23,7,+9.811,+1.069
0 days 01:23:11.396000,23,7,+8.302,+1.010
0 days 01:23:16.045000,23,7,+8.034,+0.898
0 days 01:23:23.792000,23,7,+7.232,+0.866
0 days 01:23:27.077000,23,7,+7.044,+1.180
0 days 01:23:41.577000,23,7,+12.636,+2.617
0 days 01:23:45.036000,23,7,+11.262,+2.184
0 days 01:23:47.032000,23,7,+11.078,+1.693
0 days 01:23:53.311000,23,7,+8.894,+1.199
0 days 01:23:57.832000,23,7,+8.547,+1.114
0 days 01:24:02.610000,23,7,+8.075,+1.317
0 days 01:24:07.606000,23,7,+8.029,+1.199
0 days 01:24:15.389000,23,7,+7.650,+0.976
0 days 01:24:21.633000,23,7,+8.994,+1.193
0 days 01:24:25.235000,23,7,+8.639,+1.502
0 days 01:24:31.508000,23,7,+7.848,+1.335
0 days 01:24:38.520000,23,7,+8.324,+1.930
0 days 01:24:48.196000,23,7,+11.144,+2.099
0 days 01:24:55.323000,23,7,+11.189,+1.594
0 days 01:24:59.576000,23,7,+9.042,+1.652
0 days 01:25:04.709000,23,7,+6.973,+1.435
0 days 01:25:11.037000,23,7,+6.758,+1.053
0 days 01:25:21.558000,23,7,+8.023,+1.456
0 days 01:25:30.747000,23,7,+7.856,+1.374
0 days 01:25:35.969000,23,7,+7.566,+1.912
0 days 01:25:45.504000,23,7,+8.960,+1.427
0 days 01:25:48.555000,23,7,+8.949,+1.691
0 days 01:26:01.237000,23,7,+11.825,+2.848
0 days 01:26:04.427000,23,7,+11.940,+2.732
0 days 01:26:06.293000,23,7,+11.644,+2.639
0 days 01:26:12.373000,23,7,+9.606,+2.075
0 days 01:26:16.534000,23,7,+8.417,+0.655
0 days 01:26:21.197000,23,7,+8.045,+1.147
0 days 01:26:26.092000,23,7,+7.608,+1.278
0 days 01:26:33.870000,23,7,+7.462,+0.871
0 days 01:26:40.933000,23,7,+9.743,+1.307
0 days 01:26:44.533000,23,7,+9.752,+1.532
0 days 01:26:50.009000,23,7,+8.762,+1.843
0 days 01:26:56.257000,23,7,+9.384,+1.339
0 days 01:27:04.959000,23,7,+11.266,+2.070
0 days 01:27:10.134000,23,7,+10.956,+2.366
0 days 01:27:14.510000,23,7,+9.701,+1.299
0 days 01:27:20.818000,23,7,+9.571,+1.197
0 days 01:27:26.933000,23,7,+6.547,+0.770
0 days 01:27:42.556000,23,7,+4.322,+0.592
0 days 01:27:49.922000,23,7,+3.630,+0.470
0 days 01:27:54.092000,23,7,+3.703,+0.518
0 days 01:28:01.128000,23,7,+3.791,+0.439
0 days 01:28:03.819000,23,7,+3.870,+0.535
0 days 01:28:10.319000,23,7,+3.782,+0.462
0 days 01:28:13.136000,23,7,+3.770,+0.438
0 days 01:28:15.134000,23,7,+4.076,+0.441
0 days 01:28:21.266000,23,7,+4.002,+0.344
0 days 01:28:24.980000,23,7,+3.867,+0.295
0 days 01:28:28.922000,23,7,+4.116,+0.283
0 days 01:28:33.696000,23,7,+4.323,+0.399
0 days 01:28:39.671000,23,7,+4.547,+0.526
0 days 01:28:43.245000,23,7,+4.517,+0.607
0 days 01:28:45.507000,23,7,+4.448,+0.571
0 days 01:28:50.282000,23,7,+4.632,+0.627
0 days 01:28:54.225000,23,7,+4.555,+0.678
0 days 01:28:58.310000,23,7,+4.460,+0.606
0 days 01:29:02.395000,23,7,+4.348,+0.544
0 days 01:29:05.787000,23,7,+4.166,+0.504
0 days 01:29:10.576000,23,7,+4.371,+0.329
0 days 01:29:15.113000,23,7,+4.437,+0.337
0 days 01:29:22.311000,23,7,+4.958,+0.445
0 days 01:29:28.887000,23,7,+5.263,+0.362
0 days 01:29:32.879000,23,7,+5.587,+0.423
0 days 01:29:39.751000,23,7,+5.763,+0.466
0 days 01:29:42.253000,23,7,+5.844,+0.439
0 days 01:29:48.577000,23,7,+5.785,+0.279
0 days 01:29:51.407000,23,7,+5.771,+0.285
0 days 01:29:53.335000,23,7,+6.085,+0.409
0 days 01:29:59.333000,23,7,+6.051,+0.441
0 days 01:30:03.068000,23,7,+5.928,+0.427
0 days 01:30:06.936000,23,7,+6.170,+0.504
0 days 01:30:11.496000,23,7,+6.226,+0.551
0 days 01:30:17.312000,23,7,+6.317,+0.618
0 days 01:30:20.682000,23,7,+6.256,+0.661
0 days 01:30:22.883000,23,7,+6.240,+0.641
0 days 01:30:27.758000,23,7,+6.603,+0.753
0 days 01:30:31.353000,23,7,+6.531,+0.696
0 days 01:30:35.448000,23,7,+6.495,+0.669
0 days 01:30:39.466000,23,7,+6.377,+0.601
0 days 01:30:42.821000,23,7,+6.197,+0.545
0 days 01:30:47.512000,23,7,+6.317,+0.512
0 days 01:30:51.955000,23,7,+6.427,+0.606
0 days 01:30:58.968000,23,7,+6.719,+0.705
0 days 01:31:05.378000,23,7,+7.059,+0.851
0 days 01:31:09.393000,23,7,+7.400,+1.012
0 days 01:31:16.161000,23,7,+7.419,+1.149
0 days 01:31:18.579000,23,7,+7.439,+1.155
0 days 01:31:24.863000,23,7,+7.447,+1.170
0 days 01:31:27.714000,23,7,+7.441,+1.179
0 days 01:31:29.575000,23,7,+7.701,+1.241
0 days 01:31:35.284000,23,7,+7.794,+1.149
0 days 01:31:38.913000,23,7,+7.739,+1.110
0 days 01:31:42.750000,23,7,+8.085,+1.136
0 days 01:31:47.220000,23,7,+8.273,+1.066
0 days 01:31:52.913000,23,7,+8.418,+1.142
0 days 01:31:56.185000,23,7,+8.467,+1.112
0 days 01:31:58.358000,23,7,+8.451,+1.043
0 days 01:32:02.934000,23,7,+8.806,+1.207
0 days 01:32:06.574000,23,7,+8.883,+1.220
0 days 01:32:10.725000,23,7,+8.895,+1.210
0 days 01:32:14.724000,23,7,+8.817,+1.175
0 days 01:32:18.140000,23,7,+8.690,+1.130
0 days 01:32:22.827000,23,7,+8.991,+1.224
0 days 01:32:27.015000,23,7,+8.920,+1.221
0 days 01:32:33.939000,23,7,+9.185,+1.255
0 days 01:32:40.249000,23,7,+9.397,+1.276
0 days 01:32:44.099000,23,7,+9.603,+1.263
0 days 01:32:50.787000,23,7,+9.770,+1.265
0 days 01:32:53.127000,23,7,+9.808,+1.253
0 days 01:32:59.400000,23,7,+9.811,+1.231
0 days 01:33:02.152000,23,7,+9.756,+1.203
0 days 01:33:03.914000,23,7,+9.943,+1.231
0 days 01:33:09.568000,23,7,+9.930,+1.114
0 days 01:33:13.300000,23,7,+9.834,+1.089
0 days 01:33:17.072000,23,7,+10.145,+1.111
0 days 01:33:21.537000,23,7,+10.229,+1.065
0 days 01:33:27.145000,23,7,+10.362,+1.186
0 days 01:33:30.397000,23,7,+10.407,+1.185
0 days 01:33:32.613000,23,7,+10.386,+1.167
0 days 01:33:37.152000,23,7,+10.722,+1.260
0 days 01:33:40.869000,23,7,+10.786,+1.321
0 days 01:33:44.933000,23,7,+10.788,+1.328
0 days 01:33:49.013000,23,7,+10.701,+1.284
0 days 01:33:52.371000,23,7,+10.561,+1.231
0 days 01:33:57.025000,23,7,+10.875,+1.256
0 days 01:34:01.242000,23,7,+10.905,+1.331
0 days 01:34:08.094000,23,7,+11.136,+1.360
0 days 01:34:14.452000,23,7,+11.348,+1.335
0 days 01:34:18.274000,23,7,+11.555,+1.364
0 days 01:34:24.950000,23,7,+11.860,+1.332
0 days 01:34:27.258000,23,7,+11.828,+1.299
0 days 01:34:33.615000,23,7,+11.828,+1.301
0 days 01:34:36.454000,23,7,+11.782,+1.280
0 days 01:34:38.198000,23,7,+11.959,+1.275
0 days 01:34:43.837000,23,7,+11.850,+1.324
0 days 01:34:47.527000,23,7,+11.756,+1.324
0 days 01:34:51.312000,23,7,+12.067,+1.374
0 days 01:34:55.755000,23,7,+12.052,+1.360
0 days 01:35:01.355000,23,7,+12.300,+1.538
0 days 01:35:04.713000,23,7,+12.400,+1.678
0 days 01:35:06.899000,23,7,+12.398,+1.692
0 days 01:35:11.401000,23,7,+12.774,+1.839
0 days 01:35:15.101000,23,7,+12.802,+1.835
0 days 01:35:19.051000,23,7,+12.823,+1.823
0 days 01:35:23.138000,23,7,+12.739,+1.796
0 days 01:35:26.538000,23,7,+12.604,+1.770
0 days 01:35:31.165000,23,7,+12.948,+1.778
0 days 01:35:35.454000,23,7,+13.020,+1.860
0 days 01:35:42.245000,23,7,+13.319,+1.889
0 days 01:35:48.371000,23,7,+13.415,+1.763
0 days 01:35:52.117000,23,7,+13.581,+1.736
0 days 01:35:58.731000,23,7,+13.870,+1.757
0 days 01:36:01.023000,23,7,+13.795,+1.745
0 days 01:36:07.305000,23,7,+13.763,+1.741
0 days 01:36:10.057000,23,7,+13.697,+1.703
0 days 01:36:11.800000,23,7,+13.851,+1.728
0 days 01:36:17.389000,23,7,+13.793,+1.736
0 days 01:36:21.033000,23,7,+13.732,+1.721
0 days 01:36:24.681000,23,7,+13.816,+1.607
0 days 01:36:29.036000,23,7,+13.769,+1.548
0 days 01:36:34.587000,23,7,+13.926,+1.701
0 days 01:36:37.772000,23,7,+14.038,+1.717
0 days 01:36:39.938000,23,7,+14.042,+1.700
0 days 01:36:44.496000,23,7,+14.384,+1.858
0 days 01:36:48.063000,23,7,+14.418,+1.838
0 days 01:36:52.079000,23,7,+14.442,+1.829
0 days 01:36:56.157000,23,7,+14.380,+1.816
0 days 01:36:59.626000,23,7,+14.309,+1.840
0 days 01:37:04.340000,23,7,+14.766,+2.035
0 days 01:37:08.527000,23,7,+14.784,+1.985
0 days 01:37:15.270000,23,7,+14.992,+1.948
0 days 01:37:21.496000,23,7,+15.129,+1.943
0 days 01:37:25.196000,23,7,+15.196,+1.919
0 days 01:37:31.800000,23,7,+15.545,+2.042
0 days 01:37:34.157000,23,7,+15.606,+2.115
0 days 01:37:40.457000,23,7,+15.598,+2.132
0 days 01:37:43.250000,23,7,+15.547,+2.108
0 days 01:37:44.930000,23,7,+15.681,+2.186
0 days 01:37:50.457000,23,7,+15.586,+2.131
0 days 01:37:54.100000,23,7,+15.539,+2.106
0 days 01:37:57.628000,23,7,+15.604,+1.986
0 days 01:38:01.989000,23,7,+15.668,+2.029
0 days 01:38:07.477000,23,7,+15.858,+2.113
0 days 01:38:10.633000,23,7,+15.924,+2.062
0 days 01:38:12.741000,23,7,+15.927,+2.057
0 days 01:38:17.166000,23,7,+16.273,+2.133
0 days 01:38:20.753000,23,7,+16.349,+2.137
0 days 01:38:24.782000,23,7,+16.383,+2.125
0 days 01:38:28.872000,23,7,+16.305,+2.084
0 days 01:38:32.317000,23,7,+16.183,+2.072
0 days 01:38:36.889000,23,7,+16.383,+2.117
0 days 01:38:41.251000,23,7,+16.630,+2.360
0 days 01:38:48.083000,23,7,+16.947,+2.442
0 days 01:38:54.290000,23,7,+17.003,+2.372
0 days 01:38:58.001000,23,7,+17.144,+2.336
0 days 01:39:04.558000,23,7,+17.450,+2.387
0 days 01:39:06.877000,23,7,+17.480,+2.404
0 days 01:39:13.173000,23,7,+17.520,+2.415
0 days 01:39:16.014000,23,7,+17.490,+2.386
0 days 01:39:17.714000,23,7,+17.644,+2.392
0 days 01:39:23.346000,23,7,+17.678,+2.549
0 days 01:39:27.001000,23,7,+17.656,+2.570
0 days 01:39:30.653000,23,7,+17.822,+2.669
0 days 01:39:35.032000,23,7,+17.897,+2.630
0 days 01:39:40.340000,23,7,+18.010,+2.697
0 days 01:39:43.471000,23,7,+18.075,+2.545
0 days 01:39:45.576000,23,7,+18.090,+2.518
0 days 01:39:50.089000,23,7,+18.560,+2.647
0 days 01:39:53.701000,23,7,+18.626,+2.628
0 days 01:39:57.716000,23,7,+18.654,+2.608
0 days 01:40:01.831000,23,7,+18.602,+2.596
0 days 01:40:05.283000,23,7,+18.566,+2.642
0 days 01:40:09.940000,23,7,+18.998,+2.685
0 days 01:40:14.285000,23,7,+19.206,+2.788
0 days 01:40:20.932000,23,7,+19.279,+2.633
0 days 01:40:27.239000,23,7,+19.560,+2.781
0 days 01:40:30.872000,23,7,+19.652,+2.629
0 days 01:40:37.320000,23,7,+20.002,+2.575
0 days 01:40:39.584000,23,7,+20.007,+2.579
0 days 01:40:45.881000,23,7,+20.027,+2.603
0 days 01:40:48.703000,23,7,+19.984,+2.593
0 days 01:40:50.434000,23,7,+20.122,+2.638
0 days 01:40:56.053000,23,7,+20.197,+2.649
0 days 01:40:59.585000,23,7,+20.207,+2.639
0 days 01:41:03.268000,23,7,+20.404,+2.667
0 days 01:41:07.527000,23,7,+20.460,+2.609
0 days 01:41:13.079000,23,7,+20.806,+2.744
0 days 01:41:16.192000,23,7,+20.816,+2.678
0 days 01:41:18.341000,23,7,+20.816,+2.647
0 days 01:41:22.802000,23,7,+21.176,+2.816
0 days 01:41:26.302000,23,7,+21.242,+2.850
0 days 01:41:30.358000,23,7,+21.295,+2.843
0 days 01:41:34.433000,23,7,+21.243,+2.825
0 days 01:41:37.933000,23,7,+21.203,+2.859
0 days 01:41:42.529000,23,7,+21.589,+2.960
0 days 01:41:46.721000,23,7,+21.742,+3.029
0 days 01:41:53.423000,23,7,+21.961,+2.994
0 days 01:41:59.707000,23,7,+22.167,+2.967
0 days 01:42:03.335000,23,7,+22.248,+2.855
0 days 01:42:09.784000,23,7,+22.512,+2.899
0 days 01:42:12.096000,23,7,+22.495,+2.912
0 days 01:42:18.373000,23,7,+22.539,+2.934
0 days 01:42:21.141000,23,7,+22.503,+2.915
0 days 01:42:22.859000,23,7,+22.675,+3.008
0 days 01:42:28.437000,23,7,+22.694,+2.987
0 days 01:42:32.070000,23,7,+22.663,+2.969
0 days 01:42:35.543000,23,7,+22.735,+2.908
0 days 01:42:40.004000,23,7,+22.806,+2.950
0 days 01:42:45.365000,23,7,+22.966,+3.034
0 days 01:42:48.502000,23,7,+23.087,+3.046
0 days 01:42:50.605000,23,7,+23.110,+3.034
0 days 01:42:55.057000,23,7,+23.591,+3.224
0 days 01:42:58.634000,23,7,+23.667,+3.248
0 days 01:43:02.681000,23,7,+23.719,+3.250
0 days 01:43:06.787000,23,7,+23.677,+3.237
0 days 01:43:10.246000,23,7,+23.658,+3.264
0 days 01:43:14.842000,23,7,+24.111,+3.312
0 days 01:43:19.287000,23,7,+24.404,+3.440
0 days 01:43:26.068000,23,7,+24.593,+3.394
0 days 01:43:32.581000,23,7,+24.952,+3.527
0 days 01:43:36.189000,23,7,+25.007,+3.318
0 days 01:43:42.900000,23,7,+25.442,+3.392
0 days 01:43:45.173000,23,7,+25.372,+3.376
0 days 01:43:51.442000,23,7,+25.363,+3.377
0 days 01:43:54.244000,23,7,+25.329,+3.355
0 days 01:43:55.957000,23,7,+25.518,+3.338
0 days 01:44:01.584000,23,7,+25.672,+3.265
0 days 01:44:05.229000,23,7,+25.668,+3.231
0 days 01:44:08.920000,23,7,+25.785,+3.124
0 days 01:44:13.255000,23,7,+25.972,+3.139
0 days 01:44:18.817000,23,7,+26.158,+3.174
0 days 01:44:21.838000,23,7,+26.318,+3.092
0 days 01:44:23.963000,23,7,+26.334,+3.053
0 days 01:44:28.359000,23,7,+26.753,+3.081
0 days 01:44:31.946000,23,7,+26.863,+3.078
0 days 01:44:36.051000,23,7,+26.917,+3.065
0 days 01:44:40.028000,23,7,+26.853,+3.019
0 days 01:44:43.433000,23,7,+26.773,+2.993
0 days 01:44:48.055000,23,7,+27.149,+2.981
0 days 01:44:52.343000,23,7,+27.275,+3.052
0 days 01:44:58.957000,23,7,+27.320,+2.904
0 days 01:45:05.381000,23,7,+27.628,+2.991
0 days 01:45:09.049000,23,7,+27.790,+2.719
0 days 01:45:15.812000,23,7,+28.214,+2.870
0 days 01:45:18.169000,23,7,+28.196,+2.909
0 days 01:45:24.426000,23,7,+28.198,+2.914
0 days 01:45:27.234000,23,7,+28.170,+2.863
0 days 01:45:28.961000,23,7,+28.372,+2.797
0 days 01:45:34.646000,23,7,+28.527,+2.677
0 days 01:45:38.260000,23,7,+28.535,+2.634
0 days 01:45:42.094000,23,7,+28.831,+2.676
0 days 01:45:46.534000,23,7,+29.093,+2.754
0 days 01:45:52.120000,23,7,+29.289,+2.879
0 days 01:45:55.161000,23,7,+29.410,+2.810
0 days 01:45:57.271000,23,7,+29.424,+2.783
0 days 01:46:01.687000,23,7,+29.847,+2.888
0 days 01:46:05.238000,23,7,+29.924,+2.889
0 days 01:46:09.236000,23,7,+29.972,+2.874
0 days 01:46:13.311000,23,7,+29.905,+2.842
0 days 01:46:16.745000,23,7,+29.834,+2.815
0 days 01:46:21.272000,23,7,+30.108,+2.747
0 days 01:46:25.462000,23,7,+29.999,+2.752
0 days 01:46:32.156000,23,7,+30.064,+2.664
0 days 01:46:38.396000,23,7,+30.207,+2.594
0 days 01:46:42.044000,23,7,+30.297,+2.313
0 days 01:46:48.846000,23,7,+30.645,+2.370
0 days 01:46:51.187000,23,7,+30.673,+2.459
0 days 01:46:57.549000,23,7,+30.698,+2.469
0 days 01:47:00.319000,23,7,+30.666,+2.425
0 days 01:47:01.958000,23,7,+30.892,+2.382
0 days 01:47:07.451000,23,7,+30.591,+2.061
0 days 01:47:11.135000,23,7,+30.502,+2.014
0 days 01:47:14.818000,23,7,+30.683,+1.998
0 days 01:47:19.225000,23,7,+30.811,+2.083
0 days 01:47:24.784000,23,7,+30.981,+2.222
0 days 01:47:27.905000,23,7,+31.013,+2.191
0 days 01:47:29.944000,23,7,+31.005,+2.173
0 days 01:47:34.224000,23,7,+31.255,+2.245
0 days 01:47:37.721000,23,7,+31.294,+2.237
0 days 01:47:41.736000,23,7,+31.335,+2.215
0 days 01:47:45.792000,23,7,+31.252,+2.168
0 days 01:47:49.206000,23,7,+31.171,+2.131
0 days 01:47:53.705000,23,7,+31.425,+2.150
0 days 01:47:57.921000,23,7,+31.521,+2.256
0 days 01:48:04.591000,23,7,+31.691,+2.231
0 days 01:48:10.982000,23,7,+31.984,+2.379
0 days 01:48:14.580000,23,7,+32.075,+2.226
0 days 01:48:21.282000,23,7,+32.272,+2.256
0 days 01:48:23.560000,23,7,+32.285,+2.256
0 days 01:48:29.809000,23,7,+32.344,+2.276
0 days 01:48:32.763000,23,7,+32.306,+2.238
0 days 01:48:34.257000,23,7,+32.426,+2.207
0 days 01:48:39.758000,23,7,+32.498,+2.145
0 days 01:48:43.424000,23,7,+32.506,+2.138
0 days 01:48:47.203000,23,7,+32.775,+2.161
0 days 01:48:51.530000,23,7,+32.974,+2.166
0 days 01:48:57.048000,23,7,+33.059,+2.364
0 days 01:49:00.017000,23,7,+33.113,+2.251
0 days 01:49:02.127000,23,7,+33.113,+2.213
0 days 01:49:06.522000,23,7,+33.525,+2.361
0 days 01:49:10.023000,23,7,+33.598,+2.364
0 days 01:49:14.045000,23,7,+33.639,+2.350
0 days 01:49:18.121000,23,7,+33.570,+2.295
0 days 01:49:21.536000,23,7,+33.500,+2.250
0 days 01:49:25.924000,23,7,+33.717,+2.133
0 days 01:49:30.136000,23,7,+33.696,+2.184
0 days 01:49:36.822000,23,7,+33.842,+2.215
0 days 01:49:43.172000,23,7,+33.920,+2.299
0 days 01:49:46.735000,23,7,+33.982,+2.231
0 days 01:49:53.306000,23,7,+34.152,+2.242
0 days 01:49:55.745000,23,7,+34.126,+2.292
0 days 01:50:01.945000,23,7,+34.146,+2.300
0 days 01:50:04.647000,23,7,+34.091,+2.251
0 days 01:50:06.331000,23,7,+34.155,+2.178
0 days 01:50:11.781000,23,7,+34.263,+2.190
0 days 01:50:15.459000,23,7,+34.256,+2.172
0 days 01:50:19.045000,23,7,+34.337,+2.115
0 days 01:50:23.465000,23,7,+34.547,+2.202
0 days 01:50:29.020000,23,7,+34.758,+2.452
0 days 01:50:32.008000,23,7,+34.766,+2.418
0 days 01:50:34.079000,23,7,+34.750,+2.400
0 days 01:50:38.418000,23,7,+35.061,+2.489
0 days 01:50:41.888000,23,7,+35.136,+2.501
0 days 01:50:45.889000,23,7,+35.178,+2.483
0 days 01:50:49.961000,23,7,+35.133,+2.443
0 days 01:50:53.373000,23,7,+35.066,+2.407
0 days 01:50:57.818000,23,7,+35.251,+2.356
0 days 01:51:01.987000,23,7,+35.143,+2.422
0 days 01:51:08.665000,23,7,+35.235,+2.413
0 days 01:51:15.022000,23,7,+35.430,+2.593
0 days 01:51:18.698000,23,7,+35.571,+2.602
0 days 01:51:25.381000,23,7,+35.860,+2.743
0 days 01:51:27.678000,23,7,+35.866,+2.785
0 days 01:51:33.963000,23,7,+35.899,+2.786
0 days 01:51:36.709000,23,7,+35.868,+2.748
0 days 01:51:38.309000,23,7,+35.987,+2.720
0 days 01:51:44.119000,23,7,+36.143,+2.785
0 days 01:51:47.623000,23,7,+36.145,+2.776
0 days 01:51:51.264000,23,7,+36.354,+2.803
0 days 01:51:55.660000,23,7,+36.553,+2.829
0 days 01:52:01.307000,23,7,+36.718,+3.046
0 days 01:52:04.190000,23,7,+36.726,+2.988
0 days 01:52:06.331000,23,7,+36.709,+2.953
0 days 01:52:10.588000,23,7,+37.007,+3.029
0 days 01:52:14.019000,23,7,+37.050,+3.016
0 days 01:52:18.020000,23,7,+37.089,+2.997
0 days 01:52:22.122000,23,7,+37.031,+2.949
0 days 01:52:25.508000,23,7,+36.966,+2.913
0 days 01:52:30.059000,23,7,+37.192,+2.797
0 days 01:52:34.046000,23,7,+37.154,+2.800
0 days 01:52:40.753000,23,7,+37.348,+2.786
0 days 01:52:46.964000,23,7,+37.384,+2.816
0 days 01:52:50.461000,23,7,+37.436,+2.682
0 days 01:52:57.141000,23,7,+37.728,+2.837
0 days 01:52:59.504000,23,7,+37.710,+2.771
0 days 01:53:05.651000,23,7,+37.727,+2.743
0 days 01:53:08.447000,23,7,+37.696,+2.696
0 days 01:53:10.086000,23,7,+37.801,+2.673
0 days 01:53:15.623000,23,7,+38.016,+2.689
0 days 01:53:19.268000,23,7,+38.032,+2.665
0 days 01:53:22.835000,23,7,+38.161,+2.661
0 days 01:53:27.286000,23,7,+38.334,+2.724
0 days 01:53:32.735000,23,7,+38.390,+2.854
0 days 01:53:35.825000,23,7,+38.525,+2.910
0 days 01:53:37.908000,23,7,+38.569,+2.935
0 days 01:53:42.177000,23,7,+38.913,+3.021
0 days 01:53:45.649000,23,7,+38.972,+3.015
0 days 01:53:49.648000,23,7,+39.002,+2.996
0 days 01:53:53.701000,23,7,+38.949,+2.938
0 days 01:53:57.090000,23,7,+38.905,+2.913
0 days 01:54:01.648000,23,7,+39.157,+2.900
0 days 01:54:05.710000,23,7,+39.093,+2.937
0 days 01:54:12.363000,23,7,+39.165,+2.911
0 days 01:54:18.935000,23,7,+39.687,+3.287
0 days 01:54:22.404000,23,7,+39.695,+3.129
0 days 01:54:29.141000,23,7,+39.978,+3.293
0 days 01:54:31.361000,23,7,+39.923,+3.240
0 days 01:54:37.566000,23,7,+39.908,+3.231
0 days 01:54:40.318000,23,7,+39.871,+3.190
0 days 01:54:41.968000,23,7,+39.966,+3.219
0 days 01:54:47.405000,23,7,+39.974,+3.173
0 days 01:54:51.049000,23,7,+39.955,+3.163
0 days 01:54:54.586000,23,7,+39.931,+3.137
0 days 01:54:58.943000,23,7,+40.109,+3.143
0 days 01:55:04.366000,23,7,+40.132,+3.241
0 days 01:55:07.462000,23,7,+40.237,+3.235
0 days 01:55:09.491000,23,7,+40.249,+3.221
0 days 01:55:13.722000,23,7,+40.593,+3.220
0 days 01:55:17.236000,23,7,+40.632,+3.167
0 days 01:55:21.210000,23,7,+40.677,+3.137
0 days 01:55:25.266000,23,7,+40.634,+3.081
0 days 01:55:28.783000,23,7,+40.584,+3.043
0 days 01:55:32.954000,23,7,+40.646,+2.861
0 days 01:55:36.987000,23,7,+40.601,+2.841
0 days 01:55:43.580000,23,7,+40.664,+2.801
0 days 01:55:49.856000,23,7,+40.888,+2.892
0 days 01:55:53.442000,23,7,+41.026,+2.830
0 days 01:55:59.982000,23,7,+41.209,+2.751
0 days 01:56:02.325000,23,7,+41.300,+2.837
0 days 01:56:08.526000,23,7,+41.321,+2.865
0 days 01:56:11.345000,23,7,+41.301,+2.828
0 days 01:56:12.962000,23,7,+41.427,+2.815
0 days 01:56:18.573000,23,7,+41.739,+2.903
0 days 01:56:22.209000,23,7,+41.774,+2.891
0 days 01:56:25.812000,23,7,+41.875,+2.888
0 days 01:56:30.233000,23,7,+42.114,+3.033
0 days 01:56:35.734000,23,7,+42.232,+3.280
0 days 01:56:38.849000,23,7,+42.253,+3.235
0 days 01:56:40.809000,23,7,+42.249,+3.201
0 days 01:56:45.071000,23,7,+42.600,+3.372
0 days 01:56:48.610000,23,7,+42.689,+3.392
0 days 01:56:52.540000,23,7,+42.733,+3.371
0 days 01:56:56.722000,23,7,+42.665,+3.318
0 days 01:56:59.966000,23,7,+42.592,+3.269
0 days 01:57:04.362000,23,7,+42.748,+3.130
0 days 01:57:08.391000,23,7,+42.676,+3.091
0 days 01:57:14.970000,23,7,+42.791,+2.968
0 days 01:57:21.174000,23,7,+42.922,+2.992
0 days 01:57:24.724000,23,7,+43.088,+2.864
0 days 01:57:31.387000,23,7,+43.434,+2.957
0 days 01:57:33.622000,23,7,+43.431,+2.961
0 days 01:57:39.862000,23,7,+43.470,+2.969
0 days 01:57:42.649000,23,7,+43.443,+2.922
0 days 01:57:44.269000,23,7,+43.573,+2.901
0 days 01:57:49.622000,23,7,+43.521,+2.785
0 days 01:57:53.235000,23,7,+43.481,+2.755
0 days 01:57:56.782000,23,7,+43.525,+2.638
0 days 01:58:01.112000,23,7,+43.626,+2.723
0 days 01:58:06.614000,23,7,+43.780,+2.890
0 days 01:58:09.597000,23,7,+43.828,+2.827
0 days 01:58:11.622000,23,7,+43.829,+2.798
0 days 01:58:15.869000,23,7,+44.174,+2.887
0 days 01:58:19.341000,23,7,+44.244,+2.884
0 days 01:58:23.341000,23,7,+44.293,+2.863
0 days 01:58:27.366000,23,7,+44.247,+2.802
0 days 01:58:30.763000,23,7,+44.199,+2.767
0 days 01:58:35.063000,23,7,+44.335,+2.508
0 days 01:58:39.108000,23,7,+44.384,+2.543
0 days 01:58:45.568000,23,7,+44.361,+2.488
0 days 01:58:51.763000,23,7,+44.416,+2.470
0 days 01:58:55.211000,23,7,+44.425,+2.245
0 days 01:59:01.850000,23,7,+44.657,+2.306
0 days 01:59:04.124000,23,7,+44.687,+2.365
0 days 01:59:10.293000,23,7,+44.672,+2.355
0 days 01:59:13.089000,23,7,+44.645,+2.304
0 days 01:59:14.650000,23,7,+44.684,+2.252
0 days 01:59:20.069000,23,7,+44.808,+2.325
0 days 01:59:23.712000,23,7,+44.828,+2.314
0 days 01:59:27.311000,23,7,+44.927,+2.250
0 days 01:59:31.667000,23,7,+44.966,+2.301
0 days 01:59:37.108000,23,7,+45.098,+2.452
0 days 01:59:40.165000,23,7,+45.188,+2.471
0 days 01:59:42.111000,23,7,+45.193,+2.447
0 days 01:59:46.302000,23,7,+45.499,+2.578
0 days 01:59:49.759000,23,7,+45.486,+2.594
0 days 01:59:53.744000,23,7,+45.497,+2.575
0 days 01:59:57.786000,23,7,+45.464,+2.520
0 days 02:00:01.216000,23,7,+45.433,+2.476
0 days 02:00:05.439000,23,7,+45.508,+2.287
0 days 02:00:09.514000,23,7,+45.539,+2.312
0 days 02:00:16.015000,23,7,+45.562,+2.176
0 days 02:00:22.211000,23,7,+45.659,+2.195
0 days 02:00:25.784000,23,7,+45.784,+1.991
0 days 02:00:32.228000,23,7,+45.947,+2.034
0 days 02:00:34.478000,23,7,+45.893,+1.993
0 days 02:00:40.644000,23,7,+45.907,+1.978
0 days 02:00:43.394000,23,7,+45.879,+1.921
0 days 02:00:45.059000,23,7,+45.967,+1.935
0 days 02:00:50.196000,23,7,+45.964,+1.823
0 days 02:00:53.751000,23,7,+45.978,+1.775
0 days 02:00:57.302000,23,7,+46.090,+1.756
0 days 02:01:01.576000,23,7,+46.207,+1.779
0 days 02:01:07.067000,23,7,+46.406,+1.896
0 days 02:01:10.029000,23,7,+46.473,+1.855
0 days 02:01:12.128000,23,7,+46.483,+1.824
0 days 02:01:16.281000,23,7,+46.720,+2.003
0 days 02:01:19.785000,23,7,+46.714,+2.022
0 days 02:01:23.795000,23,7,+46.743,+2.001
0 days 02:01:27.793000,23,7,+46.822,+1.950
0 days 02:01:31.209000,23,7,+46.931,+1.894
0 days 02:01:35.575000,23,7,+47.174,+1.841
0 days 02:01:39.526000,23,7,+47.207,+1.829
0 days 02:01:46.098000,23,7,+47.419,+1.828
0 days 02:01:52.289000,23,7,+47.459,+1.909
0 days 02:01:55.709000,23,7,+47.604,+1.750
0 days 02:02:02.184000,23,7,+47.654,+1.850
0 days 02:02:04.478000,23,7,+47.592,+1.963
0 days 02:02:10.748000,23,7,+47.573,+1.970
0 days 02:02:13.471000,23,7,+47.572,+1.928
0 days 02:02:15.043000,23,7,+47.683,+1.931
0 days 02:02:20.234000,23,7,+47.515,+1.819
0 days 02:02:23.785000,23,7,+47.464,+1.775
0 days 02:02:27.271000,23,7,+47.454,+1.763
0 days 02:02:31.466000,23,7,+47.482,+1.683
0 days 02:02:36.928000,23,7,+47.645,+1.893
0 days 02:02:39.852000,23,7,+47.704,+1.930
0 days 02:02:41.870000,23,7,+47.695,+1.929
0 days 02:02:45.927000,23,7,+47.942,+2.012
0 days 02:02:49.365000,23,7,+47.992,+2.004
0 days 02:02:53.357000,23,7,+48.010,+1.981
0 days 02:02:57.414000,23,7,+47.977,+1.931
0 days 02:03:00.795000,23,7,+47.935,+1.879
0 days 02:03:05.068000,23,7,+48.164,+1.757
0 days 02:03:09.071000,23,7,+48.343,+1.704
0 days 02:03:15.717000,23,7,+48.483,+1.599
0 days 02:03:21.810000,23,7,+48.624,+1.481
0 days 02:03:25.234000,23,7,+48.768,+1.213
0 days 02:03:31.754000,23,7,+48.984,+1.334
0 days 02:03:34.183000,23,7,+49.151,+1.463
0 days 02:03:40.281000,23,7,+49.169,+1.414
0 days 02:03:43.066000,23,7,+49.152,+1.366
0 days 02:03:44.631000,23,7,+49.248,+1.322
0 days 02:03:50.098000,23,7,+49.514,+1.451
0 days 02:03:53.667000,23,7,+49.545,+1.457
0 days 02:03:57.110000,23,7,+49.568,+1.344
0 days 02:04:01.399000,23,7,+49.674,+1.439
0 days 02:04:06.913000,23,7,+49.788,+1.562
0 days 02:04:09.746000,23,7,+49.845,+1.565
0 days 02:04:11.814000,23,7,+49.862,+1.566
0 days 02:04:15.953000,23,7,+50.140,+1.685
0 days 02:04:19.452000,23,7,+50.213,+1.711
0 days 02:04:23.472000,23,7,+50.250,+1.703
0 days 02:04:27.553000,23,7,+50.195,+1.635
0 days 02:04:30.911000,23,7,+50.148,+1.575
0 days 02:04:35.171000,23,7,+50.379,+1.441
0 days 02:04:39.277000,23,7,+50.578,+1.531
0 days 02:04:45.773000,23,7,+50.783,+1.458
0 days 02:04:52.020000,23,7,+51.002,+1.494
0 days 02:04:55.353000,23,7,+51.147,+1.301
0 days 02:05:01.827000,23,7,+51.393,+1.402
0 days 02:05:04.180000,23,7,+51.509,+1.424
0 days 02:05:10.345000,23,7,+51.527,+1.385
0 days 02:05:13.170000,23,7,+51.539,+1.337
0 days 02:05:14.690000,23,7,+51.633,+1.270
0 days 02:05:20.264000,23,7,+52.037,+1.526
0 days 02:05:23.914000,23,7,+52.106,+1.570
0 days 02:05:27.394000,23,7,+52.217,+1.490
0 days 02:05:31.670000,23,7,+52.327,+1.552
0 days 02:05:37.053000,23,7,+52.478,+1.598
0 days 02:05:39.956000,23,7,+52.491,+1.559
0 days 02:05:42.053000,23,7,+52.508,+1.544
0 days 02:05:46.180000,23,7,+52.751,+1.704
0 days 02:05:49.672000,23,7,+52.807,+1.688
0 days 02:05:53.604000,23,7,+52.831,+1.646
0 days 02:05:57.686000,23,7,+52.822,+1.578
0 days 02:06:01.142000,23,7,+52.820,+1.522
0 days 02:06:05.446000,23,7,+53.075,+1.454
0 days 02:06:09.468000,23,7,+53.249,+1.497
0 days 02:06:16.064000,23,7,+53.432,+1.508
0 days 02:06:22.166000,23,7,+53.580,+1.561
0 days 02:06:25.536000,23,7,+53.663,+1.252
0 days 02:06:31.968000,23,7,+53.828,+1.076
0 days 02:06:34.322000,23,7,+53.868,+1.147
0 days 02:06:40.549000,23,7,+53.913,+1.079
0 days 02:06:43.354000,23,7,+53.943,+1.019
0 days 02:06:44.929000,23,7,+54.029,+0.998
0 days 02:06:50.154000,23,7,+53.891,+0.992
0 days 02:06:53.771000,23,7,+53.883,+0.984
0 days 02:06:57.300000,23,7,+54.040,+0.983
0 days 02:07:01.571000,23,7,+54.197,+1.047
0 days 02:07:06.954000,23,7,+54.429,+1.068
0 days 02:07:09.915000,23,7,+54.484,+1.019
0 days 02:07:12.015000,23,7,+54.501,+1.003
0 days 02:07:16.139000,23,7,+54.679,+1.076
0 days 02:07:19.567000,23,7,+54.739,+1.067
0 days 02:07:23.568000,23,7,+54.773,+1.038
0 days 02:07:27.572000,23,7,+54.729,+0.974
0 days 02:07:30.972000,23,7,+54.672,+0.908
0 days 02:07:35.302000,23,7,+54.968,+0.897
0 days 02:07:39.296000,23,7,+55.102,+0.911
0 days 02:07:45.969000,23,7,+55.502,+0.996
0 days 02:07:53.609000,23,7,+56.946,+1.617
0 days 02:07:59.509000,23,7,+59.697,+1.861
0 days 02:08:06.546000,23,7,+60.746,+1.260
0 days 02:08:38.404000,23,7,+81.465,+0.705
0 days 02:08:42.320000,23,7,+83.493,+0.851
0 days 02:08:51.443000,23,7,+88.015,+1.279
0 days 02:08:57.131000,23,7,+90.245,+0.690
0 days 02:09:03.171000,23,7,+92.915,+0.918
0 days 02:09:08.455000,23,7,+94.216,+1.037
0 days 02:09:15.869000,23,7,+96.267,+0.949
0 days 02:09:21.250000,23,7,+98.544,+0.745
0 days 02:09:25.257000,23,7,+100.542,+0.885
0 days 02:09:33.714000,23,7,+105.082,+0.810
0 days 02:09:43.383000,23,7,+107.804,+0.793
0 days 02:09:52.956000,23,7,+111.782,+0.483
0 days 02:10:01.292000,23,7,+114.341,+0.669
0 days 02:10:08.518000,23,7,+115.397,+0.646
0 days 02:10:16.563000,23,7,+118.556,+0.593
0 days 02:10:22.473000,23,7,+119.608,+0.499
0 days 02:10:30.756000,23,7,+118.432,+0.925
0 days 02:10:37.694000,23,7,+117.484,+1.101
0 days 02:10:42,23,7,+117.129,+1.186
0 days 02:10:48.936000,23,7,+116.476,+1.257
0 days 02:10:51.701000,23,7,+116.476,+1.391
0 days 02:10:58.170000,23,7,+101.796,+1.268
0 days 02:11:01.119000,23,7,+97.445,+1.082
0 days 02:11:03.099000,23,7,+97.025,+1.119
0 days 02:11:09.471000,23,7,+94.989,+1.164
0 days 02:11:13.442000,23,7,+94.781,+1.241
0 days 02:11:17.492000,23,7,+94.707,+1.206
0 days 02:11:21.819000,23,7,+93.021,+1.078
0 days 02:11:27.419000,23,7,+91.250,+0.861
0 days 02:11:30.869000,23,7,+90.803,+0.710
0 days 02:11:33.176000,23,7,+90.620,+0.722
0 days 02:11:38.404000,23,7,+90.181,+1.007
0 days 02:11:45.274000,23,7,+88.888,+2.227
0 days 02:11:52.074000,23,7,+87.693,+3.327
0 days 02:11:56.634000,23,7,+86.366,+3.196
0 days 02:12:00.242000,23,7,+84.807,+3.046
0 days 02:12:05.098000,23,7,+85.047,+2.817
0 days 02:12:09.338000,23,7,+85.097,+2.618
0 days 02:12:16.470000,23,7,+85.569,+2.724
0 days 02:12:22.718000,23,7,+85.844,+2.645
0 days 02:12:26.520000,23,7,+83.693,+2.584
0 days 02:12:32.909000,23,7,+82.037,+2.485
0 days 02:12:35.035000,23,7,+81.731,+2.367
0 days 02:12:41.174000,23,7,+81.327,+1.885
0 days 02:12:44.032000,23,7,+77.931,+1.694
0 days 02:12:45.918000,23,7,+77.834,+1.748
0 days 02:12:51.715000,23,7,+77.092,+2.031
0 days 02:12:55.676000,23,7,+74.459,+2.244
0 days 02:12:59.390000,23,7,+74.167,+2.317
0 days 02:13:03.304000,23,7,+73.883,+2.062
0 days 02:13:08.336000,23,7,+70.985,+1.948
0 days 02:13:11.419000,23,7,+68.772,+1.712
0 days 02:13:13.631000,23,7,+67.311,+1.618
0 days 02:13:19.669000,23,7,+67.208,+3.290
0 days 02:13:28.918000,23,7,+68.042,+6.432
0 days 02:13:36.785000,23,7,+67.892,+7.561
0 days 02:13:41.415000,23,7,+65.772,+6.735
0 days 02:13:45.082000,23,7,+63.648,+6.481
0 days 02:13:49.606000,23,7,+62.276,+6.313
0 days 02:13:53.700000,23,7,+59.367,+6.389
0 days 02:14:00.519000,23,7,+57.405,+6.345
0 days 02:14:06.219000,23,7,+55.037,+6.117
0 days 02:14:09.736000,23,7,+53.321,+5.953
0 days 02:14:15.858000,23,7,+51.410,+5.673
0 days 02:14:17.918000,23,7,+50.199,+5.645
0 days 02:14:23.877000,23,7,+47.189,+5.264
0 days 02:14:26.750000,23,7,+46.441,+5.067
0 days 02:14:28.516000,23,7,+46.304,+5.153
0 days 02:14:33.971000,23,7,+43.726,+5.179
0 days 02:14:37.673000,23,7,+42.478,+5.276
0 days 02:14:41.309000,23,7,+41.282,+5.367
0 days 02:14:45.267000,23,7,+40.383,+5.301
0 days 02:14:50.264000,23,7,+38.104,+5.225
0 days 02:14:54.034000,23,7,+36.468,+5.789
0 days 02:14:56.822000,23,7,+36.045,+6.253
0 days 02:15:02.948000,23,7,+32.794,+7.939
0 days 02:15:11.882000,23,7,+30.423,+10.111
0 days 02:15:17.949000,23,7,+28.072,+7.945
0 days 02:15:22.437000,23,7,+25.750,+7.375
0 days 02:15:26.104000,23,7,+23.805,+7.157
0 days 02:15:30.402000,23,7,+17.869,+6.190
0 days 02:15:37.477000,23,7,+15.172,+2.041
0 days 02:15:50.485000,23,7,+13.531,+1.129
0 days 02:15:57.784000,23,7,+11.571,+0.545
0 days 02:16:03.804000,23,7,+11.412,+1.153
0 days 02:16:15.140000,23,7,+14.119,+0.701
0 days 02:16:18.259000,23,7,+13.621,+0.915
0 days 02:16:31.190000,23,7,+17.535,+0.809
0 days 02:16:34.521000,23,7,+16.887,+0.876
0 days 02:16:36.675000,23,7,+16.370,+0.874
0 days 02:16:43.177000,23,7,+15.293,+1.649
0 days 02:16:47.134000,23,7,+13.999,+1.926
0 days 02:16:50.778000,23,7,+13.066,+1.599
0 days 02:16:54.736000,23,7,+12.106,+0.931
0 days 02:17:00.223000,23,7,+10.110,+0.635
0 days 02:17:05.860000,23,7,+11.293,+1.341
0 days 02:17:10.279000,23,7,+11.407,+1.609
0 days 02:17:19.452000,23,7,+11.458,+1.319
0 days 02:17:32.104000,23,7,+13.757,+1.439
0 days 02:17:40.348000,23,7,+12.372,+0.594
0 days 02:17:45.928000,23,7,+11.143,+0.749
0 days 02:17:50.588000,23,7,+10.458,+0.742
0 days 02:17:57.952000,23,7,+11.732,+1.349
0 days 02:18:03.313000,23,7,+10.603,+0.886
0 days 02:18:15.474000,23,7,+13.465,+1.498
0 days 02:18:22.375000,23,7,+12.492,+1.354
0 days 02:18:26.560000,23,7,+10.985,+1.399
0 days 02:18:34.278000,23,7,+11.227,+1.018
0 days 02:18:36.654000,23,7,+9.922,+1.034
0 days 02:18:50.326000,23,7,+15.652,+0.715
0 days 02:18:53.933000,23,7,+14.748,+0.952
0 days 02:18:55.961000,23,7,+14.750,+1.051
0 days 02:19:01.343000,23,7,+12.615,+1.160
0 days 02:19:05.362000,23,7,+12.021,+1.200
0 days 02:19:10.440000,23,7,+12.417,+0.901
0 days 02:19:14.976000,23,7,+11.865,+0.815
0 days 02:19:20.563000,23,7,+10.059,+0.825
0 days 02:19:26.208000,23,7,+11.111,+0.903
0 days 02:19:29.602000,23,7,+11.193,+0.716
0 days 02:19:39.501000,23,7,+12.158,+1.107
0 days 02:19:47.811000,23,7,+12.987,+1.044
0 days 02:19:55.461000,23,7,+13.107,+0.767
0 days 02:20:00.902000,23,7,+12.761,+0.983
0 days 02:20:05.651000,23,7,+12.707,+0.659
0 days 02:20:12.061000,23,7,+12.392,+1.252
0 days 02:20:16.474000,23,7,+10.753,+1.240
0 days 02:20:29.062000,23,7,+14.031,+1.099
0 days 02:20:35.882000,23,7,+12.577,+0.888
0 days 02:20:39.741000,23,7,+11.321,+0.979
0 days 02:20:46.276000,23,7,+9.928,+0.949
0 days 02:20:48.663000,23,7,+9.084,+1.121
0 days 02:21:02.361000,23,7,+14.001,+0.778
0 days 02:21:05.645000,23,7,+14.040,+0.724
0 days 02:21:07.667000,23,7,+13.322,+0.944
0 days 02:21:13.352000,23,7,+11.598,+1.331
0 days 02:21:17.322000,23,7,+10.356,+1.234
0 days 02:21:23.966000,23,7,+12.549,+1.167
0 days 02:21:28.222000,23,7,+12.134,+0.908
0 days 02:21:33.779000,23,7,+9.356,+1.074
0 days 02:21:38.823000,23,7,+7.445,+1.092
0 days 02:21:43.416000,23,7,+7.769,+1.377
0 days 02:21:49.802000,23,7,+7.131,+0.763
0 days 02:21:57.623000,23,7,+7.108,+0.737
0 days 02:22:05.094000,23,7,+7.594,+0.764
0 days 02:22:11.380000,23,7,+7.245,+1.181
0 days 02:22:17.923000,23,7,+8.572,+0.944
0 days 02:22:23.354000,23,7,+7.358,+0.996
0 days 02:22:28.008000,23,7,+5.460,+0.935
0 days 02:22:39.596000,23,7,+8.221,+1.245
0 days 02:22:45.602000,23,7,+6.735,+1.138
0 days 02:22:50.401000,23,7,+6.340,+1.112
0 days 02:22:58.447000,23,7,+6.414,+0.856
0 days 02:23:01.041000,23,7,+5.632,+0.960
0 days 02:23:14.193000,23,7,+10.503,+0.788
0 days 02:23:17.486000,23,7,+9.741,+0.733
0 days 02:23:19.468000,23,7,+9.440,+0.921
0 days 02:23:26.021000,23,7,+8.293,+0.837
0 days 02:23:31.040000,23,7,+8.011,+0.627
0 days 02:23:35.777000,23,7,+8.263,+0.870
0 days 02:23:40.412000,23,7,+7.838,+0.837
0 days 02:23:46.270000,23,7,+6.590,+0.765
0 days 02:23:51.278000,23,7,+6.503,+0.785
0 days 02:23:56.227000,23,7,+8.148,+1.240
0 days 02:24:02.283000,23,7,+7.557,+0.846
0 days 02:24:06.778000,23,7,+7.053,+0.906
0 days 02:24:14.099000,23,7,+7.556,+0.798
0 days 02:24:20.025000,23,7,+7.952,+0.798
0 days 02:24:26.040000,23,7,+8.457,+0.604
0 days 02:24:31.169000,23,7,+6.642,+0.689
0 days 02:24:38.409000,23,7,+5.376,+0.639
0 days 02:24:56.220000,23,7,+4.079,+0.545
0 days 02:25:03.179000,23,7,+2.686,+0.330
0 days 02:25:06.949000,23,7,+3.062,+0.350
0 days 02:25:13.156000,23,7,+3.383,+0.294
0 days 02:25:15.248000,23,7,+3.474,+0.300
0 days 02:25:21.378000,23,7,+3.709,+0.405
0 days 02:25:24.108000,23,7,+3.670,+0.390
0 days 02:25:25.857000,23,7,+3.937,+0.382
0 days 02:25:30.918000,23,7,+4.033,+0.218
0 days 02:25:34.373000,23,7,+3.930,+0.122
0 days 02:25:37.898000,23,7,+4.205,+0.251
0 days 02:25:42.159000,23,7,+4.681,+0.234
0 days 02:25:47.212000,23,7,+4.964,+0.191
0 days 02:25:50.276000,23,7,+5.065,+0.274
0 days 02:25:52.409000,23,7,+5.045,+0.276
0 days 02:25:56.608000,23,7,+5.287,+0.413
0 days 02:26:00.006000,23,7,+5.337,+0.413
0 days 02:26:03.888000,23,7,+5.271,+0.362
0 days 02:26:07.922000,23,7,+5.096,+0.291
0 days 02:26:11.222000,23,7,+4.936,+0.248
0 days 02:26:15.680000,23,7,+5.370,+0.403
0 days 02:26:19.364000,23,7,+5.483,+0.415
0 days 02:26:25.809000,23,7,+5.745,+0.403
0 days 02:26:31.386000,23,7,+6.074,+0.287
0 days 02:26:34.881000,23,7,+6.489,+0.332
0 days 02:26:40.804000,23,7,+6.882,+0.376
0 days 02:26:42.708000,23,7,+7.005,+0.437
0 days 02:26:48.506000,23,7,+7.039,+0.386
0 days 02:26:51.277000,23,7,+6.952,+0.342
0 days 02:26:52.750000,23,7,+7.142,+0.376
0 days 02:26:57.565000,23,7,+7.390,+0.364
0 days 02:27:00.982000,23,7,+7.366,+0.330
0 days 02:27:04.409000,23,7,+7.578,+0.341
0 days 02:27:08.105000,23,7,+7.832,+0.321
0 days 02:27:12.926000,23,7,+8.048,+0.414
0 days 02:27:15.870000,23,7,+8.036,+0.366
0 days 02:27:17.690000,23,7,+7.992,+0.332
0 days 02:27:21.608000,23,7,+8.238,+0.493
0 days 02:27:24.940000,23,7,+8.278,+0.511
0 days 02:27:28.869000,23,7,+8.260,+0.511
0 days 02:27:32.798000,23,7,+8.027,+0.474
0 days 02:27:36.065000,23,7,+7.683,+0.428
0 days 02:27:40.066000,23,7,+7.898,+0.455
0 days 02:27:43.879000,23,7,+8.071,+0.621
0 days 02:27:50.416000,23,7,+8.248,+0.693
0 days 02:27:55.752000,23,7,+8.508,+0.255
0 days 02:27:59.373000,23,7,+8.998,+0.255
0 days 02:28:05.465000,23,7,+9.549,+0.416
0 days 02:28:07.526000,23,7,+9.621,+0.454
0 days 02:28:13.061000,23,7,+9.469,+0.432
0 days 02:28:15.697000,23,7,+9.298,+0.394
0 days 02:28:17.269000,23,7,+9.501,+0.391
0 days 02:28:22.056000,23,7,+9.544,+0.246
0 days 02:28:25.428000,23,7,+9.407,+0.217
0 days 02:28:28.841000,23,7,+9.597,+0.306
0 days 02:28:32.840000,23,7,+10.015,+0.258
0 days 02:28:37.834000,23,7,+10.432,+0.319
0 days 02:28:40.653000,23,7,+10.521,+0.367
0 days 02:28:42.880000,23,7,+10.509,+0.361
0 days 02:28:46.497000,23,7,+10.676,+0.498
0 days 02:28:49.823000,23,7,+10.684,+0.525
0 days 02:28:53.781000,23,7,+10.668,+0.533
0 days 02:28:57.726000,23,7,+10.446,+0.521
0 days 02:29:00.912000,23,7,+10.128,+0.489
0 days 02:29:05.172000,23,7,+9.983,+0.443
0 days 02:29:08.898000,23,7,+9.860,+0.441
0 days 02:29:15.224000,23,7,+9.616,+0.517
0 days 02:29:21.827000,23,6,+9.616,+0.517
0 days 02:29:21.906000,23,6,+7.634,+1.394
0 days 02:29:26.215000,23,5,+7.634,+1.394
0 days 02:29:26.296000,23,5,+7.634,+1.461
0 days 02:29:33.167000,23,5,+8.257,+1.306
0 days 02:29:42.961000,23,6,+8.257,+1.306
0 days 02:29:43.668000,23,7,+8.257,+1.306
0 days 02:29:49.059000,23,8,+8.257,+1.306
0 days 02:29:53.731000,23,9,+8.257,+1.306
0 days 02:30:05.051000,23,9,+28.152,+0.938
0 days 02:30:06.967000,23,9,+28.466,+0.968
0 days 02:30:13.880000,23,9,+30.278,+1.066
0 days 02:30:17.596000,23,9,+30.459,+1.065
0 days 02:30:21.090000,23,9,+30.452,+0.985
0 days 02:30:25.084000,23,9,+30.656,+0.828
0 days 02:30:30.204000,23,9,+31.128,+0.630
0 days 02:30:33.229000,23,9,+31.430,+0.611
0 days 02:30:35.380000,23,9,+31.533,+0.606
0 days 02:30:39.479000,23,9,+31.741,+0.753
0 days 02:30:42.913000,23,9,+31.822,+0.825
0 days 02:30:46.927000,23,9,+31.864,+0.841
0 days 02:30:50.967000,23,9,+31.768,+0.759
0 days 02:30:54.286000,23,9,+31.573,+0.520
0 days 02:30:58.855000,23,9,+31.648,+0.712
0 days 02:31:02.831000,23,9,+31.606,+0.839
0 days 02:31:09.589000,23,9,+31.116,+0.947
0 days 02:31:15.858000,23,9,+30.378,+0.969
0 days 02:31:19.867000,23,9,+29.723,+1.127
0 days 02:31:26.555000,23,9,+28.914,+1.009
0 days 02:31:28.853000,23,9,+28.625,+1.155
0 days 02:31:35.006000,23,9,+27.984,+1.258
0 days 02:31:37.728000,23,9,+27.905,+1.260
0 days 02:31:39.367000,23,9,+27.863,+1.330
0 days 02:31:44.725000,23,9,+27.854,+1.114
0 days 02:31:48.296000,23,9,+27.810,+1.017
0 days 02:31:51.885000,23,9,+27.909,+1.000
0 days 02:31:56.015000,23,9,+28.131,+1.032
0 days 02:32:01.195000,23,9,+28.407,+0.991
0 days 02:32:04.303000,23,9,+28.655,+1.193
0 days 02:32:06.547000,23,9,+28.808,+1.315
0 days 02:32:10.805000,23,9,+28.949,+1.599
0 days 02:32:14.333000,23,9,+29.008,+1.686
0 days 02:32:18.308000,23,9,+29.048,+1.723
0 days 02:32:22.349000,23,9,+28.901,+1.641
0 days 02:32:25.582000,23,9,+28.619,+1.420
0 days 02:32:30.284000,23,9,+28.539,+1.602
0 days 02:32:34.428000,23,9,+28.403,+1.646
0 days 02:32:41.264000,23,9,+27.830,+1.436
0 days 02:32:47.631000,23,9,+26.756,+0.976
0 days 02:32:51.968000,23,9,+25.886,+0.099
0 days 02:32:58.819000,23,8,+25.886,+0.099
0 days 02:32:58.897000,23,8,+16.942,+1.668
0 days 02:33:01.507000,23,8,+16.383,+1.950
0 days 02:33:07.801000,23,7,+16.383,+1.950
0 days 02:33:07.801000,23,7,+15.075,+2.183
0 days 02:33:10.547000,23,7,+14.683,+2.173
0 days 02:33:12.315000,23,7,+14.331,+2.300
0 days 02:33:19.686000,23,7,+13.669,+3.763
0 days 02:33:23.505000,23,7,+12.694,+3.868
0 days 02:33:27.329000,23,7,+11.450,+3.771
0 days 02:33:31.807000,23,7,+10.398,+3.688
0 days 02:33:37.444000,23,7,+9.984,+3.270
0 days 02:33:41.068000,23,7,+10.371,+2.585
0 days 02:33:43.294000,23,7,+10.431,+1.624
0 days 02:33:48.608000,23,7,+11.528,+0.646
0 days 02:33:54.783000,23,7,+14.233,+0.645
0 days 02:34:02.744000,23,7,+18.091,+0.860
0 days 02:34:10.046000,23,7,+19.967,+0.920
0 days 02:34:15.607000,23,7,+16.423,+0.934
0 days 02:34:23.005000,23,7,+17.603,+0.531
0 days 02:34:29.026000,23,7,+18.269,+0.305
0 days 02:34:38.809000,23,7,+19.689,+0.597
0 days 02:34:47.844000,23,7,+21.622,+0.355
0 days 02:34:53.869000,23,7,+22.787,+0.489
0 days 02:35:03.928000,23,7,+23.074,+0.185
0 days 02:35:06.882000,23,7,+22.915,+0.185
0 days 02:35:13.244000,23,4,+22.915,+0.185
0 days 02:35:13.315000,23,4,+22.373,+5.234
0 days 02:35:16.291000,23,4,+22.539,+4.043
0 days 02:35:18.518000,23,4,+22.625,+3.225
0 days 02:35:26.531000,23,4,+21.817,+2.874
0 days 02:35:30.982000,23,4,+21.705,+2.998
0 days 02:35:35.296000,23,4,+21.765,+3.204
0 days 02:35:40.103000,23,4,+21.540,+3.478
0 days 02:35:46.423000,23,4,+21.733,+4.107
0 days 02:35:50.112000,23,4,+21.759,+4.357
0 days 02:35:52.469000,23,4,+20.256,+4.435
0 days 02:35:57.561000,23,4,+18.178,+4.811
0 days 02:36:01.543000,23,4,+17.060,+4.815
0 days 02:36:05.929000,23,4,+17.020,+4.707
0 days 02:36:10.264000,23,4,+14.219,+4.566
0 days 02:36:14.018000,23,4,+11.828,+2.311
0 days 02:36:20.321000,23,4,+10.338,+2.097
0 days 02:36:25.195000,23,4,+6.409,+2.157
0 days 02:36:34.249000,23,4,+5.744,+1.008
0 days 02:36:42.788000,23,4,+5.507,+1.605
0 days 02:36:48.058000,23,4,+4.313,+1.504
0 days 02:36:59.428000,23,4,+4.861,+1.187
0 days 02:37:02.585000,23,4,+4.263,+1.260
0 days 02:37:12.332000,23,4,+4.386,+1.113
0 days 02:37:17.684000,23,4,+4.658,+1.185
0 days 02:37:20.770000,23,4,+4.933,+1.117
0 days 02:37:31.320000,23,4,+4.731,+1.068
0 days 02:37:37.648000,23,4,+5.246,+1.469
0 days 02:37:43.465000,23,4,+5.591,+1.765
0 days 02:37:48.670000,23,4,+5.353,+1.679
0 days 02:37:55.070000,23,4,+3.784,+0.868
0 days 02:38:00.646000,23,4,+3.806,+0.900
0 days 02:38:03.404000,23,4,+3.326,+0.779
0 days 02:38:10.399000,23,4,+3.797,+0.990
0 days 02:38:16.284000,23,4,+3.825,+1.205
0 days 02:38:23.363000,23,4,+3.184,+0.918
0 days 02:38:29.977000,23,4,+3.777,+0.901
0 days 02:38:35.345000,23,4,+3.229,+1.031
0 days 02:38:43.289000,23,4,+4.344,+0.922
0 days 02:38:50.284000,23,4,+3.959,+1.094
0 days 02:39:00.902000,23,4,+4.601,+0.815
0 days 02:39:08.871000,23,4,+4.268,+0.806
0 days 02:39:13.904000,23,4,+3.088,+0.961
0 days 02:39:24.386000,23,4,+3.992,+1.087
0 days 02:39:27.678000,23,4,+3.652,+1.289
0 days 02:39:36.946000,23,4,+4.069,+1.612
0 days 02:39:41.132000,23,4,+4.309,+1.139
0 days 02:39:44.071000,23,4,+4.293,+0.977
0 days 02:39:52.557000,23,4,+3.761,+0.979
0 days 02:40:00.927000,23,4,+3.819,+0.659
0 days 02:40:08.129000,23,4,+5.765,+1.126
0 days 02:40:13.032000,23,4,+5.727,+1.167
0 days 02:40:19.458000,23,4,+4.111,+0.768
0 days 02:40:24.972000,23,4,+4.018,+1.018
0 days 02:40:28.872000,23,4,+3.136,+1.247
0 days 02:40:35.573000,23,4,+3.206,+0.802
0 days 02:40:41.872000,23,4,+2.981,+1.165
0 days 02:40:48.988000,23,4,+2.958,+0.948
0 days 02:40:54.614000,23,4,+3.411,+0.679
0 days 02:41:00.542000,23,4,+3.337,+0.895
0 days 02:41:07.172000,23,4,+3.072,+0.592
0 days 02:41:13.973000,23,4,+2.821,+0.677
0 days 02:41:23.692000,23,4,+3.293,+0.856
0 days 02:41:31.573000,23,4,+2.455,+0.585
0 days 02:41:37.710000,23,4,+3.195,+0.902
0 days 02:41:45.990000,23,4,+2.845,+0.642
0 days 02:41:49.521000,23,4,+2.787,+0.855
0 days 02:41:58.428000,23,4,+3.156,+0.789
0 days 02:42:02.577000,23,4,+3.291,+0.728
0 days 02:42:05.249000,23,4,+3.844,+0.792
0 days 02:42:13.199000,23,4,+3.367,+0.772
0 days 02:42:18.352000,23,4,+3.519,+0.790
0 days 02:42:23.673000,23,4,+3.553,+0.946
0 days 02:42:28.791000,23,4,+3.483,+0.967
0 days 02:42:36.573000,23,4,+3.245,+0.814
0 days 02:42:41.783000,23,4,+2.978,+0.610
0 days 02:42:45.190000,23,4,+3.597,+0.656
0 days 02:42:51.087000,23,4,+3.178,+0.700
0 days 02:42:56.012000,23,4,+2.658,+0.718
0 days 02:43:02.892000,23,4,+2.481,+0.256
0 days 02:43:08.939000,23,4,+3.369,+0.608
0 days 02:43:14.908000,23,4,+3.501,+0.977
0 days 02:43:21.474000,23,4,+3.238,+0.569
0 days 02:43:27.148000,23,4,+2.358,+0.509
0 days 02:43:43.559000,23,4,+2.108,+0.741
0 days 02:43:50.748000,23,4,+1.358,+0.458
0 days 02:43:55.115000,23,4,+1.623,+0.497
0 days 02:44:02.525000,23,4,+2.054,+0.582
0 days 02:44:05.182000,23,4,+2.182,+0.729
0 days 02:44:11.591000,23,4,+2.155,+0.817
0 days 02:44:14.459000,23,4,+2.207,+0.863
0 days 02:44:16.236000,23,4,+2.338,+0.840
0 days 02:44:22.417000,23,4,+2.577,+0.913
0 days 02:44:26.168000,23,4,+2.521,+0.944
0 days 02:44:30.066000,23,4,+2.739,+1.011
0 days 02:44:34.422000,23,4,+2.698,+0.951
0 days 02:44:39.932000,23,4,+2.658,+0.894
0 days 02:44:43.311000,23,4,+2.810,+0.985
0 days 02:44:45.514000,23,4,+2.815,+1.013
0 days 02:44:50.135000,23,4,+3.237,+1.277
0 days 02:44:53.651000,23,4,+3.215,+1.259
0 days 02:44:57.688000,23,4,+3.185,+1.277
0 days 02:45:01.775000,23,4,+3.122,+1.311
0 days 02:45:05.237000,23,4,+3.038,+1.335
0 days 02:45:10.121000,23,4,+3.426,+1.396
0 days 02:45:14.303000,23,4,+3.535,+1.382
0 days 02:45:21.146000,23,4,+3.793,+1.313
0 days 02:45:27.492000,23,4,+3.995,+1.268
0 days 02:45:31.388000,23,4,+3.989,+1.338
0 days 02:45:38.082000,23,4,+4.044,+1.335
0 days 02:45:40.437000,23,4,+4.038,+1.410
0 days 02:45:46.594000,23,4,+3.953,+1.479
0 days 02:45:49.350000,23,4,+3.926,+1.482
0 days 02:45:51.138000,23,4,+4.116,+1.575
0 days 02:45:56.889000,23,4,+4.271,+1.522
0 days 02:46:00.552000,23,4,+4.253,+1.526
0 days 02:46:04.269000,23,4,+4.465,+1.578
0 days 02:46:08.460000,23,4,+4.488,+1.564
0 days 02:46:13.725000,23,4,+4.440,+1.605
0 days 02:46:16.835000,23,4,+4.520,+1.641
0 days 02:46:18.928000,23,4,+4.516,+1.650
0 days 02:46:23.085000,23,4,+4.604,+1.751
0 days 02:46:26.491000,23,4,+4.571,+1.737
0 days 02:46:30.475000,23,4,+4.564,+1.742
0 days 02:46:34.589000,23,4,+4.487,+1.738
0 days 02:46:38.022000,23,4,+4.411,+1.737
0 days 02:46:42.475000,23,4,+4.428,+1.673
0 days 02:46:46.626000,23,4,+4.615,+1.780
0 days 02:46:53.341000,23,4,+4.900,+1.759
0 days 02:46:59.437000,23,4,+4.911,+1.761
0 days 02:47:03.236000,23,4,+5.024,+1.865
0 days 02:47:09.822000,23,4,+5.142,+1.948
0 days 02:47:12.297000,23,4,+5.285,+2.105
0 days 02:47:18.528000,23,4,+5.388,+2.219
0 days 02:47:21.263000,23,4,+5.385,+2.234
0 days 02:47:23.014000,23,4,+5.536,+2.345
0 days 02:47:28.698000,23,4,+5.599,+2.366
0 days 02:47:32.299000,23,4,+5.535,+2.326
0 days 02:47:35.989000,23,4,+5.608,+2.301
0 days 02:47:40.076000,23,4,+5.595,+2.247
0 days 02:47:45.271000,23,4,+5.651,+2.230
0 days 02:47:48.290000,23,4,+5.793,+2.279
0 days 02:47:50.320000,23,4,+5.799,+2.288
0 days 02:47:54.461000,23,4,+6.011,+2.457
0 days 02:47:57.892000,23,4,+6.038,+2.442
0 days 02:48:01.876000,23,4,+6.057,+2.454
0 days 02:48:06.011000,23,4,+6.007,+2.456
0 days 02:48:09.438000,23,4,+5.972,+2.454
0 days 02:48:13.813000,23,4,+6.039,+2.436
0 days 02:48:17.839000,23,4,+6.093,+2.410
0 days 02:48:24.392000,23,4,+6.178,+2.267
0 days 02:48:30.453000,23,4,+6.334,+2.237
0 days 02:48:34.089000,23,4,+6.324,+2.181
0 days 02:48:40.676000,23,4,+6.500,+2.241
0 days 02:48:42.937000,23,4,+6.556,+2.353
0 days 02:48:49.138000,23,4,+6.547,+2.396
0 days 02:48:51.855000,23,4,+6.518,+2.390
0 days 02:48:53.522000,23,4,+6.724,+2.532
0 days 02:48:59.176000,23,4,+6.885,+2.465
0 days 02:49:02.791000,23,4,+6.920,+2.449
0 days 02:49:06.239000,23,4,+6.952,+2.409
0 days 02:49:10.377000,23,4,+6.996,+2.424
0 days 02:49:15.614000,23,4,+7.182,+2.496
0 days 02:49:18.613000,23,4,+7.336,+2.589
0 days 02:49:20.616000,23,4,+7.371,+2.615
0 days 02:49:24.705000,23,4,+7.496,+2.742
0 days 02:49:28.174000,23,4,+7.138,+2.748
0 days 02:49:32.306000,23,4,+7.064,+2.762
0 days 02:49:36.266000,23,4,+7.000,+2.756
0 days 02:49:39.710000,23,4,+6.956,+2.745
0 days 02:49:44.219000,23,4,+7.302,+2.855
0 days 02:49:48.191000,23,4,+7.317,+2.744
0 days 02:49:54.725000,23,4,+7.407,+2.560
0 days 02:50:00.824000,23,4,+7.416,+2.550
0 days 02:50:04.448000,23,4,+7.421,+2.459
0 days 02:50:10.980000,23,4,+7.605,+2.370
0 days 02:50:13.198000,23,4,+7.602,+2.478
0 days 02:50:19.412000,23,4,+7.653,+2.621
0 days 02:50:22.177000,23,4,+7.628,+2.618
0 days 02:50:23.838000,23,4,+7.774,+2.661
0 days 02:50:29.300000,23,4,+7.785,+2.578
0 days 02:50:32.891000,23,4,+7.778,+2.582
0 days 02:50:36.338000,23,4,+7.926,+2.542
0 days 02:50:40.342000,23,4,+7.857,+2.492
0 days 02:50:45.492000,23,4,+8.036,+2.513
0 days 02:50:48.341000,23,4,+8.098,+2.435
0 days 02:50:50.359000,23,4,+8.094,+2.415
0 days 02:50:54.362000,23,4,+8.280,+2.473
0 days 02:50:57.738000,23,4,+8.321,+2.463
0 days 02:51:01.713000,23,4,+8.336,+2.458
0 days 02:51:05.813000,23,4,+8.287,+2.459
0 days 02:51:09.223000,23,4,+8.248,+2.431
0 days 02:51:13.491000,23,5,+8.248,+2.431
0 days 02:51:14.178000,23,5,+8.914,+0.622
0 days 02:51:18.398000,23,5,+9.372,+0.919
0 days 02:51:24.955000,23,5,+9.579,+1.185
0 days 02:51:31.154000,23,5,+9.728,+1.256
0 days 02:51:34.792000,23,5,+9.783,+1.271
0 days 02:51:41.423000,23,5,+9.943,+1.346
0 days 02:51:43.712000,23,5,+9.939,+1.340
0 days 02:51:49.694000,23,5,+9.955,+1.344
0 days 02:51:52.442000,23,5,+9.918,+1.319
0 days 02:51:54.167000,23,5,+10.162,+1.497
0 days 02:51:59.816000,23,5,+10.465,+1.602
0 days 02:52:03.414000,23,5,+10.494,+1.606
0 days 02:52:06.954000,23,5,+10.685,+1.822
0 days 02:52:11.078000,23,5,+10.908,+1.880
0 days 02:52:16.139000,23,5,+11.039,+1.912
0 days 02:52:18.917000,23,5,+11.053,+1.823
0 days 02:52:20.913000,23,5,+11.057,+1.795
0 days 02:52:24.896000,23,5,+11.282,+1.981
0 days 02:52:28.320000,23,5,+11.297,+1.951
0 days 02:52:32.297000,23,5,+11.314,+1.940
0 days 02:52:36.370000,23,5,+11.286,+1.941
0 days 02:52:39.772000,23,5,+11.247,+1.937
0 days 02:52:44.112000,23,5,+11.434,+1.982
0 days 02:52:48.170000,23,5,+11.773,+2.125
0 days 02:52:54.704000,23,5,+12.011,+2.288
0 days 02:53:00.940000,23,5,+12.191,+2.419
0 days 02:53:04.639000,23,5,+12.245,+2.494
0 days 02:53:11.109000,23,5,+12.417,+2.519
0 days 02:53:13.399000,23,5,+12.570,+2.547
0 days 02:53:19.671000,23,5,+12.773,+4.292
0 days 02:53:20.536000,23,4,+12.773,+4.292
0 days 00:00:04.219000,16,7,,
0 days 01:11:09.501000,16,7,+0.796,
0 days 01:11:12.013000,16,6,+0.796,
0 days 01:11:12.101000,16,6,+1.243,+0.235
0 days 01:11:19.318000,16,6,+1.967,+0.391
0 days 01:11:23.251000,16,6,+1.924,+0.391
0 days 01:11:27.245000,16,5,+1.924,+0.391
0 days 01:11:27.339000,16,5,+2.215,+0.676
0 days 01:11:32.187000,16,5,+2.173,+0.568
0 days 01:11:38.625000,16,5,+2.454,+0.304
0 days 01:11:43.038000,16,5,+2.892,+0.437
0 days 01:11:45.419000,16,5,+3.021,+0.517
0 days 01:11:50.562000,16,5,+3.357,+0.327
0 days 01:11:54.475000,16,5,+3.330,+0.321
0 days 01:11:58.720000,16,5,+3.202,+0.312
0 days 01:12:02.804000,16,5,+3.055,+0.249
0 days 01:12:06.213000,16,5,+2.832,+0.193
0 days 01:12:11.764000,16,5,+3.586,+0.517
0 days 01:12:22.470000,16,5,+9.185,+2.294
0 days 01:12:35.310000,16,5,+8.328,+1.839
0 days 01:12:43.852000,16,5,+8.312,+1.851
0 days 01:12:49.044000,16,5,+9.129,+2.295
0 days 01:12:58.418000,16,5,+10.771,+3.398
0 days 01:13:01.681000,16,5,+10.989,+3.513
0 days 01:13:09.026000,16,5,+11.381,+3.836
0 days 01:13:12.287000,16,5,+11.690,+4.016
0 days 01:13:14.322000,16,5,+11.870,+3.539
0 days 01:13:20.939000,16,5,+9.861,+3.341
0 days 01:13:25.187000,16,5,+7.177,+2.193
0 days 01:13:30.739000,16,5,+6.294,+1.821
0 days 01:13:36.139000,16,5,+5.835,+1.849
0 days 01:13:44.453000,16,5,+4.959,+1.316
0 days 01:13:54.215000,16,5,+6.924,+2.499
0 days 01:14:02.701000,16,5,+7.563,+1.542
0 days 01:14:14.363000,16,5,+8.409,+3.450
0 days 01:14:19.740000,16,5,+7.764,+2.868
0 days 01:14:26.709000,16,5,+6.088,+1.421
0 days 01:14:32.661000,16,5,+4.837,+0.971
0 days 01:14:39.772000,16,5,+5.535,+1.469
0 days 01:14:46.348000,16,5,+4.595,+0.965
0 days 01:14:55.088000,16,5,+6.094,+2.283
0 days 01:15:07.028000,16,5,+6.953,+1.334
0 days 01:15:15.618000,16,5,+6.880,+1.774
0 days 01:15:20.506000,16,5,+6.167,+1.917
0 days 01:15:30.515000,16,5,+6.098,+1.320
0 days 01:16:03.390000,16,5,+7.442,+2.402
0 days 01:16:05.842000,16,5,+7.470,+1.791
0 days 01:16:14.546000,16,5,+7.215,+2.157
0 days 01:16:18.943000,16,5,+6.088,+2.124
0 days 01:16:24.454000,16,5,+6.525,+1.029
0 days 01:16:29.427000,16,5,+5.893,+0.800
0 days 01:16:36.070000,16,5,+4.611,+0.645
0 days 01:16:42.570000,16,5,+5.626,+1.028
0 days 01:16:48.887000,16,5,+5.960,+1.547
0 days 01:16:59.489000,16,5,+7.761,+2.838
0 days 01:17:04.187000,16,5,+6.246,+1.857
0 days 01:17:11.628000,16,5,+6.006,+2.253
0 days 01:17:17.847000,16,5,+5.710,+1.296
0 days 01:17:23.328000,16,5,+5.721,+0.878
0 days 01:17:30.142000,16,5,+5.342,+0.563
0 days 01:17:37.797000,16,5,+5.871,+2.178
0 days 01:17:48.089000,16,5,+6.534,+1.036
0 days 01:17:57.340000,16,5,+6.728,+2.035
0 days 01:18:02.155000,16,5,+5.949,+2.070
0 days 01:18:11.281000,16,5,+5.530,+1.037
0 days 01:18:45.622000,16,5,+7.476,+0.685
0 days 01:18:48.875000,16,5,+8.591,+1.043
0 days 01:18:58.288000,16,5,+9.358,+2.530
0 days 01:19:02.875000,16,5,+9.077,+2.905
0 days 01:19:07.278000,16,5,+8.292,+2.344
0 days 01:19:12.029000,16,5,+7.746,+2.202
0 days 01:19:18.355000,16,5,+6.364,+2.059
0 days 01:19:23.691000,16,5,+6.206,+1.575
0 days 01:19:30.015000,16,5,+6.604,+1.716
0 days 01:19:39.067000,16,5,+6.898,+2.628
0 days 01:19:44.705000,16,5,+5.575,+1.570
0 days 01:19:53.324000,16,5,+7.929,+2.981
0 days 01:19:58.721000,16,5,+6.639,+2.261
0 days 01:20:02.774000,16,5,+5.835,+1.037
0 days 01:20:08.568000,16,5,+3.930,+0.691
0 days 01:20:18.304000,16,5,+6.782,+2.746
0 days 01:20:27.192000,16,5,+6.218,+1.835
0 days 01:20:34.593000,16,5,+4.855,+0.710
0 days 01:20:40.225000,16,5,+4.961,+0.931
0 days 01:20:50.006000,16,5,+5.931,+1.085
0 days 01:21:21.373000,16,5,+7.584,+1.999
0 days 01:21:23.576000,16,5,+7.649,+1.829
0 days 01:21:31.131000,16,5,+7.446,+1.659
0 days 01:21:35.370000,16,5,+6.180,+1.632
0 days 01:21:40.403000,16,5,+6.565,+0.925
0 days 01:21:45.321000,16,5,+5.790,+0.959
0 days 01:21:54.521000,16,5,+7.236,+2.431
0 days 01:21:59.692000,16,5,+7.606,+2.316
0 days 01:22:04.448000,16,5,+6.252,+1.924
0 days 01:22:12.531000,16,5,+6.377,+1.878
0 days 01:22:17.932000,16,5,+5.586,+1.329
0 days 01:22:27.195000,16,5,+8.071,+2.383
0 days 01:22:32.965000,16,5,+7.629,+2.048
0 days 01:22:37.044000,16,5,+6.707,+1.860
0 days 01:22:42.445000,16,5,+4.991,+0.644
0 days 01:22:49.773000,16,5,+4.692,+0.954
0 days 01:23:00.719000,16,5,+6.821,+0.853
0 days 01:23:08.404000,16,5,+5.282,+1.180
0 days 01:23:13.194000,16,5,+5.300,+1.362
0 days 01:23:21.568000,16,5,+4.986,+1.242
0 days 01:23:24.618000,16,5,+4.607,+1.234
0 days 01:23:36.844000,16,5,+7.862,+2.847
0 days 01:23:40.366000,16,5,+6.596,+1.655
0 days 01:23:42.992000,16,5,+6.986,+1.044
0 days 01:23:49.795000,16,5,+5.351,+0.476
0 days 01:23:54.059000,16,5,+4.738,+0.257
0 days 01:23:59.596000,16,5,+5.067,+0.683
0 days 01:24:04.977000,16,5,+5.400,+0.903
0 days 01:24:12.945000,16,5,+5.262,+1.098
0 days 01:24:18.445000,16,5,+5.931,+1.384
0 days 01:24:22.003000,16,5,+5.396,+1.041
0 days 01:24:28.693000,16,5,+5.010,+1.182
0 days 01:24:35.227000,16,5,+5.034,+0.932
0 days 01:24:43.254000,16,5,+6.246,+1.001
0 days 01:24:49.796000,16,5,+5.668,+0.898
0 days 01:24:55.728000,16,5,+5.206,+0.778
0 days 01:25:02.054000,16,5,+4.290,+0.914
0 days 01:25:08.506000,16,5,+4.180,+1.087
0 days 01:25:19.011000,16,5,+5.386,+1.220
0 days 01:25:27.924000,16,5,+5.033,+1.502
0 days 01:25:32.563000,16,5,+4.164,+1.086
0 days 01:25:42.004000,16,5,+5.459,+1.242
0 days 01:25:44.895000,16,5,+5.249,+0.991
0 days 01:25:55.751000,16,5,+6.289,+2.212
0 days 01:25:59.046000,16,5,+6.539,+1.815
0 days 01:26:00.948000,16,5,+6.268,+1.812
0 days 01:26:08.215000,16,5,+5.369,+0.380
0 days 01:26:13.706000,16,5,+5.568,+1.111
0 days 01:26:18.244000,16,5,+5.068,+1.237
0 days 01:26:23.013000,16,5,+4.603,+0.948
0 days 01:26:31.997000,16,5,+5.627,+1.602
0 days 01:26:37.680000,16,5,+6.555,+2.213
0 days 01:26:40.557000,16,5,+5.794,+2.122
0 days 01:26:45.971000,16,5,+4.700,+0.654
0 days 01:26:53.127000,16,5,+6.293,+2.007
0 days 01:27:00.666000,16,5,+6.981,+1.672
0 days 01:27:05.733000,16,5,+6.569,+1.707
0 days 01:27:11.159000,16,5,+6.411,+0.831
0 days 01:27:17.053000,16,5,+5.800,+0.848
0 days 01:27:24.527000,16,5,+4.149,+0.781
0 days 01:27:41.337000,16,5,+3.104,+1.290
0 days 01:27:48.706000,16,5,+2.408,+1.234
0 days 01:27:52.806000,16,5,+2.419,+1.155
0 days 01:27:59.762000,16,5,+2.414,+0.772
0 days 01:28:02.440000,16,5,+2.453,+0.783
0 days 01:28:08.909000,16,5,+2.390,+0.737
0 days 01:28:11.875000,16,5,+2.373,+0.748
0 days 01:28:13.549000,16,5,+2.529,+0.754
0 days 01:28:19.798000,16,5,+2.536,+0.649
0 days 01:28:23.551000,16,5,+2.448,+0.613
0 days 01:28:27.549000,16,5,+2.764,+0.693
0 days 01:28:32.094000,16,5,+2.704,+0.597
0 days 01:28:38.013000,16,5,+2.886,+0.564
0 days 01:28:41.680000,16,5,+2.941,+0.562
0 days 01:28:43.934000,16,5,+2.916,+0.554
0 days 01:28:48.666000,16,5,+3.008,+0.533
0 days 01:28:52.695000,16,5,+3.019,+0.669
0 days 01:28:56.800000,16,5,+2.943,+0.664
0 days 01:29:00.930000,16,5,+2.874,+0.671
0 days 01:29:04.411000,16,5,+2.758,+0.679
0 days 01:29:09.216000,16,5,+2.980,+0.590
0 days 01:29:13.725000,16,5,+3.066,+0.646
0 days 01:29:20.769000,16,5,+3.332,+0.657
0 days 01:29:27.376000,16,5,+3.716,+0.954
0 days 01:29:31.349000,16,5,+4.039,+0.992
0 days 01:29:38.161000,16,5,+4.157,+0.865
0 days 01:29:40.687000,16,5,+4.264,+0.989
0 days 01:29:47.096000,16,5,+4.302,+1.103
0 days 01:29:49.984000,16,5,+4.275,+1.105
0 days 01:29:51.531000,16,5,+4.336,+1.085
0 days 01:29:57.386000,16,5,+4.040,+0.858
0 days 01:30:01.026000,16,5,+3.888,+0.776
0 days 01:30:04.728000,16,5,+3.943,+0.742
0 days 01:30:09.162000,16,5,+3.949,+0.834
0 days 01:30:14.986000,16,5,+4.039,+0.963
0 days 01:30:18.439000,16,5,+4.040,+0.929
0 days 01:30:20.697000,16,5,+4.038,+0.939
0 days 01:30:25.275000,16,5,+4.100,+0.815
0 days 01:30:28.970000,16,5,+4.151,+0.913
0 days 01:30:33.035000,16,5,+4.132,+0.914
0 days 01:30:37.148000,16,5,+4.073,+0.926
0 days 01:30:40.577000,16,5,+3.950,+0.929
0 days 01:30:45.275000,16,5,+4.037,+0.880
0 days 01:30:49.736000,16,5,+4.197,+0.959
0 days 01:30:56.648000,16,5,+4.380,+1.008
0 days 01:31:02.923000,16,5,+4.582,+1.155
0 days 01:31:06.659000,16,5,+4.615,+1.063
0 days 01:31:13.248000,16,5,+4.495,+0.917
0 days 01:31:15.611000,16,5,+4.529,+1.028
0 days 01:31:22.036000,16,5,+4.597,+1.163
0 days 01:31:24.882000,16,5,+4.587,+1.175
0 days 01:31:26.468000,16,5,+4.704,+1.221
0 days 01:31:32.208000,16,5,+4.684,+1.125
0 days 01:31:35.809000,16,5,+4.616,+1.106
0 days 01:31:39.415000,16,5,+4.694,+1.004
0 days 01:31:43.749000,16,5,+4.865,+1.072
0 days 01:31:49.454000,16,5,+4.927,+1.001
0 days 01:31:52.773000,16,5,+5.041,+0.949
0 days 01:31:54.943000,16,5,+5.072,+0.967
0 days 01:31:59.327000,16,5,+5.194,+0.883
0 days 01:32:02.969000,16,5,+5.254,+0.895
0 days 01:32:06.999000,16,5,+5.252,+0.881
0 days 01:32:11.149000,16,5,+5.182,+0.863
0 days 01:32:14.515000,16,5,+5.068,+0.812
0 days 01:32:19.124000,16,5,+5.238,+0.729
0 days 01:32:23.530000,16,5,+5.398,+0.956
0 days 01:32:30.336000,16,5,+5.523,+0.990
0 days 01:32:36.503000,16,5,+5.631,+0.950
0 days 01:32:40.186000,16,5,+5.674,+0.886
0 days 01:32:46.749000,16,5,+5.860,+0.785
0 days 01:32:49.206000,16,5,+5.948,+0.967
0 days 01:32:55.559000,16,5,+6.006,+1.115
0 days 01:32:58.413000,16,5,+5.976,+1.118
0 days 01:32:59.981000,16,5,+6.086,+1.178
0 days 01:33:05.750000,16,5,+6.065,+1.156
0 days 01:33:09.379000,16,5,+5.977,+1.115
0 days 01:33:13.300000,16,5,+6.272,+1.233
0 days 01:33:17.500000,16,5,+6.296,+1.208
0 days 01:33:23.249000,16,5,+6.457,+1.259
0 days 01:33:26.595000,16,5,+6.530,+1.292
0 days 01:33:28.737000,16,5,+6.532,+1.308
0 days 01:33:33.131000,16,5,+6.636,+1.304
0 days 01:33:36.938000,16,5,+6.852,+1.498
0 days 01:33:40.999000,16,5,+6.883,+1.522
0 days 01:33:45.098000,16,5,+6.853,+1.534
0 days 01:33:48.580000,16,5,+6.787,+1.547
0 days 01:33:53.200000,16,5,+7.039,+1.516
0 days 01:33:57.499000,16,5,+7.159,+1.633
0 days 01:34:04.283000,16,5,+7.269,+1.607
0 days 01:34:10.574000,16,5,+7.466,+1.684
0 days 01:34:14.387000,16,5,+7.645,+1.754
0 days 01:34:21.070000,16,5,+7.977,+1.707
0 days 01:34:23.456000,16,5,+8.026,+1.916
0 days 01:34:29.873000,16,5,+8.068,+2.019
0 days 01:34:32.695000,16,5,+8.058,+2.053
0 days 01:34:34.256000,16,5,+8.144,+2.053
0 days 01:34:39.842000,16,5,+7.841,+1.874
0 days 01:34:43.516000,16,5,+7.750,+1.848
0 days 01:34:47.155000,16,5,+7.899,+1.840
0 days 01:34:51.499000,16,5,+7.900,+1.878
0 days 01:34:57.199000,16,5,+8.090,+1.812
0 days 01:35:00.500000,16,5,+8.167,+1.865
0 days 01:35:02.675000,16,5,+8.194,+1.909
0 days 01:35:07.153000,16,5,+8.493,+2.053
0 days 01:35:10.876000,16,5,+8.668,+2.152
0 days 01:35:15.016000,16,5,+8.733,+2.193
0 days 01:35:19.138000,16,5,+8.739,+2.255
0 days 01:35:22.675000,16,5,+8.729,+2.330
0 days 01:35:27.200000,16,5,+8.975,+2.293
0 days 01:35:31.532000,16,5,+9.108,+2.422
0 days 01:35:38.074000,16,5,+9.192,+2.317
0 days 01:35:44.403000,16,5,+9.436,+2.451
0 days 01:35:48.126000,16,5,+9.565,+2.491
0 days 01:35:54.638000,16,5,+9.762,+2.418
0 days 01:35:57.034000,16,5,+9.832,+2.662
0 days 01:36:03.369000,16,5,+9.826,+2.752
0 days 01:36:06.268000,16,5,+9.830,+2.798
0 days 01:36:07.727000,16,5,+9.835,+2.803
0 days 01:36:13.355000,16,5,+9.719,+2.616
0 days 01:36:17.023000,16,5,+9.681,+2.581
0 days 01:36:20.541000,16,5,+9.696,+2.462
0 days 01:36:24.826000,16,5,+9.600,+2.442
0 days 01:36:30.456000,16,5,+9.802,+2.485
0 days 01:36:33.685000,16,5,+9.913,+2.432
0 days 01:36:35.894000,16,5,+9.933,+2.411
0 days 01:36:40.167000,16,5,+10.077,+2.446
0 days 01:36:43.742000,16,5,+10.114,+2.460
0 days 01:36:47.860000,16,5,+10.160,+2.485
0 days 01:36:51.938000,16,5,+10.143,+2.504
0 days 01:36:55.422000,16,5,+10.086,+2.490
0 days 01:36:59.851000,16,5,+10.218,+2.442
0 days 01:37:04.029000,16,5,+10.265,+2.483
0 days 01:37:10.543000,16,5,+10.321,+2.378
0 days 01:37:16.899000,16,5,+10.522,+2.543
0 days 01:37:20.486000,16,5,+10.463,+2.452
0 days 01:37:26.986000,16,5,+10.681,+2.376
0 days 01:37:29.319000,16,5,+10.725,+2.533
0 days 01:37:35.556000,16,5,+10.706,+2.586
0 days 01:37:38.386000,16,5,+10.689,+2.607
0 days 01:37:39.899000,16,5,+10.692,+2.600
0 days 01:37:45.456000,16,5,+10.572,+2.508
0 days 01:37:49.115000,16,5,+10.569,+2.510
0 days 01:37:52.680000,16,5,+10.650,+2.456
0 days 01:37:56.953000,16,5,+10.670,+2.484
0 days 01:38:02.597000,16,5,+10.958,+2.565
0 days 01:38:05.839000,16,5,+11.141,+2.565
0 days 01:38:08.003000,16,5,+11.188,+2.569
0 days 01:38:12.229000,16,5,+11.327,+2.501
0 days 01:38:15.834000,16,5,+11.402,+2.534
0 days 01:38:19.855000,16,5,+11.426,+2.535
0 days 01:38:23.973000,16,5,+11.392,+2.565
0 days 01:38:27.434000,16,5,+11.300,+2.566
0 days 01:38:31.903000,16,5,+11.426,+2.516
0 days 01:38:36.219000,16,5,+11.542,+2.741
0 days 01:38:42.800000,16,5,+11.656,+2.773
0 days 01:38:49.052000,16,5,+11.761,+2.893
0 days 01:38:52.778000,16,5,+11.900,+2.941
0 days 01:38:59.387000,16,5,+12.214,+2.965
0 days 01:39:01.673000,16,5,+12.268,+3.100
0 days 01:39:08.026000,16,5,+12.359,+3.178
0 days 01:39:11.001000,16,5,+12.377,+3.220
0 days 01:39:12.331000,16,5,+12.339,+3.136
0 days 01:39:17.833000,16,5,+12.174,+2.993
0 days 01:39:21.525000,16,5,+12.173,+2.998
0 days 01:39:25.034000,16,5,+12.188,+2.895
0 days 01:39:29.235000,16,5,+12.206,+2.888
0 days 01:39:34.900000,16,5,+12.525,+3.031
0 days 01:39:38.029000,16,5,+12.695,+3.061
0 days 01:39:40.169000,16,5,+12.732,+3.067
0 days 01:39:44.440000,16,5,+12.888,+3.091
0 days 01:39:48.032000,16,5,+12.973,+3.123
0 days 01:39:52.128000,16,5,+13.063,+3.170
0 days 01:39:56.315000,16,5,+13.040,+3.203
0 days 01:39:59.701000,16,5,+12.972,+3.204
0 days 01:40:04.084000,16,5,+13.152,+3.001
0 days 01:40:08.354000,16,5,+13.305,+3.035
0 days 01:40:14.927000,16,5,+13.312,+3.000
0 days 01:40:21.256000,16,5,+13.569,+3.154
0 days 01:40:24.841000,16,5,+13.606,+3.017
0 days 01:40:31.267000,16,5,+13.913,+2.909
0 days 01:40:33.541000,16,5,+13.934,+3.033
0 days 01:40:39.858000,16,5,+13.979,+3.139
0 days 01:40:42.689000,16,5,+13.955,+3.165
0 days 01:40:44.129000,16,5,+13.935,+3.114
0 days 01:40:49.698000,16,5,+13.940,+3.014
0 days 01:40:53.482000,16,5,+13.975,+3.018
0 days 01:40:56.891000,16,5,+14.030,+2.980
0 days 01:41:01.101000,16,5,+14.069,+2.885
0 days 01:41:06.693000,16,5,+14.377,+2.959
0 days 01:41:09.817000,16,5,+14.434,+2.871
0 days 01:41:11.975000,16,5,+14.469,+2.865
0 days 01:41:16.218000,16,5,+14.626,+2.823
0 days 01:41:19.816000,16,5,+14.725,+2.860
0 days 01:41:23.875000,16,5,+14.812,+2.889
0 days 01:41:27.998000,16,5,+14.785,+2.912
0 days 01:41:31.485000,16,5,+14.736,+2.927
0 days 01:41:35.870000,16,5,+14.953,+2.680
0 days 01:41:40.068000,16,5,+15.067,+2.755
0 days 01:41:46.534000,16,5,+15.076,+2.667
0 days 01:41:52.938000,16,5,+15.417,+2.901
0 days 01:41:56.610000,16,5,+15.571,+2.954
0 days 01:42:03.139000,16,5,+15.859,+3.063
0 days 01:42:05.396000,16,5,+15.805,+3.143
0 days 01:42:11.721000,16,5,+15.859,+3.232
0 days 01:42:14.517000,16,5,+15.850,+3.249
0 days 01:42:15.992000,16,5,+15.858,+3.214
0 days 01:42:21.412000,16,5,+15.726,+3.115
0 days 01:42:25.091000,16,5,+15.708,+3.098
0 days 01:42:28.656000,16,5,+15.818,+2.976
0 days 01:42:32.859000,16,5,+15.827,+2.993
0 days 01:42:38.519000,16,5,+16.123,+3.162
0 days 01:42:41.614000,16,5,+16.195,+3.148
0 days 01:42:43.728000,16,5,+16.221,+3.154
0 days 01:42:47.936000,16,5,+16.401,+3.168
0 days 01:42:51.442000,16,5,+16.465,+3.165
0 days 01:42:55.509000,16,5,+16.539,+3.186
0 days 01:42:59.619000,16,5,+16.531,+3.229
0 days 01:43:03.060000,16,5,+16.489,+3.235
0 days 01:43:07.496000,16,5,+16.758,+3.061
0 days 01:43:11.736000,16,5,+16.839,+3.155
0 days 01:43:18.584000,16,5,+17.126,+3.385
0 days 01:43:25.084000,16,5,+17.397,+3.620
0 days 01:43:28.803000,16,5,+17.613,+3.708
0 days 01:43:35.470000,16,5,+18.015,+3.843
0 days 01:43:37.839000,16,5,+18.035,+4.039
0 days 01:43:44.169000,16,5,+18.097,+4.137
0 days 01:43:47.019000,16,5,+18.091,+4.162
0 days 01:43:48.507000,16,5,+18.108,+4.061
0 days 01:43:54.034000,16,5,+18.066,+3.873
0 days 01:43:57.705000,16,5,+18.087,+3.855
0 days 01:44:01.203000,16,5,+18.111,+3.813
0 days 01:44:05.417000,16,5,+18.188,+3.771
0 days 01:44:11.019000,16,5,+18.414,+3.949
0 days 01:44:14.135000,16,5,+18.554,+3.945
0 days 01:44:16.225000,16,5,+18.590,+3.968
0 days 01:44:20.443000,16,5,+18.812,+4.052
0 days 01:44:24.005000,16,5,+18.897,+4.067
0 days 01:44:27.988000,16,5,+18.964,+4.090
0 days 01:44:32.128000,16,5,+18.947,+4.113
0 days 01:44:35.561000,16,5,+18.909,+4.126
0 days 01:44:40.043000,16,5,+19.129,+4.113
0 days 01:44:44.591000,16,5,+19.493,+4.509
0 days 01:44:51.376000,16,5,+19.758,+4.690
0 days 01:44:57.683000,16,5,+19.951,+4.835
0 days 01:45:01.559000,16,5,+20.279,+4.901
0 days 01:45:08.108000,16,5,+20.500,+4.797
0 days 01:45:10.403000,16,5,+20.464,+4.879
0 days 01:45:16.817000,16,5,+20.565,+5.011
0 days 01:45:19.632000,16,5,+20.561,+5.039
0 days 01:45:21.143000,16,5,+20.556,+4.948
0 days 01:45:26.762000,16,5,+20.671,+4.868
0 days 01:45:30.478000,16,5,+20.730,+4.898
0 days 01:45:33.980000,16,5,+20.724,+4.709
0 days 01:45:38.228000,16,5,+20.838,+4.703
0 days 01:45:43.834000,16,5,+20.999,+4.720
0 days 01:45:46.843000,16,5,+21.075,+4.578
0 days 01:45:48.904000,16,5,+21.087,+4.545
0 days 01:45:53.036000,16,5,+21.185,+4.491
0 days 01:45:56.552000,16,5,+21.256,+4.512
0 days 01:46:00.577000,16,5,+21.309,+4.517
0 days 01:46:04.675000,16,5,+21.262,+4.526
0 days 01:46:08.088000,16,5,+21.218,+4.534
0 days 01:46:12.604000,16,5,+21.421,+4.425
0 days 01:46:16.858000,16,5,+21.371,+4.504
0 days 01:46:23.504000,16,5,+21.445,+4.490
0 days 01:46:29.843000,16,5,+21.642,+4.611
0 days 01:46:33.557000,16,5,+21.785,+4.602
0 days 01:46:40.066000,16,5,+21.906,+4.586
0 days 01:46:42.389000,16,5,+21.862,+4.658
0 days 01:46:48.663000,16,5,+21.875,+4.683
0 days 01:46:51.486000,16,5,+21.872,+4.696
0 days 01:46:52.959000,16,5,+21.940,+4.656
0 days 01:46:58.644000,16,5,+21.723,+4.716
0 days 01:47:02.298000,16,5,+21.665,+4.736
0 days 01:47:05.871000,16,5,+21.734,+4.827
0 days 01:47:10.099000,16,5,+21.777,+4.831
0 days 01:47:15.844000,16,5,+22.000,+4.986
0 days 01:47:18.866000,16,5,+22.029,+4.913
0 days 01:47:21.004000,16,5,+22.034,+4.899
0 days 01:47:25.144000,16,5,+22.164,+4.904
0 days 01:47:28.766000,16,5,+22.256,+4.947
0 days 01:47:32.704000,16,5,+22.304,+4.951
0 days 01:47:36.806000,16,5,+22.263,+4.977
0 days 01:47:40.283000,16,5,+22.234,+4.999
0 days 01:47:44.735000,16,5,+22.411,+4.965
0 days 01:47:48.869000,16,5,+22.440,+4.992
0 days 01:47:55.396000,16,5,+22.509,+5.015
0 days 01:48:01.758000,16,5,+22.724,+5.122
0 days 01:48:05.407000,16,5,+22.852,+5.051
0 days 01:48:11.861000,16,5,+22.871,+4.990
0 days 01:48:14.191000,16,5,+22.883,+5.079
0 days 01:48:20.405000,16,5,+22.921,+5.124
0 days 01:48:23.249000,16,5,+22.917,+5.152
0 days 01:48:24.718000,16,5,+22.944,+5.070
0 days 01:48:30.340000,16,5,+23.064,+5.049
0 days 01:48:34.020000,16,5,+23.094,+5.054
0 days 01:48:37.579000,16,5,+23.201,+5.039
0 days 01:48:41.824000,16,5,+23.342,+5.003
0 days 01:48:47.459000,16,5,+23.468,+5.176
0 days 01:48:50.508000,16,5,+23.572,+5.172
0 days 01:48:52.603000,16,5,+23.586,+5.175
0 days 01:48:56.683000,16,5,+23.670,+5.174
0 days 01:49:00.119000,16,5,+23.692,+5.155
0 days 01:49:04.122000,16,5,+23.722,+5.146
0 days 01:49:08.224000,16,5,+23.695,+5.175
0 days 01:49:11.701000,16,5,+23.672,+5.197
0 days 01:49:16.129000,16,5,+23.857,+5.115
0 days 01:49:20.176000,16,5,+23.769,+5.162
0 days 01:49:26.739000,16,5,+23.793,+5.137
0 days 01:49:33.003000,16,5,+23.781,+5.227
0 days 01:49:36.584000,16,5,+23.838,+5.195
0 days 01:49:43.045000,16,5,+23.984,+5.135
0 days 01:49:45.406000,16,5,+23.868,+5.156
0 days 01:49:51.585000,16,5,+23.846,+5.156
0 days 01:49:54.393000,16,5,+23.841,+5.176
0 days 01:49:55.910000,16,5,+23.852,+5.104
0 days 01:50:01.421000,16,5,+23.854,+4.904
0 days 01:50:05.090000,16,5,+23.862,+4.913
0 days 01:50:08.561000,16,5,+23.873,+4.979
0 days 01:50:12.784000,16,5,+23.915,+4.889
0 days 01:50:18.291000,16,5,+24.048,+4.908
0 days 01:50:21.363000,16,5,+24.043,+4.767
0 days 01:50:23.363000,16,5,+24.037,+4.737
0 days 01:50:27.397000,16,5,+24.061,+4.614
0 days 01:50:30.860000,16,5,+24.113,+4.576
0 days 01:50:34.887000,16,5,+24.165,+4.586
0 days 01:50:38.960000,16,5,+24.146,+4.617
0 days 01:50:42.448000,16,5,+24.121,+4.634
0 days 01:50:46.834000,16,5,+24.260,+4.558
0 days 01:50:50.960000,16,5,+24.092,+4.560
0 days 01:50:57.390000,16,5,+23.971,+4.475
0 days 01:51:03.740000,16,5,+24.121,+4.724
0 days 01:51:07.287000,16,5,+24.129,+4.607
0 days 01:51:13.778000,16,5,+24.236,+4.586
0 days 01:51:16.077000,16,5,+24.239,+4.749
0 days 01:51:22.259000,16,5,+24.241,+4.822
0 days 01:51:25.069000,16,5,+24.240,+4.846
0 days 01:51:26.522000,16,5,+24.250,+4.772
0 days 01:51:32.288000,16,5,+24.494,+4.966
0 days 01:51:36.049000,16,5,+24.565,+5.055
0 days 01:51:39.582000,16,5,+24.642,+4.994
0 days 01:51:43.779000,16,5,+24.724,+4.960
0 days 01:51:49.364000,16,5,+24.840,+5.039
0 days 01:51:52.311000,16,5,+24.834,+4.929
0 days 01:51:54.464000,16,5,+24.827,+4.900
0 days 01:51:58.446000,16,5,+24.890,+4.786
0 days 01:52:01.925000,16,5,+24.946,+4.776
0 days 01:52:05.893000,16,5,+24.977,+4.757
0 days 01:52:10.049000,16,5,+24.960,+4.793
0 days 01:52:13.467000,16,5,+24.940,+4.817
0 days 01:52:17.863000,16,5,+25.062,+4.766
0 days 01:52:22.021000,16,5,+25.144,+4.912
0 days 01:52:28.790000,16,5,+25.400,+5.066
0 days 01:52:35.138000,16,5,+25.495,+5.274
0 days 01:52:38.746000,16,5,+25.706,+5.326
0 days 01:52:45.285000,16,5,+25.849,+5.236
0 days 01:52:47.523000,16,5,+25.834,+5.299
0 days 01:52:53.807000,16,5,+25.870,+5.398
0 days 01:52:56.638000,16,5,+25.870,+5.413
0 days 01:52:58.094000,16,5,+25.883,+5.335
0 days 01:53:03.583000,16,5,+25.962,+5.368
0 days 01:53:07.236000,16,5,+25.994,+5.403
0 days 01:53:10.658000,16,5,+25.991,+5.334
0 days 01:53:14.980000,16,5,+26.024,+5.340
0 days 01:53:20.499000,16,5,+26.118,+5.410
0 days 01:53:23.521000,16,5,+26.228,+5.460
0 days 01:53:25.604000,16,5,+26.254,+5.471
0 days 01:53:29.682000,16,5,+26.367,+5.341
0 days 01:53:33.147000,16,5,+26.467,+5.353
0 days 01:53:37.200000,16,5,+26.511,+5.356
0 days 01:53:41.239000,16,5,+26.486,+5.373
0 days 01:53:44.721000,16,5,+26.474,+5.395
0 days 01:53:49.143000,16,5,+26.669,+5.312
0 days 01:53:53.289000,16,5,+26.671,+5.364
0 days 01:53:59.809000,16,5,+26.727,+5.387
0 days 01:54:06.024000,16,5,+26.829,+5.435
0 days 01:54:09.562000,16,5,+26.840,+5.340
0 days 01:54:16.064000,16,5,+26.878,+5.257
0 days 01:54:18.390000,16,5,+26.910,+5.353
0 days 01:54:24.694000,16,5,+26.915,+5.457
0 days 01:54:27.362000,16,5,+26.919,+5.489
0 days 01:54:28.909000,16,5,+26.894,+5.473
0 days 01:54:34.242000,16,5,+26.792,+5.444
0 days 01:54:37.892000,16,5,+26.774,+5.468
0 days 01:54:41.339000,16,5,+26.676,+5.411
0 days 01:54:45.480000,16,5,+26.675,+5.357
0 days 01:54:50.989000,16,5,+26.708,+5.284
0 days 01:54:53.922000,16,5,+26.741,+5.211
0 days 01:54:55.988000,16,5,+26.741,+5.187
0 days 01:54:59.984000,16,5,+26.818,+5.094
0 days 01:55:03.482000,16,5,+26.871,+5.079
0 days 01:55:07.472000,16,5,+26.915,+5.071
0 days 01:55:11.524000,16,5,+26.889,+5.082
0 days 01:55:14.969000,16,5,+26.876,+5.109
0 days 01:55:19.391000,16,5,+27.040,+5.090
0 days 01:55:23.535000,16,5,+27.134,+5.237
0 days 01:55:30.048000,16,5,+27.141,+5.193
0 days 01:55:36.335000,16,5,+27.399,+5.291
0 days 01:55:39.888000,16,5,+27.442,+5.276
0 days 01:55:46.392000,16,5,+27.584,+5.166
0 days 01:55:48.618000,16,5,+27.596,+5.191
0 days 01:55:54.828000,16,5,+27.565,+5.220
0 days 01:55:57.634000,16,5,+27.570,+5.243
0 days 01:55:59.063000,16,5,+27.591,+5.182
0 days 01:56:04.493000,16,5,+27.667,+5.110
0 days 01:56:08.223000,16,5,+27.708,+5.154
0 days 01:56:11.581000,16,5,+27.647,+5.122
0 days 01:56:15.921000,16,5,+27.781,+5.171
0 days 01:56:21.418000,16,5,+27.899,+5.227
0 days 01:56:24.370000,16,5,+27.877,+5.171
0 days 01:56:26.426000,16,5,+27.860,+5.153
0 days 01:56:30.462000,16,5,+27.975,+5.090
0 days 01:56:33.949000,16,5,+28.097,+5.143
0 days 01:56:38.011000,16,5,+28.150,+5.141
0 days 01:56:42.041000,16,5,+28.113,+5.151
0 days 01:56:45.452000,16,5,+28.077,+5.160
0 days 01:56:49.840000,16,5,+28.203,+5.112
0 days 01:56:53.867000,16,5,+28.144,+5.171
0 days 01:57:00.389000,16,5,+28.233,+5.167
0 days 01:57:06.641000,16,5,+28.385,+5.314
0 days 01:57:10.138000,16,5,+28.508,+5.280
0 days 01:57:16.685000,16,5,+28.718,+5.261
0 days 01:57:18.928000,16,5,+28.756,+5.358
0 days 01:57:25.126000,16,5,+28.745,+5.449
0 days 01:57:27.937000,16,5,+28.755,+5.477
0 days 01:57:29.418000,16,5,+28.763,+5.381
0 days 01:57:34.865000,16,5,+28.754,+5.481
0 days 01:57:38.528000,16,5,+28.750,+5.531
0 days 01:57:41.968000,16,5,+28.717,+5.479
0 days 01:57:46.201000,16,5,+28.746,+5.498
0 days 01:57:51.851000,16,5,+29.018,+5.768
0 days 01:57:54.845000,16,5,+29.087,+5.740
0 days 01:57:56.896000,16,5,+29.104,+5.724
0 days 01:58:00.950000,16,5,+29.259,+5.747
0 days 01:58:04.451000,16,5,+29.347,+5.787
0 days 01:58:08.450000,16,5,+29.405,+5.804
0 days 01:58:12.514000,16,5,+29.392,+5.820
0 days 01:58:15.991000,16,5,+29.377,+5.834
0 days 01:58:20.409000,16,5,+29.650,+5.923
0 days 01:58:24.546000,16,5,+29.805,+6.041
0 days 01:58:31.177000,16,5,+29.865,+6.102
0 days 01:58:37.268000,16,5,+29.895,+6.157
0 days 01:58:40.742000,16,5,+29.944,+6.036
0 days 01:58:47.270000,16,5,+30.097,+5.994
0 days 01:58:49.567000,16,5,+30.102,+6.113
0 days 01:58:55.686000,16,5,+30.058,+6.149
0 days 01:58:58.598000,16,5,+30.068,+6.168
0 days 01:59:00.050000,16,5,+30.069,+6.140
0 days 01:59:05.395000,16,5,+30.091,+6.208
0 days 01:59:08.993000,16,5,+30.115,+6.240
0 days 01:59:12.481000,16,5,+30.049,+6.152
0 days 01:59:16.594000,16,5,+30.003,+6.151
0 days 01:59:22.208000,16,5,+30.107,+6.208
0 days 01:59:25.013000,16,5,+30.131,+6.165
0 days 01:59:27.064000,16,5,+30.136,+6.153
0 days 01:59:31.080000,16,5,+30.242,+6.137
0 days 01:59:34.550000,16,5,+30.221,+6.184
0 days 01:59:38.473000,16,5,+30.220,+6.178
0 days 01:59:42.527000,16,5,+30.204,+6.182
0 days 01:59:45.967000,16,5,+30.202,+6.175
0 days 01:59:50.304000,16,5,+30.353,+6.065
0 days 01:59:54.350000,16,5,+30.400,+6.109
0 days 02:00:00.911000,16,5,+30.400,+6.023
0 days 02:00:07.163000,16,5,+30.509,+6.188
0 days 02:00:10.503000,16,5,+30.599,+6.078
0 days 02:00:17.039000,16,5,+30.702,+6.014
0 days 02:00:19.273000,16,5,+30.670,+6.090
0 days 02:00:25.414000,16,5,+30.684,+6.176
0 days 02:00:28.267000,16,5,+30.702,+6.208
0 days 02:00:29.684000,16,5,+30.698,+6.189
0 days 02:00:35.097000,16,5,+30.850,+6.306
0 days 02:00:38.696000,16,5,+30.922,+6.352
0 days 02:00:42.177000,16,5,+30.975,+6.292
0 days 02:00:46.269000,16,5,+30.981,+6.259
0 days 02:00:51.769000,16,5,+31.106,+6.350
0 days 02:00:54.686000,16,5,+31.095,+6.238
0 days 02:00:56.725000,16,5,+31.087,+6.203
0 days 02:01:00.731000,16,5,+31.129,+6.234
0 days 02:01:04.177000,16,5,+31.128,+6.269
0 days 02:01:08.280000,16,5,+31.169,+6.265
0 days 02:01:12.245000,16,5,+31.285,+6.276
0 days 02:01:15.712000,16,5,+31.457,+6.282
0 days 02:01:20.043000,16,5,+31.625,+6.198
0 days 02:01:24.013000,16,5,+31.672,+6.161
0 days 02:01:30.566000,16,5,+31.805,+6.152
0 days 02:01:36.637000,16,5,+31.819,+6.150
0 days 02:01:40.082000,16,5,+31.971,+6.092
0 days 02:01:46.590000,16,5,+32.028,+6.201
0 days 02:01:48.744000,16,5,+31.846,+6.217
0 days 02:01:54.997000,16,5,+31.819,+6.180
0 days 02:01:57.730000,16,5,+31.847,+6.189
0 days 02:01:59.172000,16,5,+31.834,+6.105
0 days 02:02:04.447000,16,5,+31.724,+6.071
0 days 02:02:08.040000,16,5,+31.712,+6.080
0 days 02:02:11.470000,16,5,+31.594,+5.923
0 days 02:02:15.537000,16,5,+31.503,+5.781
0 days 02:02:20.943000,16,5,+31.653,+5.839
0 days 02:02:23.812000,16,5,+31.681,+5.741
0 days 02:02:25.852000,16,5,+31.675,+5.722
0 days 02:02:29.968000,16,5,+31.890,+5.803
0 days 02:02:33.352000,16,5,+31.976,+5.829
0 days 02:02:37.319000,16,5,+32.000,+5.812
0 days 02:02:41.399000,16,5,+31.993,+5.812
0 days 02:02:44.853000,16,5,+31.999,+5.823
0 days 02:02:49.152000,16,5,+32.257,+5.813
0 days 02:02:53.177000,16,5,+32.417,+5.888
0 days 02:02:59.687000,16,5,+32.436,+5.760
0 days 02:03:05.904000,16,5,+32.726,+5.865
0 days 02:03:09.353000,16,5,+32.886,+5.780
0 days 02:03:15.702000,16,5,+32.965,+5.678
0 days 02:03:18.110000,16,5,+33.131,+5.741
0 days 02:03:24.258000,16,5,+33.154,+5.758
0 days 02:03:27.088000,16,5,+33.173,+5.780
0 days 02:03:28.623000,16,5,+33.217,+5.713
0 days 02:03:33.827000,16,5,+33.258,+5.633
0 days 02:03:37.397000,16,5,+33.270,+5.633
0 days 02:03:40.752000,16,5,+33.216,+5.520
0 days 02:03:44.792000,16,5,+33.105,+5.487
0 days 02:03:50.497000,16,5,+33.404,+5.783
0 days 02:03:53.450000,16,5,+33.516,+5.753
0 days 02:03:55.658000,16,5,+33.537,+5.725
0 days 02:03:59.470000,16,5,+33.637,+5.720
0 days 02:04:02.887000,16,5,+33.657,+5.683
0 days 02:04:06.881000,16,5,+33.686,+5.678
0 days 02:04:10.959000,16,5,+33.669,+5.697
0 days 02:04:14.428000,16,5,+33.661,+5.710
0 days 02:04:18.773000,16,5,+33.864,+5.669
0 days 02:04:22.669000,16,5,+34.051,+5.770
0 days 02:04:29.201000,16,5,+34.195,+5.789
0 days 02:04:35.425000,16,5,+34.488,+6.057
0 days 02:04:38.883000,16,5,+34.618,+5.984
0 days 02:04:45.225000,16,5,+34.804,+6.056
0 days 02:04:47.587000,16,5,+34.934,+6.208
0 days 02:04:53.853000,16,5,+35.005,+6.263
0 days 02:04:56.680000,16,5,+35.037,+6.280
0 days 02:04:58.023000,16,5,+35.049,+6.201
0 days 02:05:03.354000,16,5,+35.110,+6.202
0 days 02:05:06.973000,16,5,+35.141,+6.210
0 days 02:05:10.353000,16,5,+35.187,+6.106
0 days 02:05:14.455000,16,5,+35.181,+6.084
0 days 02:05:19.999000,16,5,+35.440,+6.188
0 days 02:05:22.854000,16,5,+35.372,+6.142
0 days 02:05:24.928000,16,5,+35.343,+6.128
0 days 02:05:28.827000,16,5,+35.386,+6.113
0 days 02:05:32.264000,16,5,+35.455,+6.133
0 days 02:05:36.290000,16,5,+35.496,+6.129
0 days 02:05:40.368000,16,5,+35.520,+6.134
0 days 02:05:43.903000,16,5,+35.565,+6.149
0 days 02:05:48.183000,16,5,+35.798,+6.132
0 days 02:05:52.235000,16,5,+35.977,+6.183
0 days 02:05:58.608000,16,5,+36.000,+6.081
0 days 02:06:04.754000,16,5,+36.138,+6.234
0 days 02:06:08.176000,16,5,+36.258,+6.159
0 days 02:06:14.674000,16,5,+36.616,+6.308
0 days 02:06:16.957000,16,5,+36.466,+6.187
0 days 02:06:23.128000,16,5,+36.542,+6.239
0 days 02:06:25.971000,16,5,+36.592,+6.262
0 days 02:06:27.430000,16,5,+36.604,+6.189
0 days 02:06:32.791000,16,5,+36.487,+6.135
0 days 02:06:36.431000,16,5,+36.528,+6.153
0 days 02:06:39.858000,16,5,+36.594,+6.063
0 days 02:06:44.013000,16,5,+36.680,+6.027
0 days 02:06:49.673000,16,5,+37.134,+6.181
0 days 02:06:52.610000,16,5,+37.154,+6.007
0 days 02:06:54.671000,16,5,+37.152,+5.977
0 days 02:06:58.645000,16,5,+37.213,+5.857
0 days 02:07:02.197000,16,5,+37.368,+5.904
0 days 02:07:06.194000,16,5,+37.422,+5.892
0 days 02:07:10.300000,16,5,+37.428,+5.904
0 days 02:07:13.855000,16,5,+37.436,+5.907
0 days 02:07:17.986000,16,5,+37.631,+5.751
0 days 02:07:22.095000,16,5,+37.897,+5.783
0 days 02:07:28.699000,16,5,+38.185,+5.741
0 days 02:07:34.815000,16,5,+38.166,+5.909
0 days 02:07:38.430000,16,5,+38.548,+5.785
0 days 02:07:45.203000,16,5,+39.305,+6.159
0 days 02:07:47.515000,16,5,+39.444,+6.143
0 days 02:07:57.129000,16,5,+43.013,+9.652
0 days 02:08:01.059000,16,5,+44.142,+10.072
0 days 02:08:03.140000,16,5,+44.787,+8.422
0 days 02:08:09.728000,16,5,+46.363,+7.838
0 days 02:08:14.274000,16,5,+47.367,+8.227
0 days 02:08:20.239000,16,5,+50.007,+8.673
0 days 02:08:24.992000,16,5,+50.738,+8.376
0 days 02:08:31.543000,16,5,+51.997,+8.522
0 days 02:08:35.279000,16,5,+52.696,+8.049
0 days 02:08:37.917000,16,5,+53.236,+8.102
0 days 02:08:44.256000,16,5,+55.521,+7.970
0 days 02:08:49.803000,16,5,+54.267,+6.934
0 days 02:08:55.974000,16,5,+54.826,+6.024
0 days 02:09:01.099000,16,5,+54.115,+6.348
0 days 02:09:05.634000,16,5,+52.451,+7.152
0 days 02:09:12.772000,16,5,+54.734,+8.956
0 days 02:09:18.376000,16,5,+55.539,+9.623
0 days 02:09:27.049000,16,5,+54.740,+9.165
0 days 02:09:34.388000,16,5,+54.209,+8.568
0 days 02:09:39.034000,16,5,+54.191,+8.424
0 days 02:09:47.018000,16,5,+54.564,+8.811
0 days 02:10:18.089000,16,5,+54.444,+7.598
0 days 02:10:20.488000,16,5,+54.411,+7.185
0 days 02:10:28.899000,16,5,+54.465,+6.194
0 days 02:10:33.318000,16,5,+54.652,+5.732
0 days 02:10:37.572000,16,5,+54.765,+4.680
0 days 02:10:43.332000,16,5,+54.591,+5.423
0 days 02:10:51.623000,16,5,+55.459,+6.740
0 days 02:10:55.547000,16,5,+55.435,+6.385
0 days 02:10:57.984000,16,5,+55.426,+6.373
0 days 02:11:03.244000,16,5,+55.014,+4.936
0 days 02:11:08.994000,16,5,+52.657,+3.392
0 days 02:11:18.587000,16,5,+54.213,+4.908
0 days 02:11:23.759000,16,5,+53.519,+5.335
0 days 02:11:27.597000,16,5,+52.181,+5.599
0 days 02:11:32.951000,16,5,+52.655,+5.830
0 days 02:11:37.288000,16,5,+53.025,+5.825
0 days 02:11:44.672000,16,5,+53.739,+4.324
0 days 02:11:51.138000,16,5,+54.275,+3.510
0 days 02:11:55.577000,16,5,+52.698,+3.288
0 days 02:12:06.074000,16,5,+55.237,+6.661
0 days 02:12:09.894000,16,5,+56.550,+7.617
0 days 02:12:17.880000,16,5,+58.069,+8.930
0 days 02:12:20.844000,16,5,+54.742,+9.008
0 days 02:12:22.536000,16,5,+54.467,+8.937
0 days 02:12:28.332000,16,5,+53.666,+8.547
0 days 02:12:32.039000,16,5,+50.875,+8.474
0 days 02:12:35.471000,16,5,+50.209,+7.847
0 days 02:12:39.290000,16,5,+49.888,+7.310
0 days 02:12:44.422000,16,5,+47.043,+6.830
0 days 02:12:47.595000,16,5,+44.929,+6.308
0 days 02:12:49.742000,16,5,+43.426,+6.222
0 days 02:12:54.157000,16,5,+41.714,+5.837
0 days 02:12:58.818000,16,5,+37.988,+3.302
0 days 02:13:06.474000,16,5,+37.614,+2.865
0 days 02:13:11.558000,16,5,+35.903,+3.010
0 days 02:13:15.152000,16,5,+33.717,+3.011
0 days 02:13:19.900000,16,5,+32.583,+3.181
0 days 02:13:24.134000,16,5,+29.758,+3.060
0 days 02:13:30.773000,16,5,+27.676,+3.005
0 days 02:13:39.150000,16,5,+27.748,+4.898
0 days 02:13:44.207000,16,5,+27.766,+6.245
0 days 02:13:51.436000,16,5,+27.029,+6.053
0 days 02:13:53.671000,16,5,+26.017,+5.916
0 days 02:14:00.289000,16,5,+23.592,+6.430
0 days 02:14:03.459000,16,5,+23.119,+6.732
0 days 02:14:04.895000,16,5,+22.758,+6.610
0 days 02:14:10.236000,16,5,+20.047,+6.379
0 days 02:14:14.133000,16,5,+18.906,+6.601
0 days 02:14:17.935000,16,5,+17.853,+6.171
0 days 02:14:21.819000,16,5,+17.070,+5.036
0 days 02:14:27.197000,16,5,+15.019,+4.737
0 days 02:14:30.516000,16,5,+12.909,+4.550
0 days 02:14:32.926000,16,5,+12.181,+3.318
0 days 02:14:42.671000,16,5,+12.516,+3.957
0 days 02:14:53.049000,16,5,+11.600,+1.913
0 days 02:15:02.183000,16,5,+12.323,+2.826
0 days 02:15:07.472000,16,5,+10.759,+2.004
0 days 02:15:11.833000,16,5,+9.586,+1.233
0 days 02:15:22.220000,16,5,+9.668,+1.257
0 days 02:15:33.337000,16,5,+10.987,+2.117
0 days 02:15:47.521000,16,5,+10.541,+1.904
0 days 02:15:54.953000,16,5,+8.803,+1.297
0 days 02:16:00.893000,16,5,+8.523,+1.107
0 days 02:16:12.594000,16,5,+11.582,+2.630
0 days 02:16:15.051000,16,5,+10.447,+2.422
0 days 02:16:28.576000,16,5,+14.875,+2.314
0 days 02:16:31.885000,16,5,+14.219,+2.318
0 days 02:16:33.620000,16,5,+13.395,+2.177
0 days 02:16:39.375000,16,5,+11.517,+1.773
0 days 02:16:43.320000,16,5,+10.194,+1.743
0 days 02:16:48.094000,16,5,+10.393,+1.403
0 days 02:16:52.792000,16,5,+10.174,+1.650
0 days 02:16:58.372000,16,5,+8.370,+1.071
0 days 02:17:03.904000,16,5,+9.260,+1.725
0 days 02:17:07.473000,16,5,+8.598,+1.797
0 days 02:17:17,16,5,+8.968,+1.444
0 days 02:17:29.732000,16,5,+11.334,+2.859
0 days 02:17:38.387000,16,5,+10.381,+2.452
0 days 02:17:43.377000,16,5,+8.588,+1.830
0 days 02:17:48.264000,16,5,+8.162,+0.833
0 days 02:17:55.497000,16,5,+9.163,+0.883
0 days 02:18:01.587000,16,5,+8.850,+0.883
0 days 02:18:12.848000,16,5,+10.836,+1.397
0 days 02:18:19.945000,16,5,+10.053,+1.898
0 days 02:18:24.122000,16,5,+8.550,+1.124
0 days 02:18:32.022000,16,5,+9.007,+1.158
0 days 02:18:34.582000,16,5,+7.858,+1.314
0 days 02:18:47.995000,16,5,+13.330,+3.517
0 days 02:18:51.389000,16,5,+12.214,+3.845
0 days 02:18:53.137000,16,5,+12.010,+3.432
0 days 02:18:58.773000,16,5,+10.010,+2.754
0 days 02:19:02.674000,16,5,+9.315,+2.173
0 days 02:19:07.836000,16,5,+9.838,+1.313
0 days 02:19:12.484000,16,5,+9.356,+1.403
0 days 02:19:18.621000,16,5,+8.126,+0.814
0 days 02:19:24.240000,16,5,+9.144,+1.145
0 days 02:19:27.206000,16,5,+8.740,+0.958
0 days 02:19:37.105000,16,5,+9.759,+1.351
0 days 02:19:45.441000,16,5,+10.603,+2.297
0 days 02:19:53.187000,16,5,+10.830,+2.416
0 days 02:19:58.310000,16,5,+10.183,+2.053
0 days 02:20:03.558000,16,5,+10.595,+1.093
0 days 02:20:09.141000,16,5,+9.497,+1.045
0 days 02:20:13.695000,16,5,+7.978,+0.825
0 days 02:20:26.861000,16,5,+11.719,+1.201
0 days 02:20:33.949000,16,5,+10.668,+1.404
0 days 02:20:37.803000,16,5,+9.362,+1.349
0 days 02:20:44.407000,16,5,+8.107,+0.890
0 days 02:20:46.706000,16,5,+7.180,+0.772
0 days 02:20:59.722000,16,5,+11.359,+2.456
0 days 02:21:03.103000,16,5,+11.500,+2.803
0 days 02:21:04.975000,16,5,+10.613,+2.764
0 days 02:21:10.527000,16,5,+8.636,+1.512
0 days 02:21:14.436000,16,5,+7.430,+0.777
0 days 02:21:21.462000,16,5,+10.045,+0.963
0 days 02:21:26.080000,16,5,+9.996,+1.128
0 days 02:21:31.499000,16,5,+7.137,+0.661
0 days 02:21:36.910000,16,5,+5.522,+0.748
0 days 02:21:40.662000,16,5,+4.996,+0.836
0 days 02:21:48.223000,16,5,+5.491,+0.801
0 days 02:21:55.639000,16,5,+5.158,+2.249
0 days 02:22:02.505000,16,5,+5.071,+1.462
0 days 02:22:08.447000,16,5,+4.275,+0.460
0 days 02:22:14.977000,16,5,+5.651,+0.986
0 days 02:22:21.063000,16,5,+4.965,+0.971
0 days 02:22:25.893000,16,5,+3.318,+0.959
0 days 02:22:36.637000,16,5,+5.264,+1.439
0 days 02:22:43.341000,16,5,+4.461,+1.023
0 days 02:22:48.151000,16,5,+4.131,+0.737
0 days 02:22:56.756000,16,5,+4.685,+1.481
0 days 02:22:59.291000,16,5,+3.853,+1.080
0 days 02:23:11.739000,16,5,+8.007,+3.073
0 days 02:23:15.062000,16,5,+7.278,+2.179
0 days 02:23:16.958000,16,5,+6.914,+1.707
0 days 02:23:24.354000,16,5,+6.605,+0.646
0 days 02:23:28.897000,16,5,+5.844,+0.851
0 days 02:23:33.823000,16,5,+6.312,+0.971
0 days 02:23:38.637000,16,5,+6.042,+1.343
0 days 02:23:44.526000,16,5,+4.866,+0.729
0 days 02:23:49.683000,16,5,+4.879,+0.676
0 days 02:23:54.148000,16,5,+6.068,+1.482
0 days 02:23:59.879000,16,5,+5.158,+1.315
0 days 02:24:04.496000,16,5,+4.726,+1.014
0 days 02:24:11.563000,16,5,+5.096,+1.692
0 days 02:24:17.131000,16,5,+5.042,+1.935
0 days 02:24:23.183000,16,5,+5.590,+1.216
0 days 02:24:28.878000,16,5,+4.289,+1.232
0 days 02:24:36.941000,16,5,+3.975,+1.766
0 days 02:24:55.077000,16,5,+2.962,+0.780
0 days 02:25:02.480000,16,5,+1.949,+0.620
0 days 02:25:06.165000,16,5,+2.288,+0.593
0 days 02:25:12.507000,16,5,+2.647,+0.613
0 days 02:25:14.515000,16,5,+2.738,+0.623
0 days 02:25:20.582000,16,5,+2.899,+0.688
0 days 02:25:23.511000,16,5,+2.867,+0.686
0 days 02:25:24.827000,16,5,+3.021,+0.701
0 days 02:25:30.092000,16,5,+3.203,+0.722
0 days 02:25:33.666000,16,5,+3.209,+0.724
0 days 02:25:37.132000,16,5,+3.426,+0.767
0 days 02:25:40.925000,16,5,+3.582,+0.785
0 days 02:25:45.925000,16,5,+3.682,+0.801
0 days 02:25:49.024000,16,5,+3.768,+0.911
0 days 02:25:51.153000,16,5,+3.799,+0.978
0 days 02:25:55.364000,16,5,+4.011,+1.139
0 days 02:25:58.704000,16,5,+4.041,+1.130
0 days 02:26:02.677000,16,5,+4.027,+1.111
0 days 02:26:06.741000,16,5,+3.959,+1.118
0 days 02:26:10.238000,16,5,+3.909,+1.150
0 days 02:26:14.557000,16,5,+4.280,+1.267
0 days 02:26:18.429000,16,5,+4.532,+1.320
0 days 02:26:24.877000,16,5,+4.785,+1.220
0 days 02:26:30.549000,16,5,+5.127,+1.267
0 days 02:26:33.819000,16,5,+5.409,+1.354
0 days 02:26:39.625000,16,5,+5.769,+1.378
0 days 02:26:41.884000,16,5,+5.867,+1.342
0 days 02:26:47.378000,16,5,+5.933,+1.280
0 days 02:26:50.165000,16,5,+5.918,+1.298
0 days 02:26:51.584000,16,5,+6.005,+1.245
0 days 02:26:56.470000,16,5,+6.252,+1.189
0 days 02:26:59.901000,16,5,+6.274,+1.189
0 days 02:27:03.265000,16,5,+6.366,+1.173
0 days 02:27:06.807000,16,5,+6.558,+1.134
0 days 02:27:11.651000,16,5,+6.744,+1.164
0 days 02:27:14.513000,16,5,+6.808,+1.184
0 days 02:27:16.582000,16,5,+6.810,+1.193
0 days 02:27:20.361000,16,5,+6.917,+1.194
0 days 02:27:23.604000,16,5,+6.936,+1.178
0 days 02:27:27.526000,16,5,+6.907,+1.139
0 days 02:27:31.626000,16,5,+6.830,+1.109
0 days 02:27:35.057000,16,5,+6.748,+1.055
0 days 02:27:39.131000,16,5,+6.940,+0.966
0 days 02:27:42.967000,16,5,+7.197,+1.024
0 days 02:27:49.381000,16,6,+7.197,+1.024
0 days 02:27:49.520000,16,6,+7.555,+0.104
0 days 02:27:55.600000,16,6,+8.253,+0.177
0 days 02:27:59.126000,16,6,+8.743,+0.350
0 days 02:28:05.059000,16,6,+9.133,+0.517
0 days 02:28:07.002000,16,6,+9.167,+0.514
0 days 02:28:12.656000,16,6,+9.037,+0.357
0 days 02:28:15.291000,16,6,+8.904,+0.243
0 days 02:28:16.753000,16,6,+9.110,+0.271
0 days 02:28:21.853000,16,6,+9.298,+0.247
0 days 02:28:25.153000,16,6,+9.190,+0.117
0 days 02:28:28.529000,16,6,+9.291,+0.252
0 days 02:28:32.657000,16,6,+9.757,+0.420
0 days 02:28:37.557000,16,6,+10.113,+0.594
0 days 02:28:40.301000,16,6,+10.154,+0.607
0 days 02:28:42.323000,16,6,+10.148,+0.603
0 days 02:28:46.066000,16,6,+10.178,+0.583
0 days 02:28:49.308000,16,6,+10.159,+0.544
0 days 02:28:53.234000,16,6,+10.135,+0.524
0 days 02:28:57.143000,16,6,+9.925,+0.406
0 days 02:29:00.398000,16,6,+9.639,+0.218
0 days 02:29:04.716000,16,6,+9.540,+0.265
0 days 02:29:08.467000,16,6,+9.419,+0.271
0 days 02:29:14.794000,16,6,+9.099,+0.260
0 days 02:29:21.827000,16,7,+9.099,+0.260
0 days 02:29:22.363000,16,8,+9.099,+0.260
0 days 02:29:23.666000,16,9,+9.099,+0.260
0 days 02:29:24.241000,16,10,+9.099,+0.260
0 days 02:29:25.108000,16,11,+9.099,+0.260
0 days 02:29:27.283000,16,12,+9.099,+0.260
0 days 02:29:29.892000,16,12,+18.584,+2.559
0 days 02:29:34.024000,16,11,+18.584,+2.559
0 days 02:29:34.101000,16,11,+18.584,+2.752
0 days 02:29:40.581000,16,11,+15.052,+2.469
0 days 02:29:42.809000,16,11,+15.019,+2.469
0 days 02:29:49.059000,16,5,+15.019,+2.469
0 days 02:29:49.067000,16,5,+14.881,+5.452
0 days 02:29:51.828000,16,5,+14.885,+5.484
0 days 02:29:53.283000,16,5,+14.832,+5.502
0 days 02:29:58.625000,16,5,+14.957,+5.393
0 days 02:30:02.127000,16,5,+15.010,+5.420
0 days 02:30:05.510000,16,5,+14.876,+5.377
0 days 02:30:09.230000,16,5,+14.795,+5.295
0 days 02:30:13.830000,16,5,+14.767,+5.222
0 days 02:30:16.499000,16,5,+14.672,+4.976
0 days 02:30:18.482000,16,5,+14.666,+4.891
0 days 02:30:22.181000,16,5,+14.439,+4.652
0 days 02:30:25.460000,16,5,+14.357,+4.466
0 days 02:30:29.402000,16,5,+14.326,+4.397
0 days 02:30:33.507000,16,5,+14.290,+4.417
0 days 02:30:37.011000,16,5,+14.313,+4.489
0 days 02:30:41.248000,16,5,+13.996,+4.333
0 days 02:30:44.984000,16,5,+13.715,+4.072
0 days 02:30:51.755000,16,5,+13.247,+4.023
0 days 02:30:58.808000,16,5,+13.337,+3.940
0 days 02:31:03.221000,16,4,+13.337,+3.940
0 days 02:31:03.300000,16,4,+13.156,+3.867
0 days 02:31:06.362000,16,5,+13.156,+3.867
0 days 02:31:10.818000,16,5,+13.243,+3.834
0 days 02:31:13.667000,16,5,+13.394,+3.814
0 days 02:31:20.392000,16,5,+13.276,+3.752
0 days 02:31:23.082000,16,5,+13.267,+3.738
0 days 02:31:24.812000,16,5,+13.295,+3.653
0 days 02:31:30.431000,16,5,+13.557,+1.885
0 days 02:31:34.087000,16,5,+13.599,+1.653
0 days 02:31:37.671000,16,5,+13.712,+1.475
0 days 02:31:41.467000,16,5,+13.706,+1.246
0 days 02:31:46.331000,16,5,+13.563,+0.977
0 days 02:31:49.133000,16,5,+13.421,+0.810
0 days 02:31:51.111000,16,5,+13.380,+0.746
0 days 02:31:54.867000,16,5,+12.989,+0.534
0 days 02:31:58.180000,16,5,+12.849,+0.447
0 days 02:32:02.018000,16,5,+12.737,+0.370
0 days 02:32:05.886000,16,5,+12.459,+0.263
0 days 02:32:09.044000,16,5,+12.070,+0.147
0 days 02:32:13.843000,16,5,+12.098,+0.193
0 days 02:32:17.980000,16,5,+11.952,+0.175
0 days 02:32:25.144000,16,4,+11.952,+0.175
0 days 02:32:25.222000,16,4,+11.714,+0.362
0 days 02:32:33.228000,16,4,+12.301,+0.643
0 days 02:32:38.202000,16,4,+12.179,+0.587
0 days 02:32:46.194000,16,4,+12.364,+0.283
0 days 02:32:56.694000,16,2,+12.364,+0.283
0 days 02:32:56.725000,16,2,+4.001,+4.001
0 days 02:32:59.600000,16,2,+3.756,+3.756
0 days 02:33:01.554000,16,2,+3.579,+3.579
0 days 02:33:08.946000,16,3,+3.579,+3.579
0 days 02:33:09.220000,16,3,+3.205,+0.215
0 days 02:33:14.194000,16,3,+3.316,+1.128
0 days 02:33:18.445000,16,3,+2.545,+1.624
0 days 02:33:23.708000,16,3,+2.497,+2.289
0 days 02:33:30.907000,16,3,+3.377,+2.186
0 days 02:33:35.156000,16,3,+4.468,+1.930
0 days 02:33:37.961000,16,3,+5.067,+1.806
0 days 02:33:43.459000,16,3,+6.363,+1.471
0 days 02:33:49.486000,16,3,+8.850,+2.000
0 days 02:33:57.964000,16,3,+13.302,+3.318
0 days 02:34:04.545000,16,3,+14.455,+3.845
0 days 02:34:09.685000,16,3,+10.520,+3.730
0 days 02:34:16.856000,16,3,+11.458,+3.043
0 days 02:34:22.945000,16,3,+12.271,+2.586
0 days 02:34:32.066000,16,3,+12.907,+2.111
0 days 02:34:41.151000,16,3,+14.886,+1.716
0 days 02:34:46.869000,16,3,+15.746,+1.514
0 days 02:34:56.017000,16,3,+15.186,+1.281
0 days 02:35:06.854000,16,4,+15.186,+1.281
0 days 02:35:08.029000,16,5,+15.186,+1.281
0 days 02:35:13.244000,16,6,+15.186,+1.281
0 days 02:35:16.026000,16,7,+15.186,+1.281
0 days 02:35:17.057000,16,8,+15.186,+1.281
0 days 02:35:17.838000,16,9,+15.186,+1.281
0 days 02:35:19.331000,16,10,+15.186,+1.281
0 days 02:35:36.252000,16,10,+42.466,+5.650
0 days 02:35:38.214000,16,10,+42.340,+5.386
0 days 02:35:46.194000,16,10,+41.450,+5.040
0 days 02:35:50.469000,16,10,+41.204,+5.091
0 days 02:35:54.743000,16,10,+41.206,+5.112
0 days 02:35:59.496000,16,10,+40.917,+5.125
0 days 02:36:05.764000,16,10,+41.067,+4.858
0 days 02:36:09.312000,16,10,+40.956,+4.587
0 days 02:36:11.682000,16,10,+39.477,+4.529
0 days 02:36:16.319000,16,10,+37.026,+4.283
0 days 02:36:20.384000,16,10,+35.942,+4.198
0 days 02:36:24.948000,16,10,+36.027,+4.179
0 days 02:36:29.602000,16,10,+33.543,+4.174
0 days 02:36:33.510000,16,10,+31.325,+4.146
0 days 02:36:38.785000,16,10,+28.858,+3.287
0 days 02:36:43.447000,16,10,+24.659,+2.851
0 days 02:36:54.243000,16,10,+25.681,+5.846
0 days 02:37:01.266000,16,10,+23.964,+5.721
0 days 02:37:05.528000,16,10,+21.811,+5.335
0 days 02:37:13.331000,16,10,+18.789,+4.028
0 days 02:37:17.147000,16,10,+18.826,+4.627
0 days 02:37:25.191000,16,10,+17.315,+2.588
0 days 02:37:29.171000,16,10,+16.240,+1.444
0 days 02:37:31.738000,16,10,+15.820,+1.802
0 days 02:37:42.101000,16,10,+15.488,+2.139
0 days 02:37:47.133000,16,10,+14.735,+1.503
0 days 02:37:52.603000,16,10,+14.681,+1.334
0 days 02:37:57.628000,16,10,+14.300,+1.498
0 days 02:38:03.745000,16,10,+12.508,+1.120
0 days 02:38:07.532000,16,10,+10.818,+0.798
0 days 02:38:10.138000,16,10,+10.114,+0.776
0 days 02:38:18.156000,16,10,+11.602,+1.371
0 days 02:38:24.508000,16,10,+12.070,+1.461
0 days 02:38:31.832000,16,10,+11.648,+1.380
0 days 02:38:37.708000,16,10,+11.492,+0.547
0 days 02:38:42.563000,16,10,+10.442,+0.736
0 days 02:38:51.748000,16,10,+12.772,+1.684
0 days 02:38:59.332000,16,10,+12.968,+2.088
0 days 02:39:10.622000,16,10,+14.275,+1.483
0 days 02:39:19.211000,16,10,+14.594,+1.283
0 days 02:39:24.229000,16,10,+13.336,+1.337
0 days 02:39:34.392000,16,10,+13.923,+2.511
0 days 02:39:37.674000,16,10,+13.631,+2.638
0 days 02:39:48.018000,16,10,+15.113,+0.790
0 days 02:39:51.505000,16,10,+14.688,+0.671
0 days 02:39:53.722000,16,10,+13.836,+0.937
0 days 02:40:00.592000,16,10,+11.898,+1.415
0 days 02:40:08.709000,16,10,+11.646,+1.476
0 days 02:40:14.485000,16,10,+12.300,+1.279
0 days 02:40:19.372000,16,10,+11.984,+0.926
0 days 02:40:25.836000,16,10,+10.593,+1.026
0 days 02:40:30.660000,16,10,+9.750,+0.674
0 days 02:40:37.116000,16,10,+11.390,+1.150
0 days 02:40:43.987000,16,10,+11.734,+1.326
0 days 02:40:49.533000,16,10,+10.681,+0.660
0 days 02:40:56.718000,16,10,+10.670,+1.594
0 days 02:41:01.714000,16,10,+10.508,+1.081
0 days 02:41:06.795000,16,10,+9.489,+0.602
0 days 02:41:13.168000,16,10,+9.035,+1.089
0 days 02:41:21.274000,16,10,+10.072,+1.621
0 days 02:41:30.606000,16,10,+10.220,+0.777
0 days 02:41:39.063000,16,10,+9.927,+1.282
0 days 02:41:43.995000,16,10,+9.505,+0.920
0 days 02:41:53.710000,16,10,+10.582,+1.514
0 days 02:41:56.811000,16,10,+10.055,+1.468
0 days 02:42:07.761000,16,10,+12.500,+3.477
0 days 02:42:10.836000,16,10,+11.573,+2.433
0 days 02:42:12.717000,16,10,+11.300,+2.014
0 days 02:42:19.317000,16,10,+9.503,+1.216
0 days 02:42:24.864000,16,10,+10.024,+1.338
0 days 02:42:30.575000,16,10,+10.501,+1.122
0 days 02:42:35.877000,16,10,+10.545,+1.627
0 days 02:42:42.833000,16,10,+9.580,+1.213
0 days 02:42:48.503000,16,10,+9.693,+1.167
0 days 02:42:53.855000,16,10,+12.368,+0.917
0 days 02:42:59.934000,16,10,+12.068,+1.418
0 days 02:43:03.987000,16,10,+10.661,+1.524
0 days 02:43:08.893000,16,10,+8.483,+0.900
0 days 02:43:14.908000,16,10,+9.320,+1.039
0 days 02:43:19.874000,16,10,+8.461,+1.099
0 days 02:43:26.366000,16,10,+8.104,+0.895
0 days 02:43:32.769000,16,10,+8.006,+0.844
0 days 02:43:48.365000,16,10,+6.895,+0.574
0 days 02:43:55.364000,16,10,+5.935,+0.703
0 days 02:43:59.510000,16,10,+5.999,+0.586
0 days 02:44:06.594000,16,10,+6.156,+0.497
0 days 02:44:09.249000,16,10,+6.301,+0.225
0 days 02:44:16.095000,16,10,+6.318,+0.162
0 days 02:44:18.532000,16,10,+6.263,+0.142
0 days 02:44:20.417000,16,10,+6.490,+0.111
0 days 02:44:27.300000,16,9,+6.490,+0.111
0 days 02:44:27.374000,16,9,+7.478,+0.662
0 days 02:44:31.247000,16,9,+7.578,+0.835
0 days 02:44:35.190000,16,9,+7.909,+0.933
0 days 02:44:39.835000,16,9,+8.091,+0.917
0 days 02:44:45.514000,16,9,+8.228,+0.711
0 days 02:44:48.736000,16,9,+8.235,+0.485
0 days 02:44:50.948000,16,9,+8.213,+0.433
0 days 02:44:55.239000,16,9,+8.344,+0.318
0 days 02:44:58.791000,16,9,+8.321,+0.295
0 days 02:45:02.765000,16,9,+8.215,+0.204
0 days 02:45:06.748000,16,9,+8.012,+0.091
0 days 02:45:10.121000,16,9,+7.891,+0.085
0 days 02:45:14.962000,16,9,+8.266,+0.257
0 days 02:45:19.300000,16,9,+8.560,+0.354
0 days 02:45:26.239000,16,9,+8.840,+0.527
0 days 02:45:32.750000,16,9,+9.274,+0.644
0 days 02:45:36.619000,16,9,+9.205,+0.494
0 days 02:45:43.557000,16,9,+9.507,+0.563
0 days 02:45:45.892000,16,9,+9.567,+0.554
0 days 02:45:52.170000,16,9,+9.500,+0.529
0 days 02:45:55.052000,16,9,+9.479,+0.463
0 days 02:45:56.547000,16,9,+9.648,+0.487
0 days 02:46:02.452000,16,9,+9.827,+0.529
0 days 02:46:06.088000,16,9,+9.779,+0.524
0 days 02:46:09.774000,16,9,+9.996,+0.586
0 days 02:46:14.112000,16,9,+10.134,+0.604
0 days 02:46:19.491000,16,9,+10.179,+0.588
0 days 02:46:22.475000,16,9,+10.173,+0.463
0 days 02:46:24.522000,16,9,+10.162,+0.373
0 days 02:46:28.679000,16,9,+10.134,+0.273
0 days 02:46:31.975000,16,9,+10.082,+0.264
0 days 02:46:35.909000,16,9,+9.990,+0.174
0 days 02:46:39.928000,16,9,+9.798,+0.053
0 days 02:46:43.336000,16,9,+9.721,+0.077
0 days 02:46:48.109000,16,9,+10.036,+0.258
0 days 02:46:52.693000,16,9,+10.661,+0.610
0 days 02:46:59.514000,16,9,+10.960,+0.691
0 days 02:47:05.851000,16,9,+11.333,+0.944
0 days 02:47:09.658000,16,9,+11.382,+1.005
0 days 02:47:16.327000,16,9,+11.618,+1.093
0 days 02:47:18.737000,16,9,+11.687,+1.055
0 days 02:47:24.875000,16,9,+11.749,+0.963
0 days 02:47:27.667000,16,9,+11.758,+0.860
0 days 02:47:29.176000,16,9,+11.815,+0.888
0 days 02:47:35.425000,16,9,+12.276,+0.061
0 days 02:47:39.218000,16,8,+12.276,+0.061
0 days 02:47:39.294000,16,8,+12.531,+2.703
0 days 02:47:42.878000,16,8,+12.584,+2.737
0 days 02:47:47.271000,16,8,+12.768,+2.965
0 days 02:47:52.561000,16,8,+12.920,+2.893
0 days 02:47:55.439000,16,8,+12.963,+2.763
0 days 02:47:57.510000,16,8,+12.974,+2.732
0 days 02:48:01.492000,16,8,+13.053,+2.668
0 days 02:48:04.894000,16,8,+13.037,+2.594
0 days 02:48:08.871000,16,8,+13.040,+2.565
0 days 02:48:12.952000,16,8,+12.982,+2.563
0 days 02:48:16.437000,16,8,+12.973,+2.558
0 days 02:48:20.816000,16,8,+13.033,+2.504
0 days 02:48:24.838000,16,8,+13.134,+2.546
0 days 02:48:31.471000,16,8,+13.198,+2.553
0 days 02:48:37.520000,16,8,+13.404,+2.467
0 days 02:48:41.203000,16,8,+13.399,+2.336
0 days 02:48:47.676000,16,8,+13.476,+2.333
0 days 02:48:49.876000,16,8,+13.458,+2.302
0 days 02:48:55.970000,16,8,+13.403,+2.320
0 days 02:48:58.737000,16,8,+13.425,+2.345
0 days 02:49:00.286000,16,8,+13.473,+2.348
0 days 02:49:05.921000,16,8,+13.688,+2.426
0 days 02:49:09.706000,16,8,+13.830,+2.556
0 days 02:49:13.283000,16,8,+13.979,+2.677
0 days 02:49:17.289000,16,8,+14.043,+2.749
0 days 02:49:22.698000,16,8,+14.270,+2.861
0 days 02:49:25.549000,16,8,+14.277,+2.724
0 days 02:49:27.537000,16,8,+14.295,+2.688
0 days 02:49:31.326000,16,8,+14.094,+2.456
0 days 02:49:34.649000,16,8,+13.642,+2.337
0 days 02:49:38.614000,16,8,+13.525,+2.299
0 days 02:49:42.672000,16,8,+13.428,+2.343
0 days 02:49:46.180000,16,8,+13.417,+2.434
0 days 02:49:50.413000,16,8,+13.472,+2.137
0 days 02:49:54.481000,16,8,+13.610,+2.078
0 days 02:50:01.140000,16,8,+13.759,+2.287
0 days 02:50:07.261000,16,8,+13.873,+2.004
0 days 02:50:10.933000,16,8,+13.897,+1.881
0 days 02:50:17.520000,16,8,+14.219,+1.903
0 days 02:50:19.826000,16,8,+14.222,+1.871
0 days 02:50:25.911000,16,8,+14.183,+1.858
0 days 02:50:28.722000,16,8,+14.184,+1.858
0 days 02:50:30.453000,16,8,+14.275,+1.893
0 days 02:50:35.990000,16,8,+14.424,+1.831
0 days 02:50:39.608000,16,8,+14.453,+1.832
0 days 02:50:43.024000,16,8,+14.609,+1.867
0 days 02:50:47.138000,16,8,+14.637,+1.851
0 days 02:50:52.262000,16,8,+14.834,+1.788
0 days 02:50:55.025000,16,8,+14.785,+1.606
0 days 02:50:56.994000,16,8,+14.761,+1.554
0 days 02:51:00.803000,16,8,+14.754,+1.392
0 days 02:51:04.171000,16,8,+14.749,+1.309
0 days 02:51:08.173000,16,8,+14.745,+1.262
0 days 02:51:12.182000,16,8,+14.669,+1.239
0 days 02:51:15.636000,16,8,+14.608,+1.207
0 days 02:51:19.965000,16,8,+14.742,+1.133
0 days 02:51:24.112000,16,8,+15.091,+1.191
0 days 02:51:30.693000,16,8,+15.333,+1.199
0 days 02:51:36.969000,16,8,+15.523,+1.165
0 days 02:51:40.741000,16,8,+15.694,+1.231
0 days 02:51:47.324000,16,8,+15.866,+1.281
0 days 02:51:49.639000,16,8,+15.956,+1.281
0 days 02:51:55.772000,16,8,+15.988,+1.299
0 days 02:51:58.511000,16,8,+15.986,+1.289
0 days 02:52:00.015000,16,8,+16.092,+1.282
0 days 02:52:05.798000,16,8,+16.431,+1.262
0 days 02:52:09.463000,16,8,+16.489,+1.225
0 days 02:52:12.992000,16,8,+16.689,+1.327
0 days 02:52:17.014000,16,8,+16.918,+1.378
0 days 02:52:22.284000,16,8,+17.185,+1.419
0 days 02:52:25.055000,16,8,+17.204,+1.243
0 days 02:52:27.055000,16,8,+17.206,+1.182
0 days 02:52:30.992000,16,8,+17.347,+1.099
0 days 02:52:34.523000,16,8,+17.510,+1.143
0 days 02:52:38.536000,16,8,+17.550,+1.123
0 days 02:52:42.579000,16,8,+17.512,+1.079
0 days 02:52:46.003000,16,8,+17.452,+1.034
0 days 02:52:50.432000,16,8,+17.792,+1.086
0 days 02:52:54.673000,16,8,+18.335,+1.165
0 days 02:53:01.367000,16,8,+18.650,+1.306
0 days 02:53:07.796000,16,8,+19.046,+1.348
0 days 02:53:11.727000,16,8,+19.311,+1.493
0 days 02:53:18.239000,16,8,+19.537,+1.509
0 days 02:53:20.492000,16,8,+19.673,+1.434
0 days 02:53:26.717000,16,8,+19.826,+1.403
0 days 00:00:04.219000,44,8,,
0 days 01:11:09.644000,44,8,+0.967,+0.171
0 days 01:11:12.291000,44,7,+0.967,+0.171
0 days 01:11:12.317000,44,8,+0.967,+0.171
0 days 01:11:12.361000,44,8,+1.459,+0.171
0 days 01:11:20.017000,44,8,+2.547,+0.069
0 days 01:11:23.960000,44,8,+2.579,+0.102
0 days 01:11:28.367000,44,8,+3.219,+0.334
0 days 01:11:33.425000,44,8,+3.387,+0.435
0 days 01:11:40.002000,44,8,+3.873,+0.375
0 days 01:11:44.126000,44,8,+4.026,+0.534
0 days 01:11:46.786000,44,8,+4.392,+0.818
0 days 01:11:52.180000,44,8,+5.005,+0.712
0 days 01:11:56.245000,44,8,+4.987,+0.703
0 days 01:12:00.404000,44,8,+4.889,+0.690
0 days 01:12:04.545000,44,8,+4.789,+0.645
0 days 01:12:07.970000,44,8,+4.607,+0.533
0 days 01:12:14.255000,44,8,+6.093,+0.653
0 days 01:12:26.388000,44,8,+13.103,+1.080
0 days 01:12:40.087000,44,8,+13.069,+0.994
0 days 01:12:48.216000,44,8,+12.741,+0.978
0 days 01:12:54.245000,44,8,+14.226,+0.841
0 days 01:13:02.322000,44,8,+14.586,+0.740
0 days 01:13:05.652000,44,8,+14.988,+0.660
0 days 01:13:13.401000,44,8,+15.784,+0.688
0 days 01:13:17.602000,44,8,+16.959,+1.209
0 days 01:13:19.747000,44,8,+17.249,+1.264
0 days 01:13:26.485000,44,8,+15.325,+1.335
0 days 01:13:30.701000,44,8,+12.642,+1.342
0 days 01:13:34.948000,44,8,+10.608,+1.009
0 days 01:13:39.901000,44,8,+9.627,+0.484
0 days 01:13:49.049000,44,8,+9.572,+1.373
0 days 01:13:57.827000,44,8,+10.528,+1.166
0 days 01:14:07.412000,44,8,+12.283,+1.562
0 days 01:14:18.533000,44,8,+12.482,+1.340
0 days 01:14:25.391000,44,8,+13.406,+1.700
0 days 01:14:30.865000,44,8,+10.142,+1.195
0 days 01:14:37.056000,44,8,+9.255,+0.805
0 days 01:14:44.219000,44,8,+9.981,+1.787
0 days 01:14:50.347000,44,8,+8.692,+0.950
0 days 01:14:58.404000,44,8,+9.373,+0.703
0 days 01:15:11.153000,44,8,+11.004,+1.351
0 days 01:15:19.036000,44,8,+10.298,+0.754
0 days 01:15:24.213000,44,8,+9.803,+0.819
0 days 01:15:34.963000,44,8,+10.510,+1.252
0 days 01:16:11.390000,44,8,+15.398,+2.684
0 days 01:16:13.566000,44,8,+15.285,+2.126
0 days 01:16:21.482000,44,8,+14.174,+1.915
0 days 01:16:25.703000,44,8,+12.882,+1.980
0 days 01:16:29.913000,44,8,+11.990,+1.130
0 days 01:16:34.467000,44,8,+11.107,+0.809
0 days 01:16:41.008000,44,8,+9.573,+0.831
0 days 01:16:45.741000,44,8,+8.747,+0.581
0 days 01:16:51.850000,44,8,+8.928,+0.820
0 days 01:17:03.257000,44,8,+11.526,+1.787
0 days 01:17:07.663000,44,8,+9.706,+1.252
0 days 01:17:15.179000,44,8,+9.563,+1.677
0 days 01:17:21.549000,44,8,+9.426,+1.059
0 days 01:17:28.429000,44,8,+10.832,+0.834
0 days 01:17:35.043000,44,8,+10.286,+0.825
0 days 01:17:41.744000,44,8,+9.787,+1.561
0 days 01:17:52.741000,44,8,+11.054,+1.457
0 days 01:18:01.046000,44,8,+10.427,+1.435
0 days 01:18:05.870000,44,8,+9.732,+1.325
0 days 01:18:15.551000,44,8,+9.801,+1.055
0 days 01:18:55.987000,44,8,+17.793,+2.353
0 days 01:18:58.175000,44,8,+17.778,+2.235
0 days 01:19:05.743000,44,8,+16.781,+2.132
0 days 01:19:09.946000,44,8,+16.133,+2.231
0 days 01:19:14.252000,44,8,+15.314,+2.356
0 days 01:19:18.908000,44,8,+14.639,+2.479
0 days 01:19:25.151000,44,8,+13.143,+2.575
0 days 01:19:29.479000,44,8,+12.019,+1.620
0 days 01:19:35.937000,44,8,+12.513,+1.791
0 days 01:19:42.924000,44,8,+10.743,+0.843
0 days 01:19:48.746000,44,8,+9.676,+1.152
0 days 01:19:58.391000,44,8,+13.007,+0.737
0 days 01:20:04.887000,44,8,+12.828,+0.971
0 days 01:20:09.107000,44,8,+12.170,+1.051
0 days 01:20:14.562000,44,8,+9.967,+1.127
0 days 01:20:21.506000,44,8,+10.052,+0.905
0 days 01:20:32.691000,44,8,+11.696,+1.406
0 days 01:20:39.530000,44,8,+9.875,+1.453
0 days 01:20:44.066000,44,8,+8.830,+1.137
0 days 01:20:54.388000,44,8,+10.283,+1.011
0 days 01:21:30.634000,44,8,+16.845,+2.737
0 days 01:21:32.907000,44,8,+16.993,+2.774
0 days 01:21:40.460000,44,8,+16.789,+2.923
0 days 01:21:44.676000,44,8,+15.495,+3.082
0 days 01:21:48.913000,44,8,+15.075,+3.478
0 days 01:21:53.375000,44,8,+13.944,+3.492
0 days 01:21:59.988000,44,8,+12.725,+2.460
0 days 01:22:05.349000,44,8,+13.203,+0.541
0 days 01:22:11.449000,44,8,+13.274,+1.579
0 days 01:22:18.728000,44,8,+12.491,+1.217
0 days 01:22:25.392000,44,8,+13.074,+2.034
0 days 01:22:32.558000,44,8,+13.346,+1.346
0 days 01:22:39.424000,44,8,+14.080,+2.644
0 days 01:22:43.608000,44,8,+13.294,+2.938
0 days 01:22:49.131000,44,8,+11.684,+3.130
0 days 01:22:54.145000,44,8,+9.063,+1.485
0 days 01:23:04.965000,44,8,+11.067,+1.256
0 days 01:23:12.881000,44,8,+9.777,+1.475
0 days 01:23:17.652000,44,8,+9.726,+1.692
0 days 01:23:24.995000,44,8,+8.466,+1.234
0 days 01:23:28.367000,44,8,+8.380,+1.336
0 days 01:23:43.031000,44,8,+14.065,+1.429
0 days 01:23:46.649000,44,8,+12.845,+1.583
0 days 01:23:48.723000,44,8,+12.790,+1.712
0 days 01:23:55.133000,44,8,+10.719,+1.825
0 days 01:23:59.219000,44,8,+9.928,+1.381
0 days 01:24:03.874000,44,8,+9.300,+1.225
0 days 01:24:08.345000,44,8,+8.786,+0.757
0 days 01:24:16.675000,44,8,+8.874,+1.224
0 days 01:24:22.524000,44,8,+9.994,+1.000
0 days 01:24:26.109000,44,8,+9.528,+0.889
0 days 01:24:32.532000,44,8,+8.829,+0.981
0 days 01:24:40.449000,44,8,+10.285,+1.961
0 days 01:24:49.832000,44,8,+12.817,+1.673
0 days 01:24:56.709000,44,8,+12.575,+1.386
0 days 01:25:01.361000,44,8,+10.820,+1.778
0 days 01:25:06.721000,44,8,+9.018,+2.045
0 days 01:25:12.256000,44,8,+7.965,+1.207
0 days 01:25:22.810000,44,8,+9.154,+1.131
0 days 01:25:32.721000,44,8,+9.805,+1.949
0 days 01:25:37.196000,44,8,+8.849,+1.283
0 days 01:25:46.846000,44,8,+10.263,+1.303
0 days 01:25:49.796000,44,8,+10.153,+1.204
0 days 01:26:03.454000,44,8,+14.060,+2.235
0 days 01:26:07.018000,44,8,+14.461,+2.521
0 days 01:26:09,44,8,+14.317,+2.673
0 days 01:26:15.239000,44,8,+12.449,+2.843
0 days 01:26:19.350000,44,8,+11.212,+2.795
0 days 01:26:23.433000,44,8,+10.251,+2.206
0 days 01:26:27.830000,44,8,+9.392,+1.784
0 days 01:26:36.050000,44,8,+9.656,+2.194
0 days 01:26:41.700000,44,8,+10.464,+0.721
0 days 01:26:45.297000,44,8,+10.527,+0.775
0 days 01:26:51.324000,44,8,+10.142,+1.380
0 days 01:26:57.176000,44,8,+10.407,+1.023
0 days 01:27:06.260000,44,8,+12.506,+1.240
0 days 01:27:11.691000,44,8,+12.500,+1.544
0 days 01:27:15.926000,44,8,+11.077,+1.376
0 days 01:27:22.076000,44,8,+10.816,+1.245
0 days 01:27:28.158000,44,8,+7.774,+1.227
0 days 01:27:43.095000,44,8,+4.813,+0.491
0 days 01:27:50.306000,44,8,+3.993,+0.363
0 days 01:27:54.567000,44,8,+4.179,+0.476
0 days 01:28:01.659000,44,8,+4.363,+0.572
0 days 01:28:04.252000,44,8,+4.388,+0.518
0 days 01:28:11.038000,44,8,+4.450,+0.668
0 days 01:28:13.927000,44,8,+4.465,+0.695
0 days 01:28:15.712000,44,8,+4.729,+0.653
0 days 01:28:22.011000,44,8,+4.733,+0.731
0 days 01:28:25.748000,44,8,+4.622,+0.755
0 days 01:28:29.550000,44,8,+4.775,+0.659
0 days 01:28:34.049000,44,8,+4.711,+0.388
0 days 01:28:40.092000,44,8,+4.937,+0.390
0 days 01:28:43.879000,44,8,+5.146,+0.629
0 days 01:28:46.195000,44,8,+5.171,+0.723
0 days 01:28:51.035000,44,8,+5.397,+0.765
0 days 01:28:54.973000,44,8,+5.251,+0.696
0 days 01:28:59.022000,44,8,+5.148,+0.688
0 days 01:29:03.108000,44,8,+5.053,+0.705
0 days 01:29:06.508000,44,8,+4.904,+0.738
0 days 01:29:11.320000,44,8,+5.061,+0.690
0 days 01:29:15.748000,44,8,+5.050,+0.613
0 days 01:29:22.834000,44,8,+5.423,+0.465
0 days 01:29:29.269000,44,8,+5.634,+0.371
0 days 01:29:33.312000,44,8,+5.985,+0.398
0 days 01:29:40.276000,44,8,+6.337,+0.574
0 days 01:29:42.748000,44,8,+6.402,+0.558
0 days 01:29:49.284000,44,8,+6.483,+0.698
0 days 01:29:52.136000,44,8,+6.471,+0.700
0 days 01:29:53.973000,44,8,+6.729,+0.644
0 days 01:30:00.035000,44,8,+6.679,+0.628
0 days 01:30:03.735000,44,8,+6.561,+0.633
0 days 01:30:07.579000,44,8,+6.787,+0.617
0 days 01:30:12.013000,44,8,+6.769,+0.543
0 days 01:30:17.779000,44,8,+6.824,+0.507
0 days 01:30:21.299000,44,8,+6.864,+0.608
0 days 01:30:23.499000,44,8,+6.859,+0.619
0 days 01:30:28.235000,44,8,+7.145,+0.542
0 days 01:30:31.962000,44,8,+7.142,+0.611
0 days 01:30:36.064000,44,8,+7.096,+0.601
0 days 01:30:40.056000,44,8,+6.978,+0.601
0 days 01:30:43.498000,44,8,+6.823,+0.626
0 days 01:30:48.193000,44,8,+6.934,+0.617
0 days 01:30:52.510000,44,8,+6.995,+0.568
0 days 01:30:59.497000,44,8,+7.214,+0.495
0 days 01:31:05.712000,44,8,+7.384,+0.325
0 days 01:31:09.820000,44,8,+7.802,+0.402
0 days 01:31:16.736000,44,8,+8.037,+0.618
0 days 01:31:19.158000,44,8,+8.047,+0.608
0 days 01:31:25.572000,44,8,+8.087,+0.640
0 days 01:31:28.368000,44,8,+8.064,+0.623
0 days 01:31:30.096000,44,8,+8.300,+0.599
0 days 01:31:35.971000,44,8,+8.482,+0.688
0 days 01:31:39.628000,44,8,+8.435,+0.696
0 days 01:31:43.411000,44,8,+8.738,+0.653
0 days 01:31:47.874000,44,8,+8.972,+0.699
0 days 01:31:53.569000,44,8,+9.088,+0.670
0 days 01:31:56.927000,44,8,+9.242,+0.775
0 days 01:31:59.136000,44,8,+9.264,+0.813
0 days 01:32:03.649000,44,8,+9.543,+0.737
0 days 01:32:07.436000,44,8,+9.718,+0.835
0 days 01:32:11.524000,44,8,+9.749,+0.854
0 days 01:32:15.655000,44,8,+9.693,+0.876
0 days 01:32:19.124000,44,8,+9.646,+0.956
0 days 01:32:23.765000,44,8,+9.909,+0.918
0 days 01:32:28.140000,44,8,+10.020,+1.100
0 days 01:32:34.897000,44,8,+10.163,+0.978
0 days 01:32:41.368000,44,8,+10.497,+1.100
0 days 01:32:45.250000,44,8,+10.731,+1.128
0 days 01:32:51.873000,44,8,+10.956,+1.186
0 days 01:32:54.277000,44,8,+10.993,+1.185
0 days 01:33:00.612000,44,8,+11.064,+1.253
0 days 01:33:03.521000,44,8,+11.026,+1.270
0 days 01:33:05.095000,44,8,+11.153,+1.210
0 days 01:33:10.813000,44,8,+11.159,+1.229
0 days 01:33:14.501000,44,8,+11.097,+1.263
0 days 01:33:18.203000,44,8,+11.286,+1.141
0 days 01:33:22.558000,44,8,+11.314,+1.085
0 days 01:33:28.297000,44,8,+11.494,+1.132
0 days 01:33:31.613000,44,8,+11.586,+1.179
0 days 01:33:33.786000,44,8,+11.594,+1.208
0 days 01:33:38.247000,44,8,+11.784,+1.062
0 days 01:33:41.937000,44,8,+11.890,+1.104
0 days 01:33:46.001000,44,8,+11.901,+1.113
0 days 01:33:50.138000,44,8,+11.882,+1.181
0 days 01:33:53.659000,44,8,+11.884,+1.323
0 days 01:33:58.186000,44,8,+12.042,+1.167
0 days 01:34:02.437000,44,8,+12.105,+1.200
0 days 01:34:09.106000,44,8,+12.170,+1.034
0 days 01:34:15.590000,44,8,+12.459,+1.111
0 days 01:34:19.430000,44,8,+12.688,+1.133
0 days 01:34:26.076000,44,8,+13.032,+1.172
0 days 01:34:28.514000,44,8,+13.052,+1.224
0 days 01:34:34.928000,44,8,+13.174,+1.346
0 days 01:34:37.778000,44,8,+13.158,+1.376
0 days 01:34:39.398000,44,8,+13.266,+1.307
0 days 01:34:45.152000,44,8,+13.163,+1.313
0 days 01:34:48.898000,44,8,+13.073,+1.317
0 days 01:34:52.655000,44,8,+13.408,+1.341
0 days 01:34:56.969000,44,8,+13.365,+1.313
0 days 01:35:02.628000,44,8,+13.556,+1.256
0 days 01:35:05.885000,44,8,+13.559,+1.159
0 days 01:35:07.998000,44,8,+13.549,+1.151
0 days 01:35:12.438000,44,8,+13.788,+1.014
0 days 01:35:16.186000,44,8,+13.964,+1.162
0 days 01:35:20.251000,44,8,+14.010,+1.187
0 days 01:35:24.356000,44,8,+13.955,+1.216
0 days 01:35:27.777000,44,8,+13.843,+1.239
0 days 01:35:32.256000,44,8,+14.001,+1.053
0 days 01:35:36.513000,44,8,+14.091,+1.071
0 days 01:35:43.058000,44,8,+14.183,+0.864
0 days 01:35:49.417000,44,8,+14.408,+0.993
0 days 01:35:53.131000,44,8,+14.528,+0.947
0 days 01:35:59.652000,44,8,+14.785,+0.915
0 days 01:36:01.935000,44,8,+14.694,+0.899
0 days 01:36:08.182000,44,8,+14.651,+0.888
0 days 01:36:10.911000,44,8,+14.519,+0.822
0 days 01:36:12.578000,44,8,+14.637,+0.786
0 days 01:36:18.451000,44,8,+14.708,+0.915
0 days 01:36:21.999000,44,8,+14.690,+0.958
0 days 01:36:25.638000,44,8,+14.769,+0.953
0 days 01:36:30.011000,44,8,+14.728,+0.959
0 days 01:36:35.718000,44,8,+15.027,+1.101
0 days 01:36:38.873000,44,8,+15.102,+1.064
0 days 01:36:41.016000,44,8,+15.113,+1.071
0 days 01:36:45.339000,44,8,+15.249,+0.865
0 days 01:36:48.954000,44,8,+15.340,+0.922
0 days 01:36:53.032000,44,8,+15.364,+0.922
0 days 01:36:57,44,8,+15.207,+0.827
0 days 01:37:00.302000,44,8,+14.950,+0.641
0 days 01:37:04.778000,44,8,+15.173,+0.407
0 days 01:37:09.137000,44,8,+15.395,+0.611
0 days 01:37:15.861000,44,8,+15.609,+0.617
0 days 01:37:22.198000,44,8,+15.813,+0.684
0 days 01:37:25.962000,44,8,+15.939,+0.743
0 days 01:37:32.513000,44,8,+16.269,+0.724
0 days 01:37:34.899000,44,8,+16.300,+0.694
0 days 01:37:41.290000,44,8,+16.350,+0.752
0 days 01:37:44.018000,44,8,+16.250,+0.703
0 days 01:37:45.587000,44,8,+16.364,+0.683
0 days 01:37:51.382000,44,8,+16.489,+0.903
0 days 01:37:55.039000,44,8,+16.488,+0.949
0 days 01:37:58.643000,44,8,+16.626,+1.022
0 days 01:38:03.039000,44,8,+16.765,+1.097
0 days 01:38:08.700000,44,8,+17.041,+1.183
0 days 01:38:11.874000,44,8,+17.166,+1.242
0 days 01:38:14.024000,44,8,+17.191,+1.264
0 days 01:38:18.303000,44,8,+17.376,+1.103
0 days 01:38:21.878000,44,8,+17.463,+1.114
0 days 01:38:25.934000,44,8,+17.481,+1.098
0 days 01:38:30.013000,44,8,+17.392,+1.087
0 days 01:38:33.466000,44,8,+17.345,+1.162
0 days 01:38:38.064000,44,8,+17.555,+1.172
0 days 01:38:42.279000,44,8,+17.627,+0.997
0 days 01:38:48.871000,44,8,+17.754,+0.807
0 days 01:38:55.241000,44,8,+17.924,+0.921
0 days 01:38:58.997000,44,8,+18.111,+0.967
0 days 01:39:05.557000,44,8,+18.452,+1.002
0 days 01:39:08.026000,44,8,+18.482,+1.002
0 days 01:39:14.229000,44,8,+18.547,+1.027
0 days 01:39:16.942000,44,8,+18.442,+0.952
0 days 01:39:18.553000,44,8,+18.525,+0.881
0 days 01:39:24.353000,44,8,+18.613,+0.935
0 days 01:39:27.928000,44,8,+18.563,+0.907
0 days 01:39:31.474000,44,8,+18.627,+0.805
0 days 01:39:35.878000,44,8,+18.794,+0.897
0 days 01:39:41.483000,44,8,+19.112,+1.102
0 days 01:39:44.617000,44,8,+19.231,+1.156
0 days 01:39:46.701000,44,8,+19.256,+1.166
0 days 01:39:51.053000,44,8,+19.423,+0.863
0 days 01:39:54.541000,44,8,+19.501,+0.875
0 days 01:39:58.584000,44,8,+19.520,+0.866
0 days 01:40:02.583000,44,8,+19.381,+0.779
0 days 01:40:05.943000,44,8,+19.161,+0.595
0 days 01:40:10.525000,44,8,+19.528,+0.530
0 days 01:40:14.715000,44,8,+19.666,+0.460
0 days 01:40:21.344000,44,8,+19.757,+0.478
0 days 01:40:27.899000,44,8,+20.168,+0.608
0 days 01:40:31.698000,44,8,+20.460,+0.808
0 days 01:40:38.126000,44,8,+20.849,+0.847
0 days 01:40:40.557000,44,8,+20.920,+0.913
0 days 01:40:46.960000,44,8,+21.084,+1.057
0 days 01:40:49.753000,44,8,+20.986,+1.002
0 days 01:40:51.316000,44,8,+21.088,+0.966
0 days 01:40:57.056000,44,8,+21.267,+1.070
0 days 01:41:00.641000,44,8,+21.245,+1.038
0 days 01:41:04.198000,44,8,+21.322,+0.918
0 days 01:41:08.556000,44,8,+21.533,+1.073
0 days 01:41:14.280000,44,8,+21.972,+1.166
0 days 01:41:17.446000,44,8,+22.041,+1.225
0 days 01:41:19.562000,44,8,+22.064,+1.248
0 days 01:41:23.802000,44,8,+22.207,+1.031
0 days 01:41:27.389000,44,8,+22.299,+1.057
0 days 01:41:31.429000,44,8,+22.340,+1.045
0 days 01:41:35.503000,44,8,+22.291,+1.048
0 days 01:41:39.014000,44,8,+22.305,+1.102
0 days 01:41:43.456000,44,8,+22.531,+0.942
0 days 01:41:47.629000,44,8,+22.632,+0.890
0 days 01:41:54.173000,44,8,+22.742,+0.781
0 days 01:42:00.643000,44,8,+23.133,+0.966
0 days 01:42:04.395000,44,8,+23.325,+1.077
0 days 01:42:10.846000,44,8,+23.605,+1.093
0 days 01:42:13.252000,44,8,+23.627,+1.132
0 days 01:42:19.769000,44,8,+23.881,+1.342
0 days 01:42:22.603000,44,8,+23.897,+1.394
0 days 01:42:24.100000,44,8,+23.969,+1.294
0 days 01:42:29.796000,44,8,+24.096,+1.402
0 days 01:42:33.476000,44,8,+24.135,+1.472
0 days 01:42:37.129000,44,8,+24.284,+1.549
0 days 01:42:41.402000,44,8,+24.389,+1.583
0 days 01:42:47.086000,44,8,+24.693,+1.727
0 days 01:42:50.155000,44,8,+24.753,+1.666
0 days 01:42:52.264000,44,8,+24.771,+1.661
0 days 01:42:56.518000,44,8,+24.943,+1.352
0 days 01:43:00.033000,44,8,+25.014,+1.347
0 days 01:43:04.055000,44,8,+25.065,+1.346
0 days 01:43:08.119000,44,8,+25.026,+1.349
0 days 01:43:11.580000,44,8,+24.966,+1.308
0 days 01:43:16.004000,44,8,+25.220,+1.109
0 days 01:43:20.131000,44,8,+25.233,+0.829
0 days 01:43:26.677000,44,8,+25.221,+0.628
0 days 01:43:33.224000,44,8,+25.501,+0.549
0 days 01:43:37.031000,44,8,+25.769,+0.762
0 days 01:43:43.680000,44,8,+26.209,+0.767
0 days 01:43:46.167000,44,8,+26.322,+0.950
0 days 01:43:52.604000,44,8,+26.447,+1.084
0 days 01:43:55.261000,44,8,+26.327,+0.998
0 days 01:43:56.858000,44,8,+26.429,+0.911
0 days 01:44:02.556000,44,8,+26.609,+0.937
0 days 01:44:06.179000,44,8,+26.579,+0.911
0 days 01:44:09.688000,44,8,+26.563,+0.778
0 days 01:44:14.073000,44,8,+26.833,+0.861
0 days 01:44:19.721000,44,8,+27.110,+0.952
0 days 01:44:22.836000,44,8,+27.281,+0.963
0 days 01:44:24.935000,44,8,+27.317,+0.983
0 days 01:44:29.213000,44,8,+27.551,+0.798
0 days 01:44:32.718000,44,8,+27.661,+0.798
0 days 01:44:36.739000,44,8,+27.696,+0.779
0 days 01:44:40.731000,44,8,+27.537,+0.684
0 days 01:44:43.955000,44,8,+27.290,+0.517
0 days 01:44:48.428000,44,8,+27.475,+0.326
0 days 01:44:52.775000,44,8,+27.672,+0.397
0 days 01:44:59.443000,44,8,+27.811,+0.491
0 days 01:45:05.906000,44,8,+28.136,+0.508
0 days 01:45:09.931000,44,8,+28.622,+0.832
0 days 01:45:16.705000,44,8,+29.092,+0.878
0 days 01:45:19.144000,44,8,+29.135,+0.939
0 days 01:45:25.456000,44,8,+29.178,+0.980
0 days 01:45:28.136000,44,8,+29.068,+0.898
0 days 01:45:29.716000,44,8,+29.161,+0.789
0 days 01:45:35.660000,44,8,+29.449,+0.922
0 days 01:45:39.201000,44,8,+29.410,+0.875
0 days 01:45:42.858000,44,8,+29.563,+0.732
0 days 01:45:47.273000,44,8,+29.898,+0.805
0 days 01:45:53.004000,44,8,+30.175,+0.886
0 days 01:45:56.161000,44,8,+30.330,+0.920
0 days 01:45:58.251000,44,8,+30.370,+0.946
0 days 01:46:02.403000,44,8,+30.529,+0.682
0 days 01:46:05.885000,44,8,+30.590,+0.666
0 days 01:46:09.892000,44,8,+30.615,+0.643
0 days 01:46:13.916000,44,8,+30.481,+0.576
0 days 01:46:17.147000,44,8,+30.258,+0.424
0 days 01:46:21.693000,44,8,+30.506,+0.398
0 days 01:46:25.934000,44,8,+30.400,+0.401
0 days 01:46:32.459000,44,8,+30.405,+0.341
0 days 01:46:38.901000,44,8,+30.699,+0.492
0 days 01:46:42.805000,44,8,+31.052,+0.755
0 days 01:46:49.460000,44,8,+31.368,+0.723
0 days 01:46:51.977000,44,8,+31.443,+0.770
0 days 01:46:58.361000,44,8,+31.541,+0.843
0 days 01:47:01.281000,44,8,+31.531,+0.865
0 days 01:47:02.784000,44,8,+31.699,+0.807
0 days 01:47:08.400000,44,8,+31.497,+0.906
0 days 01:47:12.025000,44,8,+31.391,+0.889
0 days 01:47:15.724000,44,8,+31.571,+0.888
0 days 01:47:20.098000,44,8,+31.750,+0.939
0 days 01:47:25.846000,44,8,+32.047,+1.066
0 days 01:47:28.892000,44,8,+32.066,+1.053
0 days 01:47:31.029000,44,8,+32.082,+1.077
0 days 01:47:35.159000,44,8,+32.154,+0.899
0 days 01:47:38.687000,44,8,+32.240,+0.946
0 days 01:47:42.684000,44,8,+32.273,+0.938
0 days 01:47:46.690000,44,8,+32.120,+0.868
0 days 01:47:49.980000,44,8,+31.962,+0.791
0 days 01:47:54.406000,44,8,+32.050,+0.625
0 days 01:47:58.666000,44,8,+32.218,+0.697
0 days 01:48:05.092000,44,8,+32.238,+0.547
0 days 01:48:11.619000,44,8,+32.595,+0.611
0 days 01:48:15.492000,44,8,+32.899,+0.824
0 days 01:48:22.030000,44,8,+33.104,+0.832
0 days 01:48:24.402000,44,8,+33.089,+0.804
0 days 01:48:30.672000,44,8,+33.172,+0.828
0 days 01:48:33.381000,44,8,+33.039,+0.733
0 days 01:48:34.905000,44,8,+33.115,+0.689
0 days 01:48:40.721000,44,8,+33.391,+0.893
0 days 01:48:44.308000,44,8,+33.391,+0.885
0 days 01:48:47.865000,44,8,+33.455,+0.680
0 days 01:48:52.351000,44,8,+33.816,+0.842
0 days 01:48:58.082000,44,8,+34.072,+1.013
0 days 01:49:01.110000,44,8,+34.193,+1.080
0 days 01:49:03.188000,44,8,+34.199,+1.086
0 days 01:49:07.361000,44,8,+34.342,+0.817
0 days 01:49:10.842000,44,8,+34.413,+0.815
0 days 01:49:14.836000,44,8,+34.432,+0.793
0 days 01:49:18.793000,44,8,+34.273,+0.703
0 days 01:49:22.045000,44,8,+34.037,+0.537
0 days 01:49:26.362000,44,8,+34.122,+0.405
0 days 01:49:30.683000,44,8,+34.243,+0.547
0 days 01:49:37.240000,44,8,+34.280,+0.438
0 days 01:49:43.589000,44,8,+34.357,+0.437
0 days 01:49:47.370000,44,8,+34.614,+0.632
0 days 01:49:53.974000,44,8,+34.855,+0.703
0 days 01:49:56.318000,44,8,+34.803,+0.677
0 days 01:50:02.709000,44,8,+35.017,+0.871
0 days 01:50:05.468000,44,8,+34.893,+0.802
0 days 01:50:06.987000,44,8,+34.954,+0.799
0 days 01:50:12.736000,44,8,+35.126,+0.863
0 days 01:50:16.265000,44,8,+35.082,+0.826
0 days 01:50:19.792000,44,8,+35.100,+0.763
0 days 01:50:24.249000,44,8,+35.332,+0.785
0 days 01:50:29.833000,44,8,+35.564,+0.806
0 days 01:50:32.844000,44,8,+35.611,+0.845
0 days 01:50:34.965000,44,8,+35.644,+0.894
0 days 01:50:39.172000,44,8,+35.800,+0.739
0 days 01:50:42.663000,44,8,+35.915,+0.779
0 days 01:50:46.662000,44,8,+35.939,+0.761
0 days 01:50:50.622000,44,8,+35.781,+0.648
0 days 01:50:53.858000,44,8,+35.536,+0.470
0 days 01:50:58.382000,44,8,+35.781,+0.530
0 days 01:51:02.479000,44,8,+35.596,+0.453
0 days 01:51:08.968000,44,8,+35.551,+0.316
0 days 01:51:15.457000,44,8,+35.843,+0.413
0 days 01:51:19.362000,44,8,+36.171,+0.600
0 days 01:51:25.975000,44,8,+36.495,+0.635
0 days 01:51:28.522000,44,8,+36.664,+0.798
0 days 01:51:34.765000,44,8,+36.758,+0.859
0 days 01:51:37.499000,44,8,+36.639,+0.771
0 days 01:51:39.020000,44,8,+36.713,+0.726
0 days 01:51:44.719000,44,8,+36.884,+0.741
0 days 01:51:48.334000,44,8,+36.825,+0.680
0 days 01:51:51.991000,44,8,+37.037,+0.683
0 days 01:51:56.351000,44,8,+37.287,+0.734
0 days 01:52:02.087000,44,8,+37.495,+0.777
0 days 01:52:05.081000,44,8,+37.556,+0.830
0 days 01:52:07.128000,44,8,+37.569,+0.860
0 days 01:52:11.340000,44,8,+37.748,+0.741
0 days 01:52:14.864000,44,8,+37.840,+0.790
0 days 01:52:18.859000,44,8,+37.867,+0.778
0 days 01:52:22.796000,44,8,+37.720,+0.689
0 days 01:52:26.010000,44,8,+37.489,+0.523
0 days 01:52:30.443000,44,8,+37.625,+0.433
0 days 01:52:34.489000,44,8,+37.609,+0.455
0 days 01:52:41.007000,44,8,+37.705,+0.357
0 days 01:52:47.476000,44,8,+37.874,+0.490
0 days 01:52:51.258000,44,8,+38.171,+0.735
0 days 01:52:57.860000,44,8,+38.480,+0.752
0 days 01:53:00.297000,44,8,+38.563,+0.853
0 days 01:53:06.620000,44,8,+38.607,+0.880
0 days 01:53:09.282000,44,8,+38.488,+0.792
0 days 01:53:10.800000,44,8,+38.554,+0.753
0 days 01:53:16.432000,44,8,+38.792,+0.776
0 days 01:53:20.094000,44,8,+38.814,+0.782
0 days 01:53:23.647000,44,8,+38.965,+0.804
0 days 01:53:28.040000,44,8,+39.150,+0.816
0 days 01:53:33.723000,44,8,+39.357,+0.967
0 days 01:53:36.738000,44,8,+39.460,+0.935
0 days 01:53:38.839000,44,8,+39.483,+0.914
0 days 01:53:42.942000,44,8,+39.660,+0.747
0 days 01:53:46.449000,44,8,+39.728,+0.756
0 days 01:53:50.366000,44,8,+39.729,+0.727
0 days 01:53:54.340000,44,8,+39.570,+0.621
0 days 01:53:57.560000,44,8,+39.349,+0.444
0 days 01:54:01.984000,44,8,+39.464,+0.307
0 days 01:54:05.991000,44,8,+39.388,+0.295
0 days 01:54:12.393000,44,8,+39.212,+0.047
0 days 01:54:19.190000,44,8,+39.962,+0.275
0 days 01:54:23.494000,44,8,+40.524,+0.829
0 days 01:54:29.897000,44,8,+40.767,+0.789
0 days 01:54:32.239000,44,8,+40.795,+0.872
0 days 01:54:38.406000,44,8,+40.772,+0.864
0 days 01:54:41.120000,44,8,+40.645,+0.774
0 days 01:54:42.594000,44,8,+40.670,+0.704
0 days 01:54:48.206000,44,8,+40.738,+0.764
0 days 01:54:51.812000,44,8,+40.668,+0.713
0 days 01:54:55.300000,44,8,+40.653,+0.722
0 days 01:54:59.712000,44,8,+40.851,+0.742
0 days 01:55:05.259000,44,8,+40.981,+0.849
0 days 01:55:08.275000,44,8,+41.055,+0.818
0 days 01:55:10.366000,44,8,+41.094,+0.845
0 days 01:55:14.529000,44,8,+41.304,+0.711
0 days 01:55:17.993000,44,8,+41.409,+0.777
0 days 01:55:21.987000,44,8,+41.438,+0.761
0 days 01:55:25.928000,44,8,+41.300,+0.666
0 days 01:55:29.165000,44,8,+41.082,+0.498
0 days 01:55:33.466000,44,8,+41.096,+0.450
0 days 01:55:37.646000,44,8,+41.220,+0.619
0 days 01:55:44.193000,44,8,+41.174,+0.510
0 days 01:55:50.434000,44,8,+41.475,+0.587
0 days 01:55:54.178000,44,8,+41.697,+0.671
0 days 01:56:00.629000,44,8,+41.890,+0.681
0 days 01:56:03.065000,44,8,+42.012,+0.712
0 days 01:56:09.266000,44,8,+42.031,+0.710
0 days 01:56:11.988000,44,8,+41.915,+0.614
0 days 01:56:13.507000,44,8,+41.984,+0.557
0 days 01:56:19.109000,44,8,+42.259,+0.520
0 days 01:56:22.667000,44,8,+42.240,+0.466
0 days 01:56:26.340000,44,8,+42.384,+0.509
0 days 01:56:30.733000,44,8,+42.656,+0.542
0 days 01:56:36.365000,44,8,+42.854,+0.622
0 days 01:56:39.426000,44,8,+42.907,+0.654
0 days 01:56:41.500000,44,8,+42.922,+0.673
0 days 01:56:45.734000,44,8,+43.185,+0.585
0 days 01:56:49.261000,44,8,+43.340,+0.651
0 days 01:56:53.211000,44,8,+43.366,+0.633
0 days 01:56:57.149000,44,8,+43.192,+0.527
0 days 01:57:00.351000,44,8,+42.947,+0.355
0 days 01:57:04.743000,44,8,+43.092,+0.344
0 days 01:57:08.910000,44,8,+43.170,+0.494
0 days 01:57:15.362000,44,8,+43.240,+0.449
0 days 01:57:21.816000,44,8,+43.461,+0.539
0 days 01:57:25.444000,44,8,+43.762,+0.674
0 days 01:57:31.949000,44,8,+44.049,+0.615
0 days 01:57:34.363000,44,8,+44.101,+0.670
0 days 01:57:40.565000,44,8,+44.173,+0.703
0 days 01:57:43.276000,44,8,+44.062,+0.619
0 days 01:57:44.762000,44,8,+44.108,+0.535
0 days 01:57:50.293000,44,8,+44.152,+0.631
0 days 01:57:53.844000,44,8,+44.083,+0.602
0 days 01:57:57.390000,44,8,+44.119,+0.594
0 days 01:58:01.766000,44,8,+44.280,+0.654
0 days 01:58:07.437000,44,8,+44.529,+0.749
0 days 01:58:10.366000,44,8,+44.604,+0.776
0 days 01:58:12.438000,44,8,+44.643,+0.814
0 days 01:58:16.564000,44,8,+44.842,+0.668
0 days 01:58:20.050000,44,8,+44.937,+0.693
0 days 01:58:24.028000,44,8,+44.965,+0.672
0 days 01:58:27.950000,44,8,+44.828,+0.581
0 days 01:58:31.251000,44,8,+44.622,+0.423
0 days 01:58:35.563000,44,8,+44.710,+0.375
0 days 01:58:39.633000,44,8,+44.895,+0.511
0 days 01:58:46.069000,44,8,+44.907,+0.546
0 days 01:58:52.469000,44,8,+45.085,+0.669
0 days 01:58:56.163000,44,8,+45.328,+0.903
0 days 01:59:02.651000,44,8,+45.516,+0.859
0 days 01:59:05.082000,44,8,+45.607,+0.920
0 days 01:59:11.328000,44,8,+45.678,+1.006
0 days 01:59:14.026000,44,8,+45.570,+0.925
0 days 01:59:15.550000,44,8,+45.552,+0.868
0 days 01:59:20.993000,44,8,+45.665,+0.857
0 days 01:59:24.568000,44,8,+45.629,+0.801
0 days 01:59:28.096000,44,8,+45.670,+0.743
0 days 01:59:32.412000,44,8,+45.780,+0.814
0 days 01:59:38.050000,44,8,+46.007,+0.909
0 days 01:59:40.927000,44,8,+46.032,+0.844
0 days 01:59:42.977000,44,8,+46.038,+0.845
0 days 01:59:47.012000,44,8,+46.166,+0.667
0 days 01:59:50.469000,44,8,+46.156,+0.670
0 days 01:59:54.412000,44,8,+46.127,+0.630
0 days 01:59:58.299000,44,8,+45.976,+0.512
0 days 02:00:01.598000,44,8,+45.766,+0.333
0 days 02:00:05.873000,44,8,+45.902,+0.394
0 days 02:00:09.895000,44,8,+45.921,+0.382
0 days 02:00:16.287000,44,8,+45.886,+0.324
0 days 02:00:22.639000,44,8,+46.062,+0.403
0 days 02:00:26.280000,44,8,+46.382,+0.598
0 days 02:00:32.867000,44,8,+46.602,+0.655
0 days 02:00:35.269000,44,8,+46.661,+0.768
0 days 02:00:41.481000,44,8,+46.724,+0.817
0 days 02:00:44.146000,44,8,+46.615,+0.736
0 days 02:00:45.639000,44,8,+46.631,+0.664
0 days 02:00:51.097000,44,8,+46.819,+0.855
0 days 02:00:54.595000,44,8,+46.816,+0.838
0 days 02:00:58.039000,44,8,+46.832,+0.742
0 days 02:01:02.281000,44,8,+46.993,+0.786
0 days 02:01:08.056000,44,8,+47.335,+0.929
0 days 02:01:11.009000,44,8,+47.418,+0.945
0 days 02:01:13.100000,44,8,+47.447,+0.964
0 days 02:01:17.182000,44,8,+47.543,+0.823
0 days 02:01:20.609000,44,8,+47.556,+0.842
0 days 02:01:24.612000,44,8,+47.557,+0.814
0 days 02:01:28.466000,44,8,+47.537,+0.715
0 days 02:01:31.716000,44,8,+47.485,+0.554
0 days 02:01:36.027000,44,8,+47.605,+0.431
0 days 02:01:40.015000,44,8,+47.670,+0.463
0 days 02:01:46.397000,44,8,+47.772,+0.353
0 days 02:01:52.794000,44,8,+47.986,+0.527
0 days 02:01:56.467000,44,8,+48.345,+0.741
0 days 02:02:02.887000,44,8,+48.383,+0.729
0 days 02:02:05.413000,44,8,+48.452,+0.860
0 days 02:02:11.588000,44,8,+48.494,+0.921
0 days 02:02:14.284000,44,8,+48.403,+0.831
0 days 02:02:15.784000,44,8,+48.445,+0.762
0 days 02:02:21.068000,44,8,+48.363,+0.848
0 days 02:02:24.594000,44,8,+48.262,+0.798
0 days 02:02:27.966000,44,8,+48.122,+0.668
0 days 02:02:32.067000,44,8,+48.132,+0.650
0 days 02:02:37.837000,44,8,+48.538,+0.893
0 days 02:02:40.815000,44,8,+48.659,+0.955
0 days 02:02:42.870000,44,8,+48.666,+0.971
0 days 02:02:46.837000,44,8,+48.811,+0.869
0 days 02:02:50.236000,44,8,+48.884,+0.892
0 days 02:02:54.214000,44,8,+48.878,+0.868
0 days 02:02:58.147000,44,8,+48.733,+0.756
0 days 02:03:01.419000,44,8,+48.515,+0.580
0 days 02:03:05.600000,44,8,+48.698,+0.534
0 days 02:03:10.167000,44,8,+49.377,+1.034
0 days 02:03:16.541000,44,8,+49.396,+0.913
0 days 02:03:22.926000,44,8,+49.603,+0.979
0 days 02:03:26.284000,44,8,+49.824,+1.056
0 days 02:03:32.675000,44,8,+49.955,+0.971
0 days 02:03:35.068000,44,8,+50.050,+0.899
0 days 02:03:41.427000,44,8,+50.199,+1.030
0 days 02:03:44.148000,44,8,+50.204,+1.052
0 days 02:03:45.737000,44,8,+50.242,+0.994
0 days 02:03:50.995000,44,8,+50.452,+0.938
0 days 02:03:54.613000,44,8,+50.482,+0.937
0 days 02:03:58.131000,44,8,+50.583,+1.015
0 days 02:04:02.291000,44,8,+50.612,+0.938
0 days 02:04:08.008000,44,8,+50.905,+1.117
0 days 02:04:10.986000,44,8,+51.080,+1.235
0 days 02:04:13.278000,44,8,+51.309,+1.447
0 days 02:04:17.376000,44,8,+51.541,+1.401
0 days 02:04:20.843000,44,8,+51.616,+1.403
0 days 02:04:24.811000,44,8,+51.633,+1.383
0 days 02:04:28.867000,44,8,+51.575,+1.380
0 days 02:04:32.271000,44,8,+51.537,+1.389
0 days 02:04:36.544000,44,8,+51.718,+1.339
0 days 02:04:40.597000,44,8,+51.911,+1.333
0 days 02:04:46.966000,44,8,+51.987,+1.204
0 days 02:04:53.272000,44,8,+52.313,+1.311
0 days 02:04:56.727000,44,8,+52.512,+1.365
0 days 02:05:03,44,8,+52.590,+1.197
0 days 02:05:05.441000,44,8,+52.740,+1.231
0 days 02:05:11.846000,44,8,+52.926,+1.399
0 days 02:05:14.640000,44,8,+52.962,+1.423
0 days 02:05:16.088000,44,8,+53.034,+1.401
0 days 02:05:21.348000,44,8,+53.104,+1.067
0 days 02:05:24.929000,44,8,+53.106,+1.000
0 days 02:05:28.399000,44,8,+53.206,+0.989
0 days 02:05:32.584000,44,8,+53.236,+0.909
0 days 02:05:38.196000,44,8,+53.614,+1.136
0 days 02:05:41.203000,44,8,+53.718,+1.227
0 days 02:05:43.318000,44,8,+53.795,+1.287
0 days 02:05:47.377000,44,8,+53.948,+1.197
0 days 02:05:51.099000,44,8,+54.266,+1.459
0 days 02:05:55.086000,44,8,+54.326,+1.495
0 days 02:05:59.202000,44,8,+54.342,+1.520
0 days 02:06:02.729000,44,8,+54.415,+1.595
0 days 02:06:06.946000,44,8,+54.549,+1.474
0 days 02:06:11.042000,44,8,+54.823,+1.574
0 days 02:06:17.424000,44,8,+54.820,+1.388
0 days 02:06:23.467000,44,8,+54.889,+1.309
0 days 02:06:27.055000,44,8,+55.067,+1.404
0 days 02:06:33.226000,44,8,+55.204,+1.376
0 days 02:06:35.700000,44,8,+55.182,+1.314
0 days 02:06:41.993000,44,8,+55.360,+1.447
0 days 02:06:44.794000,44,8,+55.414,+1.471
0 days 02:06:46.236000,44,8,+55.376,+1.347
0 days 02:06:51.419000,44,8,+55.106,+1.215
0 days 02:06:54.979000,44,8,+55.074,+1.191
0 days 02:06:58.448000,44,8,+55.183,+1.143
0 days 02:07:02.574000,44,8,+55.242,+1.045
0 days 02:07:08.275000,44,8,+55.680,+1.251
0 days 02:07:11.264000,44,8,+55.825,+1.341
0 days 02:07:13.391000,44,8,+55.880,+1.379
0 days 02:07:17.446000,44,8,+56.004,+1.325
0 days 02:07:21.115000,44,8,+56.278,+1.539
0 days 02:07:25.112000,44,8,+56.337,+1.564
0 days 02:07:29.154000,44,8,+56.300,+1.571
0 days 02:07:32.739000,44,8,+56.275,+1.603
0 days 02:07:36.800000,44,8,+56.427,+1.459
0 days 02:07:40.893000,44,8,+56.670,+1.568
0 days 02:07:47.315000,44,8,+56.877,+1.375
0 days 02:07:56.572000,44,8,+59.949,+3.003
0 days 02:08:01.142000,44,8,+61.260,+1.563
0 days 02:08:08.141000,44,8,+62.325,+1.579
0 days 02:08:39.699000,44,8,+82.791,+1.326
0 days 02:08:42.628000,44,8,+84.299,+0.806
0 days 02:08:52.084000,44,8,+88.736,+0.721
0 days 02:08:58.740000,44,8,+91.840,+1.595
0 days 02:09:04.186000,44,8,+93.973,+1.058
0 days 02:09:09.196000,44,8,+94.894,+0.678
0 days 02:09:16.522000,44,8,+96.952,+0.685
0 days 02:09:21.943000,44,8,+99.372,+0.828
0 days 02:09:26.369000,44,8,+101.525,+0.983
0 days 02:09:34.756000,44,8,+106.090,+1.008
0 days 02:09:44.316000,44,8,+108.746,+0.942
0 days 02:09:54.071000,44,8,+112.905,+1.123
0 days 02:10:02.230000,44,8,+115.260,+0.919
0 days 02:10:09.150000,44,8,+116.016,+0.619
0 days 02:10:17.032000,44,8,+118.959,+0.403
0 days 02:10:23.273000,44,8,+120.428,+0.820
0 days 02:10:31.933000,44,8,+119.562,+1.130
0 days 02:10:38.669000,44,8,+118.475,+0.991
0 days 02:10:42.978000,44,8,+118.136,+1.007
0 days 02:10:49.701000,44,8,+117.284,+0.808
0 days 02:10:52.389000,44,8,+117.284,+0.747
0 days 02:10:59.348000,44,8,+102.956,+1.160
0 days 02:11:02.674000,44,8,+98.829,+1.384
0 days 02:11:04.214000,44,8,+98.188,+1.163
0 days 02:11:10.317000,44,8,+95.837,+0.848
0 days 02:11:14.246000,44,8,+95.579,+0.798
0 days 02:11:18.329000,44,8,+95.473,+0.766
0 days 02:11:22.657000,44,8,+93.917,+0.896
0 days 02:11:28.264000,44,8,+92.087,+0.837
0 days 02:11:31.675000,44,8,+91.565,+0.762
0 days 02:11:34.004000,44,8,+91.434,+0.814
0 days 02:11:38.866000,44,8,+90.691,+0.510
0 days 02:11:46.502000,44,8,+90.102,+1.214
0 days 02:11:53.530000,44,8,+89.139,+1.446
0 days 02:11:58.372000,44,8,+88.159,+1.793
0 days 02:12:02.335000,44,8,+86.888,+2.081
0 days 02:12:07,44,8,+86.931,+1.884
0 days 02:12:11.288000,44,8,+87.049,+1.952
0 days 02:12:18.379000,44,8,+87.397,+1.828
0 days 02:12:24.618000,44,8,+87.726,+1.882
0 days 02:12:28.186000,44,8,+85.317,+1.624
0 days 02:12:34.100000,44,8,+83.282,+1.245
0 days 02:12:36.245000,44,8,+82.887,+1.156
0 days 02:12:42.752000,44,8,+82.909,+1.582
0 days 02:12:45.890000,44,8,+79.751,+1.820
0 days 02:12:47.435000,44,8,+79.397,+1.563
0 days 02:12:52.853000,44,8,+78.190,+1.098
0 days 02:12:56.734000,44,8,+75.538,+1.079
0 days 02:13:00.604000,44,8,+75.320,+1.153
0 days 02:13:04.748000,44,8,+75.398,+1.515
0 days 02:13:10.398000,44,8,+73.012,+2.027
0 days 02:13:13.652000,44,8,+70.967,+2.195
0 days 02:13:15.948000,44,8,+69.600,+2.289
0 days 02:13:20.630000,44,8,+68.105,+0.897
0 days 02:13:30.583000,44,8,+69.744,+1.702
0 days 02:13:37.534000,44,8,+68.630,+0.738
0 days 02:13:42.350000,44,8,+66.701,+0.929
0 days 02:13:46.195000,44,8,+64.768,+1.120
0 days 02:13:50.593000,44,8,+63.245,+0.969
0 days 02:13:54.674000,44,8,+60.348,+0.981
0 days 02:14:01.543000,44,8,+58.493,+1.088
0 days 02:14:07.552000,44,8,+56.319,+1.282
0 days 02:14:10.986000,44,8,+54.506,+1.185
0 days 02:14:16.848000,44,8,+52.416,+1.006
0 days 02:14:18.878000,44,8,+51.093,+0.894
0 days 02:14:25.149000,44,8,+48.457,+1.268
0 days 02:14:28.275000,44,8,+47.958,+1.517
0 days 02:14:29.738000,44,8,+47.612,+1.308
0 days 02:14:35.135000,44,8,+44.915,+1.189
0 days 02:14:38.976000,44,8,+43.768,+1.290
0 days 02:14:42.553000,44,8,+42.507,+1.225
0 days 02:14:46.358000,44,8,+41.572,+1.189
0 days 02:14:51.399000,44,8,+39.218,+1.114
0 days 02:14:54.876000,44,8,+37.209,+0.741
0 days 02:14:57.526000,44,8,+36.765,+0.720
0 days 02:15:03.884000,44,8,+33.701,+0.907
0 days 02:15:13.260000,44,8,+31.811,+1.388
0 days 02:15:19.755000,44,8,+29.851,+1.779
0 days 02:15:24.559000,44,8,+27.835,+2.085
0 days 02:15:28.403000,44,8,+26.139,+2.334
0 days 02:15:32.720000,44,8,+20.168,+2.299
0 days 02:15:38.502000,44,8,+16.248,+1.076
0 days 02:15:51.620000,44,8,+14.635,+1.104
0 days 02:15:59.360000,44,8,+13.168,+1.597
0 days 02:16:04.500000,44,8,+12.132,+0.720
0 days 02:16:16.662000,44,8,+15.689,+1.570
0 days 02:16:19.254000,44,8,+14.660,+1.039
0 days 02:16:33.332000,44,8,+19.596,+2.061
0 days 02:16:36.650000,44,8,+18.963,+2.076
0 days 02:16:38.450000,44,8,+18.091,+1.721
0 days 02:16:44.249000,44,8,+16.373,+1.080
0 days 02:16:48.222000,44,8,+15.091,+1.092
0 days 02:16:51.950000,44,8,+14.278,+1.212
0 days 02:16:55.980000,44,8,+13.416,+1.310
0 days 02:17:01.186000,44,8,+11.151,+1.041
0 days 02:17:06.502000,44,8,+11.848,+0.555
0 days 02:17:11.189000,44,8,+12.271,+0.864
0 days 02:17:20.459000,44,8,+12.447,+0.989
0 days 02:17:33.192000,44,8,+14.783,+1.026
0 days 02:17:41.979000,44,8,+13.970,+1.598
0 days 02:17:46.996000,44,8,+12.213,+1.070
0 days 02:17:51.324000,44,8,+11.191,+0.733
0 days 02:18:00.116000,44,8,+13.834,+2.102
0 days 02:18:04.862000,44,8,+12.088,+1.485
0 days 02:18:16.321000,44,8,+14.318,+0.853
0 days 02:18:23.422000,44,8,+13.522,+1.030
0 days 02:18:27.602000,44,8,+11.996,+1.011
0 days 02:18:34.919000,44,8,+11.925,+0.698
0 days 02:18:37.201000,44,8,+10.531,+0.609
0 days 02:18:51.666000,44,8,+16.991,+1.339
0 days 02:18:55.052000,44,8,+15.852,+1.104
0 days 02:18:56.774000,44,8,+15.695,+0.945
0 days 02:19:02.282000,44,8,+13.541,+0.926
0 days 02:19:06.196000,44,8,+12.794,+0.773
0 days 02:19:11.360000,44,8,+13.318,+0.901
0 days 02:19:15.855000,44,8,+12.796,+0.931
0 days 02:19:21.439000,44,8,+10.973,+0.914
0 days 02:19:27.035000,44,8,+11.877,+0.766
0 days 02:19:30.403000,44,8,+11.977,+0.784
0 days 02:19:40.377000,44,8,+12.927,+0.769
0 days 02:19:48.501000,44,8,+13.704,+0.717
0 days 02:19:56.439000,44,8,+14.042,+0.935
0 days 02:20:01.935000,44,8,+13.817,+1.056
0 days 02:20:06.975000,44,8,+14.042,+1.335
0 days 02:20:13.444000,44,8,+13.737,+1.345
0 days 02:20:17.603000,44,8,+11.851,+1.098
0 days 02:20:29.906000,44,8,+14.751,+0.720
0 days 02:20:36.616000,44,8,+13.278,+0.701
0 days 02:20:40.429000,44,8,+11.986,+0.665
0 days 02:20:46.754000,44,8,+10.505,+0.577
0 days 02:20:49.055000,44,8,+9.541,+0.457
0 days 02:21:03.722000,44,8,+15.382,+1.381
0 days 02:21:07.103000,44,8,+15.511,+1.471
0 days 02:21:08.822000,44,8,+14.542,+1.220
0 days 02:21:14.578000,44,8,+12.808,+1.210
0 days 02:21:18.757000,44,8,+11.761,+1.405
0 days 02:21:24.805000,44,8,+13.363,+0.814
0 days 02:21:28.854000,44,8,+12.830,+0.696
0 days 02:21:34.302000,44,8,+9.925,+0.569
0 days 02:21:39.275000,44,8,+7.949,+0.504
0 days 02:21:44.367000,44,8,+8.721,+0.952
0 days 02:21:50.826000,44,8,+8.048,+0.917
0 days 02:21:58.209000,44,8,+7.723,+0.615
0 days 02:22:06.079000,44,8,+8.634,+1.040
0 days 02:22:13.443000,44,8,+9.277,+2.032
0 days 02:22:19.825000,44,8,+10.483,+1.911
0 days 02:22:24.954000,44,8,+8.941,+1.583
0 days 02:22:29.383000,44,8,+6.798,+1.338
0 days 02:22:40.479000,44,8,+9.056,+0.835
0 days 02:22:47.057000,44,8,+8.156,+1.421
0 days 02:22:51.407000,44,8,+7.294,+0.954
0 days 02:22:59.179000,44,8,+7.165,+0.751
0 days 02:23:01.726000,44,8,+6.257,+0.625
0 days 02:23:15.176000,44,8,+11.452,+0.949
0 days 02:23:18.591000,44,8,+10.807,+1.066
0 days 02:23:20.362000,44,8,+10.316,+0.876
0 days 02:23:26.676000,44,8,+8.997,+0.704
0 days 02:23:31.865000,44,8,+8.835,+0.824
0 days 02:23:36.654000,44,8,+9.150,+0.887
0 days 02:23:41.654000,44,8,+9.125,+1.287
0 days 02:23:47.282000,44,8,+7.618,+1.028
0 days 02:23:52.449000,44,8,+7.688,+1.185
0 days 02:23:57.951000,44,8,+9.863,+1.715
0 days 02:24:03.763000,44,8,+9.096,+1.539
0 days 02:24:07.668000,44,8,+7.884,+0.831
0 days 02:24:15.157000,44,8,+8.677,+1.121
0 days 02:24:21.183000,44,8,+9.124,+1.172
0 days 02:24:27.024000,44,8,+9.448,+0.991
0 days 02:24:32.123000,44,8,+7.603,+0.961
0 days 02:24:38.954000,44,8,+6.040,+0.664
0 days 02:24:56.827000,44,8,+4.660,+0.581
0 days 02:25:03.681000,44,8,+3.140,+0.454
0 days 02:25:07.364000,44,8,+3.445,+0.383
0 days 02:25:13.708000,44,8,+3.899,+0.516
0 days 02:25:15.802000,44,8,+4.000,+0.526
0 days 02:25:21.794000,44,8,+4.122,+0.413
0 days 02:25:24.545000,44,8,+4.079,+0.409
0 days 02:25:26.164000,44,8,+4.331,+0.394
0 days 02:25:31.502000,44,8,+4.583,+0.550
0 days 02:25:34.981000,44,8,+4.563,+0.633
0 days 02:25:38.641000,44,8,+4.791,+0.586
0 days 02:25:42.412000,44,8,+5.030,+0.349
0 days 02:25:47.581000,44,8,+5.326,+0.362
0 days 02:25:50.810000,44,8,+5.542,+0.477
0 days 02:25:53.003000,44,8,+5.620,+0.575
0 days 02:25:57.254000,44,8,+5.927,+0.640
0 days 02:26:00.685000,44,8,+6.000,+0.663
0 days 02:26:04.664000,44,8,+5.986,+0.715
0 days 02:26:08.699000,44,8,+5.898,+0.802
0 days 02:26:12.125000,44,8,+5.815,+0.879
0 days 02:26:16.227000,44,8,+5.924,+0.554
0 days 02:26:20.125000,44,8,+6.233,+0.750
0 days 02:26:26.537000,44,8,+6.504,+0.759
0 days 02:26:32.309000,44,8,+6.988,+0.914
0 days 02:26:35.764000,44,8,+7.319,+0.830
0 days 02:26:41.884000,44,8,+7.625,+0.743
0 days 02:26:43.498000,44,8,+7.735,+0.730
0 days 02:26:49.279000,44,8,+7.833,+0.794
0 days 02:26:52.083000,44,8,+7.837,+0.885
0 days 02:26:53.444000,44,8,+7.914,+0.772
0 days 02:26:58.511000,44,8,+8.282,+0.892
0 days 02:27:01.910000,44,8,+8.294,+0.928
0 days 02:27:05.288000,44,8,+8.443,+0.865
0 days 02:27:08.965000,44,8,+8.675,+0.843
0 days 02:27:13.725000,44,8,+8.775,+0.727
0 days 02:27:16.530000,44,8,+8.805,+0.769
0 days 02:27:18.528000,44,8,+8.824,+0.832
0 days 02:27:22.456000,44,8,+9.071,+0.833
0 days 02:27:25.879000,44,8,+9.212,+0.934
0 days 02:27:29.886000,44,8,+9.232,+0.972
0 days 02:27:33.819000,44,8,+9.069,+1.042
0 days 02:27:37.065000,44,8,+8.799,+1.116
0 days 02:27:40.939000,44,8,+8.727,+0.829
0 days 02:27:44.627000,44,8,+8.847,+0.776
0 days 02:27:51.339000,44,8,+8.949,+0.701
0 days 02:27:56.580000,44,8,+9.292,+0.784
0 days 02:28:00.027000,44,8,+9.593,+0.595
0 days 02:28:05.927000,44,8,+9.955,+0.406
0 days 02:28:07.865000,44,8,+10.010,+0.389
0 days 02:28:13.541000,44,8,+9.884,+0.415
0 days 02:28:16.066000,44,8,+9.702,+0.404
0 days 02:28:17.465000,44,8,+9.802,+0.301
0 days 02:28:22.482000,44,8,+9.983,+0.439
0 days 02:28:25.866000,44,8,+9.891,+0.484
0 days 02:28:29.251000,44,8,+10.026,+0.429
0 days 02:28:33.128000,44,8,+10.283,+0.268
0 days 02:28:38.158000,44,8,+10.701,+0.269
0 days 02:28:41.090000,44,8,+10.914,+0.393
0 days 02:28:43.179000,44,8,+10.966,+0.457
0 days 02:28:47.166000,44,8,+11.296,+0.620
0 days 02:28:50.560000,44,8,+11.411,+0.727
0 days 02:28:54.515000,44,8,+11.411,+0.743
0 days 02:28:58.426000,44,8,+11.196,+0.750
0 days 02:29:01.627000,44,8,+10.870,+0.742
0 days 02:29:05.627000,44,8,+10.423,+0.440
0 days 02:29:09.393000,44,8,+10.353,+0.493
0 days 02:29:15.626000,44,8,+10.043,+0.427
0 days 02:29:22.363000,44,7,+10.043,+0.427
0 days 02:29:22.448000,44,7,+8.160,+0.526
0 days 02:29:26.627000,44,6,+8.160,+0.526
0 days 02:29:26.708000,44,6,+8.160,+0.432
0 days 02:29:33.908000,44,6,+8.957,+0.700
0 days 02:29:36.500000,44,6,+8.653,+0.700
0 days 02:29:42.961000,44,3,+8.653,+0.700
0 days 02:29:42.998000,44,3,+8.819,+2.406
0 days 02:29:45.640000,44,3,+8.727,+2.404
0 days 02:29:47.229000,44,3,+8.750,+2.432
0 days 02:29:52.613000,44,3,+8.984,+2.398
0 days 02:29:56.127000,44,3,+8.962,+2.388
0 days 02:29:59.312000,44,3,+8.664,+2.145
0 days 02:30:02.954000,44,3,+8.585,+1.961
0 days 02:30:07.686000,44,3,+8.598,+1.759
0 days 02:30:10.464000,44,3,+8.655,+1.795
0 days 02:30:12.527000,44,3,+8.699,+1.806
0 days 02:30:16.349000,44,3,+8.600,+1.854
0 days 02:30:19.802000,44,3,+8.689,+1.986
0 days 02:30:23.766000,44,3,+8.711,+2.022
0 days 02:30:27.868000,44,3,+8.685,+2.026
0 days 02:30:31.405000,44,3,+8.677,+2.035
0 days 02:30:35.568000,44,3,+8.310,+1.573
0 days 02:30:39.369000,44,3,+8.090,+1.405
0 days 02:30:46.186000,44,3,+7.674,+1.275
0 days 02:30:53.220000,44,3,+7.788,+1.213
0 days 02:30:57.843000,44,2,+7.788,+1.213
0 days 02:30:57.928000,44,2,+7.733,+7.733
0 days 02:31:06.084000,44,2,+8.537,+8.537
0 days 02:31:09.097000,44,2,+8.863,+8.863
0 days 02:31:16.049000,44,2,+8.990,+8.990
0 days 02:31:20.376000,44,2,+8.922,+8.922
0 days 02:31:25.929000,44,2,+9.003,+9.003
0 days 02:31:29.462000,44,2,+8.991,+8.991
0 days 02:31:32.910000,44,2,+8.981,+8.981
0 days 02:31:36.816000,44,2,+9.008,+9.008
0 days 02:31:41.785000,44,2,+8.959,+8.959
0 days 02:31:44.582000,44,2,+8.918,+8.918
0 days 02:31:46.708000,44,2,+8.922,+8.922
0 days 02:31:50.681000,44,2,+8.779,+8.779
0 days 02:31:54.090000,44,2,+8.811,+8.811
0 days 02:31:58.103000,44,2,+8.822,+8.822
0 days 02:32:02.238000,44,2,+8.824,+8.824
0 days 02:32:05.768000,44,2,+8.821,+8.821
0 days 02:32:10.181000,44,2,+8.411,+8.411
0 days 02:32:14.293000,44,2,+8.243,+8.243
0 days 02:32:21.668000,44,2,+8.190,+8.190
0 days 02:32:29.004000,44,2,+8.146,+8.146
0 days 02:32:34.039000,44,2,+8.021,+8.021
0 days 02:32:41.983000,44,2,+8.072,+8.072
0 days 02:32:52.710000,44,1,LAP 46,LAP 46
0 days 02:32:52.741000,44,1,LAP 47,LAP 47
0 days 02:33:27.400000,44,2,LAP 47,LAP 47
0 days 02:33:28.681000,44,2,+1.191,+1.191
0 days 02:33:33.295000,44,2,+2.538,+2.538
0 days 02:33:36.170000,44,2,+3.261,+3.261
0 days 02:33:41.931000,44,2,+4.892,+4.892
0 days 02:33:47.434000,44,2,+6.850,+6.850
0 days 02:33:54.592000,44,2,+9.984,+9.984
0 days 02:34:00.708000,44,2,+10.610,+10.610
0 days 02:34:05.963000,44,2,+6.790,+6.790
0 days 02:34:13.841000,44,2,+8.415,+8.415
0 days 02:34:20.371000,44,2,+9.685,+9.685
0 days 02:34:29.992000,44,2,+10.796,+10.796
0 days 02:34:39.369000,44,2,+13.170,+13.170
0 days 02:34:45.245000,44,2,+14.232,+14.232
0 days 02:34:54.759000,44,2,+13.905,+13.905
0 days 02:35:06.854000,44,3,+13.905,+13.905
0 days 02:35:08.029000,44,4,+13.905,+13.905
0 days 02:35:13.244000,44,5,+13.905,+13.905
0 days 02:35:16.026000,44,6,+13.905,+13.905
0 days 02:35:17.057000,44,7,+13.905,+13.905
0 days 02:35:17.838000,44,8,+13.905,+13.905
0 days 02:35:19.331000,44,9,+13.905,+13.905
0 days 02:35:30.608000,44,9,+36.816,+8.057
0 days 02:35:32.793000,44,9,+36.954,+7.962
0 days 02:35:41.165000,44,9,+36.410,+6.352
0 days 02:35:45.442000,44,9,+36.113,+6.069
0 days 02:35:49.642000,44,9,+36.094,+6.167
0 days 02:35:54.407000,44,9,+35.792,+5.948
0 days 02:36:00.886000,44,9,+36.209,+6.252
0 days 02:36:04.746000,44,9,+36.369,+6.218
0 days 02:36:07.159000,44,9,+34.948,+6.233
0 days 02:36:12.116000,44,9,+32.743,+6.118
0 days 02:36:16.242000,44,9,+31.744,+6.189
0 days 02:36:20.770000,44,9,+31.848,+6.410
0 days 02:36:25.438000,44,9,+29.369,+6.699
0 days 02:36:29.374000,44,9,+27.179,+6.157
0 days 02:36:35.513000,44,9,+25.571,+4.056
0 days 02:36:40.609000,44,9,+21.808,+4.452
0 days 02:36:48.462000,44,9,+19.835,+3.214
0 days 02:36:55.591000,44,9,+18.243,+1.871
0 days 02:37:00.217000,44,9,+16.476,+2.071
0 days 02:37:09.383000,44,9,+14.761,+1.284
0 days 02:37:12.535000,44,9,+14.199,+1.345
0 days 02:37:22.588000,44,9,+14.727,+1.500
0 days 02:37:27.796000,44,9,+14.796,+0.710
0 days 02:37:29.890000,44,9,+14.018,+0.928
0 days 02:37:40.031000,44,9,+13.349,+0.501
0 days 02:37:45.647000,44,9,+13.232,+1.091
0 days 02:37:51.274000,44,9,+13.347,+0.761
0 days 02:37:56.163000,44,9,+12.802,+0.601
0 days 02:38:02.650000,44,9,+11.388,+1.061
0 days 02:38:06.770000,44,9,+10.020,+0.829
0 days 02:38:09.345000,44,9,+9.338,+0.702
0 days 02:38:16.772000,44,9,+10.231,+0.877
0 days 02:38:23.056000,44,9,+10.609,+0.969
0 days 02:38:30.471000,44,9,+10.268,+0.573
0 days 02:38:37.172000,44,9,+10.945,+0.577
0 days 02:38:41.847000,44,9,+9.706,+0.757
0 days 02:38:49.992000,44,9,+11.088,+1.177
0 days 02:38:57.215000,44,9,+10.880,+0.763
0 days 02:39:09.149000,44,9,+12.792,+0.664
0 days 02:39:17.929000,44,9,+13.311,+0.806
0 days 02:39:22.820000,44,9,+11.999,+0.977
0 days 02:39:31.887000,44,9,+11.412,+0.514
0 days 02:39:35.059000,44,9,+10.993,+0.842
0 days 02:39:47.184000,44,9,+14.323,+1.406
0 days 02:39:50.849000,44,9,+14.017,+1.854
0 days 02:39:52.684000,44,9,+12.899,+1.821
0 days 02:39:59.235000,44,9,+10.483,+1.475
0 days 02:40:07.265000,44,9,+10.170,+0.862
0 days 02:40:13.218000,44,9,+11.021,+0.851
0 days 02:40:18.372000,44,9,+11.058,+0.663
0 days 02:40:24.832000,44,9,+9.567,+0.444
0 days 02:40:30.032000,44,9,+9.076,+0.618
0 days 02:40:35.986000,44,9,+10.240,+1.932
0 days 02:40:42.589000,44,9,+10.408,+1.587
0 days 02:40:48.845000,44,9,+10.021,+2.061
0 days 02:40:55.122000,44,9,+9.076,+2.041
0 days 02:41:00.589000,44,9,+9.427,+0.879
0 days 02:41:06.074000,44,9,+8.887,+0.556
0 days 02:41:12.103000,44,9,+7.946,+0.718
0 days 02:41:19.610000,44,9,+8.451,+0.542
0 days 02:41:29.916000,44,9,+9.443,+0.624
0 days 02:41:37.786000,44,9,+8.645,+0.558
0 days 02:41:43.085000,44,9,+8.585,+0.932
0 days 02:41:52.204000,44,9,+9.068,+1.222
0 days 02:41:55.539000,44,9,+8.587,+0.928
0 days 02:42:04.327000,44,9,+9.023,+0.747
0 days 02:42:08.373000,44,9,+9.140,+1.154
0 days 02:42:10.758000,44,9,+9.286,+0.829
0 days 02:42:18.133000,44,9,+8.287,+0.685
0 days 02:42:23.551000,44,9,+8.686,+0.930
0 days 02:42:29.491000,44,9,+9.379,+0.943
0 days 02:42:34.269000,44,9,+8.918,+0.425
0 days 02:42:41.649000,44,9,+8.367,+0.762
0 days 02:42:47.312000,44,9,+8.526,+0.606
0 days 02:42:52.935000,44,9,+11.451,+3.333
0 days 02:42:58.450000,44,9,+10.650,+3.273
0 days 02:43:02.458000,44,9,+9.137,+2.304
0 days 02:43:08.032000,44,9,+7.583,+0.734
0 days 02:43:13.866000,44,9,+8.281,+0.811
0 days 02:43:18.807000,44,9,+7.362,+0.821
0 days 02:43:25.430000,44,9,+7.209,+0.653
0 days 02:43:31.987000,44,9,+7.162,+0.480
0 days 02:43:47.890000,44,9,+6.321,+0.613
0 days 02:43:54.678000,44,9,+5.232,+0.641
0 days 02:43:58.978000,44,9,+5.413,+0.694
0 days 02:44:06.117000,44,9,+5.659,+0.300
0 days 02:44:09.074000,44,9,+6.076,+0.317
0 days 02:44:15.874000,44,9,+6.156,+0.313
0 days 02:44:18.441000,44,9,+6.121,+0.246
0 days 02:44:20.242000,44,9,+6.379,+0.248
0 days 02:44:27.300000,44,10,+6.379,+0.248
0 days 02:44:27.674000,44,10,+7.849,+0.371
0 days 02:44:31.916000,44,10,+8.240,+0.662
0 days 02:44:35.717000,44,10,+8.419,+0.510
0 days 02:44:40.343000,44,10,+8.653,+0.562
0 days 02:44:46.200000,44,10,+8.876,+0.648
0 days 02:44:49.468000,44,10,+8.931,+0.696
0 days 02:44:51.591000,44,10,+8.922,+0.709
0 days 02:44:56.004000,44,10,+9.084,+0.740
0 days 02:44:59.475000,44,10,+9.025,+0.704
0 days 02:45:03.493000,44,10,+8.985,+0.770
0 days 02:45:07.569000,44,10,+8.898,+0.886
0 days 02:45:10.951000,44,10,+8.752,+0.861
0 days 02:45:15.624000,44,10,+8.928,+0.662
0 days 02:45:19.874000,44,10,+9.098,+0.538
0 days 02:45:26.797000,44,10,+9.394,+0.554
0 days 02:45:33.110000,44,10,+9.643,+0.369
0 days 02:45:37.143000,44,10,+9.682,+0.477
0 days 02:45:44.201000,44,10,+10.044,+0.537
0 days 02:45:46.423000,44,10,+10.070,+0.503
0 days 02:45:52.660000,44,10,+10.009,+0.509
0 days 02:45:55.488000,44,10,+9.973,+0.494
0 days 02:45:57.017000,44,10,+10.106,+0.458
0 days 02:46:03.060000,44,10,+10.412,+0.585
0 days 02:46:06.714000,44,10,+10.420,+0.641
0 days 02:46:10.393000,44,10,+10.610,+0.614
0 days 02:46:14.675000,44,10,+10.756,+0.622
0 days 02:46:20.194000,44,10,+10.891,+0.712
0 days 02:46:23.163000,44,10,+10.867,+0.694
0 days 02:46:25.194000,44,10,+10.850,+0.688
0 days 02:46:29.272000,44,10,+10.826,+0.692
0 days 02:46:32.710000,44,10,+10.817,+0.735
0 days 02:46:36.713000,44,10,+10.809,+0.819
0 days 02:46:40.741000,44,10,+10.688,+0.890
0 days 02:46:44.117000,44,10,+10.510,+0.789
0 days 02:46:48.636000,44,10,+10.570,+0.534
0 days 02:46:52.821000,44,10,+10.815,+0.154
0 days 02:46:59.560000,44,10,+11.025,+0.065
0 days 02:47:06.093000,44,10,+11.566,+0.233
0 days 02:47:10.275000,44,10,+12.000,+0.618
0 days 02:47:16.916000,44,10,+12.263,+0.645
0 days 02:47:19.401000,44,10,+12.387,+0.700
0 days 02:47:25.718000,44,10,+12.566,+0.817
0 days 02:47:28.538000,44,10,+12.574,+0.816
0 days 02:47:30.076000,44,10,+12.647,+0.832
0 days 02:47:36.054000,44,10,+12.814,+0.538
0 days 02:47:39.568000,44,10,+12.795,+0.218
0 days 02:47:43.076000,44,9,+12.795,+0.218
0 days 02:47:43.222000,44,9,+12.815,+0.231
0 days 02:47:47.536000,44,9,+13.066,+0.298
0 days 02:47:53.189000,44,9,+13.517,+0.597
0 days 02:47:56.077000,44,9,+13.594,+0.631
0 days 02:47:58.150000,44,9,+13.618,+0.644
0 days 02:48:02.138000,44,9,+13.679,+0.626
0 days 02:48:05.541000,44,9,+13.702,+0.665
0 days 02:48:09.503000,44,9,+13.691,+0.651
0 days 02:48:13.575000,44,9,+13.590,+0.608
0 days 02:48:17.038000,44,9,+13.530,+0.557
0 days 02:48:21.498000,44,9,+13.687,+0.654
0 days 02:48:25.544000,44,9,+13.779,+0.645
0 days 02:48:32.019000,44,9,+13.817,+0.619
0 days 02:48:38.303000,44,9,+14.156,+0.752
0 days 02:48:42.093000,44,9,+14.309,+0.910
0 days 02:48:48.611000,44,9,+14.436,+0.960
0 days 02:48:50.921000,44,9,+14.476,+1.018
0 days 02:48:56.978000,44,9,+14.403,+1.000
0 days 02:48:59.634000,44,9,+14.282,+0.857
0 days 02:49:01.167000,44,9,+14.381,+0.908
0 days 02:49:06.867000,44,9,+14.601,+0.913
0 days 02:49:10.452000,44,9,+14.598,+0.768
0 days 02:49:13.937000,44,9,+14.601,+0.622
0 days 02:49:17.891000,44,9,+14.611,+0.568
0 days 02:49:23.177000,44,9,+14.742,+0.472
0 days 02:49:26.022000,44,9,+14.786,+0.509
0 days 02:49:28.082000,44,9,+14.818,+0.523
0 days 02:49:31.962000,44,9,+14.711,+0.617
0 days 02:49:35.411000,44,9,+14.370,+0.728
0 days 02:49:39.377000,44,9,+14.278,+0.753
0 days 02:49:43.326000,44,9,+14.078,+0.650
0 days 02:49:46.593000,44,9,+13.830,+0.413
0 days 02:49:50.967000,44,9,+13.998,+0.526
0 days 02:49:55.024000,44,9,+14.141,+0.531
0 days 02:50:01.536000,44,9,+14.203,+0.444
0 days 02:50:07.823000,44,9,+14.374,+0.501
0 days 02:50:11.698000,44,9,+14.611,+0.714
0 days 02:50:18.296000,44,9,+14.958,+0.739
0 days 02:50:20.698000,44,9,+15.038,+0.816
0 days 02:50:26.855000,44,9,+15.082,+0.899
0 days 02:50:29.571000,44,9,+14.965,+0.781
0 days 02:50:31.023000,44,9,+15.047,+0.772
0 days 02:50:36.963000,44,9,+15.393,+0.969
0 days 02:50:40.567000,44,9,+15.458,+1.005
0 days 02:50:43.965000,44,9,+15.527,+0.918
0 days 02:50:47.905000,44,9,+15.484,+0.847
0 days 02:50:53.173000,44,9,+15.702,+0.868
0 days 02:50:55.947000,44,9,+15.722,+0.937
0 days 02:50:58.081000,44,9,+15.725,+0.964
0 days 02:51:01.869000,44,9,+15.768,+1.014
0 days 02:51:05.336000,44,9,+15.920,+1.171
0 days 02:51:09.457000,44,9,+15.961,+1.216
0 days 02:51:13.391000,44,9,+15.895,+1.226
0 days 02:51:16.838000,44,9,+15.839,+1.231
0 days 02:51:21.153000,44,9,+15.902,+1.160
0 days 02:51:25.204000,44,9,+16.152,+1.061
0 days 02:51:31.800000,44,9,+16.420,+1.087
0 days 02:51:38.055000,44,9,+16.587,+1.064
0 days 02:51:41.878000,44,9,+16.824,+1.130
0 days 02:51:48.353000,44,9,+16.954,+1.088
0 days 02:51:50.741000,44,9,+17.065,+1.109
0 days 02:51:56.970000,44,9,+17.181,+1.193
0 days 02:51:59.730000,44,9,+17.171,+1.185
0 days 02:52:01.239000,44,9,+17.325,+1.233
0 days 02:52:07.048000,44,9,+17.692,+1.261
0 days 02:52:10.695000,44,9,+17.759,+1.270
0 days 02:52:14.152000,44,9,+17.830,+1.141
0 days 02:52:18.141000,44,9,+18.050,+1.132
0 days 02:52:23.463000,44,9,+18.341,+1.156
0 days 02:52:26.304000,44,9,+18.413,+1.209
0 days 02:52:28.273000,44,9,+18.439,+1.233
0 days 02:52:32.237000,44,9,+18.575,+1.228
0 days 02:52:35.655000,44,9,+18.608,+1.098
0 days 02:52:39.621000,44,9,+18.635,+1.085
0 days 02:52:43.639000,44,9,+18.605,+1.093
0 days 02:52:47.091000,44,9,+18.541,+1.089
0 days 02:52:51.570000,44,10,+18.541,+1.089
0 days 02:52:51.743000,44,10,+19.083,+0.080
0 days 02:52:56.965000,44,10,+20.599,+0.604
0 days 02:53:03.738000,44,10,+21.072,+0.807
0 days 02:53:10.210000,44,10,+21.373,+1.017
0 days 02:53:14.119000,44,10,+21.672,+1.352
0 days 02:53:20.614000,44,10,+21.948,+1.503
0 days 02:53:22.999000,44,10,+22.125,+1.611
0 days 02:53:29.392000,44,10,+22.473,+2.025
0 days 00:00:04.219000,10,9,,
0 days 01:11:09.858000,10,9,+1.170,+0.203
0 days 01:11:12.595000,10,9,+1.776,+0.317
0 days 01:11:20.388000,10,9,+2.984,+0.437
0 days 01:11:24.442000,10,9,+3.111,+0.532
0 days 01:11:28.766000,10,9,+3.591,+0.372
0 days 01:11:33.942000,10,9,+3.971,+0.584
0 days 01:11:40.515000,10,9,+4.417,+0.544
0 days 01:11:44.580000,10,9,+4.598,+0.572
0 days 01:11:46.987000,10,9,+4.611,+0.219
0 days 01:11:52.630000,10,9,+5.479,+0.474
0 days 01:11:56.799000,10,9,+5.602,+0.615
0 days 01:12:01.076000,10,9,+5.551,+0.662
0 days 01:12:05.220000,10,9,+5.484,+0.695
0 days 01:12:08.641000,10,9,+5.285,+0.678
0 days 01:12:15.255000,10,9,+7.169,+1.076
0 days 01:12:27.726000,10,9,+14.478,+1.375
0 days 01:12:42.046000,10,9,+15.026,+1.957
0 days 01:12:49.743000,10,9,+14.276,+1.535
0 days 01:12:55.314000,10,9,+15.401,+1.175
0 days 01:13:03.626000,10,9,+15.963,+1.377
0 days 01:13:06.804000,10,9,+16.204,+1.216
0 days 01:13:14.646000,10,9,+17.033,+1.249
0 days 01:13:19.222000,10,9,+18.632,+1.673
0 days 01:13:21.611000,10,9,+19.200,+1.951
0 days 01:13:28.619000,10,9,+17.513,+2.188
0 days 01:13:32.719000,10,9,+14.727,+2.085
0 days 01:13:37.261000,10,9,+12.940,+2.332
0 days 01:13:42.117000,10,9,+11.842,+2.215
0 days 01:13:50.821000,10,9,+11.433,+1.861
0 days 01:13:59.352000,10,9,+12.119,+1.591
0 days 01:14:08.889000,10,9,+13.834,+1.551
0 days 01:14:19.687000,10,9,+13.725,+1.243
0 days 01:14:27.006000,10,9,+15.068,+1.662
0 days 01:14:32.827000,10,9,+12.177,+2.035
0 days 01:14:38.562000,10,9,+10.749,+1.494
0 days 01:14:45.074000,10,9,+10.863,+0.882
0 days 01:14:51.487000,10,9,+9.759,+1.067
0 days 01:15:00.406000,10,9,+11.409,+2.036
0 days 01:15:12.488000,10,9,+12.433,+1.429
0 days 01:15:20.594000,10,9,+11.799,+1.501
0 days 01:15:26.171000,10,9,+11.768,+1.965
0 days 01:15:36.871000,10,9,+12.531,+2.021
0 days 01:16:13.527000,10,9,+17.583,+2.185
0 days 01:16:15.846000,10,9,+17.478,+2.193
0 days 01:16:23.663000,10,9,+16.379,+2.205
0 days 01:16:27.828000,10,9,+15.000,+2.118
0 days 01:16:32.189000,10,9,+14.223,+2.233
0 days 01:16:37.040000,10,9,+13.602,+2.495
0 days 01:16:43.528000,10,9,+12.120,+2.547
0 days 01:16:47.888000,10,9,+10.887,+2.140
0 days 01:16:54.672000,10,9,+11.739,+2.811
0 days 01:17:04.850000,10,9,+13.144,+1.618
0 days 01:17:09.881000,10,9,+11.922,+2.216
0 days 01:17:16.094000,10,9,+10.503,+0.940
0 days 01:17:23.175000,10,9,+11.007,+1.581
0 days 01:17:31.864000,10,9,+14.193,+3.361
0 days 01:17:37.986000,10,9,+13.262,+2.976
0 days 01:17:43.468000,10,9,+11.548,+1.761
0 days 01:17:54.956000,10,9,+13.342,+2.288
0 days 01:18:02.655000,10,9,+12.035,+1.608
0 days 01:18:07.842000,10,9,+11.703,+1.971
0 days 01:18:17.168000,10,9,+11.541,+1.740
0 days 01:18:57.494000,10,9,+19.345,+1.552
0 days 01:18:59.748000,10,9,+19.337,+1.559
0 days 01:19:07.347000,10,9,+18.381,+1.600
0 days 01:19:11.407000,10,9,+17.601,+1.468
0 days 01:19:15.916000,10,9,+16.959,+1.645
0 days 01:19:20.720000,10,9,+16.464,+1.825
0 days 01:19:27.057000,10,9,+15.091,+1.948
0 days 01:19:31.615000,10,9,+14.137,+2.118
0 days 01:19:38.121000,10,9,+14.710,+2.197
0 days 01:19:45.469000,10,9,+13.166,+2.423
0 days 01:19:50.546000,10,9,+11.476,+1.800
0 days 01:19:59.643000,10,9,+14.254,+1.247
0 days 01:20:07.250000,10,9,+15.174,+2.346
0 days 01:20:11.218000,10,9,+14.232,+2.062
0 days 01:20:16.515000,10,9,+11.847,+1.880
0 days 01:20:23.804000,10,9,+12.360,+2.308
0 days 01:20:34.553000,10,9,+13.607,+1.911
0 days 01:20:41.591000,10,9,+11.920,+2.045
0 days 01:20:45.791000,10,9,+10.640,+1.810
0 days 01:20:56.218000,10,9,+12.211,+1.928
0 days 01:21:32.950000,10,9,+19.208,+2.363
0 days 01:21:35.073000,10,9,+19.127,+2.134
0 days 01:21:42.433000,10,9,+18.738,+1.949
0 days 01:21:46.449000,10,9,+17.227,+1.732
0 days 01:21:50.347000,10,9,+16.508,+1.433
0 days 01:21:54.909000,10,9,+15.427,+1.483
0 days 01:22:00.946000,10,9,+13.701,+0.976
0 days 01:22:07.122000,10,9,+15.011,+1.808
0 days 01:22:13.808000,10,9,+15.633,+2.359
0 days 01:22:20.310000,10,9,+14.083,+1.592
0 days 01:22:27.044000,10,9,+14.708,+1.634
0 days 01:22:33.807000,10,9,+14.629,+1.283
0 days 01:22:41.008000,10,9,+15.666,+1.586
0 days 01:22:44.832000,10,9,+14.492,+1.198
0 days 01:22:49.919000,10,9,+12.478,+0.794
0 days 01:22:55.192000,10,9,+10.109,+1.046
0 days 01:23:06.531000,10,9,+12.652,+1.585
0 days 01:23:14.034000,10,9,+10.894,+1.117
0 days 01:23:18.364000,10,9,+10.483,+0.757
0 days 01:23:26.946000,10,9,+10.406,+1.940
0 days 01:23:30.348000,10,9,+10.297,+1.917
0 days 01:23:44.816000,10,9,+15.872,+1.807
0 days 01:23:48.302000,10,9,+14.512,+1.667
0 days 01:23:50.267000,10,9,+14.299,+1.509
0 days 01:23:57.100000,10,9,+12.675,+1.956
0 days 01:24:01.173000,10,9,+11.861,+1.933
0 days 01:24:05.749000,10,9,+11.203,+1.903
0 days 01:24:10.658000,10,9,+11.095,+2.309
0 days 01:24:18.009000,10,9,+10.227,+1.353
0 days 01:24:23.928000,10,9,+11.323,+1.329
0 days 01:24:27.197000,10,9,+10.573,+1.045
0 days 01:24:33.834000,10,9,+10.099,+1.270
0 days 01:24:41.874000,10,9,+11.646,+1.361
0 days 01:24:51.065000,10,9,+14.077,+1.260
0 days 01:24:58.046000,10,9,+13.925,+1.350
0 days 01:25:02.708000,10,9,+12.179,+1.359
0 days 01:25:08.006000,10,9,+10.367,+1.349
0 days 01:25:13.705000,10,9,+9.406,+1.441
0 days 01:25:24.533000,10,9,+10.956,+1.802
0 days 01:25:34.475000,10,9,+11.594,+1.789
0 days 01:25:38.908000,10,9,+10.555,+1.706
0 days 01:25:47.534000,10,9,+10.995,+0.732
0 days 01:25:50.721000,10,9,+11.038,+0.885
0 days 01:26:04.774000,10,9,+15.401,+1.341
0 days 01:26:08.135000,10,9,+15.662,+1.201
0 days 01:26:10.146000,10,9,+15.487,+1.170
0 days 01:26:16.782000,10,9,+13.992,+1.543
0 days 01:26:20.910000,10,9,+12.708,+1.496
0 days 01:26:25.011000,10,9,+11.848,+1.597
0 days 01:26:29.677000,10,9,+11.285,+1.893
0 days 01:26:37.021000,10,9,+10.666,+1.010
0 days 01:26:43.481000,10,9,+12.249,+1.785
0 days 01:26:47.075000,10,9,+12.308,+1.781
0 days 01:26:52.824000,10,9,+11.584,+1.442
0 days 01:26:58.909000,10,9,+12.083,+1.676
0 days 01:27:07.651000,10,9,+13.977,+1.471
0 days 01:27:12.994000,10,9,+13.816,+1.316
0 days 01:27:16.849000,10,9,+12.063,+0.986
0 days 01:27:23.160000,10,9,+11.832,+1.016
0 days 01:27:29.434000,10,9,+9.060,+1.286
0 days 01:27:43.969000,10,9,+5.729,+0.916
0 days 01:27:50.968000,10,9,+4.663,+0.670
0 days 01:27:55.150000,10,9,+4.776,+0.597
0 days 01:28:02.253000,10,9,+4.919,+0.556
0 days 01:28:04.953000,10,9,+5.002,+0.614
0 days 01:28:11.647000,10,9,+5.026,+0.576
0 days 01:28:14.448000,10,9,+5.044,+0.579
0 days 01:28:16.347000,10,9,+5.326,+0.597
0 days 01:28:22.897000,10,9,+5.607,+0.874
0 days 01:28:26.709000,10,9,+5.602,+0.980
0 days 01:28:30.608000,10,9,+5.797,+1.022
0 days 01:28:35.151000,10,9,+5.755,+1.044
0 days 01:28:40.994000,10,9,+5.864,+0.927
0 days 01:28:44.650000,10,9,+5.930,+0.784
0 days 01:28:46.973000,10,9,+5.941,+0.770
0 days 01:28:51.980000,10,9,+6.239,+0.842
0 days 01:28:55.774000,10,9,+6.104,+0.853
0 days 01:28:59.934000,10,9,+6.069,+0.921
0 days 01:29:04.057000,10,9,+6.007,+0.954
0 days 01:29:07.495000,10,9,+5.856,+0.952
0 days 01:29:12.397000,10,9,+6.146,+1.085
0 days 01:29:16.995000,10,9,+6.324,+1.274
0 days 01:29:23.875000,10,9,+6.477,+1.054
0 days 01:29:30.237000,10,9,+6.610,+0.976
0 days 01:29:34.151000,10,9,+6.842,+0.857
0 days 01:29:40.868000,10,9,+6.883,+0.546
0 days 01:29:43.490000,10,9,+7.056,+0.654
0 days 01:29:50.035000,10,9,+7.189,+0.706
0 days 01:29:52.895000,10,9,+7.213,+0.742
0 days 01:29:54.713000,10,9,+7.472,+0.743
0 days 01:30:00.835000,10,9,+7.508,+0.829
0 days 01:30:04.575000,10,9,+7.444,+0.883
0 days 01:30:08.435000,10,9,+7.646,+0.859
0 days 01:30:12.855000,10,9,+7.622,+0.853
0 days 01:30:18.623000,10,9,+7.674,+0.850
0 days 01:30:22.150000,10,9,+7.742,+0.878
0 days 01:30:24.423000,10,9,+7.777,+0.918
0 days 01:30:29.093000,10,9,+8.021,+0.876
0 days 01:30:32.835000,10,9,+8.016,+0.874
0 days 01:30:36.935000,10,9,+8.019,+0.923
0 days 01:30:41.010000,10,9,+7.946,+0.968
0 days 01:30:44.465000,10,9,+7.801,+0.978
0 days 01:30:49.096000,10,9,+7.880,+0.946
0 days 01:30:53.550000,10,9,+8.031,+1.036
0 days 01:31:00.404000,10,9,+8.196,+0.982
0 days 01:31:06.694000,10,9,+8.322,+0.938
0 days 01:31:10.446000,10,9,+8.430,+0.628
0 days 01:31:17.246000,10,9,+8.487,+0.450
0 days 01:31:19.717000,10,9,+8.547,+0.500
0 days 01:31:26.029000,10,9,+8.613,+0.526
0 days 01:31:28.936000,10,9,+8.637,+0.573
0 days 01:31:30.672000,10,9,+8.833,+0.533
0 days 01:31:36.723000,10,9,+9.202,+0.720
0 days 01:31:40.396000,10,9,+9.225,+0.790
0 days 01:31:44.313000,10,9,+9.618,+0.880
0 days 01:31:48.749000,10,9,+9.797,+0.825
0 days 01:31:54.400000,10,9,+9.921,+0.833
0 days 01:31:57.836000,10,9,+10.141,+0.899
0 days 01:32:00.076000,10,9,+10.196,+0.932
0 days 01:32:04.672000,10,9,+10.528,+0.985
0 days 01:32:08.313000,10,9,+10.600,+0.882
0 days 01:32:12.416000,10,9,+10.631,+0.882
0 days 01:32:16.472000,10,9,+10.569,+0.876
0 days 01:32:19.936000,10,9,+10.481,+0.835
0 days 01:32:24.561000,10,9,+10.694,+0.785
0 days 01:32:28.983000,10,9,+10.872,+0.852
0 days 01:32:36.031000,10,9,+11.261,+1.098
0 days 01:32:42.353000,10,9,+11.492,+0.995
0 days 01:32:46.209000,10,9,+11.669,+0.938
0 days 01:32:52.828000,10,9,+11.882,+0.926
0 days 01:32:55.279000,10,9,+11.943,+0.950
0 days 01:33:01.568000,10,9,+12.010,+0.946
0 days 01:33:04.505000,10,9,+12.063,+1.037
0 days 01:33:06.226000,10,9,+12.180,+1.027
0 days 01:33:11.821000,10,9,+12.194,+1.035
0 days 01:33:15.561000,10,9,+12.135,+1.038
0 days 01:33:19.251000,10,9,+12.299,+1.013
0 days 01:33:23.713000,10,9,+12.406,+1.092
0 days 01:33:29.397000,10,9,+12.580,+1.086
0 days 01:33:32.713000,10,9,+12.695,+1.109
0 days 01:33:34.939000,10,9,+12.743,+1.149
0 days 01:33:39.468000,10,9,+13.031,+1.247
0 days 01:33:43.137000,10,9,+13.076,+1.186
0 days 01:33:47.238000,10,9,+13.094,+1.193
0 days 01:33:51.328000,10,9,+13.047,+1.165
0 days 01:33:54.782000,10,9,+12.986,+1.102
0 days 01:33:59.429000,10,9,+13.275,+1.233
0 days 01:34:03.814000,10,9,+13.461,+1.356
0 days 01:34:10.651000,10,9,+13.661,+1.491
0 days 01:34:16.995000,10,9,+13.885,+1.426
0 days 01:34:20.814000,10,9,+14.083,+1.395
0 days 01:34:27.550000,10,9,+14.406,+1.374
0 days 01:34:29.888000,10,9,+14.480,+1.428
0 days 01:34:36.257000,10,9,+14.523,+1.349
0 days 01:34:39.176000,10,9,+14.542,+1.384
0 days 01:34:40.994000,10,9,+14.676,+1.410
0 days 01:34:46.552000,10,9,+14.581,+1.418
0 days 01:34:50.270000,10,9,+14.521,+1.448
0 days 01:34:53.940000,10,9,+14.674,+1.266
0 days 01:34:58.278000,10,9,+14.610,+1.245
0 days 01:35:03.887000,10,9,+14.821,+1.265
0 days 01:35:07.316000,10,9,+14.915,+1.356
0 days 01:35:09.414000,10,9,+14.955,+1.406
0 days 01:35:13.821000,10,9,+15.144,+1.356
0 days 01:35:17.489000,10,9,+15.256,+1.292
0 days 01:35:21.571000,10,9,+15.316,+1.306
0 days 01:35:25.714000,10,9,+15.273,+1.318
0 days 01:35:29.131000,10,9,+15.184,+1.341
0 days 01:35:33.696000,10,9,+15.500,+1.499
0 days 01:35:38.523000,10,9,+16.079,+1.988
0 days 01:35:45.288000,10,9,+16.374,+2.191
0 days 01:35:51.533000,10,9,+16.539,+2.131
0 days 01:35:55.245000,10,9,+16.692,+2.164
0 days 01:36:01.838000,10,9,+16.945,+2.160
0 days 01:36:04.114000,10,9,+16.896,+2.202
0 days 01:36:10.513000,10,9,+16.972,+2.321
0 days 01:36:13.412000,10,9,+16.978,+2.459
0 days 01:36:15.001000,10,9,+17.008,+2.371
0 days 01:36:20.578000,10,9,+16.992,+2.284
0 days 01:36:24.243000,10,9,+16.953,+2.263
0 days 01:36:28.038000,10,9,+17.135,+2.366
0 days 01:36:32.390000,10,9,+17.126,+2.398
0 days 01:36:37.897000,10,9,+17.260,+2.233
0 days 01:36:41.213000,10,9,+17.461,+2.359
0 days 01:36:43.400000,10,9,+17.507,+2.394
0 days 01:36:47.860000,10,9,+17.785,+2.536
0 days 01:36:51.469000,10,9,+17.874,+2.534
0 days 01:36:55.594000,10,9,+17.932,+2.568
0 days 01:36:59.684000,10,9,+17.892,+2.685
0 days 01:37:03.139000,10,9,+17.817,+2.867
0 days 01:37:07.681000,10,9,+18.093,+2.920
0 days 01:37:12.057000,10,9,+18.316,+2.921
0 days 01:37:18.805000,10,9,+18.507,+2.898
0 days 01:37:25.132000,10,9,+18.644,+2.831
0 days 01:37:28.716000,10,9,+18.677,+2.738
0 days 01:37:35.221000,10,9,+18.927,+2.658
0 days 01:37:37.452000,10,9,+18.901,+2.601
0 days 01:37:43.816000,10,9,+18.929,+2.579
0 days 01:37:46.657000,10,9,+18.955,+2.705
0 days 01:37:48.294000,10,9,+19.020,+2.656
0 days 01:37:53.813000,10,9,+18.949,+2.460
0 days 01:37:57.552000,10,9,+18.919,+2.431
0 days 01:38:01.190000,10,9,+19.149,+2.523
0 days 01:38:05.539000,10,9,+19.178,+2.413
0 days 01:38:11.017000,10,9,+19.395,+2.354
0 days 01:38:14.201000,10,9,+19.516,+2.350
0 days 01:38:16.383000,10,9,+19.554,+2.363
0 days 01:38:20.682000,10,9,+19.768,+2.392
0 days 01:38:24.300000,10,9,+19.874,+2.411
0 days 01:38:28.356000,10,9,+19.929,+2.448
0 days 01:38:32.500000,10,9,+19.891,+2.499
0 days 01:38:35.940000,10,9,+19.805,+2.460
0 days 01:38:40.545000,10,9,+20.075,+2.520
0 days 01:38:44.800000,10,9,+20.167,+2.540
0 days 01:38:51.554000,10,9,+20.411,+2.657
0 days 01:38:57.720000,10,9,+20.406,+2.482
0 days 01:39:01.361000,10,9,+20.496,+2.385
0 days 01:39:08.026000,10,9,+20.777,+2.325
0 days 01:39:10.374000,10,9,+20.880,+2.398
0 days 01:39:16.612000,10,9,+20.993,+2.446
0 days 01:39:19.503000,10,9,+21.037,+2.595
0 days 01:39:21.156000,10,9,+21.111,+2.586
0 days 01:39:26.956000,10,9,+21.276,+2.663
0 days 01:39:30.616000,10,9,+21.268,+2.705
0 days 01:39:34.334000,10,9,+21.470,+2.843
0 days 01:39:38.677000,10,9,+21.531,+2.737
0 days 01:39:44.118000,10,9,+21.758,+2.646
0 days 01:39:47.259000,10,9,+21.914,+2.683
0 days 01:39:49.425000,10,9,+21.963,+2.707
0 days 01:39:53.782000,10,9,+22.220,+2.797
0 days 01:39:57.392000,10,9,+22.334,+2.833
0 days 01:40:01.472000,10,9,+22.393,+2.873
0 days 01:40:05.540000,10,9,+22.335,+2.954
0 days 01:40:08.987000,10,9,+22.253,+3.092
0 days 01:40:13.554000,10,9,+22.618,+3.090
0 days 01:40:17.877000,10,9,+22.791,+3.125
0 days 01:40:24.523000,10,9,+22.895,+3.138
0 days 01:40:30.741000,10,9,+23.047,+2.879
0 days 01:40:34.289000,10,9,+23.078,+2.618
0 days 01:40:40.774000,10,9,+23.410,+2.561
0 days 01:40:43.054000,10,9,+23.438,+2.518
0 days 01:40:49.390000,10,9,+23.511,+2.427
0 days 01:40:52.253000,10,9,+23.535,+2.549
0 days 01:40:53.915000,10,9,+23.639,+2.551
0 days 01:40:59.556000,10,9,+23.813,+2.546
0 days 01:41:03.268000,10,9,+23.833,+2.588
0 days 01:41:06.970000,10,9,+24.065,+2.743
0 days 01:41:11.213000,10,9,+24.145,+2.612
0 days 01:41:16.741000,10,9,+24.399,+2.427
0 days 01:41:19.857000,10,9,+24.477,+2.436
0 days 01:41:22.002000,10,9,+24.500,+2.436
0 days 01:41:26.441000,10,9,+24.841,+2.634
0 days 01:41:30.016000,10,9,+24.936,+2.637
0 days 01:41:34.142000,10,9,+25.014,+2.674
0 days 01:41:38.152000,10,9,+24.964,+2.673
0 days 01:41:41.603000,10,9,+24.881,+2.576
0 days 01:41:46.239000,10,9,+25.300,+2.769
0 days 01:41:50.485000,10,9,+25.465,+2.833
0 days 01:41:57.157000,10,9,+25.653,+2.911
0 days 01:42:03.341000,10,9,+25.788,+2.655
0 days 01:42:06.858000,10,9,+25.818,+2.493
0 days 01:42:13.190000,10,9,+25.915,+2.310
0 days 01:42:15.476000,10,9,+25.871,+2.244
0 days 01:42:21.826000,10,9,+26.004,+2.123
0 days 01:42:24.681000,10,9,+26.037,+2.140
0 days 01:42:26.388000,10,9,+26.143,+2.174
0 days 01:42:32.019000,10,9,+26.271,+2.175
0 days 01:42:35.635000,10,9,+26.277,+2.142
0 days 01:42:39.204000,10,9,+26.377,+2.093
0 days 01:42:43.541000,10,9,+26.465,+2.076
0 days 01:42:48.980000,10,9,+26.567,+1.874
0 days 01:42:52.162000,10,9,+26.730,+1.977
0 days 01:42:54.267000,10,9,+26.778,+2.007
0 days 01:42:58.516000,10,9,+27.021,+2.078
0 days 01:43:02.105000,10,9,+27.089,+2.075
0 days 01:43:06.131000,10,9,+27.169,+2.104
0 days 01:43:10.247000,10,9,+27.133,+2.107
0 days 01:43:13.702000,10,9,+27.085,+2.119
0 days 01:43:18.131000,10,9,+27.421,+2.201
0 days 01:43:22.506000,10,9,+27.609,+2.376
0 days 01:43:29.318000,10,9,+27.803,+2.582
0 days 01:43:35.755000,10,9,+28.066,+2.565
0 days 01:43:39.376000,10,9,+28.151,+2.382
0 days 01:43:45.934000,10,9,+28.467,+2.258
0 days 01:43:48.268000,10,9,+28.431,+2.109
0 days 01:43:54.604000,10,9,+28.535,+2.088
0 days 01:43:57.555000,10,9,+28.557,+2.230
0 days 01:43:59.184000,10,9,+28.667,+2.238
0 days 01:44:04.716000,10,9,+28.778,+2.169
0 days 01:44:08.364000,10,9,+28.791,+2.212
0 days 01:44:11.981000,10,9,+28.892,+2.329
0 days 01:44:16.334000,10,9,+29.075,+2.242
0 days 01:44:21.864000,10,9,+29.284,+2.174
0 days 01:44:24.988000,10,9,+29.465,+2.184
0 days 01:44:27.167000,10,9,+29.520,+2.203
0 days 01:44:31.400000,10,9,+29.779,+2.228
0 days 01:44:34.959000,10,9,+29.896,+2.235
0 days 01:44:38.991000,10,9,+29.965,+2.269
0 days 01:44:43.119000,10,9,+29.934,+2.397
0 days 01:44:46.534000,10,9,+29.877,+2.587
0 days 01:44:51.003000,10,9,+30.114,+2.639
0 days 01:44:55.445000,10,9,+30.350,+2.678
0 days 01:45:02.205000,10,9,+30.510,+2.699
0 days 01:45:08.660000,10,9,+30.857,+2.721
0 days 01:45:12.310000,10,9,+31.039,+2.417
0 days 01:45:19.007000,10,9,+31.383,+2.291
0 days 01:45:21.359000,10,9,+31.376,+2.241
0 days 01:45:27.762000,10,9,+31.513,+2.335
0 days 01:45:30.654000,10,9,+31.587,+2.519
0 days 01:45:32.304000,10,9,+31.691,+2.530
0 days 01:45:37.905000,10,9,+31.807,+2.358
0 days 01:45:41.556000,10,9,+31.797,+2.387
0 days 01:45:45.169000,10,9,+31.941,+2.378
0 days 01:45:49.559000,10,9,+32.109,+2.211
0 days 01:45:55.111000,10,9,+32.274,+2.099
0 days 01:45:58.184000,10,9,+32.440,+2.110
0 days 01:46:00.319000,10,9,+32.496,+2.126
0 days 01:46:04.479000,10,9,+32.643,+2.114
0 days 01:46:08.006000,10,9,+32.711,+2.121
0 days 01:46:12.043000,10,9,+32.773,+2.158
0 days 01:46:16.161000,10,9,+32.729,+2.248
0 days 01:46:19.537000,10,9,+32.655,+2.397
0 days 01:46:23.962000,10,9,+32.787,+2.281
0 days 01:46:28.186000,10,9,+32.710,+2.310
0 days 01:46:34.928000,10,9,+32.817,+2.412
0 days 01:46:41.257000,10,9,+33.004,+2.305
0 days 01:46:44.821000,10,9,+33.063,+2.011
0 days 01:46:51.502000,10,9,+33.341,+1.973
0 days 01:46:53.865000,10,9,+33.362,+1.919
0 days 01:47:00.258000,10,9,+33.424,+1.883
0 days 01:47:03.086000,10,9,+33.477,+1.946
0 days 01:47:04.744000,10,9,+33.591,+1.892
0 days 01:47:10.135000,10,9,+33.257,+1.760
0 days 01:47:13.761000,10,9,+33.149,+1.758
0 days 01:47:17.390000,10,9,+33.259,+1.688
0 days 01:47:21.706000,10,9,+33.328,+1.578
0 days 01:47:27.318000,10,9,+33.544,+1.497
0 days 01:47:30.419000,10,9,+33.602,+1.536
0 days 01:47:32.564000,10,9,+33.637,+1.555
0 days 01:47:36.685000,10,9,+33.693,+1.539
0 days 01:47:40.218000,10,9,+33.756,+1.516
0 days 01:47:44.248000,10,9,+33.817,+1.544
0 days 01:47:48.283000,10,9,+33.743,+1.623
0 days 01:47:51.707000,10,9,+33.687,+1.725
0 days 01:47:56.226000,10,9,+33.936,+1.886
0 days 01:48:00.546000,10,9,+34.093,+1.875
0 days 01:48:07.206000,10,9,+34.275,+2.037
0 days 01:48:13.559000,10,9,+34.540,+1.945
0 days 01:48:17.171000,10,9,+34.636,+1.737
0 days 01:48:23.796000,10,9,+34.813,+1.709
0 days 01:48:26.189000,10,9,+34.913,+1.824
0 days 01:48:32.535000,10,9,+35.041,+1.869
0 days 01:48:35.447000,10,9,+35.122,+2.083
0 days 01:48:37.109000,10,9,+35.259,+2.144
0 days 01:48:42.706000,10,9,+35.416,+2.025
0 days 01:48:46.338000,10,9,+35.433,+2.042
0 days 01:48:50.045000,10,9,+35.664,+2.209
0 days 01:48:54.419000,10,9,+35.871,+2.055
0 days 01:48:59.906000,10,9,+35.918,+1.846
0 days 01:49:02.945000,10,9,+36.008,+1.815
0 days 01:49:05.136000,10,9,+36.052,+1.853
0 days 01:49:09.266000,10,9,+36.266,+1.924
0 days 01:49:12.808000,10,9,+36.352,+1.939
0 days 01:49:16.809000,10,9,+36.406,+1.974
0 days 01:49:20.881000,10,9,+36.366,+2.093
0 days 01:49:24.336000,10,9,+36.290,+2.253
0 days 01:49:28.821000,10,9,+36.604,+2.482
0 days 01:49:33.058000,10,9,+36.621,+2.378
0 days 01:49:39.747000,10,9,+36.735,+2.455
0 days 01:49:45.958000,10,9,+36.742,+2.385
0 days 01:49:49.603000,10,9,+36.804,+2.190
0 days 01:49:56.096000,10,9,+36.937,+2.082
0 days 01:49:58.490000,10,9,+36.983,+2.180
0 days 01:50:04.839000,10,9,+37.130,+2.113
0 days 01:50:07.720000,10,9,+37.169,+2.276
0 days 01:50:09.242000,10,9,+37.199,+2.245
0 days 01:50:14.788000,10,9,+37.246,+2.120
0 days 01:50:18.448000,10,9,+37.285,+2.203
0 days 01:50:22.124000,10,9,+37.414,+2.314
0 days 01:50:26.479000,10,9,+37.572,+2.240
0 days 01:50:31.946000,10,9,+37.713,+2.149
0 days 01:50:35.044000,10,9,+37.801,+2.190
0 days 01:50:37.146000,10,9,+37.831,+2.187
0 days 01:50:41.285000,10,9,+37.987,+2.187
0 days 01:50:44.803000,10,9,+38.059,+2.144
0 days 01:50:48.840000,10,9,+38.121,+2.182
0 days 01:50:52.951000,10,9,+38.089,+2.308
0 days 01:50:56.390000,10,9,+38.078,+2.542
0 days 01:51:00.916000,10,9,+38.350,+2.569
0 days 01:51:05.366000,10,9,+38.511,+2.915
0 days 01:51:12.179000,10,9,+38.722,+3.171
0 days 01:51:18.418000,10,9,+38.802,+2.959
0 days 01:51:21.999000,10,9,+38.845,+2.674
0 days 01:51:28.585000,10,9,+39.025,+2.530
0 days 01:51:30.897000,10,9,+39.063,+2.399
0 days 01:51:37.201000,10,9,+39.185,+2.427
0 days 01:51:40.083000,10,9,+39.250,+2.611
0 days 01:51:41.709000,10,9,+39.378,+2.665
0 days 01:51:47.271000,10,9,+39.447,+2.563
0 days 01:51:50.931000,10,9,+39.444,+2.619
0 days 01:51:54.579000,10,9,+39.659,+2.622
0 days 01:51:58.888000,10,9,+39.794,+2.507
0 days 01:52:04.393000,10,9,+39.862,+2.367
0 days 01:52:07.503000,10,9,+40.007,+2.451
0 days 01:52:09.680000,10,9,+40.075,+2.506
0 days 01:52:13.819000,10,9,+40.256,+2.508
0 days 01:52:17.296000,10,9,+40.331,+2.491
0 days 01:52:21.365000,10,9,+40.399,+2.532
0 days 01:52:25.407000,10,9,+40.367,+2.647
0 days 01:52:28.878000,10,9,+40.352,+2.863
0 days 01:52:33.497000,10,9,+40.645,+3.020
0 days 01:52:37.712000,10,9,+40.843,+3.234
0 days 01:52:44.490000,10,9,+41.120,+3.415
0 days 01:52:50.782000,10,9,+41.167,+3.293
0 days 01:52:54.347000,10,9,+41.304,+3.133
0 days 01:53:00.945000,10,9,+41.510,+3.030
0 days 01:53:03.265000,10,9,+41.564,+3.001
0 days 01:53:09.632000,10,9,+41.701,+3.094
0 days 01:53:12.543000,10,9,+41.766,+3.278
0 days 01:53:14.047000,10,9,+41.855,+3.301
0 days 01:53:19.584000,10,9,+41.972,+3.180
0 days 01:53:23.247000,10,9,+42.029,+3.215
0 days 01:53:26.893000,10,9,+42.221,+3.256
0 days 01:53:31.293000,10,9,+42.325,+3.175
0 days 01:53:36.771000,10,9,+42.409,+3.052
0 days 01:53:39.821000,10,9,+42.541,+3.081
0 days 01:53:41.958000,10,9,+42.595,+3.112
0 days 01:53:46.127000,10,9,+42.879,+3.219
0 days 01:53:49.651000,10,9,+42.967,+3.239
0 days 01:53:53.670000,10,9,+43.027,+3.298
0 days 01:53:57.871000,10,9,+43.007,+3.437
0 days 01:54:01.264000,10,9,+43.014,+3.665
0 days 01:54:05.754000,10,9,+43.290,+3.826
0 days 01:54:09.949000,10,9,+43.333,+3.945
0 days 01:54:16.646000,10,9,+43.450,+4.238
0 days 01:54:22.987000,10,9,+43.763,+3.801
0 days 01:54:26.608000,10,9,+43.868,+3.344
0 days 01:54:33.124000,10,9,+43.942,+3.175
0 days 01:54:35.361000,10,9,+43.961,+3.166
0 days 01:54:41.661000,10,9,+44.049,+3.277
0 days 01:54:44.527000,10,9,+44.091,+3.446
0 days 01:54:46.265000,10,9,+44.160,+3.490
0 days 01:54:51.823000,10,9,+44.338,+3.600
0 days 01:54:55.468000,10,9,+44.346,+3.678
0 days 01:54:59.110000,10,9,+44.462,+3.809
0 days 01:55:03.442000,10,9,+44.581,+3.730
0 days 01:55:08.921000,10,9,+44.640,+3.659
0 days 01:55:11.979000,10,9,+44.803,+3.748
0 days 01:55:14.136000,10,9,+44.854,+3.760
0 days 01:55:18.248000,10,9,+45.038,+3.734
0 days 01:55:21.737000,10,9,+45.113,+3.704
0 days 01:55:25.727000,10,9,+45.192,+3.754
0 days 01:55:29.833000,10,9,+45.188,+3.888
0 days 01:55:33.278000,10,9,+45.176,+4.094
0 days 01:55:37.709000,10,9,+45.384,+4.288
0 days 01:55:41.861000,10,9,+45.484,+4.264
0 days 01:55:48.565000,10,9,+45.628,+4.454
0 days 01:55:54.777000,10,9,+45.811,+4.336
0 days 01:55:58.266000,10,9,+45.818,+4.121
0 days 01:56:04.742000,10,9,+45.927,+4.037
0 days 01:56:06.962000,10,9,+45.959,+3.947
0 days 01:56:13.349000,10,9,+46.070,+4.039
0 days 01:56:16.150000,10,9,+46.118,+4.203
0 days 01:56:17.769000,10,9,+46.167,+4.183
0 days 01:56:23.165000,10,9,+46.348,+4.089
0 days 01:56:26.849000,10,9,+46.398,+4.158
0 days 01:56:30.434000,10,9,+46.492,+4.108
0 days 01:56:34.710000,10,9,+46.577,+3.921
0 days 01:56:40.139000,10,9,+46.654,+3.800
0 days 01:56:43.176000,10,9,+46.716,+3.809
0 days 01:56:45.326000,10,9,+46.730,+3.808
0 days 01:56:49.387000,10,9,+46.904,+3.719
0 days 01:56:52.912000,10,9,+47.000,+3.660
0 days 01:56:56.883000,10,9,+47.070,+3.704
0 days 01:57:00.944000,10,9,+47.036,+3.844
0 days 01:57:04.467000,10,9,+47.001,+4.054
0 days 01:57:08.771000,10,9,+47.120,+4.028
0 days 01:57:12.989000,10,9,+47.178,+4.008
0 days 01:57:19.563000,10,9,+47.351,+4.111
0 days 01:57:25.622000,10,9,+47.344,+3.883
0 days 01:57:29.056000,10,9,+47.417,+3.655
0 days 01:57:35.573000,10,9,+47.627,+3.578
0 days 01:57:37.989000,10,9,+47.778,+3.677
0 days 01:57:44.269000,10,9,+47.838,+3.665
0 days 01:57:47.069000,10,9,+47.879,+3.817
0 days 01:57:48.682000,10,9,+47.979,+3.871
0 days 01:57:54.075000,10,9,+47.945,+3.793
0 days 01:57:57.710000,10,9,+47.922,+3.839
0 days 01:58:01.269000,10,9,+48.009,+3.890
0 days 01:58:05.553000,10,9,+48.025,+3.745
0 days 01:58:11.063000,10,9,+48.194,+3.665
0 days 01:58:13.980000,10,9,+48.264,+3.660
0 days 01:58:16.093000,10,9,+48.292,+3.649
0 days 01:58:20.111000,10,9,+48.410,+3.568
0 days 01:58:23.622000,10,9,+48.513,+3.576
0 days 01:58:27.638000,10,9,+48.587,+3.622
0 days 01:58:31.708000,10,9,+48.582,+3.754
0 days 01:58:35.140000,10,9,+48.560,+3.938
0 days 01:58:39.467000,10,9,+48.721,+4.011
0 days 01:58:43.643000,10,9,+48.904,+4.009
0 days 01:58:50.270000,10,9,+49.046,+4.139
0 days 01:58:56.467000,10,9,+49.062,+3.977
0 days 01:58:59.851000,10,9,+49.060,+3.732
0 days 01:59:06.325000,10,9,+49.135,+3.619
0 days 01:59:08.555000,10,9,+49.132,+3.525
0 days 01:59:14.850000,10,9,+49.223,+3.545
0 days 01:59:17.787000,10,9,+49.272,+3.702
0 days 01:59:19.359000,10,9,+49.353,+3.801
0 days 01:59:24.711000,10,9,+49.390,+3.725
0 days 01:59:28.281000,10,9,+49.397,+3.768
0 days 01:59:31.900000,10,9,+49.476,+3.806
0 days 01:59:36.072000,10,9,+49.418,+3.638
0 days 01:59:41.667000,10,9,+49.539,+3.532
0 days 01:59:44.492000,10,9,+49.616,+3.584
0 days 01:59:46.567000,10,9,+49.640,+3.602
0 days 01:59:50.570000,10,9,+49.789,+3.623
0 days 01:59:54.092000,10,9,+49.785,+3.629
0 days 01:59:58.082000,10,9,+49.811,+3.684
0 days 02:00:02.150000,10,9,+49.810,+3.834
0 days 02:00:05.552000,10,9,+49.802,+4.036
0 days 02:00:09.876000,10,9,+49.932,+4.030
0 days 02:00:14.150000,10,9,+50.109,+4.188
0 days 02:00:20.735000,10,9,+50.214,+4.328
0 days 02:00:26.831000,10,9,+50.280,+4.218
0 days 02:00:30.267000,10,9,+50.335,+3.953
0 days 02:00:36.651000,10,9,+50.357,+3.755
0 days 02:00:38.998000,10,9,+50.401,+3.740
0 days 02:00:45.329000,10,9,+50.508,+3.784
0 days 02:00:48.085000,10,9,+50.564,+3.949
0 days 02:00:49.625000,10,9,+50.589,+3.958
0 days 02:00:54.851000,10,9,+50.630,+3.811
0 days 02:00:58.446000,10,9,+50.671,+3.855
0 days 02:01:02.028000,10,9,+50.794,+3.962
0 days 02:01:06.146000,10,9,+50.795,+3.802
0 days 02:01:11.711000,10,9,+51.039,+3.704
0 days 02:01:14.702000,10,9,+51.139,+3.721
0 days 02:01:16.777000,10,9,+51.168,+3.721
0 days 02:01:20.810000,10,9,+51.228,+3.685
0 days 02:01:24.337000,10,9,+51.219,+3.663
0 days 02:01:28.309000,10,9,+51.270,+3.713
0 days 02:01:32.340000,10,9,+51.393,+3.856
0 days 02:01:35.793000,10,9,+51.539,+4.054
0 days 02:01:40.055000,10,9,+51.662,+4.057
0 days 02:01:44.070000,10,9,+51.773,+4.103
0 days 02:01:50.696000,10,9,+52.023,+4.251
0 days 02:01:56.898000,10,9,+52.102,+4.116
0 days 02:02:00.246000,10,9,+52.172,+3.827
0 days 02:02:06.629000,10,9,+52.091,+3.708
0 days 02:02:09.018000,10,9,+52.082,+3.630
0 days 02:02:15.312000,10,9,+52.202,+3.708
0 days 02:02:18.315000,10,9,+52.298,+3.895
0 days 02:02:19.738000,10,9,+52.354,+3.909
0 days 02:02:25.013000,10,9,+52.304,+3.941
0 days 02:02:28.603000,10,9,+52.278,+4.016
0 days 02:02:32.153000,10,9,+52.305,+4.183
0 days 02:02:36.225000,10,9,+52.256,+4.124
0 days 02:02:41.629000,10,9,+52.361,+3.823
0 days 02:02:44.554000,10,9,+52.438,+3.779
0 days 02:02:46.652000,10,9,+52.455,+3.789
0 days 02:02:50.693000,10,9,+52.690,+3.879
0 days 02:02:54.143000,10,9,+52.781,+3.897
0 days 02:02:58.155000,10,9,+52.824,+3.946
0 days 02:03:02.234000,10,9,+52.828,+4.095
0 days 02:03:05.727000,10,9,+52.820,+4.305
0 days 02:03:09.967000,10,9,+53.096,+4.398
0 days 02:03:13.978000,10,9,+53.240,+3.863
0 days 02:03:20.556000,10,9,+53.385,+3.989
0 days 02:03:26.917000,10,9,+53.709,+4.106
0 days 02:03:30.295000,10,9,+53.861,+4.037
0 days 02:03:36.698000,10,9,+53.920,+3.965
0 days 02:03:39.143000,10,9,+54.142,+4.092
0 days 02:03:45.490000,10,9,+54.294,+4.095
0 days 02:03:48.307000,10,9,+54.367,+4.163
0 days 02:03:49.844000,10,9,+54.442,+4.200
0 days 02:03:54.968000,10,9,+54.468,+4.016
0 days 02:03:58.617000,10,9,+54.489,+4.007
0 days 02:04:02.145000,10,9,+54.580,+3.997
0 days 02:04:06.244000,10,9,+54.499,+3.887
0 days 02:04:11.691000,10,9,+54.583,+3.678
0 days 02:04:14.601000,10,9,+54.641,+3.561
0 days 02:04:16.653000,10,9,+54.662,+3.353
0 days 02:04:20.641000,10,9,+54.746,+3.205
0 days 02:04:24.090000,10,9,+54.775,+3.159
0 days 02:04:27.998000,10,9,+54.822,+3.189
0 days 02:04:32.138000,10,9,+54.811,+3.236
0 days 02:04:35.554000,10,9,+54.791,+3.254
0 days 02:04:39.792000,10,9,+55.019,+3.301
0 days 02:04:43.769000,10,9,+55.133,+3.222
0 days 02:04:50.368000,10,9,+55.343,+3.356
0 days 02:04:56.399000,10,9,+55.451,+3.138
0 days 02:04:59.753000,10,9,+55.518,+3.006
0 days 02:05:06.051000,10,9,+55.615,+3.025
0 days 02:05:08.363000,10,9,+55.717,+2.977
0 days 02:05:14.739000,10,9,+55.898,+2.972
0 days 02:05:17.572000,10,9,+55.975,+3.013
0 days 02:05:19.180000,10,9,+56.091,+3.057
0 days 02:05:24.489000,10,9,+56.049,+2.945
0 days 02:05:27.915000,10,9,+56.058,+2.952
0 days 02:05:31.400000,10,9,+56.255,+3.049
0 days 02:05:35.668000,10,9,+56.213,+2.977
0 days 02:05:41.130000,10,9,+56.554,+2.940
0 days 02:05:43.987000,10,9,+56.511,+2.793
0 days 02:05:46.154000,10,9,+56.492,+2.697
0 days 02:05:49.892000,10,9,+56.500,+2.552
0 days 02:05:53.387000,10,9,+56.548,+2.282
0 days 02:05:57.374000,10,9,+56.599,+2.273
0 days 02:06:01.467000,10,9,+56.608,+2.266
0 days 02:06:04.900000,10,9,+56.623,+2.208
0 days 02:06:09.235000,10,9,+56.853,+2.304
0 days 02:06:13.266000,10,9,+57.028,+2.205
0 days 02:06:19.868000,10,9,+57.216,+2.396
0 days 02:06:25.865000,10,9,+57.223,+2.334
0 days 02:06:29.182000,10,9,+57.317,+2.250
0 days 02:06:35.547000,10,9,+57.415,+2.211
0 days 02:06:37.830000,10,9,+57.395,+2.213
0 days 02:06:44.123000,10,9,+57.481,+2.121
0 days 02:06:46.958000,10,9,+57.583,+2.169
0 days 02:06:48.482000,10,9,+57.584,+2.208
0 days 02:06:53.554000,10,9,+57.249,+2.143
0 days 02:06:57.129000,10,9,+57.218,+2.144
0 days 02:07:00.548000,10,9,+57.258,+2.075
0 days 02:07:04.645000,10,9,+57.265,+2.023
0 days 02:07:10.031000,10,9,+57.507,+1.827
0 days 02:07:13.006000,10,9,+57.538,+1.713
0 days 02:07:15.119000,10,9,+57.575,+1.695
0 days 02:07:19.006000,10,9,+57.590,+1.586
0 days 02:07:22.589000,10,9,+57.762,+1.484
0 days 02:07:26.647000,10,9,+57.839,+1.502
0 days 02:07:30.747000,10,9,+57.813,+1.513
0 days 02:07:34.172000,10,9,+57.790,+1.515
0 days 02:07:38.430000,10,9,+58.056,+1.629
0 days 02:07:42.397000,10,9,+58.215,+1.545
0 days 02:07:49.057000,10,9,+58.585,+1.708
0 days 02:07:58.840000,10,9,+62.216,+2.267
0 days 02:08:03.075000,10,9,+63.247,+1.987
0 days 02:08:09.612000,10,9,+63.821,+1.496
0 days 02:08:42.927000,10,9,+85.934,+3.143
0 days 02:08:45.412000,10,9,+87.080,+2.781
0 days 02:08:55.771000,10,9,+92.324,+3.588
0 days 02:09:01.529000,10,9,+94.636,+2.796
0 days 02:09:06.634000,10,9,+96.435,+2.462
0 days 02:09:11.616000,10,9,+97.377,+2.483
0 days 02:09:18.430000,10,9,+98.848,+1.896
0 days 02:09:23.892000,10,9,+101.305,+1.933
0 days 02:09:27.819000,10,9,+103.127,+1.602
0 days 02:09:36.475000,10,9,+107.770,+1.680
0 days 02:09:45.901000,10,9,+110.296,+1.550
0 days 02:09:55.292000,10,9,+114.206,+1.301
0 days 02:10:03.347000,10,9,+116.382,+1.122
0 days 02:10:10.328000,10,9,+117.123,+1.107
0 days 02:10:18.671000,10,9,+120.669,+1.710
0 days 02:10:25.179000,10,9,+122.336,+1.908
0 days 02:10:33.392000,10,9,+121.096,+1.534
0 days 02:10:40.264000,10,9,+120.034,+1.559
0 days 02:10:44.356000,10,9,+119.556,+1.420
0 days 02:10:51.186000,10,9,+118.743,+1.459
0 days 02:10:53.817000,10,9,+118.743,+1.398
0 days 02:11:00.469000,10,9,+104.062,+1.106
0 days 02:11:03.430000,10,9,+99.756,+0.927
0 days 02:11:05.318000,10,9,+99.184,+0.996
0 days 02:11:11.634000,10,9,+97.135,+1.298
0 days 02:11:15.569000,10,9,+96.876,+1.297
0 days 02:11:19.695000,10,9,+96.870,+1.397
0 days 02:11:24.334000,10,9,+95.559,+1.642
0 days 02:11:29.900000,10,9,+93.751,+1.664
0 days 02:11:33.382000,10,9,+93.318,+1.753
0 days 02:11:35.749000,10,9,+93.189,+1.755
0 days 02:11:40.558000,10,9,+92.322,+1.631
0 days 02:11:48.071000,10,9,+91.718,+1.616
0 days 02:11:55.993000,10,9,+91.581,+2.442
0 days 02:12:00.861000,10,9,+90.613,+2.454
0 days 02:12:04.619000,10,9,+89.189,+2.301
0 days 02:12:09.566000,10,9,+89.500,+2.569
0 days 02:12:14.159000,10,9,+89.926,+2.877
0 days 02:12:21.296000,10,9,+90.363,+2.966
0 days 02:12:27.632000,10,9,+90.714,+2.988
0 days 02:12:31.345000,10,9,+88.514,+3.197
0 days 02:12:37.459000,10,9,+86.619,+3.337
0 days 02:12:39.658000,10,9,+86.343,+3.456
0 days 02:12:45.972000,10,9,+86.145,+3.236
0 days 02:12:48.919000,10,9,+82.825,+3.074
0 days 02:12:50.490000,10,9,+82.414,+3.017
0 days 02:12:55.757000,10,9,+81.108,+2.918
0 days 02:12:59.515000,10,9,+78.350,+2.812
0 days 02:13:03.134000,10,9,+77.890,+2.570
0 days 02:13:07.184000,10,9,+77.813,+2.415
0 days 02:13:12.445000,10,9,+75.056,+2.044
0 days 02:13:15.672000,10,9,+73.005,+2.038
0 days 02:13:17.953000,10,9,+71.625,+2.025
0 days 02:13:22.570000,10,9,+70.075,+1.970
0 days 02:13:32.472000,10,9,+71.619,+1.875
0 days 02:13:39.222000,10,9,+70.293,+1.663
0 days 02:13:43.863000,10,9,+68.217,+1.516
0 days 02:13:47.593000,10,9,+66.144,+1.376
0 days 02:13:52.224000,10,9,+64.909,+1.664
0 days 02:13:56.626000,10,9,+62.288,+1.940
0 days 02:14:03.679000,10,9,+60.630,+2.137
0 days 02:14:09.752000,10,9,+58.540,+2.221
0 days 02:14:13.218000,10,9,+56.809,+2.303
0 days 02:14:19.187000,10,9,+54.865,+2.449
0 days 02:14:21.332000,10,9,+53.682,+2.589
0 days 02:14:27.606000,10,9,+50.882,+2.425
0 days 02:14:30.562000,10,9,+50.258,+2.300
0 days 02:14:32.172000,10,9,+49.946,+2.334
0 days 02:14:37.319000,10,9,+47.112,+2.197
0 days 02:14:41.036000,10,9,+45.837,+2.069
0 days 02:14:44.592000,10,9,+44.570,+2.063
0 days 02:14:48.504000,10,9,+43.678,+2.106
0 days 02:14:53.444000,10,9,+41.287,+2.069
0 days 02:14:56.721000,10,9,+39.119,+1.910
0 days 02:14:58.886000,10,9,+38.147,+1.382
0 days 02:15:04.772000,10,9,+34.642,+0.941
0 days 02:15:14.646000,10,9,+33.146,+1.335
0 days 02:15:20.876000,10,9,+30.999,+1.148
0 days 02:15:25.219000,10,9,+28.514,+0.679
0 days 02:15:28.683000,10,9,+26.394,+0.255
0 days 02:15:33.599000,10,9,+21.085,+0.917
0 days 02:15:39.693000,10,9,+17.333,+1.085
0 days 02:15:52.776000,10,9,+15.881,+1.246
0 days 02:16:00.128000,10,9,+13.925,+0.757
0 days 02:16:05.864000,10,9,+13.477,+1.345
0 days 02:16:17.761000,10,9,+16.727,+1.038
0 days 02:16:20.492000,10,9,+15.853,+1.193
0 days 02:16:34.783000,10,9,+21.160,+1.564
0 days 02:16:38.110000,10,9,+20.440,+1.477
0 days 02:16:39.910000,10,9,+19.546,+1.455
0 days 02:16:45.673000,10,9,+17.817,+1.444
0 days 02:16:49.425000,10,9,+16.272,+1.181
0 days 02:16:53.251000,10,9,+15.549,+1.271
0 days 02:16:57.505000,10,9,+14.907,+1.491
0 days 02:17:02.575000,10,9,+12.565,+1.414
0 days 02:17:07.521000,10,9,+12.903,+1.055
0 days 02:17:11.878000,10,9,+13.044,+0.773
0 days 02:17:22.894000,10,9,+14.856,+2.409
0 days 02:17:34.603000,10,9,+16.252,+1.469
0 days 02:17:42.876000,10,9,+14.904,+0.934
0 days 02:17:47.977000,10,9,+13.200,+0.987
0 days 02:17:52.093000,10,9,+11.958,+0.767
0 days 02:18:00.774000,10,9,+14.442,+0.608
0 days 02:18:05.551000,10,9,+12.834,+0.746
0 days 02:18:17.636000,10,9,+15.717,+1.399
0 days 02:18:24.596000,10,9,+14.709,+1.187
0 days 02:18:28.548000,10,9,+12.964,+0.968
0 days 02:18:36.760000,10,9,+13.709,+1.784
0 days 02:18:39.148000,10,9,+12.503,+1.972
0 days 02:18:54.174000,10,9,+19.516,+2.525
0 days 02:18:57.528000,10,9,+18.359,+2.507
0 days 02:18:59.206000,10,9,+18.066,+2.371
0 days 02:19:04.556000,10,9,+15.799,+2.258
0 days 02:19:08.377000,10,9,+15.013,+2.219
0 days 02:19:12.818000,10,9,+14.808,+1.490
0 days 02:19:17.187000,10,9,+14.087,+1.291
0 days 02:19:22.685000,10,9,+12.169,+1.196
0 days 02:19:27.661000,10,9,+12.577,+0.700
0 days 02:19:31.433000,10,9,+12.959,+0.982
0 days 02:19:41.561000,10,9,+14.215,+1.288
0 days 02:19:49.866000,10,9,+14.989,+1.285
0 days 02:19:57.777000,10,9,+15.445,+1.403
0 days 02:20:02.974000,10,9,+14.854,+1.037
0 days 02:20:08.077000,10,9,+15.156,+1.114
0 days 02:20:14.784000,10,9,+15.141,+1.404
0 days 02:20:18.964000,10,9,+13.210,+1.359
0 days 02:20:31.078000,10,9,+15.997,+1.246
0 days 02:20:37.819000,10,9,+14.500,+1.222
0 days 02:20:41.538000,10,9,+13.017,+1.031
0 days 02:20:48.639000,10,9,+12.372,+1.867
0 days 02:20:51.003000,10,9,+11.474,+1.933
0 days 02:21:05.434000,10,9,+17.048,+1.666
0 days 02:21:08.622000,10,9,+17.028,+1.517
0 days 02:21:10.347000,10,9,+15.936,+1.394
0 days 02:21:15.770000,10,9,+14.011,+1.203
0 days 02:21:19.724000,10,9,+12.754,+0.993
0 days 02:21:26.348000,10,9,+14.942,+1.579
0 days 02:21:30.561000,10,9,+14.456,+1.626
0 days 02:21:35.937000,10,9,+11.562,+1.637
0 days 02:21:40.621000,10,9,+9.255,+1.306
0 days 02:21:45.535000,10,9,+9.840,+1.119
0 days 02:21:51.797000,10,9,+9.118,+1.070
0 days 02:21:59.298000,10,9,+8.850,+1.127
0 days 02:22:07.280000,10,9,+9.813,+1.179
0 days 02:22:14.767000,10,9,+10.573,+1.296
0 days 02:22:21.223000,10,9,+11.884,+1.401
0 days 02:22:26.340000,10,9,+10.338,+1.397
0 days 02:22:30.530000,10,9,+7.986,+1.188
0 days 02:22:41.938000,10,9,+10.553,+1.497
0 days 02:22:48.750000,10,9,+9.861,+1.705
0 days 02:22:52.957000,10,9,+8.787,+1.493
0 days 02:23:00.475000,10,9,+8.416,+1.251
0 days 02:23:03.003000,10,9,+7.596,+1.339
0 days 02:23:15.923000,10,9,+12.187,+0.735
0 days 02:23:19.035000,10,9,+11.249,+0.442
0 days 02:23:21.382000,10,9,+11.364,+1.048
0 days 02:23:27.777000,10,9,+10.094,+1.097
0 days 02:23:33.138000,10,9,+10.134,+1.299
0 days 02:23:37.503000,10,9,+9.960,+0.810
0 days 02:23:42.725000,10,9,+10.142,+1.017
0 days 02:23:48.132000,10,9,+8.513,+0.895
0 days 02:23:53.010000,10,9,+8.289,+0.601
0 days 02:23:58.927000,10,9,+10.830,+0.967
0 days 02:24:04.539000,10,9,+9.882,+0.786
0 days 02:24:08.363000,10,9,+8.587,+0.703
0 days 02:24:16.563000,10,9,+10.062,+1.385
0 days 02:24:22.402000,10,9,+10.354,+1.230
0 days 02:24:28.426000,10,9,+10.826,+1.378
0 days 02:24:33.236000,10,9,+8.672,+1.069
0 days 02:24:40.414000,10,9,+7.422,+1.382
0 days 02:24:57.721000,10,9,+5.445,+0.785
0 days 02:25:04.252000,10,9,+3.699,+0.559
0 days 02:25:07.864000,10,9,+3.970,+0.525
0 days 02:25:14.166000,10,9,+4.284,+0.385
0 days 02:25:16.259000,10,9,+4.437,+0.437
0 days 02:25:22.282000,10,9,+4.618,+0.496
0 days 02:25:25.285000,10,9,+4.599,+0.520
0 days 02:25:26.657000,10,9,+4.743,+0.412
0 days 02:25:31.942000,10,9,+5.038,+0.455
0 days 02:25:35.490000,10,9,+5.064,+0.501
0 days 02:25:39.008000,10,9,+5.322,+0.531
0 days 02:25:42.928000,10,9,+5.480,+0.450
0 days 02:25:47.943000,10,9,+5.707,+0.381
0 days 02:25:51.106000,10,9,+5.877,+0.335
0 days 02:25:53.268000,10,9,+5.911,+0.291
0 days 02:25:57.499000,10,9,+6.233,+0.306
0 days 02:26:00.965000,10,9,+6.292,+0.292
0 days 02:26:04.864000,10,9,+6.232,+0.246
0 days 02:26:08.825000,10,9,+6.040,+0.142
0 days 02:26:12.191000,10,9,+5.913,+0.098
0 days 02:26:16.764000,10,9,+6.492,+0.568
0 days 02:26:20.652000,10,9,+6.770,+0.537
0 days 02:26:27.252000,10,9,+7.200,+0.696
0 days 02:26:32.980000,10,9,+7.677,+0.689
0 days 02:26:36.464000,10,9,+8.067,+0.748
0 days 02:26:42.403000,10,9,+8.479,+0.854
0 days 02:26:44.284000,10,9,+8.614,+0.879
0 days 02:26:50.276000,10,9,+8.763,+0.930
0 days 02:26:53.009000,10,9,+8.792,+0.955
0 days 02:26:54.442000,10,9,+8.864,+0.950
0 days 02:26:59.382000,10,9,+9.222,+0.940
0 days 02:27:02.908000,10,9,+9.283,+0.989
0 days 02:27:06.165000,10,9,+9.326,+0.883
0 days 02:27:09.858000,10,9,+9.541,+0.866
0 days 02:27:14.483000,10,9,+9.591,+0.816
0 days 02:27:17.466000,10,9,+9.783,+0.978
0 days 02:27:19.665000,10,9,+9.973,+1.149
0 days 02:27:23.650000,10,9,+10.257,+1.186
0 days 02:27:27.025000,10,9,+10.312,+1.100
0 days 02:27:30.929000,10,9,+10.337,+1.105
0 days 02:27:35.006000,10,9,+10.242,+1.173
0 days 02:27:38.390000,10,9,+10.107,+1.308
0 days 02:27:42.440000,10,9,+10.262,+1.535
0 days 02:27:46.192000,10,9,+10.420,+1.573
0 days 02:27:52.608000,10,9,+10.646,+1.697
0 days 02:27:58.278000,10,9,+11.019,+1.727
0 days 02:28:01.711000,10,9,+11.334,+1.741
0 days 02:28:07.418000,10,9,+11.489,+1.534
0 days 02:28:09.380000,10,9,+11.555,+1.545
0 days 02:28:15.291000,10,9,+11.616,+1.732
0 days 02:28:17.986000,10,9,+11.634,+1.932
0 days 02:28:19.340000,10,9,+11.684,+1.882
0 days 02:28:24.268000,10,9,+11.786,+1.803
0 days 02:28:27.853000,10,9,+11.799,+1.908
0 days 02:28:31.127000,10,9,+11.886,+1.860
0 days 02:28:34.709000,10,9,+11.942,+1.659
0 days 02:28:39.456000,10,9,+12.004,+1.303
0 days 02:28:42.323000,10,9,+12.173,+1.259
0 days 02:28:44.382000,10,9,+12.231,+1.265
0 days 02:28:48.285000,10,9,+12.426,+1.130
0 days 02:28:51.609000,10,9,+12.472,+1.061
0 days 02:28:55.593000,10,9,+12.498,+1.087
0 days 02:28:59.644000,10,9,+12.387,+1.191
0 days 02:29:03.024000,10,9,+12.265,+1.395
0 days 02:29:07.278000,10,9,+12.022,+1.599
0 days 02:29:11.006000,10,9,+11.956,+1.603
0 days 02:29:17.640000,10,9,+12.042,+1.999
0 days 02:29:23.666000,10,8,+12.042,+1.999
0 days 02:29:23.751000,10,8,+9.459,+1.299
0 days 02:29:27.857000,10,7,+9.459,+1.299
0 days 02:29:27.911000,10,7,+9.459,+1.185
0 days 02:29:34.806000,10,7,+9.304,+0.926
0 days 02:29:37.287000,10,7,+9.391,+0.738
0 days 02:29:43.668000,10,4,+9.391,+0.738
0 days 02:29:43.668000,10,4,+9.429,+0.610
0 days 02:29:46.327000,10,4,+9.401,+0.674
0 days 02:29:47.866000,10,4,+9.330,+0.580
0 days 02:29:53.227000,10,4,+9.564,+0.580
0 days 02:29:56.731000,10,4,+9.590,+0.628
0 days 02:30:00.125000,10,4,+9.499,+0.835
0 days 02:30:03.907000,10,4,+9.500,+0.915
0 days 02:30:08.624000,10,4,+9.545,+0.947
0 days 02:30:11.514000,10,4,+9.696,+1.041
0 days 02:30:13.603000,10,4,+9.775,+1.076
0 days 02:30:17.487000,10,4,+9.787,+1.187
0 days 02:30:20.998000,10,4,+9.891,+1.202
0 days 02:30:24.982000,10,4,+9.929,+1.218
0 days 02:30:29.065000,10,4,+9.873,+1.188
0 days 02:30:32.568000,10,4,+9.824,+1.147
0 days 02:30:36.880000,10,4,+9.663,+1.353
0 days 02:30:40.866000,10,4,+9.643,+1.553
0 days 02:30:47.692000,10,4,+9.224,+1.550
0 days 02:30:54.858000,10,4,+9.397,+1.609
0 days 02:30:59.335000,10,3,+9.397,+1.609
0 days 02:30:59.406000,10,3,+9.289,+1.556
0 days 02:31:06.362000,10,4,+9.289,+1.556
0 days 02:31:07,10,4,+9.409,+0.607
0 days 02:31:09.867000,10,4,+9.580,+0.413
0 days 02:31:16.779000,10,4,+9.524,+0.002
0 days 02:31:19.252000,10,3,+9.524,+0.002
0 days 02:31:19.281000,10,4,+9.524,+0.002
0 days 02:31:19.330000,10,4,+9.538,+0.002
0 days 02:31:20.991000,10,3,+9.538,+0.002
0 days 02:31:21.067000,10,3,+9.600,+0.678
0 days 02:31:27.987000,10,3,+11.087,+2.084
0 days 02:31:31.767000,10,3,+11.214,+2.223
0 days 02:31:35.240000,10,3,+11.266,+2.285
0 days 02:31:39.290000,10,3,+11.405,+2.397
0 days 02:31:44.116000,10,3,+11.371,+2.412
0 days 02:31:47.292000,10,3,+11.565,+2.647
0 days 02:31:49.359000,10,3,+11.635,+2.713
0 days 02:31:53.330000,10,3,+11.474,+2.695
0 days 02:31:56.840000,10,3,+11.511,+2.700
0 days 02:32:00.828000,10,3,+11.537,+2.715
0 days 02:32:04.912000,10,3,+11.503,+2.679
0 days 02:32:08.394000,10,3,+11.447,+2.626
0 days 02:32:13.120000,10,3,+11.389,+2.978
0 days 02:32:17.668000,10,3,+11.624,+3.381
0 days 02:32:24.763000,10,3,+11.352,+3.162
0 days 02:32:32.541000,10,3,+11.658,+3.512
0 days 02:32:37.670000,10,3,+11.592,+3.571
0 days 02:32:45.928000,10,3,+12.081,+4.009
0 days 02:32:56.694000,10,4,+12.081,+4.009
0 days 02:32:57.257000,10,5,+12.081,+4.009
0 days 02:32:57.554000,10,6,+12.081,+4.009
0 days 02:33:05.613000,10,7,+12.081,+4.009
0 days 02:33:07.801000,10,8,+12.081,+4.009
0 days 02:33:10.263000,10,9,+12.081,+4.009
0 days 02:33:11.084000,10,10,+12.081,+4.009
0 days 02:33:11.356000,10,11,+12.081,+4.009
0 days 02:33:15.453000,10,12,+12.081,+4.009
0 days 02:33:19.194000,10,12,+23.342,+3.706
0 days 02:33:21.100000,10,12,+23.134,+3.891
0 days 02:33:28.696000,10,11,+23.134,+3.891
0 days 02:33:28.784000,10,11,+19.785,+4.156
0 days 02:33:32.707000,10,11,+19.703,+4.068
0 days 02:33:36.568000,10,11,+19.769,+4.259
0 days 02:33:41.264000,10,11,+19.799,+4.522
0 days 02:33:48.472000,10,11,+21.009,+6.184
0 days 02:33:54.769000,10,11,+24.023,+9.074
0 days 02:33:57.682000,10,11,+24.814,+7.243
0 days 02:34:03.457000,10,11,+26.354,+4.595
0 days 02:34:08.161000,10,11,+27.572,+4.644
0 days 02:34:12.820000,10,11,+28.184,+4.339
0 days 02:34:17.481000,10,11,+27.343,+1.993
0 days 02:34:21.666000,10,11,+22.495,+1.575
0 days 02:34:29.043000,10,11,+23.635,+1.178
0 days 02:34:35.003000,10,11,+24.332,+0.863
0 days 02:34:44.798000,10,11,+25.688,+0.598
0 days 02:34:52.788000,10,11,+26.582,+0.605
0 days 02:34:58.060000,10,11,+26.971,+0.309
0 days 02:35:09.669000,10,11,+28.780,+1.201
0 days 02:35:12.461000,10,11,+28.554,+1.227
0 days 02:35:19.331000,10,8,+28.554,+1.227
0 days 02:35:19.331000,10,8,+28.437,+1.483
0 days 02:35:22.509000,10,8,+28.759,+1.360
0 days 02:35:24.846000,10,8,+28.992,+1.291
0 days 02:35:34.811000,10,8,+30.058,+1.798
0 days 02:35:39.314000,10,8,+30.044,+1.957
0 days 02:35:43.462000,10,8,+29.927,+2.186
0 days 02:35:48.432000,10,8,+29.844,+2.054
0 days 02:35:54.642000,10,8,+29.957,+1.516
0 days 02:35:58.527000,10,8,+30.151,+1.494
0 days 02:36:00.933000,10,8,+28.715,+1.448
0 days 02:36:06.012000,10,8,+26.625,+1.470
0 days 02:36:10.007000,10,8,+25.555,+1.447
0 days 02:36:14.354000,10,8,+25.438,+1.241
0 days 02:36:18.731000,10,8,+22.670,+1.264
0 days 02:36:23.258000,10,8,+21.022,+2.179
0 days 02:36:31.391000,10,8,+21.515,+5.000
0 days 02:36:36.170000,10,8,+17.356,+4.980
0 days 02:36:45.245000,10,8,+16.621,+4.733
0 days 02:36:53.682000,10,8,+16.372,+5.750
0 days 02:36:58.194000,10,8,+14.405,+5.057
0 days 02:37:08.010000,10,8,+13.477,+3.092
0 days 02:37:11.203000,10,8,+12.854,+3.598
0 days 02:37:21.086000,10,8,+13.227,+3.193
0 days 02:37:27.024000,10,8,+14.086,+3.488
0 days 02:37:29.008000,10,8,+13.090,+2.449
0 days 02:37:39.464000,10,8,+12.848,+2.797
0 days 02:37:44.584000,10,8,+12.141,+1.560
0 days 02:37:50.489000,10,8,+12.586,+1.520
0 days 02:37:55.556000,10,8,+12.201,+1.616
0 days 02:38:01.559000,10,8,+10.327,+1.271
0 days 02:38:05.887000,10,8,+9.191,+0.762
0 days 02:38:08.662000,10,8,+8.636,+0.805
0 days 02:38:15.945000,10,8,+9.354,+1.472
0 days 02:38:22.184000,10,8,+9.640,+1.028
0 days 02:38:29.871000,10,8,+9.695,+1.376
0 days 02:38:36.587000,10,8,+10.368,+1.748
0 days 02:38:41.076000,10,8,+8.949,+1.450
0 days 02:38:48.806000,10,8,+9.911,+1.267
0 days 02:38:56.463000,10,8,+10.117,+1.242
0 days 02:39:08.545000,10,8,+12.128,+0.956
0 days 02:39:17.094000,10,8,+12.505,+1.577
0 days 02:39:21.890000,10,8,+11.022,+1.752
0 days 02:39:31.275000,10,8,+10.898,+1.985
0 days 02:39:34.287000,10,8,+10.151,+2.000
0 days 02:39:45.806000,10,8,+12.917,+3.058
0 days 02:39:48.946000,10,8,+12.163,+2.596
0 days 02:39:50.911000,10,8,+11.078,+1.811
0 days 02:39:57.729000,10,8,+9.008,+1.332
0 days 02:40:06.306000,10,8,+9.308,+1.807
0 days 02:40:12.360000,10,8,+10.170,+1.258
0 days 02:40:17.723000,10,8,+10.395,+1.242
0 days 02:40:24.459000,10,8,+9.123,+1.009
0 days 02:40:29.451000,10,8,+8.458,+1.108
0 days 02:40:33.985000,10,8,+8.308,+1.211
0 days 02:40:41.048000,10,8,+8.821,+1.022
0 days 02:40:46.888000,10,8,+7.960,+1.086
0 days 02:40:53.072000,10,8,+7.035,+0.952
0 days 02:40:59.730000,10,8,+8.548,+1.533
0 days 02:41:05.549000,10,8,+8.331,+1.441
0 days 02:41:11.404000,10,8,+7.228,+0.873
0 days 02:41:19.030000,10,8,+7.909,+0.992
0 days 02:41:29.304000,10,8,+8.819,+1.269
0 days 02:41:37.199000,10,8,+8.087,+1.670
0 days 02:41:42.120000,10,8,+7.653,+1.066
0 days 02:41:50.985000,10,8,+7.846,+1.286
0 days 02:41:54.337000,10,8,+7.659,+1.557
0 days 02:42:03.546000,10,8,+8.276,+1.368
0 days 02:42:07.255000,10,8,+7.986,+0.796
0 days 02:42:09.968000,10,8,+8.457,+1.086
0 days 02:42:17.404000,10,8,+7.602,+1.200
0 days 02:42:22.665000,10,8,+7.756,+1.026
0 days 02:42:28.551000,10,8,+8.436,+1.395
0 days 02:42:33.801000,10,8,+8.493,+1.366
0 days 02:42:40.831000,10,8,+7.605,+1.023
0 days 02:42:46.740000,10,8,+7.920,+1.633
0 days 02:42:49.635000,10,8,+8.118,+1.568
0 days 02:42:55.230000,10,8,+7.377,+0.704
0 days 02:43:00.148000,10,8,+6.833,+1.175
0 days 02:43:07.258000,10,8,+6.849,+1.404
0 days 02:43:13.025000,10,8,+7.470,+1.364
0 days 02:43:18.007000,10,8,+6.541,+0.654
0 days 02:43:24.832000,10,8,+6.556,+0.610
0 days 02:43:31.468000,10,8,+6.682,+0.810
0 days 02:43:47.189000,10,8,+5.708,+1.007
0 days 02:43:54.032000,10,8,+4.591,+0.854
0 days 02:43:58.260000,10,8,+4.719,+0.687
0 days 02:44:05.806000,10,8,+5.359,+0.393
0 days 02:44:08.809000,10,8,+5.759,+0.355
0 days 02:44:15.474000,10,8,+5.843,+0.396
0 days 02:44:18.151000,10,8,+5.875,+0.345
0 days 02:44:20.037000,10,8,+6.131,+0.356
0 days 02:44:26.675000,10,8,+6.816,+0.426
0 days 02:44:30.408000,10,8,+6.743,+0.371
0 days 02:44:34.269000,10,8,+6.976,+0.446
0 days 02:44:38.932000,10,8,+7.174,+0.278
0 days 02:44:44.790000,10,8,+7.517,+0.382
0 days 02:44:48.256000,10,8,+7.750,+0.498
0 days 02:44:50.455000,10,8,+7.780,+0.517
0 days 02:44:54.903000,10,8,+8.026,+0.616
0 days 02:44:58.552000,10,8,+8.026,+0.606
0 days 02:45:02.592000,10,8,+8.011,+0.602
0 days 02:45:06.652000,10,8,+7.921,+0.572
0 days 02:45:09.996000,10,8,+7.806,+0.527
0 days 02:45:14.707000,10,8,+8.009,+0.637
0 days 02:45:18.965000,10,8,+8.206,+0.734
0 days 02:45:25.739000,10,8,+8.313,+0.658
0 days 02:45:32.092000,10,8,+8.630,+0.762
0 days 02:45:36.151000,10,8,+8.711,+0.717
0 days 02:45:42.995000,10,8,+8.944,+0.806
0 days 02:45:45.455000,10,8,+9.013,+0.796
0 days 02:45:51.635000,10,8,+8.971,+0.787
0 days 02:45:54.445000,10,8,+9.016,+0.843
0 days 02:45:56.215000,10,8,+9.161,+0.878
0 days 02:46:01.953000,10,8,+9.298,+0.834
0 days 02:46:05.560000,10,8,+9.255,+0.827
0 days 02:46:09.203000,10,8,+9.410,+0.867
0 days 02:46:13.553000,10,8,+9.530,+0.825
0 days 02:46:18.866000,10,8,+9.591,+0.866
0 days 02:46:21.975000,10,8,+9.710,+0.854
0 days 02:46:24.132000,10,8,+9.789,+0.906
0 days 02:46:28.304000,10,8,+9.861,+0.924
0 days 02:46:31.741000,10,8,+9.818,+0.877
0 days 02:46:35.725000,10,8,+9.816,+0.874
0 days 02:46:39.850000,10,8,+9.745,+0.873
0 days 02:46:43.288000,10,8,+9.644,+0.840
0 days 02:46:47.812000,10,8,+9.778,+0.966
0 days 02:46:52.038000,10,8,+10.051,+1.122
0 days 02:46:58.756000,10,8,+10.269,+1.149
0 days 02:47:04.880000,10,8,+10.389,+1.056
0 days 02:47:08.619000,10,8,+10.377,+1.017
0 days 02:47:15.251000,10,8,+10.525,+1.015
0 days 02:47:17.579000,10,8,+10.632,+1.106
0 days 02:47:23.918000,10,8,+10.786,+1.269
0 days 02:47:26.994000,10,8,+10.898,+1.364
0 days 02:47:28.289000,10,8,+10.927,+1.353
0 days 02:47:35.289000,10,8,+12.215,+2.446
0 days 02:47:39.218000,10,9,+12.215,+2.446
0 days 02:47:39.382000,10,9,+12.577,+0.046
0 days 02:47:43.076000,10,10,+12.577,+0.046
0 days 02:47:43.311000,10,10,+13.043,+0.228
0 days 02:47:47.970000,10,10,+13.485,+0.419
0 days 02:47:53.550000,10,10,+13.912,+0.395
0 days 02:47:56.789000,10,10,+14.302,+0.708
0 days 02:47:58.939000,10,10,+14.401,+0.783
0 days 02:48:03.190000,10,10,+14.766,+1.087
0 days 02:48:06.695000,10,10,+14.846,+1.144
0 days 02:48:10.750000,10,10,+14.898,+1.207
0 days 02:48:14.802000,10,10,+14.827,+1.237
0 days 02:48:18.338000,10,10,+14.762,+1.232
0 days 02:48:22.889000,10,10,+15.101,+1.414
0 days 02:48:27.193000,10,10,+15.425,+1.646
0 days 02:48:33.953000,10,10,+15.729,+1.912
0 days 02:48:40.116000,10,10,+15.993,+1.837
0 days 02:48:43.891000,10,10,+16.115,+1.806
0 days 02:48:50.486000,10,10,+16.266,+1.830
0 days 02:48:52.808000,10,10,+16.295,+1.819
0 days 02:48:58.908000,10,10,+16.325,+1.922
0 days 02:49:01.711000,10,10,+16.380,+2.098
0 days 02:49:03.388000,10,10,+16.486,+2.105
0 days 02:49:08.968000,10,10,+16.708,+2.107
0 days 02:49:12.669000,10,10,+16.759,+2.161
0 days 02:49:16.190000,10,11,+16.759,+2.161
0 days 02:49:16.305000,10,11,+16.961,+0.027
0 days 02:49:21.193000,10,11,+17.811,+0.466
0 days 02:49:26.553000,10,11,+18.154,+0.779
0 days 02:49:29.665000,10,11,+18.423,+1.011
0 days 02:49:31.777000,10,11,+18.510,+1.078
0 days 02:49:35.953000,10,11,+18.726,+1.255
0 days 02:49:39.443000,10,11,+18.430,+1.323
0 days 02:49:43.451000,10,11,+18.372,+1.351
0 days 02:49:47.577000,10,11,+18.289,+1.336
0 days 02:49:51.028000,10,11,+18.253,+1.336
0 days 02:49:55.458000,10,11,+18.509,+1.415
0 days 02:49:59.520000,10,11,+18.602,+1.396
0 days 02:50:06.339000,10,11,+18.911,+1.595
0 days 02:50:12.386000,10,11,+18.985,+1.587
0 days 02:50:16.110000,10,11,+19.075,+1.600
0 days 02:50:22.692000,10,11,+19.322,+1.693
0 days 02:50:24.997000,10,11,+19.388,+1.847
0 days 02:50:31.204000,10,11,+19.446,+1.952
0 days 02:50:34.038000,10,11,+19.505,+2.038
0 days 02:50:35.677000,10,11,+19.627,+2.150
0 days 02:50:41.304000,10,11,+19.808,+2.348
0 days 02:50:44.998000,10,11,+19.871,+2.429
0 days 02:50:48.578000,10,11,+20.160,+2.669
0 days 02:50:52.638000,10,11,+20.155,+2.655
0 days 02:50:57.621000,10,11,+20.169,+2.715
0 days 02:51:00.601000,10,11,+20.396,+3.054
0 days 02:51:02.769000,10,11,+20.491,+3.193
0 days 02:51:06.903000,10,11,+20.799,+3.412
0 days 02:51:10.332000,10,11,+20.886,+3.498
0 days 02:51:14.337000,10,11,+20.933,+3.539
0 days 02:51:18.438000,10,11,+20.915,+3.577
0 days 02:51:21.943000,10,11,+20.943,+3.642
0 days 02:51:26.425000,10,11,+21.184,+3.813
0 days 02:51:30.540000,10,11,+21.516,+3.860
0 days 02:51:37.339000,10,11,+22.004,+4.086
0 days 02:51:43.478000,10,11,+22.044,+4.064
0 days 02:51:47.116000,10,11,+22.073,+4.020
0 days 02:51:53.640000,10,11,+22.195,+4.044
0 days 02:51:55.941000,10,11,+22.214,+4.093
0 days 02:52:02.039000,10,11,+22.316,+4.259
0 days 02:52:04.892000,10,11,+22.387,+4.377
0 days 02:52:06.532000,10,11,+22.547,+4.479
0 days 02:52:12.155000,10,11,+22.781,+4.623
0 days 02:52:15.800000,10,11,+22.828,+4.704
0 days 02:52:19.386000,10,11,+23.117,+4.872
0 days 02:52:23.423000,10,11,+23.255,+4.824
0 days 02:52:28.455000,10,11,+23.390,+4.325
0 days 02:52:31.438000,10,11,+23.601,+4.461
0 days 02:52:33.528000,10,11,+23.678,+4.541
0 days 02:52:37.610000,10,11,+23.943,+4.733
0 days 02:52:41.018000,10,11,+24.002,+4.860
0 days 02:52:45.063000,10,11,+24.064,+4.980
0 days 02:52:49.196000,10,11,+24.079,+5.188
0 days 02:52:52.643000,10,11,+24.094,+5.553
0 days 02:52:57.139000,10,11,+24.509,+5.426
0 days 02:53:01.331000,10,11,+24.980,+4.381
0 days 02:53:08.139000,10,11,+25.437,+4.365
0 days 02:53:14.340000,10,11,+25.588,+4.215
0 days 02:53:18.181000,10,11,+25.781,+4.109
0 days 02:53:24.922000,10,11,+26.205,+4.257
0 days 02:53:27.112000,10,11,+26.271,+4.146
0 days 02:53:33.379000,10,11,+26.502,+4.029
0 days 00:00:04.219000,14,12,,
0 days 01:11:10.302000,14,12,+1.528,
0 days 01:11:12.701000,14,11,+1.528,
0 days 01:11:12.790000,14,11,+2.104,+0.199
0 days 01:11:20.680000,14,11,+3.321,+0.195
0 days 01:11:24.817000,14,11,+3.483,+0.250
0 days 01:11:29.265000,14,11,+4.179,+0.491
0 days 01:11:34.525000,14,11,+4.516,+0.238
0 days 01:11:41.469000,14,11,+5.361,+0.391
0 days 01:11:45.758000,14,11,+5.747,+0.575
0 days 01:11:48.163000,14,11,+5.765,+0.551
0 days 01:11:53.728000,14,11,+6.531,+0.512
0 days 01:11:57.825000,14,11,+6.673,+0.592
0 days 01:12:02.311000,14,11,+6.801,+0.568
0 days 01:12:06.664000,14,11,+6.912,+0.642
0 days 01:12:10.371000,14,11,+7.008,+0.896
0 days 01:12:18.021000,14,11,+9.875,+1.841
0 days 01:12:32.111000,14,11,+18.795,+2.036
0 days 01:12:45.126000,14,11,+18.108,+1.859
0 days 01:12:53.654000,14,11,+18.136,+2.343
0 days 01:12:58.859000,14,11,+18.814,+2.519
0 days 01:13:06.942000,14,11,+19.283,+1.792
0 days 01:13:10.220000,14,10,+19.283,+1.792
0 days 01:13:10.300000,14,10,+19.687,+3.483
0 days 01:13:17.731000,14,10,+20.079,+3.046
0 days 01:13:22.526000,14,10,+21.888,+3.256
0 days 01:13:24.911000,14,10,+22.449,+3.249
0 days 01:13:32.370000,14,10,+21.261,+3.748
0 days 01:13:36.663000,14,10,+18.667,+3.940
0 days 01:13:40.931000,14,10,+16.622,+3.682
0 days 01:13:46.122000,14,10,+15.849,+4.007
0 days 01:13:54.343000,14,10,+14.912,+3.479
0 days 01:14:02.914000,14,10,+15.596,+3.477
0 days 01:14:11.539000,14,10,+16.480,+2.646
0 days 01:14:21.500000,14,10,+15.523,+1.798
0 days 01:14:28.728000,14,10,+16.791,+1.723
0 days 01:14:34.788000,14,10,+14.112,+1.935
0 days 01:14:40.970000,14,10,+13.143,+2.394
0 days 01:14:46.773000,14,10,+12.480,+1.617
0 days 01:14:54.625000,14,10,+12.936,+3.177
0 days 01:15:02.822000,14,10,+13.822,+2.413
0 days 01:15:15.263000,14,10,+15.213,+2.780
0 days 01:15:23.703000,14,10,+14.899,+3.100
0 days 01:15:28.695000,14,10,+14.309,+2.541
0 days 01:15:39.404000,14,10,+15.034,+2.503
0 days 01:16:16.245000,14,10,+20.284,+2.701
0 days 01:16:18.816000,14,10,+20.400,+2.922
0 days 01:16:26.963000,14,10,+19.644,+3.265
0 days 01:16:31.329000,14,10,+18.490,+3.490
0 days 01:16:36.013000,14,10,+18.010,+3.787
0 days 01:16:41.039000,14,10,+17.580,+3.978
0 days 01:16:47.628000,14,10,+16.209,+4.089
0 days 01:16:52.737000,14,10,+15.712,+4.825
0 days 01:16:58.748000,14,10,+15.904,+4.165
0 days 01:17:07.841000,14,10,+16.110,+2.966
0 days 01:17:12.719000,14,10,+14.780,+2.858
0 days 01:17:19.316000,14,10,+13.590,+3.087
0 days 01:17:25.678000,14,10,+13.550,+2.543
0 days 01:17:32.678000,14,10,+15.004,+0.811
0 days 01:17:40.604000,14,10,+15.802,+2.540
0 days 01:17:46.155000,14,10,+14.210,+2.662
0 days 01:17:56.129000,14,10,+14.517,+1.175
0 days 01:18:05.016000,14,10,+14.398,+2.363
0 days 01:18:09.991000,14,10,+13.833,+2.130
0 days 01:18:20.028000,14,10,+14.414,+2.873
0 days 01:18:59.714000,14,10,+21.569,+2.224
0 days 01:19:02.220000,14,10,+21.833,+2.496
0 days 01:19:10.644000,14,10,+21.708,+3.327
0 days 01:19:15.821000,14,10,+22.002,+4.401
0 days 01:19:20.693000,14,10,+21.738,+4.779
0 days 01:19:25.854000,14,10,+21.619,+5.155
0 days 01:19:32.656000,14,10,+20.688,+5.597
0 days 01:19:37.705000,14,10,+20.295,+6.158
0 days 01:19:42.015000,14,10,+18.598,+3.888
0 days 01:19:49.230000,14,10,+16.977,+3.811
0 days 01:19:53.892000,14,10,+14.845,+3.369
0 days 01:20:02.047000,14,10,+16.621,+2.367
0 days 01:20:09.790000,14,10,+17.752,+2.578
0 days 01:20:14.543000,14,10,+17.627,+3.395
0 days 01:20:20.107000,14,10,+15.530,+3.683
0 days 01:20:25.466000,14,10,+13.995,+1.635
0 days 01:20:36.845000,14,10,+15.919,+2.312
0 days 01:20:44.833000,14,10,+15.204,+3.284
0 days 01:20:49.491000,14,10,+14.299,+3.659
0 days 01:20:58.480000,14,10,+14.506,+2.295
0 days 01:21:35.264000,14,10,+21.437,+2.229
0 days 01:21:37.672000,14,10,+21.732,+2.605
0 days 01:21:45.806000,14,10,+22.139,+3.401
0 days 01:21:50.160000,14,10,+20.976,+3.749
0 days 01:21:54.493000,14,10,+20.663,+4.155
0 days 01:21:59.445000,14,10,+19.931,+4.504
0 days 01:22:05.845000,14,10,+18.581,+4.880
0 days 01:22:11.483000,14,10,+19.444,+4.433
0 days 01:22:16.688000,14,10,+18.520,+2.887
0 days 01:22:24.016000,14,10,+17.820,+3.737
0 days 01:22:29.908000,14,10,+17.538,+2.830
0 days 01:22:35.977000,14,10,+16.836,+2.207
0 days 01:22:42.978000,14,10,+17.656,+1.990
0 days 01:22:46.979000,14,10,+16.603,+2.111
0 days 01:22:52.409000,14,10,+14.857,+2.379
0 days 01:22:58.223000,14,10,+13.114,+3.005
0 days 01:23:08.365000,14,10,+14.474,+1.822
0 days 01:23:16.125000,14,10,+13.011,+2.117
0 days 01:23:20.492000,14,10,+12.594,+2.111
0 days 01:23:29.008000,14,10,+12.460,+2.054
0 days 01:23:33.007000,14,10,+12.990,+2.693
0 days 01:23:47.408000,14,10,+18.407,+2.535
0 days 01:23:51.046000,14,10,+17.253,+2.741
0 days 01:23:53.384000,14,10,+17.374,+3.075
0 days 01:24:00.508000,14,10,+16.145,+3.470
0 days 01:24:04.747000,14,10,+15.442,+3.581
0 days 01:24:09.149000,14,10,+14.612,+3.409
0 days 01:24:14.332000,14,10,+14.766,+3.671
0 days 01:24:20.909000,14,10,+13.142,+2.915
0 days 01:24:26.194000,14,10,+13.668,+2.345
0 days 01:24:29.169000,14,10,+12.558,+1.985
0 days 01:24:36.958000,14,10,+13.282,+3.183
0 days 01:24:42.932000,14,10,+12.740,+1.094
0 days 01:24:52.873000,14,10,+15.835,+1.758
0 days 01:25:00.468000,14,10,+16.316,+2.391
0 days 01:25:05.049000,14,10,+14.522,+2.343
0 days 01:25:10.756000,14,10,+13.005,+2.638
0 days 01:25:15.989000,14,10,+11.683,+2.277
0 days 01:25:26.932000,14,10,+13.309,+2.353
0 days 01:25:35.648000,14,10,+12.634,+1.040
0 days 01:25:40.504000,14,10,+12.188,+1.633
0 days 01:25:49.251000,14,10,+12.700,+1.705
0 days 01:25:53.308000,14,10,+13.738,+2.700
0 days 01:26:06.846000,14,10,+17.477,+2.076
0 days 01:26:10.334000,14,10,+17.809,+2.147
0 days 01:26:12.547000,14,10,+17.877,+2.390
0 days 01:26:20.047000,14,10,+17.255,+3.263
0 days 01:26:24.377000,14,10,+16.170,+3.462
0 days 01:26:28.595000,14,10,+15.443,+3.595
0 days 01:26:33.346000,14,10,+14.860,+3.575
0 days 01:26:39.394000,14,10,+13.030,+2.364
0 days 01:26:45.494000,14,10,+14.248,+1.999
0 days 01:26:48.697000,14,10,+13.938,+1.630
0 days 01:26:54.467000,14,10,+13.208,+1.624
0 days 01:27:01.527000,14,10,+14.713,+2.630
0 days 01:27:08.994000,14,10,+15.284,+1.307
0 days 01:27:16.034000,14,10,+16.803,+2.987
0 days 01:27:19.921000,14,10,+15.121,+3.058
0 days 01:27:25.215000,14,10,+13.864,+2.032
0 days 01:27:32.294000,14,10,+11.881,+2.821
0 days 01:27:44.915000,14,10,+6.661,+0.932
0 days 01:27:52.011000,14,10,+5.705,+1.042
0 days 01:27:56.122000,14,10,+5.716,+0.940
0 days 01:28:03.159000,14,10,+5.823,+0.904
0 days 01:28:05.727000,14,10,+5.883,+0.881
0 days 01:28:12.541000,14,10,+5.963,+0.937
0 days 01:28:15.407000,14,10,+6.006,+0.962
0 days 01:28:17.335000,14,10,+6.331,+1.005
0 days 01:28:23.666000,14,10,+6.418,+0.811
0 days 01:28:27.508000,14,10,+6.376,+0.774
0 days 01:28:31.407000,14,10,+6.612,+0.815
0 days 01:28:36.048000,14,10,+6.599,+0.844
0 days 01:28:41.795000,14,10,+6.676,+0.812
0 days 01:28:45.522000,14,10,+6.753,+0.823
0 days 01:28:47.777000,14,10,+6.752,+0.811
0 days 01:28:52.734000,14,10,+7.009,+0.770
0 days 01:28:56.547000,14,10,+6.887,+0.783
0 days 01:29:00.812000,14,10,+6.949,+0.880
0 days 01:29:04.996000,14,10,+6.913,+0.906
0 days 01:29:08.451000,14,10,+6.797,+0.941
0 days 01:29:13.180000,14,10,+6.960,+0.814
0 days 01:29:17.724000,14,10,+7.058,+0.734
0 days 01:29:24.753000,14,10,+7.360,+0.883
0 days 01:29:31.165000,14,10,+7.501,+0.891
0 days 01:29:35.048000,14,10,+7.732,+0.890
0 days 01:29:41.877000,14,10,+7.886,+1.003
0 days 01:29:44.336000,14,10,+7.984,+0.928
0 days 01:29:50.812000,14,10,+8.039,+0.850
0 days 01:29:53.736000,14,10,+8.065,+0.852
0 days 01:29:55.592000,14,10,+8.387,+0.915
0 days 01:30:01.654000,14,10,+8.336,+0.828
0 days 01:30:05.384000,14,10,+8.236,+0.792
0 days 01:30:09.217000,14,10,+8.437,+0.791
0 days 01:30:13.740000,14,10,+8.494,+0.872
0 days 01:30:19.498000,14,10,+8.532,+0.858
0 days 01:30:23.023000,14,10,+8.582,+0.840
0 days 01:30:25.242000,14,10,+8.608,+0.831
0 days 01:30:29.952000,14,10,+8.904,+0.883
0 days 01:30:33.735000,14,10,+8.919,+0.903
0 days 01:30:37.879000,14,10,+8.969,+0.950
0 days 01:30:41.974000,14,10,+8.921,+0.975
0 days 01:30:45.423000,14,10,+8.794,+0.993
0 days 01:30:50.116000,14,10,+8.881,+1.001
0 days 01:30:54.496000,14,10,+8.960,+0.929
0 days 01:31:01.378000,14,10,+9.113,+0.917
0 days 01:31:07.637000,14,10,+9.289,+0.967
0 days 01:31:11.448000,14,10,+9.438,+1.008
0 days 01:31:18.449000,14,10,+9.525,+1.038
0 days 01:31:20.761000,14,10,+9.596,+1.049
0 days 01:31:27.121000,14,10,+9.668,+1.055
0 days 01:31:29.974000,14,10,+9.663,+1.026
0 days 01:31:31.652000,14,10,+9.849,+1.016
0 days 01:31:37.685000,14,10,+10.211,+1.009
0 days 01:31:41.497000,14,10,+10.252,+1.027
0 days 01:31:45.215000,14,10,+10.543,+0.925
0 days 01:31:49.589000,14,10,+10.711,+0.914
0 days 01:31:55.379000,14,10,+10.882,+0.961
0 days 01:31:58.852000,14,10,+11.138,+0.997
0 days 01:32:01.121000,14,10,+11.199,+1.003
0 days 01:32:05.694000,14,10,+11.564,+1.036
0 days 01:32:09.421000,14,10,+11.675,+1.075
0 days 01:32:13.513000,14,10,+11.728,+1.097
0 days 01:32:17.608000,14,10,+11.701,+1.132
0 days 01:32:21.077000,14,10,+11.605,+1.124
0 days 01:32:25.796000,14,10,+11.874,+1.180
0 days 01:32:30.097000,14,10,+11.980,+1.108
0 days 01:32:37.075000,14,10,+12.266,+1.005
0 days 01:32:43.359000,14,10,+12.480,+0.988
0 days 01:32:47.248000,14,10,+12.656,+0.987
0 days 01:32:53.871000,14,10,+12.956,+1.074
0 days 01:32:56.309000,14,10,+13.036,+1.093
0 days 01:33:02.678000,14,10,+13.107,+1.097
0 days 01:33:05.554000,14,10,+13.098,+1.035
0 days 01:33:07.255000,14,10,+13.357,+1.177
0 days 01:33:13.276000,14,10,+13.525,+1.331
0 days 01:33:16.880000,14,10,+13.488,+1.353
0 days 01:33:20.628000,14,10,+13.689,+1.390
0 days 01:33:25.153000,14,10,+13.804,+1.398
0 days 01:33:30.851000,14,10,+14.077,+1.497
0 days 01:33:34.253000,14,10,+14.212,+1.517
0 days 01:33:36.437000,14,10,+14.240,+1.497
0 days 01:33:40.950000,14,10,+14.548,+1.517
0 days 01:33:44.637000,14,10,+14.586,+1.510
0 days 01:33:48.730000,14,10,+14.612,+1.518
0 days 01:33:52.829000,14,10,+14.563,+1.516
0 days 01:33:56.266000,14,10,+14.469,+1.483
0 days 01:34:00.998000,14,10,+14.856,+1.581
0 days 01:34:05.325000,14,10,+14.983,+1.522
0 days 01:34:12.052000,14,10,+15.024,+1.363
0 days 01:34:18.537000,14,10,+15.425,+1.540
0 days 01:34:22.385000,14,10,+15.643,+1.560
0 days 01:34:29.199000,14,10,+16.086,+1.680
0 days 01:34:31.535000,14,10,+16.116,+1.636
0 days 01:34:37.999000,14,10,+16.218,+1.695
0 days 01:34:40.832000,14,10,+16.195,+1.653
0 days 01:34:42.454000,14,10,+16.343,+1.667
0 days 01:34:48.353000,14,10,+16.380,+1.799
0 days 01:34:52.095000,14,10,+16.331,+1.810
0 days 01:34:55.810000,14,10,+16.573,+1.899
0 days 01:35:00.285000,14,10,+16.611,+2.001
0 days 01:35:05.875000,14,10,+16.729,+1.908
0 days 01:35:09.084000,14,10,+16.789,+1.874
0 days 01:35:11.263000,14,10,+16.804,+1.849
0 days 01:35:15.723000,14,10,+17.042,+1.898
0 days 01:35:19.298000,14,10,+17.093,+1.837
0 days 01:35:23.401000,14,10,+17.145,+1.829
0 days 01:35:27.529000,14,10,+17.128,+1.855
0 days 01:35:31.014000,14,10,+17.059,+1.875
0 days 01:35:35.638000,14,10,+17.388,+1.888
0 days 01:35:39.939000,14,10,+17.551,+1.472
0 days 01:35:46.778000,14,10,+17.828,+1.454
0 days 01:35:53.038000,14,10,+18.051,+1.512
0 days 01:35:56.697000,14,10,+18.132,+1.440
0 days 01:36:03.354000,14,10,+18.494,+1.549
0 days 01:36:05.772000,14,10,+18.472,+1.576
0 days 01:36:12.027000,14,10,+18.516,+1.544
0 days 01:36:14.852000,14,10,+18.474,+1.496
0 days 01:36:16.496000,14,10,+18.594,+1.586
0 days 01:36:22.375000,14,10,+18.782,+1.790
0 days 01:36:26.114000,14,10,+18.792,+1.839
0 days 01:36:29.782000,14,10,+18.945,+1.810
0 days 01:36:34.153000,14,10,+18.958,+1.832
0 days 01:36:39.701000,14,10,+19.045,+1.785
0 days 01:36:42.953000,14,10,+19.189,+1.728
0 days 01:36:45.157000,14,10,+19.232,+1.725
0 days 01:36:49.469000,14,10,+19.372,+1.587
0 days 01:36:53.032000,14,10,+19.409,+1.535
0 days 01:36:57.110000,14,10,+19.468,+1.536
0 days 01:37:01.221000,14,10,+19.427,+1.535
0 days 01:37:04.658000,14,10,+19.346,+1.529
0 days 01:37:09.277000,14,10,+19.674,+1.581
0 days 01:37:13.532000,14,10,+19.756,+1.440
0 days 01:37:20.331000,14,10,+19.997,+1.490
0 days 01:37:26.556000,14,10,+20.174,+1.530
0 days 01:37:30.215000,14,10,+20.214,+1.537
0 days 01:37:36.875000,14,10,+20.636,+1.709
0 days 01:37:39.258000,14,10,+20.667,+1.766
0 days 01:37:45.657000,14,10,+20.713,+1.784
0 days 01:37:48.432000,14,10,+20.712,+1.757
0 days 01:37:49.978000,14,10,+20.779,+1.759
0 days 01:37:55.839000,14,10,+20.866,+1.917
0 days 01:37:59.413000,14,10,+20.862,+1.943
0 days 01:38:03.052000,14,10,+21.027,+1.878
0 days 01:38:07.397000,14,10,+21.127,+1.949
0 days 01:38:12.856000,14,10,+21.212,+1.817
0 days 01:38:16.005000,14,10,+21.319,+1.803
0 days 01:38:18.180000,14,10,+21.345,+1.791
0 days 01:38:22.401000,14,10,+21.508,+1.740
0 days 01:38:26.035000,14,10,+21.580,+1.706
0 days 01:38:30.091000,14,10,+21.642,+1.713
0 days 01:38:34.187000,14,10,+21.597,+1.706
0 days 01:38:37.639000,14,10,+21.536,+1.731
0 days 01:38:42.340000,14,10,+21.868,+1.793
0 days 01:38:46.507000,14,10,+21.874,+1.707
0 days 01:38:53.306000,14,10,+22.102,+1.691
0 days 01:38:59.465000,14,10,+22.156,+1.750
0 days 01:39:03.133000,14,10,+22.254,+1.758
0 days 01:39:09.632000,14,10,+22.517,+1.740
0 days 01:39:11.953000,14,10,+22.539,+1.659
0 days 01:39:18.247000,14,10,+22.582,+1.589
0 days 01:39:21.114000,14,10,+22.579,+1.542
0 days 01:39:22.586000,14,10,+22.615,+1.504
0 days 01:39:28.325000,14,10,+22.684,+1.408
0 days 01:39:32.028000,14,10,+22.671,+1.403
0 days 01:39:35.674000,14,10,+22.840,+1.370
0 days 01:39:40.128000,14,10,+22.981,+1.450
0 days 01:39:45.528000,14,10,+23.151,+1.393
0 days 01:39:48.687000,14,10,+23.336,+1.422
0 days 01:39:50.820000,14,10,+23.367,+1.404
0 days 01:39:55.086000,14,10,+23.541,+1.321
0 days 01:39:58.616000,14,10,+23.585,+1.251
0 days 01:40:02.703000,14,10,+23.629,+1.236
0 days 01:40:06.779000,14,10,+23.573,+1.238
0 days 01:40:10.240000,14,10,+23.509,+1.256
0 days 01:40:14.830000,14,10,+23.851,+1.233
0 days 01:40:18.873000,14,10,+23.847,+1.056
0 days 01:40:25.635000,14,10,+23.957,+1.062
0 days 01:40:31.825000,14,10,+24.110,+1.063
0 days 01:40:35.372000,14,10,+24.134,+1.056
0 days 01:40:41.913000,14,10,+24.591,+1.181
0 days 01:40:44.228000,14,10,+24.650,+1.212
0 days 01:40:50.554000,14,10,+24.680,+1.169
0 days 01:40:53.482000,14,10,+24.660,+1.125
0 days 01:40:55.005000,14,10,+24.825,+1.186
0 days 01:41:00.617000,14,10,+24.862,+1.049
0 days 01:41:04.254000,14,10,+24.854,+1.021
0 days 01:41:07.805000,14,10,+24.950,+0.885
0 days 01:41:12.141000,14,10,+25.055,+0.910
0 days 01:41:17.557000,14,10,+25.219,+0.820
0 days 01:41:20.636000,14,10,+25.230,+0.753
0 days 01:41:22.786000,14,10,+25.240,+0.740
0 days 01:41:26.957000,14,10,+25.394,+0.553
0 days 01:41:30.484000,14,10,+25.430,+0.494
0 days 01:41:34.545000,14,10,+25.469,+0.455
0 days 01:41:38.543000,14,10,+25.296,+0.332
0 days 01:41:41.763000,14,10,+25.021,+0.140
0 days 01:41:46.605000,14,10,+25.652,+0.352
0 days 01:41:50.844000,14,10,+25.854,+0.389
0 days 01:41:57.599000,14,10,+26.084,+0.431
0 days 01:42:04.041000,14,10,+26.520,+0.732
0 days 01:42:07.680000,14,10,+26.596,+0.778
0 days 01:42:14.377000,14,10,+27.181,+1.266
0 days 01:42:16.882000,14,10,+27.227,+1.356
0 days 01:42:23.084000,14,10,+27.249,+1.245
0 days 01:42:25.783000,14,10,+27.130,+1.093
0 days 01:42:27.394000,14,10,+27.272,+1.129
0 days 01:42:33.077000,14,10,+27.402,+1.131
0 days 01:42:36.701000,14,10,+27.343,+1.066
0 days 01:42:40.270000,14,10,+27.438,+1.061
0 days 01:42:44.704000,14,10,+27.603,+1.138
0 days 01:42:50.188000,14,10,+27.798,+1.231
0 days 01:42:53.360000,14,10,+27.943,+1.213
0 days 01:42:55.486000,14,10,+27.996,+1.218
0 days 01:42:59.718000,14,10,+28.213,+1.192
0 days 01:43:03.248000,14,10,+28.266,+1.177
0 days 01:43:07.335000,14,10,+28.345,+1.176
0 days 01:43:11.396000,14,10,+28.296,+1.163
0 days 01:43:14.892000,14,10,+28.280,+1.195
0 days 01:43:19.490000,14,10,+28.763,+1.342
0 days 01:43:23.677000,14,10,+28.804,+1.195
0 days 01:43:30.537000,14,10,+29.009,+1.206
0 days 01:43:36.860000,14,10,+29.201,+1.135
0 days 01:43:40.517000,14,10,+29.321,+1.170
0 days 01:43:47.367000,14,10,+29.946,+1.479
0 days 01:43:49.685000,14,10,+29.864,+1.433
0 days 01:43:56.001000,14,10,+29.951,+1.416
0 days 01:43:58.858000,14,10,+29.933,+1.376
0 days 01:44:00.516000,14,10,+30.120,+1.453
0 days 01:44:06.260000,14,10,+30.286,+1.508
0 days 01:44:09.927000,14,10,+30.299,+1.508
0 days 01:44:13.548000,14,10,+30.422,+1.530
0 days 01:44:18.089000,14,10,+30.629,+1.554
0 days 01:44:23.364000,14,10,+30.757,+1.473
0 days 01:44:26.393000,14,10,+30.848,+1.383
0 days 01:44:28.543000,14,10,+30.873,+1.353
0 days 01:44:32.638000,14,10,+31.015,+1.236
0 days 01:44:36.204000,14,10,+31.100,+1.204
0 days 01:44:40.293000,14,10,+31.171,+1.206
0 days 01:44:44.319000,14,10,+31.131,+1.197
0 days 01:44:47.756000,14,10,+31.066,+1.189
0 days 01:44:52.317000,14,10,+31.392,+1.278
0 days 01:44:56.542000,14,10,+31.467,+1.117
0 days 01:45:03.370000,14,10,+31.663,+1.153
0 days 01:45:09.619000,14,10,+31.848,+0.991
0 days 01:45:13.310000,14,10,+32.008,+0.969
0 days 01:45:20.156000,14,10,+32.538,+1.155
0 days 01:45:22.506000,14,10,+32.515,+1.139
0 days 01:45:28.731000,14,10,+32.503,+0.990
0 days 01:45:31.504000,14,10,+32.400,+0.813
0 days 01:45:33.143000,14,10,+32.588,+0.897
0 days 01:45:38.785000,14,10,+32.694,+0.887
0 days 01:45:42.366000,14,10,+32.609,+0.812
0 days 01:45:45.911000,14,10,+32.625,+0.684
0 days 01:45:50.428000,14,10,+32.918,+0.809
0 days 01:45:55.837000,14,10,+32.999,+0.725
0 days 01:45:58.845000,14,10,+33.060,+0.620
0 days 01:46:00.943000,14,10,+33.084,+0.588
0 days 01:46:05.028000,14,10,+33.193,+0.550
0 days 01:46:08.557000,14,10,+33.268,+0.557
0 days 01:46:12.577000,14,10,+33.299,+0.526
0 days 01:46:16.520000,14,10,+33.133,+0.404
0 days 01:46:19.787000,14,10,+32.873,+0.218
0 days 01:46:24.475000,14,10,+33.319,+0.532
0 days 01:46:28.984000,14,10,+33.515,+0.805
0 days 01:46:35.689000,14,10,+33.546,+0.729
0 days 01:46:41.941000,14,10,+33.734,+0.730
0 days 01:46:45.644000,14,10,+33.895,+0.832
0 days 01:46:52.420000,14,10,+34.321,+0.980
0 days 01:46:54.858000,14,10,+34.294,+0.932
0 days 01:47:01.044000,14,10,+34.232,+0.808
0 days 01:47:03.787000,14,10,+34.104,+0.627
0 days 01:47:05.338000,14,10,+34.264,+0.673
0 days 01:47:10.980000,14,10,+34.092,+0.835
0 days 01:47:14.602000,14,10,+33.941,+0.792
0 days 01:47:18.160000,14,10,+34.031,+0.772
0 days 01:47:22.562000,14,10,+34.217,+0.889
0 days 01:47:28.175000,14,10,+34.357,+0.813
0 days 01:47:31.224000,14,10,+34.387,+0.785
0 days 01:47:33.336000,14,10,+34.420,+0.783
0 days 01:47:37.547000,14,10,+34.556,+0.863
0 days 01:47:41.044000,14,10,+34.605,+0.849
0 days 01:47:45.091000,14,10,+34.666,+0.849
0 days 01:47:49.064000,14,10,+34.518,+0.775
0 days 01:47:52.343000,14,10,+34.295,+0.608
0 days 01:47:57.046000,14,10,+34.696,+0.760
0 days 01:48:01.408000,14,10,+34.984,+0.891
0 days 01:48:08.186000,14,10,+35.232,+0.957
0 days 01:48:14.477000,14,10,+35.457,+0.917
0 days 01:48:18.207000,14,10,+35.621,+0.985
0 days 01:48:25.039000,14,10,+36.042,+1.229
0 days 01:48:27.392000,14,10,+36.082,+1.169
0 days 01:48:33.659000,14,10,+36.132,+1.091
0 days 01:48:36.344000,14,10,+36.004,+0.882
0 days 01:48:37.937000,14,10,+36.155,+0.896
0 days 01:48:43.660000,14,10,+36.352,+0.936
0 days 01:48:47.239000,14,10,+36.302,+0.869
0 days 01:48:50.781000,14,10,+36.345,+0.681
0 days 01:48:55.250000,14,10,+36.671,+0.800
0 days 01:49:00.745000,14,10,+36.707,+0.789
0 days 01:49:03.687000,14,10,+36.741,+0.733
0 days 01:49:05.758000,14,10,+36.752,+0.700
0 days 01:49:09.837000,14,10,+36.838,+0.572
0 days 01:49:13.306000,14,10,+36.866,+0.514
0 days 01:49:17.279000,14,10,+36.868,+0.462
0 days 01:49:21.239000,14,10,+36.702,+0.336
0 days 01:49:24.458000,14,10,+36.437,+0.147
0 days 01:49:29.296000,14,10,+37.100,+0.496
0 days 01:49:33.903000,14,10,+37.490,+0.869
0 days 01:49:40.566000,14,10,+37.555,+0.820
0 days 01:49:46.945000,14,10,+37.738,+0.996
0 days 01:49:50.631000,14,10,+37.866,+1.062
0 days 01:49:57.364000,14,10,+38.217,+1.280
0 days 01:49:59.777000,14,10,+38.251,+1.268
0 days 01:50:06.159000,14,10,+38.443,+1.313
0 days 01:50:09.003000,14,10,+38.424,+1.255
0 days 01:50:10.518000,14,10,+38.492,+1.293
0 days 01:50:16.282000,14,10,+38.728,+1.482
0 days 01:50:19.931000,14,10,+38.765,+1.480
0 days 01:50:23.506000,14,10,+38.790,+1.376
0 days 01:50:28.059000,14,10,+39.111,+1.539
0 days 01:50:33.558000,14,10,+39.300,+1.587
0 days 01:50:36.608000,14,10,+39.386,+1.585
0 days 01:50:38.779000,14,10,+39.437,+1.606
0 days 01:50:43.058000,14,10,+39.759,+1.772
0 days 01:50:46.764000,14,10,+40.046,+1.987
0 days 01:50:50.891000,14,10,+40.167,+2.046
0 days 01:50:54.959000,14,10,+40.152,+2.063
0 days 01:50:58.437000,14,10,+40.111,+2.033
0 days 01:51:03.040000,14,10,+40.404,+2.054
0 days 01:51:07.242000,14,10,+40.361,+1.850
0 days 01:51:14.109000,14,10,+40.559,+1.837
0 days 01:51:20.389000,14,10,+40.776,+1.974
0 days 01:51:24.069000,14,10,+40.943,+2.098
0 days 01:51:30.928000,14,10,+41.343,+2.318
0 days 01:51:33.241000,14,10,+41.342,+2.279
0 days 01:51:39.431000,14,10,+41.425,+2.240
0 days 01:51:42.269000,14,10,+41.420,+2.170
0 days 01:51:43.860000,14,10,+41.521,+2.143
0 days 01:51:49.534000,14,10,+41.712,+2.265
0 days 01:51:53.188000,14,10,+41.724,+2.280
0 days 01:51:56.747000,14,10,+41.838,+2.179
0 days 01:52:01.471000,14,10,+42.174,+2.380
0 days 01:52:06.800000,14,10,+42.246,+2.384
0 days 01:52:09.753000,14,10,+42.275,+2.268
0 days 01:52:11.863000,14,10,+42.294,+2.219
0 days 01:52:16.077000,14,10,+42.482,+2.226
0 days 01:52:19.549000,14,10,+42.592,+2.261
0 days 01:52:23.652000,14,10,+42.676,+2.277
0 days 01:52:27.707000,14,10,+42.665,+2.298
0 days 01:52:31.189000,14,10,+42.636,+2.284
0 days 01:52:35.747000,14,10,+42.935,+2.290
0 days 01:52:39.846000,14,10,+42.964,+2.121
0 days 01:52:46.681000,14,10,+43.270,+2.150
0 days 01:52:52.951000,14,10,+43.353,+2.186
0 days 01:52:56.597000,14,10,+43.526,+2.222
0 days 01:53:03.307000,14,10,+43.922,+2.412
0 days 01:53:05.651000,14,10,+43.926,+2.362
0 days 01:53:11.965000,14,10,+44.013,+2.312
0 days 01:53:14.793000,14,10,+44.013,+2.247
0 days 01:53:16.350000,14,10,+44.098,+2.243
0 days 01:53:21.862000,14,10,+44.246,+2.274
0 days 01:53:25.492000,14,10,+44.274,+2.245
0 days 01:53:29.035000,14,10,+44.361,+2.140
0 days 01:53:33.447000,14,10,+44.495,+2.170
0 days 01:53:38.862000,14,10,+44.462,+2.053
0 days 01:53:41.786000,14,10,+44.501,+1.960
0 days 01:53:43.868000,14,10,+44.530,+1.935
0 days 01:53:48.051000,14,10,+44.814,+1.935
0 days 01:53:51.664000,14,10,+44.962,+1.995
0 days 01:53:55.705000,14,10,+45.044,+2.017
0 days 01:53:59.731000,14,10,+45.021,+2.014
0 days 01:54:03.173000,14,10,+44.981,+1.967
0 days 01:54:07.710000,14,10,+45.193,+1.903
0 days 01:54:11.775000,14,10,+45.148,+1.815
0 days 01:54:18.552000,14,10,+45.363,+1.913
0 days 01:54:24.777000,14,10,+45.576,+1.813
0 days 01:54:28.440000,14,10,+45.716,+1.848
0 days 01:54:35.010000,14,10,+45.919,+1.977
0 days 01:54:37.362000,14,10,+45.934,+1.973
0 days 01:54:43.628000,14,10,+45.991,+1.942
0 days 01:54:46.461000,14,10,+45.986,+1.895
0 days 01:54:47.948000,14,10,+45.998,+1.838
0 days 01:54:53.424000,14,10,+45.966,+1.628
0 days 01:54:57.065000,14,10,+45.924,+1.578
0 days 01:55:00.521000,14,10,+45.876,+1.414
0 days 01:55:04.942000,14,10,+46.086,+1.505
0 days 01:55:10.366000,14,10,+46.077,+1.437
0 days 01:55:13.378000,14,10,+46.204,+1.401
0 days 01:55:15.554000,14,10,+46.260,+1.406
0 days 01:55:19.611000,14,10,+46.477,+1.439
0 days 01:55:23.148000,14,10,+46.564,+1.451
0 days 01:55:27.211000,14,10,+46.643,+1.451
0 days 01:55:31.272000,14,10,+46.628,+1.440
0 days 01:55:34.706000,14,10,+46.595,+1.419
0 days 01:55:39.166000,14,10,+46.826,+1.442
0 days 01:55:43.434000,14,10,+47.030,+1.546
0 days 01:55:50.293000,14,10,+47.296,+1.668
0 days 01:55:56.485000,14,10,+47.552,+1.741
0 days 01:56:00.105000,14,10,+47.649,+1.831
0 days 01:56:06.717000,14,10,+47.977,+2.050
0 days 01:56:09.081000,14,10,+48.042,+2.083
0 days 01:56:15.429000,14,10,+48.151,+2.081
0 days 01:56:18.198000,14,10,+48.157,+2.039
0 days 01:56:19.740000,14,10,+48.225,+2.058
0 days 01:56:25.307000,14,10,+48.449,+2.101
0 days 01:56:28.913000,14,10,+48.473,+2.075
0 days 01:56:32.383000,14,10,+48.444,+1.952
0 days 01:56:36.827000,14,10,+48.684,+2.107
0 days 01:56:42.278000,14,10,+48.758,+2.104
0 days 01:56:45.326000,14,10,+48.803,+2.087
0 days 01:56:47.368000,14,10,+48.832,+2.102
0 days 01:56:51.490000,14,10,+49.051,+2.147
0 days 01:56:55.044000,14,10,+49.171,+2.171
0 days 01:56:59.096000,14,10,+49.258,+2.188
0 days 01:57:03.167000,14,10,+49.230,+2.194
0 days 01:57:06.610000,14,10,+49.219,+2.218
0 days 01:57:11.127000,14,10,+49.490,+2.370
0 days 01:57:15.213000,14,10,+49.481,+2.303
0 days 01:57:21.941000,14,10,+49.720,+2.369
0 days 01:57:28.083000,14,10,+49.826,+2.482
0 days 01:57:31.543000,14,10,+49.914,+2.497
0 days 01:57:38.137000,14,10,+50.227,+2.600
0 days 01:57:40.490000,14,10,+50.262,+2.484
0 days 01:57:46.744000,14,10,+50.334,+2.496
0 days 01:57:49.562000,14,10,+50.343,+2.464
0 days 01:57:51.112000,14,10,+50.476,+2.497
0 days 01:57:56.552000,14,10,+50.432,+2.487
0 days 01:58:00.143000,14,10,+50.401,+2.479
0 days 01:58:03.654000,14,10,+50.377,+2.368
0 days 01:58:08.037000,14,10,+50.469,+2.444
0 days 01:58:13.429000,14,10,+50.550,+2.356
0 days 01:58:16.368000,14,10,+50.613,+2.349
0 days 01:58:18.422000,14,10,+50.652,+2.360
0 days 01:58:22.449000,14,10,+50.771,+2.361
0 days 01:58:25.964000,14,10,+50.834,+2.321
0 days 01:58:29.950000,14,10,+50.908,+2.321
0 days 01:58:34.023000,14,10,+50.902,+2.320
0 days 01:58:37.510000,14,10,+50.919,+2.359
0 days 01:58:42.026000,14,10,+51.258,+2.537
0 days 01:58:46.098000,14,10,+51.396,+2.492
0 days 01:58:52.712000,14,10,+51.531,+2.485
0 days 01:58:59.014000,14,10,+51.624,+2.562
0 days 01:59:02.453000,14,10,+51.670,+2.610
0 days 01:59:09.039000,14,10,+51.895,+2.760
0 days 01:59:11.370000,14,10,+51.903,+2.771
0 days 01:59:17.608000,14,10,+51.979,+2.756
0 days 01:59:20.453000,14,10,+51.994,+2.722
0 days 01:59:21.916000,14,10,+51.987,+2.634
0 days 01:59:27.263000,14,10,+51.956,+2.566
0 days 01:59:30.835000,14,10,+51.954,+2.557
0 days 01:59:34.326000,14,10,+51.923,+2.447
0 days 01:59:38.660000,14,10,+51.943,+2.525
0 days 01:59:44.051000,14,10,+52.021,+2.482
0 days 01:59:47.140000,14,10,+52.244,+2.628
0 days 01:59:49.311000,14,10,+52.396,+2.756
0 days 01:59:53.396000,14,10,+52.595,+2.806
0 days 01:59:56.864000,14,10,+52.610,+2.825
0 days 02:00:00.938000,14,10,+52.648,+2.837
0 days 02:00:05.011000,14,10,+52.666,+2.856
0 days 02:00:08.443000,14,10,+52.680,+2.878
0 days 02:00:12.898000,14,10,+52.939,+3.007
0 days 02:00:16.913000,14,10,+52.955,+2.846
0 days 02:00:23.550000,14,10,+53.067,+2.853
0 days 02:00:29.750000,14,10,+53.150,+2.870
0 days 02:00:33.191000,14,10,+53.252,+2.917
0 days 02:00:39.729000,14,10,+53.455,+3.098
0 days 02:00:42.051000,14,10,+53.464,+3.063
0 days 02:00:48.265000,14,10,+53.534,+3.026
0 days 02:00:51.142000,14,10,+53.554,+2.990
0 days 02:00:52.512000,14,10,+53.529,+2.940
0 days 02:00:57.693000,14,10,+53.435,+2.805
0 days 02:01:01.303000,14,10,+53.452,+2.781
0 days 02:01:04.691000,14,10,+53.487,+2.693
0 days 02:01:08.929000,14,10,+53.560,+2.765
0 days 02:01:14.327000,14,10,+53.646,+2.607
0 days 02:01:17.369000,14,10,+53.778,+2.639
0 days 02:01:19.466000,14,10,+53.830,+2.662
0 days 02:01:23.451000,14,10,+53.864,+2.636
0 days 02:01:26.918000,14,10,+53.850,+2.631
0 days 02:01:30.951000,14,10,+53.912,+2.642
0 days 02:01:34.976000,14,10,+54.041,+2.648
0 days 02:01:38.451000,14,10,+54.238,+2.699
0 days 02:01:42.885000,14,10,+54.445,+2.783
0 days 02:01:46.890000,14,10,+54.530,+2.757
0 days 02:01:53.340000,14,10,+54.689,+2.666
0 days 02:01:59.724000,14,10,+54.884,+2.782
0 days 02:02:03.140000,14,10,+55.037,+2.865
0 days 02:02:09.495000,14,10,+54.955,+2.864
0 days 02:02:11.814000,14,10,+54.819,+2.737
0 days 02:02:18.072000,14,10,+54.895,+2.693
0 days 02:02:20.869000,14,10,+54.937,+2.639
0 days 02:02:22.271000,14,10,+54.969,+2.615
0 days 02:02:27.465000,14,10,+54.770,+2.466
0 days 02:02:31.068000,14,10,+54.738,+2.460
0 days 02:02:34.587000,14,10,+54.748,+2.443
0 days 02:02:38.616000,14,10,+54.669,+2.413
0 days 02:02:44.011000,14,10,+54.734,+2.373
0 days 02:02:46.983000,14,10,+54.844,+2.406
0 days 02:02:49.054000,14,10,+54.879,+2.424
0 days 02:02:52.987000,14,10,+54.975,+2.285
0 days 02:02:56.395000,14,10,+55.042,+2.261
0 days 02:03:00.414000,14,10,+55.091,+2.267
0 days 02:03:04.513000,14,10,+55.093,+2.265
0 days 02:03:08.013000,14,10,+55.127,+2.307
0 days 02:03:12.428000,14,10,+55.486,+2.390
0 days 02:03:16.315000,14,10,+55.554,+2.314
0 days 02:03:23.104000,14,10,+55.783,+2.398
0 days 02:03:29.123000,14,10,+55.945,+2.236
0 days 02:03:32.550000,14,10,+56.103,+2.242
0 days 02:03:38.938000,14,10,+56.144,+2.224
0 days 02:03:41.167000,14,10,+56.162,+2.020
0 days 02:03:47.432000,14,10,+56.237,+1.943
0 days 02:03:50.213000,14,10,+56.263,+1.896
0 days 02:03:51.655000,14,10,+56.346,+1.904
0 days 02:03:56.769000,14,10,+56.241,+1.773
0 days 02:04:00.357000,14,10,+56.229,+1.740
0 days 02:04:03.827000,14,10,+56.281,+1.701
0 days 02:04:07.944000,14,10,+56.221,+1.722
0 days 02:04:13.471000,14,10,+56.332,+1.749
0 days 02:04:16.389000,14,10,+56.473,+1.832
0 days 02:04:18.491000,14,10,+56.534,+1.872
0 days 02:04:22.441000,14,10,+56.570,+1.824
0 days 02:04:25.790000,14,10,+56.575,+1.800
0 days 02:04:29.793000,14,10,+56.618,+1.796
0 days 02:04:33.853000,14,10,+56.601,+1.790
0 days 02:04:37.353000,14,10,+56.625,+1.834
0 days 02:04:41.700000,14,10,+56.913,+1.894
0 days 02:04:45.644000,14,10,+57.011,+1.878
0 days 02:04:52.220000,14,10,+57.265,+1.922
0 days 02:04:58.211000,14,10,+57.271,+1.820
0 days 02:05:01.669000,14,10,+57.335,+1.817
0 days 02:05:07.785000,14,10,+57.370,+1.755
0 days 02:05:10.001000,14,10,+57.361,+1.644
0 days 02:05:16.208000,14,10,+57.392,+1.494
0 days 02:05:19.014000,14,10,+57.421,+1.446
0 days 02:05:20.453000,14,10,+57.467,+1.376
0 days 02:05:25.555000,14,10,+57.301,+1.252
0 days 02:05:29.130000,14,10,+57.293,+1.235
0 days 02:05:32.618000,14,10,+57.415,+1.160
0 days 02:05:36.630000,14,10,+57.374,+1.161
0 days 02:05:41.975000,14,10,+57.417,+0.863
0 days 02:05:44.945000,14,10,+57.483,+0.972
0 days 02:05:47.104000,14,10,+57.520,+1.028
0 days 02:05:51.056000,14,10,+57.632,+1.132
0 days 02:05:54.545000,14,10,+57.737,+1.189
0 days 02:05:58.561000,14,10,+57.793,+1.194
0 days 02:06:02.628000,14,10,+57.790,+1.182
0 days 02:06:06.115000,14,10,+57.821,+1.198
0 days 02:06:10.460000,14,10,+58.034,+1.181
0 days 02:06:14.369000,14,10,+58.157,+1.129
0 days 02:06:21.044000,14,10,+58.343,+1.127
0 days 02:06:27.055000,14,10,+58.364,+1.141
0 days 02:06:30.385000,14,10,+58.509,+1.192
0 days 02:06:36.686000,14,10,+58.614,+1.199
0 days 02:06:38.878000,14,10,+58.389,+0.994
0 days 02:06:45.067000,14,10,+58.411,+0.930
0 days 02:06:47.867000,14,10,+58.463,+0.880
0 days 02:06:49.296000,14,10,+58.444,+0.860
0 days 02:06:54.332000,14,10,+58.046,+0.797
0 days 02:06:57.931000,14,10,+58.014,+0.796
0 days 02:07:01.354000,14,10,+58.078,+0.820
0 days 02:07:05.462000,14,10,+58.114,+0.849
0 days 02:07:10.896000,14,10,+58.271,+0.764
0 days 02:07:13.911000,14,10,+58.404,+0.866
0 days 02:07:16.020000,14,10,+58.478,+0.903
0 days 02:07:19.991000,14,10,+58.589,+0.999
0 days 02:07:25.716000,14,11,+58.589,+0.999
0 days 02:07:40.071000,14,12,+58.589,+0.999
0 days 02:07:46.793000,14,13,+58.589,+0.999
0 days 02:07:50.556000,14,14,+58.589,+0.999
0 days 02:08:06.938000,14,15,+58.589,+0.999
0 days 02:08:22.521000,14,16,+58.589,+0.999
0 days 02:08:24.947000,14,17,+58.589,+0.999
0 days 02:57:12.748000,14,17,25L,13L
0 days 00:00:04.219000,18,13,,
0 days 01:11:10.593000,18,13,+1.780,+0.252
0 days 01:11:13.102000,18,14,+1.780,+0.252
0 days 01:11:13.306000,18,15,+1.780,+0.252
0 days 01:11:13.386000,18,12,+1.780,+0.252
0 days 01:11:13.462000,18,12,+2.492,+0.388
0 days 01:11:21.152000,18,12,+3.686,+0.365
0 days 01:11:25.405000,18,12,+4.037,+0.554
0 days 01:11:29.872000,18,12,+4.662,+0.483
0 days 01:11:35,18,12,+4.982,+0.466
0 days 01:11:42.001000,18,12,+5.864,+0.503
0 days 01:11:46.498000,18,12,+6.488,+0.741
0 days 01:11:49.019000,18,12,+6.636,+0.871
0 days 01:11:54.689000,18,12,+7.495,+0.964
0 days 01:11:58.917000,18,12,+7.763,+1.090
0 days 01:12:03.425000,18,12,+7.913,+1.112
0 days 01:12:07.699000,18,12,+7.957,+1.045
0 days 01:12:11.222000,18,12,+7.864,+0.856
0 days 01:12:19.638000,18,12,+11.556,+1.681
0 days 01:12:34.459000,18,12,+21.096,+2.301
0 days 01:12:47.198000,18,12,+20.183,+2.075
0 days 01:12:55.912000,18,12,+20.347,+2.211
0 days 01:13:00.994000,18,12,+21.088,+2.274
0 days 01:13:09.003000,18,12,+21.403,+2.120
0 days 01:13:12.484000,18,11,+21.403,+2.120
0 days 01:13:12.563000,18,11,+21.929,+2.242
0 days 01:13:20.040000,18,11,+22.386,+2.307
0 days 01:13:24.329000,18,11,+23.761,+1.873
0 days 01:13:26.626000,18,11,+24.180,+1.731
0 days 01:13:34.126000,18,11,+23.031,+1.770
0 days 01:13:38.526000,18,11,+20.571,+1.904
0 days 01:13:43.204000,18,11,+18.791,+2.169
0 days 01:13:48.041000,18,11,+17.784,+1.935
0 days 01:13:56.073000,18,11,+16.559,+1.647
0 days 01:14:04.769000,18,11,+17.482,+1.886
0 days 01:14:13.711000,18,11,+18.625,+2.145
0 days 01:14:23.070000,18,11,+17.064,+1.541
0 days 01:14:30.382000,18,11,+18.450,+1.659
0 days 01:14:36.688000,18,11,+16.057,+1.945
0 days 01:14:42.838000,18,11,+15.028,+1.885
0 days 01:14:48.272000,18,11,+13.962,+1.482
0 days 01:14:56.327000,18,11,+14.577,+1.641
0 days 01:15:04.688000,18,11,+15.692,+1.870
0 days 01:15:17.305000,18,11,+17.176,+1.963
0 days 01:15:25.592000,18,11,+16.747,+1.848
0 days 01:15:30.612000,18,11,+16.228,+1.919
0 days 01:15:41.885000,18,11,+17.509,+2.475
0 days 01:16:18.570000,18,11,+22.651,+2.367
0 days 01:16:21.101000,18,11,+22.744,+2.344
0 days 01:16:29.413000,18,11,+22.007,+2.363
0 days 01:16:33.804000,18,11,+20.957,+2.467
0 days 01:16:38.545000,18,11,+20.618,+2.608
0 days 01:16:43.566000,18,11,+20.102,+2.522
0 days 01:16:50.528000,18,11,+19.034,+2.825
0 days 01:16:55.290000,18,11,+18.281,+2.569
0 days 01:17:00.042000,18,11,+17.200,+1.296
0 days 01:17:09.166000,18,11,+17.424,+1.314
0 days 01:17:14.413000,18,11,+16.476,+1.696
0 days 01:17:20.691000,18,11,+15.003,+1.413
0 days 01:17:27.564000,18,11,+15.454,+1.904
0 days 01:17:34.155000,18,11,+16.489,+1.485
0 days 01:17:42.046000,18,11,+17.252,+1.450
0 days 01:17:47.828000,18,11,+15.869,+1.659
0 days 01:17:58.536000,18,11,+16.912,+2.395
0 days 01:18:06.894000,18,11,+16.270,+1.872
0 days 01:18:11.864000,18,11,+15.651,+1.818
0 days 01:18:22.201000,18,11,+16.510,+2.096
0 days 01:19:01.899000,18,11,+23.739,+2.170
0 days 01:19:04.329000,18,11,+23.947,+2.114
0 days 01:19:12.357000,18,11,+23.426,+1.718
0 days 01:19:17.067000,18,11,+23.281,+1.279
0 days 01:19:22.589000,18,11,+23.574,+1.836
0 days 01:19:27.713000,18,11,+23.465,+1.846
0 days 01:19:34.547000,18,11,+22.575,+1.887
0 days 01:19:39.241000,18,11,+21.840,+1.545
0 days 01:19:43.243000,18,11,+19.827,+1.229
0 days 01:19:50.449000,18,11,+18.235,+1.258
0 days 01:19:55.531000,18,11,+16.446,+1.601
0 days 01:20:03.256000,18,11,+17.845,+1.224
0 days 01:20:11.073000,18,11,+19.034,+1.282
0 days 01:20:16.672000,18,11,+19.764,+2.137
0 days 01:20:22.749000,18,11,+18.095,+2.565
0 days 01:20:28.122000,18,11,+16.677,+2.682
0 days 01:20:39.222000,18,11,+18.351,+2.432
0 days 01:20:47.049000,18,11,+17.414,+2.210
0 days 01:20:51.818000,18,11,+16.627,+2.328
0 days 01:21:00.746000,18,11,+16.729,+2.223
0 days 01:21:37.846000,18,11,+24.014,+2.577
0 days 01:21:40.133000,18,11,+24.215,+2.483
0 days 01:21:48.046000,18,11,+24.350,+2.211
0 days 01:21:52.452000,18,11,+23.261,+2.285
0 days 01:21:56.816000,18,11,+22.997,+2.334
0 days 01:22:01.647000,18,11,+22.178,+2.247
0 days 01:22:08.319000,18,11,+21.003,+2.422
0 days 01:22:13.292000,18,11,+21.193,+1.749
0 days 01:22:17.992000,18,11,+19.815,+1.295
0 days 01:22:25.173000,18,11,+18.970,+1.150
0 days 01:22:31.410000,18,11,+19.055,+1.517
0 days 01:22:38.383000,18,11,+19.284,+2.448
0 days 01:22:45.306000,18,11,+19.981,+2.325
0 days 01:22:49.600000,18,11,+19.236,+2.633
0 days 01:22:55.249000,18,11,+17.737,+2.880
0 days 01:23:00.748000,18,11,+15.729,+2.615
0 days 01:23:11.465000,18,11,+17.654,+3.180
0 days 01:23:19.087000,18,11,+15.951,+2.940
0 days 01:23:23.750000,18,11,+15.861,+3.267
0 days 01:23:31.416000,18,11,+14.842,+2.382
0 days 01:23:35.186000,18,11,+15.143,+2.153
0 days 01:23:48.792000,18,11,+19.773,+1.366
0 days 01:23:52.848000,18,11,+19.029,+1.776
0 days 01:23:55.038000,18,11,+19.025,+1.651
0 days 01:24:02.218000,18,11,+17.857,+1.712
0 days 01:24:06.684000,18,11,+17.388,+1.946
0 days 01:24:11.178000,18,11,+16.614,+2.002
0 days 01:24:15.994000,18,11,+16.403,+1.637
0 days 01:24:22.794000,18,11,+15.020,+1.878
0 days 01:24:28.093000,18,11,+15.557,+1.889
0 days 01:24:31.124000,18,11,+14.506,+1.948
0 days 01:24:38.595000,18,11,+14.907,+1.625
0 days 01:24:44.787000,18,11,+14.542,+1.802
0 days 01:24:54.368000,18,11,+17.300,+1.465
0 days 01:25:01.680000,18,11,+17.593,+1.277
0 days 01:25:06.849000,18,11,+16.349,+1.827
0 days 01:25:12.803000,18,11,+15.072,+2.067
0 days 01:25:17.911000,18,11,+13.626,+1.943
0 days 01:25:28.657000,18,11,+15.062,+1.753
0 days 01:25:36.850000,18,11,+13.901,+1.267
0 days 01:25:41.957000,18,11,+13.638,+1.450
0 days 01:25:50.878000,18,11,+14.342,+1.642
0 days 01:25:54.646000,18,11,+15.014,+1.276
0 days 01:26:09.709000,18,11,+20.323,+2.846
0 days 01:26:13.190000,18,11,+20.664,+2.855
0 days 01:26:15.221000,18,11,+20.508,+2.631
0 days 01:26:22.121000,18,11,+19.288,+2.033
0 days 01:26:26.294000,18,11,+18.142,+1.972
0 days 01:26:30.624000,18,11,+17.413,+1.970
0 days 01:26:35.333000,18,11,+16.888,+2.028
0 days 01:26:41.750000,18,11,+15.328,+2.298
0 days 01:26:46.978000,18,11,+15.836,+1.588
0 days 01:26:50.099000,18,11,+15.333,+1.395
0 days 01:26:56.449000,18,11,+15.163,+1.955
0 days 01:27:03.427000,18,11,+16.617,+1.904
0 days 01:27:11.050000,18,11,+17.302,+2.018
0 days 01:27:17.295000,18,11,+18.139,+1.336
0 days 01:27:21.394000,18,11,+16.611,+1.490
0 days 01:27:26.908000,18,11,+15.640,+1.776
0 days 01:27:34.112000,18,11,+13.765,+1.884
0 days 01:27:46.269000,18,11,+7.984,+1.323
0 days 01:27:53.497000,18,11,+7.192,+1.487
0 days 01:27:57.825000,18,11,+7.406,+1.690
0 days 01:28:04.973000,18,11,+7.579,+1.756
0 days 01:28:07.549000,18,11,+7.709,+1.826
0 days 01:28:14.434000,18,11,+7.902,+1.939
0 days 01:28:17.399000,18,11,+7.936,+1.930
0 days 01:28:19.178000,18,11,+8.190,+1.859
0 days 01:28:25.649000,18,11,+8.415,+1.997
0 days 01:28:29.634000,18,11,+8.497,+2.121
0 days 01:28:33.435000,18,11,+8.634,+2.022
0 days 01:28:38.071000,18,11,+8.669,+2.070
0 days 01:28:44.109000,18,11,+8.966,+2.290
0 days 01:28:47.835000,18,11,+9.116,+2.363
0 days 01:28:50.157000,18,11,+9.128,+2.376
0 days 01:28:55.038000,18,11,+9.311,+2.302
0 days 01:28:58.961000,18,11,+9.288,+2.401
0 days 01:29:03.248000,18,11,+9.366,+2.417
0 days 01:29:07.495000,18,11,+9.368,+2.455
0 days 01:29:10.943000,18,11,+9.296,+2.499
0 days 01:29:15.591000,18,11,+9.314,+2.354
0 days 01:29:20.053000,18,11,+9.393,+2.335
0 days 01:29:27.035000,18,11,+9.602,+2.242
0 days 01:29:33.434000,18,11,+9.819,+2.318
0 days 01:29:37.376000,18,11,+10.034,+2.302
0 days 01:29:44.099000,18,11,+10.120,+2.234
0 days 01:29:46.651000,18,11,+10.248,+2.264
0 days 01:29:53.111000,18,11,+10.288,+2.249
0 days 01:29:56.021000,18,11,+10.288,+2.223
0 days 01:29:57.774000,18,11,+10.467,+2.080
0 days 01:30:03.760000,18,11,+10.424,+2.088
0 days 01:30:07.569000,18,11,+10.419,+2.183
0 days 01:30:11.308000,18,11,+10.525,+2.088
0 days 01:30:15.796000,18,11,+10.516,+2.022
0 days 01:30:21.714000,18,11,+10.710,+2.178
0 days 01:30:25.314000,18,11,+10.873,+2.291
0 days 01:30:27.582000,18,11,+10.914,+2.306
0 days 01:30:32.270000,18,11,+11.191,+2.287
0 days 01:30:36.180000,18,11,+11.346,+2.427
0 days 01:30:40.293000,18,11,+11.402,+2.433
0 days 01:30:44.496000,18,11,+11.404,+2.483
0 days 01:30:47.955000,18,11,+11.350,+2.556
0 days 01:30:52.652000,18,11,+11.430,+2.549
0 days 01:30:57.035000,18,11,+11.507,+2.547
0 days 01:31:03.755000,18,11,+11.512,+2.399
0 days 01:31:10.059000,18,11,+11.730,+2.441
0 days 01:31:13.855000,18,11,+11.860,+2.422
0 days 01:31:20.510000,18,11,+11.802,+2.277
0 days 01:31:22.929000,18,11,+11.856,+2.260
0 days 01:31:29.326000,18,11,+11.903,+2.235
0 days 01:31:32.218000,18,11,+11.895,+2.232
0 days 01:31:33.821000,18,11,+12.036,+2.187
0 days 01:31:39.878000,18,11,+12.398,+2.187
0 days 01:31:43.675000,18,11,+12.501,+2.249
0 days 01:31:47.449000,18,11,+12.753,+2.210
0 days 01:31:51.936000,18,11,+12.915,+2.204
0 days 01:31:57.628000,18,11,+13.136,+2.254
0 days 01:32:01.150000,18,11,+13.393,+2.255
0 days 01:32:03.310000,18,11,+13.441,+2.242
0 days 01:32:07.968000,18,11,+13.831,+2.267
0 days 01:32:11.737000,18,11,+14.021,+2.346
0 days 01:32:15.881000,18,11,+14.085,+2.357
0 days 01:32:20.046000,18,11,+14.088,+2.387
0 days 01:32:23.499000,18,11,+14.037,+2.432
0 days 01:32:28.062000,18,11,+14.193,+2.319
0 days 01:32:32.369000,18,11,+14.243,+2.263
0 days 01:32:39.006000,18,11,+14.293,+2.027
0 days 01:32:45.352000,18,11,+14.490,+2.010
0 days 01:32:49.110000,18,11,+14.551,+1.895
0 days 01:32:55.736000,18,11,+14.794,+1.838
0 days 01:32:58.312000,18,11,+14.849,+1.813
0 days 01:33:04.470000,18,11,+14.913,+1.806
0 days 01:33:07.327000,18,11,+14.892,+1.794
0 days 01:33:08.979000,18,11,+15.060,+1.703
0 days 01:33:15.009000,18,11,+15.364,+1.839
0 days 01:33:18.855000,18,11,+15.405,+1.917
0 days 01:33:22.530000,18,11,+15.589,+1.900
0 days 01:33:26.883000,18,11,+15.663,+1.859
0 days 01:33:32.669000,18,11,+15.876,+1.799
0 days 01:33:36.231000,18,11,+16.144,+1.932
0 days 01:33:38.414000,18,11,+16.195,+1.955
0 days 01:33:42.930000,18,11,+16.499,+1.951
0 days 01:33:46.585000,18,11,+16.546,+1.960
0 days 01:33:50.684000,18,11,+16.577,+1.965
0 days 01:33:54.810000,18,11,+16.553,+1.990
0 days 01:33:58.269000,18,11,+16.479,+2.010
0 days 01:34:02.925000,18,11,+16.768,+1.912
0 days 01:34:07.241000,18,11,+16.871,+1.888
0 days 01:34:13.856000,18,11,+16.854,+1.830
0 days 01:34:20.339000,18,11,+17.214,+1.789
0 days 01:34:24.259000,18,11,+17.370,+1.727
0 days 01:34:30.712000,18,11,+17.678,+1.592
0 days 01:34:33.098000,18,11,+17.673,+1.557
0 days 01:34:39.450000,18,11,+17.696,+1.478
0 days 01:34:42.322000,18,11,+17.648,+1.453
0 days 01:34:43.828000,18,11,+17.716,+1.373
0 days 01:34:49.775000,18,11,+17.775,+1.395
0 days 01:34:53.599000,18,11,+17.821,+1.490
0 days 01:34:57.275000,18,11,+18.026,+1.453
0 days 01:35:01.737000,18,11,+18.053,+1.442
0 days 01:35:07.404000,18,11,+18.334,+1.605
0 days 01:35:10.941000,18,11,+18.647,+1.858
0 days 01:35:13.166000,18,11,+18.708,+1.904
0 days 01:35:17.799000,18,11,+19.142,+2.100
0 days 01:35:21.485000,18,11,+19.249,+2.156
0 days 01:35:25.579000,18,11,+19.310,+2.165
0 days 01:35:29.685000,18,11,+19.297,+2.169
0 days 01:35:33.164000,18,11,+19.245,+2.186
0 days 01:35:37.812000,18,11,+19.538,+2.150
0 days 01:35:42.115000,18,11,+19.696,+2.145
0 days 01:35:48.780000,18,11,+19.781,+1.953
0 days 01:35:55.097000,18,11,+20.004,+1.953
0 days 01:35:58.651000,18,11,+20.069,+1.937
0 days 01:36:05.120000,18,11,+20.326,+1.832
0 days 01:36:07.539000,18,11,+20.293,+1.821
0 days 01:36:13.932000,18,11,+20.344,+1.828
0 days 01:36:16.699000,18,11,+20.307,+1.833
0 days 01:36:18.256000,18,11,+20.364,+1.770
0 days 01:36:24.181000,18,11,+20.582,+1.800
0 days 01:36:28.029000,18,11,+20.653,+1.861
0 days 01:36:31.699000,18,11,+20.822,+1.877
0 days 01:36:36.027000,18,11,+20.747,+1.789
0 days 01:36:41.638000,18,11,+20.952,+1.907
0 days 01:36:45.040000,18,11,+21.293,+2.104
0 days 01:36:47.282000,18,11,+21.370,+2.138
0 days 01:36:51.719000,18,11,+21.640,+2.268
0 days 01:36:55.391000,18,11,+21.753,+2.344
0 days 01:36:59.461000,18,11,+21.819,+2.351
0 days 01:37:03.579000,18,11,+21.802,+2.375
0 days 01:37:07.072000,18,11,+21.756,+2.410
0 days 01:37:11.738000,18,11,+22.089,+2.415
0 days 01:37:16.013000,18,11,+22.241,+2.485
0 days 01:37:22.618000,18,11,+22.374,+2.377
0 days 01:37:28.930000,18,11,+22.577,+2.403
0 days 01:37:32.599000,18,11,+22.594,+2.380
0 days 01:37:39.039000,18,11,+22.813,+2.177
0 days 01:37:41.452000,18,11,+22.846,+2.179
0 days 01:37:47.752000,18,11,+22.925,+2.212
0 days 01:37:50.632000,18,11,+22.910,+2.198
0 days 01:37:52.192000,18,11,+22.966,+2.187
0 days 01:37:58.033000,18,11,+23.157,+2.291
0 days 01:38:01.841000,18,11,+23.244,+2.382
0 days 01:38:05.497000,18,11,+23.461,+2.434
0 days 01:38:09.856000,18,11,+23.534,+2.407
0 days 01:38:15.453000,18,11,+23.804,+2.592
0 days 01:38:18.744000,18,11,+24.070,+2.751
0 days 01:38:20.912000,18,11,+24.114,+2.769
0 days 01:38:25.275000,18,11,+24.389,+2.881
0 days 01:38:28.966000,18,11,+24.530,+2.950
0 days 01:38:33.026000,18,11,+24.599,+2.957
0 days 01:38:37.196000,18,11,+24.576,+2.979
0 days 01:38:40.600000,18,11,+24.494,+2.958
0 days 01:38:45.181000,18,11,+24.688,+2.820
0 days 01:38:49.366000,18,11,+24.719,+2.845
0 days 01:38:56.019000,18,11,+24.802,+2.700
0 days 01:39:02.255000,18,11,+24.905,+2.749
0 days 01:39:05.830000,18,11,+24.941,+2.687
0 days 01:39:12.214000,18,11,+25.117,+2.600
0 days 01:39:14.559000,18,11,+25.131,+2.592
0 days 01:39:20.855000,18,11,+25.227,+2.645
0 days 01:39:23.757000,18,11,+25.213,+2.634
0 days 01:39:25.241000,18,11,+25.282,+2.667
0 days 01:39:31.040000,18,11,+25.384,+2.700
0 days 01:39:34.786000,18,11,+25.437,+2.766
0 days 01:39:38.414000,18,11,+25.581,+2.741
0 days 01:39:42.695000,18,11,+25.566,+2.585
0 days 01:39:48.189000,18,11,+25.811,+2.660
0 days 01:39:51.514000,18,11,+26.186,+2.850
0 days 01:39:53.740000,18,11,+26.266,+2.899
0 days 01:39:58.071000,18,11,+26.529,+2.988
0 days 01:40:01.706000,18,11,+26.651,+3.066
0 days 01:40:05.779000,18,11,+26.712,+3.083
0 days 01:40:09.883000,18,11,+26.681,+3.108
0 days 01:40:13.363000,18,11,+26.614,+3.105
0 days 01:40:17.852000,18,11,+26.885,+3.034
0 days 01:40:22.053000,18,11,+26.991,+3.144
0 days 01:40:28.640000,18,11,+26.985,+3.028
0 days 01:40:34.831000,18,11,+27.126,+3.016
0 days 01:40:38.332000,18,11,+27.101,+2.967
0 days 01:40:44.657000,18,11,+27.410,+2.819
0 days 01:40:46.978000,18,11,+27.385,+2.735
0 days 01:40:53.303000,18,11,+27.383,+2.703
0 days 01:40:56.101000,18,11,+27.349,+2.689
0 days 01:40:57.635000,18,11,+27.438,+2.613
0 days 01:41:03.334000,18,11,+27.574,+2.712
0 days 01:41:07.001000,18,11,+27.621,+2.767
0 days 01:41:10.515000,18,11,+27.658,+2.708
0 days 01:41:14.989000,18,11,+27.914,+2.859
0 days 01:41:20.621000,18,11,+28.307,+3.088
0 days 01:41:23.916000,18,11,+28.530,+3.300
0 days 01:41:26.076000,18,11,+28.574,+3.334
0 days 01:41:30.333000,18,11,+28.760,+3.366
0 days 01:41:34.043000,18,11,+28.931,+3.501
0 days 01:41:38.089000,18,11,+29.023,+3.554
0 days 01:41:42.223000,18,11,+28.998,+3.702
0 days 01:41:45.666000,18,11,+28.937,+3.916
0 days 01:41:50.032000,18,11,+29.123,+3.471
0 days 01:41:54.298000,18,11,+29.294,+3.440
0 days 01:42:00.854000,18,11,+29.421,+3.337
0 days 01:42:07.076000,18,11,+29.570,+3.050
0 days 01:42:10.627000,18,11,+29.573,+2.977
0 days 01:42:16.999000,18,11,+29.792,+2.611
0 days 01:42:19.454000,18,11,+29.829,+2.602
0 days 01:42:25.783000,18,11,+29.985,+2.736
0 days 01:42:28.624000,18,11,+29.965,+2.835
0 days 01:42:30.171000,18,11,+30.034,+2.762
0 days 01:42:36.059000,18,11,+30.361,+2.959
0 days 01:42:39.842000,18,11,+30.454,+3.111
0 days 01:42:43.502000,18,11,+30.559,+3.121
0 days 01:42:47.777000,18,11,+30.639,+3.036
0 days 01:42:53.342000,18,11,+30.921,+3.123
0 days 01:42:56.677000,18,11,+31.295,+3.352
0 days 01:42:58.855000,18,11,+31.374,+3.378
0 days 01:43:03.155000,18,11,+31.652,+3.439
0 days 01:43:06.775000,18,11,+31.782,+3.516
0 days 01:43:10.826000,18,11,+31.873,+3.528
0 days 01:43:14.945000,18,11,+31.864,+3.568
0 days 01:43:18.396000,18,11,+31.832,+3.552
0 days 01:43:22.896000,18,11,+32.161,+3.398
0 days 01:43:27.052000,18,11,+32.161,+3.357
0 days 01:43:33.720000,18,11,+32.145,+3.136
0 days 01:43:40.019000,18,11,+32.383,+3.182
0 days 01:43:43.682000,18,11,+32.455,+3.134
0 days 01:43:50.307000,18,11,+32.941,+2.995
0 days 01:43:52.820000,18,11,+32.954,+3.090
0 days 01:43:59.174000,18,11,+33.109,+3.158
0 days 01:44:02.043000,18,11,+33.109,+3.176
0 days 01:44:03.686000,18,11,+33.298,+3.178
0 days 01:44:09.588000,18,11,+33.662,+3.376
0 days 01:44:13.443000,18,11,+33.771,+3.472
0 days 01:44:16.954000,18,11,+33.865,+3.443
0 days 01:44:21.346000,18,11,+34.015,+3.386
0 days 01:44:26.930000,18,11,+34.326,+3.569
0 days 01:44:30.268000,18,11,+34.736,+3.888
0 days 01:44:32.433000,18,11,+34.818,+3.945
0 days 01:44:36.805000,18,11,+35.185,+4.170
0 days 01:44:40.403000,18,11,+35.327,+4.227
0 days 01:44:44.460000,18,11,+35.414,+4.243
0 days 01:44:48.558000,18,11,+35.409,+4.278
0 days 01:44:52.043000,18,11,+35.394,+4.328
0 days 01:44:56.603000,18,11,+35.675,+4.283
0 days 01:45:00.784000,18,11,+35.707,+4.240
0 days 01:45:07.498000,18,11,+35.791,+4.128
0 days 01:45:13.628000,18,11,+35.851,+4.003
0 days 01:45:17.391000,18,11,+36.114,+4.106
0 days 01:45:24.020000,18,11,+36.474,+3.936
0 days 01:45:26.459000,18,11,+36.501,+3.986
0 days 01:45:32.821000,18,11,+36.594,+4.091
0 days 01:45:35.759000,18,11,+36.593,+4.193
0 days 01:45:37.279000,18,11,+36.686,+4.098
0 days 01:45:42.985000,18,11,+36.903,+4.209
0 days 01:45:46.736000,18,11,+36.966,+4.357
0 days 01:45:50.238000,18,11,+36.992,+4.367
0 days 01:45:54.518000,18,11,+37.145,+4.227
0 days 01:46:00.202000,18,11,+37.365,+4.366
0 days 01:46:03.421000,18,11,+37.670,+4.610
0 days 01:46:05.576000,18,11,+37.736,+4.652
0 days 01:46:09.862000,18,11,+38.005,+4.812
0 days 01:46:13.409000,18,11,+38.121,+4.853
0 days 01:46:17.490000,18,11,+38.198,+4.899
0 days 01:46:21.584000,18,11,+38.194,+5.061
0 days 01:46:25.057000,18,11,+38.171,+5.298
0 days 01:46:29.544000,18,11,+38.344,+5.025
0 days 01:46:33.731000,18,11,+38.214,+4.699
0 days 01:46:40.388000,18,11,+38.274,+4.728
0 days 01:46:46.558000,18,11,+38.342,+4.608
0 days 01:46:50.221000,18,11,+38.471,+4.576
0 days 01:46:56.704000,18,11,+38.638,+4.317
0 days 01:46:59.170000,18,11,+38.586,+4.292
0 days 01:47:05.489000,18,11,+38.727,+4.495
0 days 01:47:08.344000,18,11,+38.734,+4.630
0 days 01:47:09.879000,18,11,+38.856,+4.592
0 days 01:47:15.606000,18,11,+38.707,+4.615
0 days 01:47:19.281000,18,11,+38.658,+4.717
0 days 01:47:22.866000,18,11,+38.737,+4.706
0 days 01:47:27.276000,18,11,+38.794,+4.577
0 days 01:47:32.804000,18,11,+39.026,+4.669
0 days 01:47:36.063000,18,11,+39.253,+4.866
0 days 01:47:38.236000,18,11,+39.287,+4.867
0 days 01:47:42.435000,18,11,+39.476,+4.920
0 days 01:47:46.044000,18,11,+39.592,+4.987
0 days 01:47:50.079000,18,11,+39.665,+4.999
0 days 01:47:54.181000,18,11,+39.644,+5.126
0 days 01:47:57.706000,18,11,+39.612,+5.317
0 days 01:48:02.107000,18,11,+39.798,+5.102
0 days 01:48:06.546000,18,11,+40.130,+5.146
0 days 01:48:13.226000,18,11,+40.262,+5.030
0 days 01:48:19.458000,18,11,+40.443,+4.986
0 days 01:48:23.079000,18,11,+40.515,+4.894
0 days 01:48:29.462000,18,11,+40.563,+4.521
0 days 01:48:31.900000,18,11,+40.524,+4.442
0 days 01:48:38.079000,18,11,+40.597,+4.465
0 days 01:48:40.929000,18,11,+40.593,+4.589
0 days 01:48:42.445000,18,11,+40.679,+4.524
0 days 01:48:48.219000,18,11,+40.932,+4.580
0 days 01:48:51.904000,18,11,+40.991,+4.689
0 days 01:48:55.460000,18,11,+41.071,+4.726
0 days 01:48:59.862000,18,11,+41.268,+4.597
0 days 01:49:05.391000,18,11,+41.407,+4.700
0 days 01:49:08.636000,18,11,+41.716,+4.975
0 days 01:49:10.779000,18,11,+41.779,+5.027
0 days 01:49:14.984000,18,11,+41.993,+5.155
0 days 01:49:18.505000,18,11,+42.093,+5.227
0 days 01:49:22.580000,18,11,+42.160,+5.292
0 days 01:49:26.706000,18,11,+42.151,+5.449
0 days 01:49:30.173000,18,11,+42.127,+5.690
0 days 01:49:34.686000,18,11,+42.441,+5.341
0 days 01:49:38.808000,18,11,+42.386,+4.896
0 days 01:49:45.364000,18,11,+42.404,+4.849
0 days 01:49:51.645000,18,11,+42.403,+4.665
0 days 01:49:55.249000,18,11,+42.483,+4.617
0 days 01:50:01.841000,18,11,+42.725,+4.508
0 days 01:50:04.152000,18,11,+42.659,+4.408
0 days 01:50:10.562000,18,11,+42.792,+4.349
0 days 01:50:13.379000,18,11,+42.787,+4.363
0 days 01:50:14.945000,18,11,+42.832,+4.340
0 days 01:50:20.620000,18,11,+43.079,+4.351
0 days 01:50:24.385000,18,11,+43.156,+4.391
0 days 01:50:27.803000,18,11,+43.103,+4.313
0 days 01:50:32.306000,18,11,+43.379,+4.268
0 days 01:50:37.837000,18,11,+43.598,+4.298
0 days 01:50:41.045000,18,11,+43.810,+4.424
0 days 01:50:43.204000,18,11,+43.857,+4.420
0 days 01:50:47.409000,18,11,+44.094,+4.335
0 days 01:50:51.037000,18,11,+44.282,+4.236
0 days 01:50:55.123000,18,11,+44.375,+4.208
0 days 01:50:59.206000,18,11,+44.379,+4.227
0 days 01:51:02.734000,18,11,+44.373,+4.262
0 days 01:51:07.208000,18,11,+44.589,+4.185
0 days 01:51:11.351000,18,11,+44.500,+4.139
0 days 01:51:17.974000,18,11,+44.550,+3.991
0 days 01:51:24.710000,18,12,+44.550,+3.991
0 days 01:51:25.178000,18,12,+45.574,+0.374
0 days 01:51:29.225000,18,12,+46.071,+0.691
0 days 01:51:36.041000,18,12,+46.588,+0.917
0 days 01:51:38.469000,18,12,+46.654,+0.892
0 days 01:51:44.809000,18,12,+46.761,+0.927
0 days 01:51:47.514000,18,12,+46.653,+0.812
0 days 01:51:49.114000,18,12,+46.806,+0.915
0 days 01:51:54.891000,18,12,+47.083,+1.098
0 days 01:51:58.577000,18,12,+47.093,+1.142
0 days 01:52:02.146000,18,12,+47.219,+1.187
0 days 01:52:06.596000,18,12,+47.460,+1.241
0 days 01:52:12.185000,18,12,+47.659,+1.401
0 days 01:52:15.436000,18,12,+47.947,+1.551
0 days 01:52:17.571000,18,12,+48.004,+1.579
0 days 01:52:21.805000,18,12,+48.263,+1.765
0 days 01:52:25.361000,18,12,+48.377,+1.818
0 days 01:52:29.362000,18,12,+48.441,+1.833
0 days 01:52:33.497000,18,12,+48.415,+1.840
0 days 01:52:36.921000,18,12,+48.377,+1.821
0 days 01:52:41.465000,18,12,+48.656,+1.983
0 days 01:52:45.668000,18,12,+48.771,+2.054
0 days 01:52:52.164000,18,12,+48.880,+2.199
0 days 01:52:58.491000,18,12,+48.888,+2.024
0 days 01:53:02.074000,18,12,+49.010,+1.991
0 days 01:53:08.627000,18,12,+49.235,+2.042
0 days 01:53:11.083000,18,12,+49.319,+2.091
0 days 01:53:17.420000,18,12,+49.482,+2.246
0 days 01:53:20.280000,18,12,+49.492,+2.266
0 days 01:53:21.809000,18,12,+49.582,+2.365
0 days 01:53:27.541000,18,12,+49.909,+2.450
0 days 01:53:31.208000,18,12,+49.991,+2.495
0 days 01:53:34.787000,18,12,+50.104,+2.646
0 days 01:53:39.242000,18,12,+50.239,+2.715
0 days 01:53:44.764000,18,12,+50.395,+2.809
0 days 01:53:47.955000,18,12,+50.667,+2.858
0 days 01:53:50.085000,18,12,+50.737,+2.887
0 days 01:53:54.307000,18,12,+51.019,+3.058
0 days 01:53:57.934000,18,12,+51.173,+3.149
0 days 01:54:01.941000,18,12,+51.251,+3.189
0 days 01:54:05.963000,18,12,+51.243,+3.205
0 days 01:54:09.422000,18,12,+51.221,+3.197
0 days 01:54:13.905000,18,12,+51.391,+3.265
0 days 01:54:18.138000,18,12,+51.434,+3.339
0 days 01:54:24.678000,18,12,+51.388,+3.362
0 days 01:54:30.799000,18,12,+51.598,+3.420
0 days 01:54:34.393000,18,12,+51.642,+3.414
0 days 01:54:40.864000,18,12,+51.758,+3.456
0 days 01:54:43.255000,18,12,+51.799,+3.422
0 days 01:54:49.541000,18,12,+51.897,+3.526
0 days 01:54:52.368000,18,12,+51.900,+3.557
0 days 01:54:53.852000,18,12,+51.925,+3.644
0 days 01:54:59.509000,18,12,+52.041,+3.660
0 days 01:55:03.149000,18,12,+52.046,+3.701
0 days 01:55:06.761000,18,12,+52.095,+3.901
0 days 01:55:11.148000,18,12,+52.270,+3.930
0 days 01:55:16.663000,18,12,+52.370,+4.015
0 days 01:55:19.741000,18,12,+52.579,+4.079
0 days 01:55:21.911000,18,12,+52.635,+4.102
0 days 01:55:26.028000,18,12,+52.843,+4.158
0 days 01:55:29.576000,18,12,+52.944,+4.201
0 days 01:55:33.606000,18,12,+53.021,+4.221
0 days 01:55:37.678000,18,12,+53.031,+4.255
0 days 01:55:41.121000,18,12,+53.026,+4.251
0 days 01:55:45.649000,18,12,+53.293,+4.433
0 days 01:55:49.809000,18,12,+53.408,+4.512
0 days 01:55:56.349000,18,12,+53.455,+4.668
0 days 01:56:02.691000,18,12,+53.738,+4.713
0 days 01:56:06.233000,18,12,+53.795,+4.750
0 days 01:56:12.941000,18,12,+54.189,+4.845
0 days 01:56:15.299000,18,12,+54.264,+4.845
0 days 01:56:21.649000,18,12,+54.388,+4.912
0 days 01:56:24.449000,18,12,+54.406,+4.951
0 days 01:56:26.023000,18,12,+54.497,+5.049
0 days 01:56:31.748000,18,12,+54.835,+4.866
0 days 01:56:35.343000,18,12,+54.884,+4.828
0 days 01:56:38.892000,18,12,+54.939,+5.008
0 days 01:56:43.307000,18,12,+55.159,+4.648
0 days 01:56:48.737000,18,12,+55.200,+4.599
0 days 01:56:51.837000,18,12,+55.366,+4.615
0 days 01:56:53.988000,18,12,+55.423,+4.645
0 days 01:56:58.142000,18,12,+55.659,+4.794
0 days 01:57:01.767000,18,12,+55.915,+4.979
0 days 01:57:05.834000,18,12,+56.023,+5.047
0 days 01:57:09.939000,18,12,+56.021,+5.088
0 days 01:57:13.383000,18,12,+56.002,+5.063
0 days 01:57:17.762000,18,12,+56.154,+5.111
0 days 01:57:21.856000,18,12,+56.089,+5.094
0 days 01:57:28.254000,18,12,+56.121,+5.114
0 days 01:57:34.492000,18,12,+56.215,+5.114
0 days 01:57:38.036000,18,12,+56.362,+5.112
0 days 01:57:44.563000,18,12,+56.637,+5.016
0 days 01:57:46.997000,18,12,+56.671,+5.030
0 days 01:57:53.235000,18,12,+56.775,+5.160
0 days 01:57:56.040000,18,12,+56.792,+5.206
0 days 01:57:57.488000,18,12,+56.865,+5.259
0 days 01:58:03.066000,18,12,+56.941,+5.270
0 days 01:58:06.759000,18,12,+56.949,+5.313
0 days 01:58:10.235000,18,12,+56.952,+5.416
0 days 01:58:14.577000,18,12,+57.026,+5.398
0 days 01:58:20.042000,18,12,+57.182,+5.395
0 days 01:58:23.111000,18,12,+57.391,+5.442
0 days 01:58:25.277000,18,12,+57.459,+5.473
0 days 01:58:29.385000,18,12,+57.694,+5.645
0 days 01:58:32.927000,18,12,+57.809,+5.729
0 days 01:58:36.938000,18,12,+57.888,+5.767
0 days 01:58:41.028000,18,12,+57.899,+5.786
0 days 01:58:44.450000,18,12,+57.893,+5.766
0 days 01:58:48.850000,18,12,+58.117,+5.789
0 days 01:58:53.042000,18,12,+58.308,+5.814
0 days 01:58:59.690000,18,12,+58.434,+5.950
0 days 01:59:05.992000,18,12,+58.636,+6.127
0 days 01:59:09.511000,18,12,+58.703,+6.067
0 days 01:59:15.973000,18,12,+58.876,+5.929
0 days 01:59:18.369000,18,12,+58.863,+5.907
0 days 01:59:24.585000,18,12,+58.933,+6.105
0 days 01:59:27.388000,18,12,+58.949,+6.252
0 days 01:59:28.851000,18,12,+58.952,+6.271
0 days 01:59:34.273000,18,12,+58.981,+6.069
0 days 01:59:37.869000,18,12,+58.981,+6.104
0 days 01:59:41.395000,18,12,+58.979,+6.223
0 days 01:59:45.685000,18,12,+58.963,+6.244
0 days 01:59:51.083000,18,12,+59.063,+6.103
0 days 01:59:54.195000,18,12,+59.286,+6.020
0 days 01:59:56.282000,18,12,+59.351,+6.012
0 days 02:00:00.329000,18,12,+59.549,+6.056
0 days 02:00:03.911000,18,12,+59.615,+6.180
0 days 02:00:07.927000,18,12,+59.670,+6.252
0 days 02:00:12.037000,18,12,+59.694,+6.425
0 days 02:00:15.538000,18,12,+59.715,+6.645
0 days 02:00:19.823000,18,12,+59.869,+6.495
0 days 02:00:23.953000,18,12,+59.993,+6.499
0 days 02:00:30.512000,18,12,+60.021,+6.531
0 days 02:00:36.699000,18,12,+60.110,+6.299
0 days 02:00:40.140000,18,12,+60.189,+6.112
0 days 02:00:46.612000,18,12,+60.394,+6.014
0 days 02:00:49.025000,18,12,+60.453,+5.970
0 days 02:00:55.286000,18,12,+60.561,+6.114
0 days 02:00:58.124000,18,12,+60.582,+6.256
0 days 02:00:59.629000,18,12,+60.649,+6.302
0 days 02:01:05.177000,18,12,+60.942,+6.322
0 days 02:01:08.872000,18,12,+61.046,+6.444
0 days 02:01:12.315000,18,12,+61.105,+6.534
0 days 02:01:16.666000,18,12,+61.271,+6.616
0 days 02:01:22.290000,18,12,+61.548,+6.729
0 days 02:01:25.213000,18,12,+61.666,+6.660
0 days 02:01:27.345000,18,12,+61.693,+6.650
0 days 02:01:31.409000,18,12,+61.813,+6.819
0 days 02:01:34.929000,18,12,+61.850,+6.887
0 days 02:01:39.045000,18,12,+61.925,+6.939
0 days 02:01:43.026000,18,12,+62.079,+6.993
0 days 02:01:46.495000,18,12,+62.268,+6.997
0 days 02:01:50.945000,18,12,+62.530,+6.995
0 days 02:01:55.004000,18,12,+62.670,+7.065
0 days 02:02:01.595000,18,12,+62.892,+7.192
0 days 02:02:07.796000,18,12,+63.011,+7.078
0 days 02:02:11.369000,18,12,+63.280,+7.155
0 days 02:02:17.610000,18,12,+63.147,+6.997
0 days 02:02:19.971000,18,12,+63.100,+7.084
0 days 02:02:26.226000,18,12,+63.139,+7.130
0 days 02:02:29.037000,18,12,+63.176,+7.141
0 days 02:02:30.544000,18,12,+63.235,+7.163
0 days 02:02:36.413000,18,12,+63.688,+7.552
0 days 02:02:40.165000,18,12,+63.819,+7.701
0 days 02:02:43.752000,18,12,+63.896,+7.802
0 days 02:02:47.927000,18,12,+63.918,+7.752
0 days 02:02:53.344000,18,12,+64.015,+7.816
0 days 02:02:56.308000,18,12,+64.166,+7.762
0 days 02:02:58.377000,18,12,+64.203,+7.766
0 days 02:03:02.352000,18,12,+64.356,+7.862
0 days 02:03:05.865000,18,12,+64.482,+7.943
0 days 02:03:09.869000,18,12,+64.543,+7.977
0 days 02:03:14.031000,18,12,+64.577,+8.026
0 days 02:03:17.455000,18,12,+64.602,+8.037
0 days 02:03:21.844000,18,12,+64.905,+8.048
0 days 02:03:25.771000,18,12,+65.043,+8.098
0 days 02:03:32.347000,18,12,+65.158,+8.180
0 days 02:03:38.648000,18,12,+65.459,+8.252
0 days 02:03:42.110000,18,12,+65.647,+8.270
0 days 02:03:48.369000,18,12,+65.670,+8.021
0 days 02:03:50.816000,18,12,+65.840,+8.122
0 days 02:03:57.075000,18,12,+65.960,+8.189
0 days 02:03:59.930000,18,12,+65.993,+8.199
0 days 02:04:01.440000,18,12,+66.123,+8.295
0 days 02:04:07.170000,18,12,+66.589,+8.529
0 days 02:04:10.813000,18,12,+66.674,+8.600
0 days 02:04:14.428000,18,12,+66.820,+8.732
0 days 02:04:18.641000,18,12,+66.849,+8.739
0 days 02:04:24.204000,18,12,+67.065,+9.022
0 days 02:04:27.200000,18,12,+67.257,+9.067
0 days 02:04:29.457000,18,12,+67.348,+9.132
0 days 02:04:33.394000,18,12,+67.551,+9.364
0 days 02:04:36.865000,18,12,+67.646,+9.451
0 days 02:04:40.893000,18,12,+67.712,+9.496
0 days 02:04:45.014000,18,12,+67.727,+9.534
0 days 02:04:48.493000,18,12,+67.758,+9.534
0 days 02:04:52.853000,18,12,+68.064,+9.629
0 days 02:04:56.821000,18,12,+68.173,+9.690
0 days 02:05:03.301000,18,12,+68.308,+9.845
0 days 02:05:09.777000,18,12,+68.824,+9.949
0 days 02:05:13.229000,18,12,+68.992,+9.992
0 days 02:05:19.371000,18,12,+68.999,+9.733
0 days 02:05:21.953000,18,12,+69.209,+9.891
0 days 02:05:28.145000,18,12,+69.342,+10.021
0 days 02:05:31.014000,18,12,+69.382,+10.041
0 days 02:05:32.514000,18,12,+69.501,+10.106
0 days 02:05:37.990000,18,12,+69.760,+10.361
0 days 02:05:41.645000,18,12,+69.817,+10.435
0 days 02:05:45.147000,18,12,+69.943,+10.473
0 days 02:05:49.258000,18,12,+69.920,+10.395
0 days 02:05:54.697000,18,12,+70.095,+10.550
0 days 02:05:57.733000,18,12,+70.269,+10.628
0 days 02:05:59.858000,18,12,+70.321,+10.652
0 days 02:06:04.015000,18,12,+70.575,+10.930
0 days 02:06:07.671000,18,12,+70.850,+11.175
0 days 02:06:11.728000,18,12,+70.969,+11.266
0 days 02:06:15.861000,18,12,+71.028,+11.332
0 days 02:06:19.360000,18,12,+71.075,+11.346
0 days 02:06:23.728000,18,12,+71.362,+11.508
0 days 02:06:27.814000,18,12,+71.601,+11.537
0 days 02:06:34.457000,18,12,+71.768,+11.496
0 days 02:06:40.569000,18,12,+71.955,+11.507
0 days 02:06:44.123000,18,12,+72.183,+11.616
0 days 02:06:50.201000,18,12,+72.222,+11.441
0 days 02:06:52.580000,18,12,+72.127,+11.528
0 days 02:06:58.814000,18,12,+72.199,+11.646
0 days 02:07:01.654000,18,12,+72.263,+11.652
0 days 02:07:03.106000,18,12,+72.287,+11.723
0 days 02:07:08.696000,18,12,+72.365,+12.115
0 days 02:07:12.316000,18,12,+72.417,+12.216
0 days 02:07:15.899000,18,12,+72.537,+12.381
0 days 02:07:20.055000,18,12,+72.635,+12.451
0 days 02:07:25.488000,18,12,+72.910,+12.556
0 days 02:07:28.515000,18,12,+73.094,+14.690
0 days 02:07:30.698000,18,12,+73.157,+14.679
0 days 02:07:35.070000,18,12,+73.685,+15.096
0 days 02:07:40.071000,18,11,+73.685,+15.096
0 days 02:07:40.169000,18,11,+75.339,+14.350
0 days 02:07:45.203000,18,11,+76.358,+15.176
0 days 02:07:49.506000,18,11,+76.639,+15.434
0 days 02:07:56.275000,18,11,+79.933,+18.694
0 days 02:08:03.455000,18,11,+83.052,+21.533
0 days 02:08:08.846000,18,11,+84.564,+22.841
0 days 02:08:16.543000,18,11,+86.041,+21.895
0 days 02:08:23.950000,18,11,+87.340,+20.347
0 days 02:08:28.359000,18,11,+88.522,+19.700
0 days 02:08:36.993000,18,11,+91.113,+21.672
0 days 02:09:08.968000,18,11,+112.052,+21.733
0 days 02:09:11.538000,18,11,+113.220,+21.890
0 days 02:09:20.916000,18,11,+117.476,+21.939
0 days 02:09:25.889000,18,11,+118.909,+21.876
0 days 02:09:30.302000,18,11,+120.114,+21.299
0 days 02:09:35.099000,18,11,+120.783,+21.077
0 days 02:09:41.573000,18,11,+121.999,+20.879
0 days 02:09:46.117000,18,11,+123.613,+20.743
0 days 02:09:48.888000,18,11,+124.188,+19.473
0 days 02:09:55.423000,18,11,+126.707,+17.786
0 days 02:10:01.374000,18,11,+125.834,+14.447
0 days 02:10:06.883000,18,11,+125.730,+10.608
0 days 02:10:11.519000,18,11,+124.510,+7.171
0 days 02:10:15.305000,18,11,+122.100,+4.010
0 days 02:10:21.572000,18,11,+123.549,+1.879
0 days 02:10:27.269000,18,11,+124.413,+1.309
0 days 02:10:37.380000,18,11,+125.053,+2.488
0 days 02:10:45.549000,18,11,+125.287,+3.286
0 days 02:10:50.170000,18,11,+125.364,+3.668
0 days 02:10:57.286000,18,11,+124.820,+3.875
0 days 02:10:59.974000,18,11,+124.820,+4.006
0 days 02:11:06.573000,18,11,+110.190,+4.174
0 days 02:11:09.556000,18,11,+105.885,+4.283
0 days 02:11:11.445000,18,11,+105.397,+4.502
0 days 02:11:17.857000,18,11,+103.418,+4.733
0 days 02:11:22.033000,18,11,+103.351,+4.879
0 days 02:11:26.057000,18,11,+103.257,+5.043
0 days 02:11:30.282000,18,11,+101.482,+4.667
0 days 02:11:35.945000,18,11,+99.776,+4.508
0 days 02:11:39.679000,18,11,+99.574,+4.474
0 days 02:11:41.974000,18,11,+99.436,+4.450
0 days 02:11:47.262000,18,11,+99.040,+4.993
0 days 02:11:52.419000,18,11,+96.035,+2.730
0 days 02:11:59.675000,18,11,+95.288,+2.331
0 days 02:12:04.542000,18,11,+94.312,+2.575
0 days 02:12:08.302000,18,11,+92.846,+2.574
0 days 02:12:13.405000,18,11,+93.276,+2.582
0 days 02:12:17.904000,18,11,+93.664,+2.661
0 days 02:12:25.442000,18,11,+94.532,+3.339
0 days 02:12:33.358000,18,11,+96.480,+4.969
0 days 02:12:37.420000,18,11,+94.573,+5.194
0 days 02:12:43.701000,18,11,+92.823,+4.938
0 days 02:12:45.933000,18,11,+92.510,+4.893
0 days 02:12:52.092000,18,11,+92.204,+4.966
0 days 02:12:54.893000,18,11,+88.765,+4.988
0 days 02:12:56.471000,18,11,+88.492,+5.085
0 days 02:13:02.266000,18,11,+87.641,+5.132
0 days 02:13:06.203000,18,11,+85.022,+5.165
0 days 02:13:09.932000,18,11,+84.673,+5.360
0 days 02:13:13.757000,18,11,+84.434,+5.243
0 days 02:13:18.930000,18,11,+81.543,+5.116
0 days 02:13:22.158000,18,11,+79.512,+5.031
0 days 02:13:24.391000,18,11,+78.082,+5.036
0 days 02:13:29.659000,18,11,+77.150,+5.842
0 days 02:13:38.851000,18,11,+77.963,+5.484
0 days 02:13:44.301000,18,11,+75.396,+3.666
0 days 02:13:48.758000,18,11,+73.122,+3.548
0 days 02:13:52.394000,18,11,+70.978,+3.554
0 days 02:13:57.072000,18,11,+69.774,+3.448
0 days 02:14:01.198000,18,11,+66.862,+3.332
0 days 02:14:08.075000,18,11,+65.000,+3.354
0 days 02:14:14.091000,18,11,+62.909,+3.388
0 days 02:14:17.658000,18,11,+61.164,+3.280
0 days 02:14:23.549000,18,11,+59.213,+3.010
0 days 02:14:25.708000,18,11,+58.053,+3.022
0 days 02:14:31.875000,18,11,+55.171,+3.161
0 days 02:14:34.704000,18,11,+54.398,+3.153
0 days 02:14:36.207000,18,11,+54.074,+3.134
0 days 02:14:41.781000,18,11,+51.599,+3.250
0 days 02:14:45.701000,18,11,+50.459,+3.337
0 days 02:14:49.380000,18,11,+49.367,+3.609
0 days 02:14:53.299000,18,11,+48.529,+3.638
0 days 02:14:58.605000,18,11,+46.425,+3.856
0 days 02:15:02.245000,18,11,+44.665,+4.250
0 days 02:15:04.620000,18,11,+43.869,+4.359
0 days 02:15:11.374000,18,11,+41.192,+5.118
0 days 02:15:19.913000,18,11,+38.410,+4.223
0 days 02:15:26.006000,18,11,+36.128,+3.230
0 days 02:15:30.575000,18,11,+33.879,+3.204
0 days 02:15:34.264000,18,11,+31.971,+3.219
0 days 02:15:38.935000,18,11,+26.419,+3.201
0 days 02:15:43.761000,18,11,+21.507,+2.621
0 days 02:15:56.952000,18,11,+20.036,+2.302
0 days 02:16:03.998000,18,11,+17.853,+2.034
0 days 02:16:08.186000,18,11,+15.740,+1.460
0 days 02:16:20.007000,18,11,+18.912,+1.061
0 days 02:16:22.445000,18,11,+17.773,+0.937
0 days 02:16:38.258000,18,11,+24.532,+2.164
0 days 02:16:41.449000,18,11,+23.727,+2.284
0 days 02:16:43.097000,18,11,+22.884,+2.263
0 days 02:16:48.760000,18,11,+20.915,+2.106
0 days 02:16:52.595000,18,11,+19.471,+2.087
0 days 02:16:56.375000,18,11,+18.721,+2.136
0 days 02:17:00.377000,18,11,+17.874,+1.906
0 days 02:17:05.720000,18,11,+15.712,+1.923
0 days 02:17:10.134000,18,11,+15.507,+1.678
0 days 02:17:15.241000,18,11,+16.380,+2.141
0 days 02:17:25.565000,18,11,+17.520,+1.497
0 days 02:17:37.924000,18,11,+19.546,+1.630
0 days 02:17:46.574000,18,11,+18.583,+2.373
0 days 02:17:51.353000,18,11,+16.524,+2.234
0 days 02:17:55.164000,18,11,+15.032,+1.860
0 days 02:18:03.877000,18,11,+17.503,+1.657
0 days 02:18:08.754000,18,11,+16.019,+2.006
0 days 02:18:20.682000,18,11,+18.706,+1.869
0 days 02:18:27.760000,18,11,+17.907,+1.952
0 days 02:18:32.445000,18,11,+16.830,+2.592
0 days 02:18:40.848000,18,11,+17.802,+3.057
0 days 02:18:43.220000,18,11,+16.468,+2.885
0 days 02:18:58.307000,18,11,+23.582,+2.553
0 days 02:19:01.390000,18,11,+22.187,+2.508
0 days 02:19:03.139000,18,11,+22.049,+2.512
0 days 02:19:08.776000,18,11,+20.038,+2.331
0 days 02:19:12.652000,18,11,+19.253,+2.385
0 days 02:19:16.602000,18,11,+18.557,+2.427
0 days 02:19:20.504000,18,11,+17.479,+2.066
0 days 02:19:25.852000,18,11,+15.414,+1.943
0 days 02:19:30.722000,18,11,+15.581,+1.713
0 days 02:19:35.268000,18,11,+16.775,+1.749
0 days 02:19:44.174000,18,11,+16.771,+1.173
0 days 02:19:52.822000,18,11,+18.032,+1.765
0 days 02:20:01.034000,18,11,+18.664,+2.128
0 days 02:20:05.763000,18,11,+17.616,+1.744
0 days 02:20:10.618000,18,11,+17.615,+1.598
0 days 02:20:18.823000,18,11,+19.145,+1.835
0 days 02:20:23.250000,18,11,+17.481,+2.051
0 days 02:20:33.996000,18,11,+18.883,+1.514
0 days 02:20:40.335000,18,11,+17.045,+1.386
0 days 02:20:44.092000,18,11,+15.623,+1.304
0 days 02:20:51.161000,18,11,+14.852,+1.123
0 days 02:20:53.604000,18,11,+13.989,+1.147
0 days 02:21:10.155000,18,11,+21.788,+2.811
0 days 02:21:13.244000,18,11,+21.625,+2.810
0 days 02:21:14.762000,18,11,+20.485,+2.719
0 days 02:21:20.165000,18,11,+18.426,+2.510
0 days 02:21:24.050000,18,11,+17.052,+2.552
0 days 02:21:29.775000,18,11,+18.366,+2.346
0 days 02:21:33.678000,18,11,+17.680,+2.204
0 days 02:21:38.879000,18,11,+14.508,+2.073
0 days 02:21:43.188000,18,11,+11.850,+1.791
0 days 02:21:48.323000,18,11,+12.676,+2.159
0 days 02:21:54.562000,18,11,+11.725,+1.666
0 days 02:22:02.594000,18,11,+12.058,+2.118
0 days 02:22:10.892000,18,11,+13.358,+2.613
0 days 02:22:18.150000,18,11,+13.977,+2.024
0 days 02:22:23.879000,18,11,+14.518,+1.486
0 days 02:22:29.435000,18,11,+13.439,+1.788
0 days 02:22:33.813000,18,11,+11.238,+1.963
0 days 02:22:45.303000,18,11,+13.964,+2.117
0 days 02:22:52.154000,18,11,+13.175,+2.302
0 days 02:22:55.780000,18,11,+11.679,+2.123
0 days 02:23:02.658000,18,11,+10.583,+0.945
0 days 02:23:05.253000,18,11,+9.784,+0.772
0 days 02:23:20.053000,18,11,+16.351,+3.096
0 days 02:23:23.081000,18,11,+15.289,+2.895
0 days 02:23:24.663000,18,11,+14.661,+2.416
0 days 02:23:30.024000,18,11,+12.345,+1.020
0 days 02:23:36.354000,18,11,+13.291,+1.823
0 days 02:23:40.605000,18,11,+13.100,+1.831
0 days 02:23:45.695000,18,11,+13.132,+2.024
0 days 02:23:50.996000,18,11,+11.381,+1.721
0 days 02:23:56.273000,18,11,+11.512,+1.842
0 days 02:24:02.125000,18,11,+14.070,+1.795
0 days 02:24:07.556000,18,11,+12.907,+1.554
0 days 02:24:11.738000,18,11,+11.968,+1.768
0 days 02:24:18.924000,18,11,+12.443,+1.508
0 days 02:24:24.762000,18,11,+12.702,+1.393
0 days 02:24:31.169000,18,11,+13.585,+1.699
0 days 02:24:36.825000,18,11,+12.316,+2.038
0 days 02:24:42.976000,18,11,+9.998,+1.582
0 days 02:24:59.455000,18,11,+7.303,+1.211
0 days 02:25:06.024000,18,11,+5.544,+0.951
0 days 02:25:09.723000,18,11,+5.815,+0.871
0 days 02:25:16.025000,18,11,+6.212,+0.932
0 days 02:25:18.217000,18,11,+6.343,+0.966
0 days 02:25:24.196000,18,11,+6.515,+0.977
0 days 02:25:26.979000,18,11,+6.495,+0.976
0 days 02:25:28.509000,18,11,+6.633,+1.022
0 days 02:25:33.722000,18,11,+6.778,+0.941
0 days 02:25:37.285000,18,11,+6.792,+0.920
0 days 02:25:40.840000,18,11,+6.906,+0.919
0 days 02:25:44.513000,18,11,+7.095,+0.958
0 days 02:25:49.458000,18,11,+7.214,+1.034
0 days 02:25:52.659000,18,11,+7.405,+0.999
0 days 02:25:54.785000,18,11,+7.425,+0.992
0 days 02:25:58.931000,18,11,+7.654,+0.930
0 days 02:26:02.388000,18,11,+7.731,+0.914
0 days 02:26:06.402000,18,11,+7.749,+0.925
0 days 02:26:10.423000,18,11,+7.660,+0.948
0 days 02:26:13.825000,18,11,+7.549,+0.969
0 days 02:26:18.098000,18,11,+7.807,+0.898
0 days 02:26:21.929000,18,11,+7.977,+0.773
0 days 02:26:28.499000,18,11,+8.345,+0.790
0 days 02:26:34.139000,18,11,+8.794,+0.673
0 days 02:26:37.567000,18,11,+9.155,+0.674
0 days 02:26:43.541000,18,11,+9.646,+0.678
0 days 02:26:45.580000,18,11,+9.844,+0.725
0 days 02:26:51.556000,18,11,+10.019,+0.773
0 days 02:26:54.210000,18,11,+9.987,+0.799
0 days 02:26:55.627000,18,11,+10.111,+0.834
0 days 02:27:00.728000,18,11,+10.505,+0.846
0 days 02:27:04.191000,18,11,+10.537,+0.849
0 days 02:27:07.439000,18,11,+10.588,+0.886
0 days 02:27:11.140000,18,11,+10.827,+0.902
0 days 02:27:15.926000,18,11,+10.975,+0.879
0 days 02:27:18.857000,18,11,+11.175,+0.907
0 days 02:27:20.941000,18,11,+11.234,+0.931
0 days 02:27:24.906000,18,11,+11.548,+0.886
0 days 02:27:28.360000,18,11,+11.626,+0.848
0 days 02:27:32.271000,18,11,+11.663,+0.867
0 days 02:27:36.226000,18,11,+11.493,+0.895
0 days 02:27:39.442000,18,11,+11.188,+0.923
0 days 02:27:43.723000,18,11,+11.529,+0.899
0 days 02:27:47.406000,18,11,+11.655,+0.843
0 days 02:27:53.780000,18,11,+11.903,+0.995
0 days 02:27:59.626000,18,11,+12.389,+0.963
0 days 02:28:03.245000,18,11,+12.826,+1.059
0 days 02:28:09.124000,18,11,+13.175,+1.201
0 days 02:28:11.153000,18,11,+13.293,+1.250
0 days 02:28:16.997000,18,11,+13.390,+1.410
0 days 02:28:19.816000,18,11,+13.364,+1.534
0 days 02:28:21.165000,18,11,+13.503,+1.509
0 days 02:28:26.127000,18,11,+13.619,+1.364
0 days 02:28:29.602000,18,11,+13.637,+1.381
0 days 02:28:32.900000,18,11,+13.680,+1.364
0 days 02:28:36.498000,18,11,+13.682,+1.222
0 days 02:28:41.205000,18,11,+13.790,+1.129
0 days 02:28:44.154000,18,11,+13.987,+0.958
0 days 02:28:46.192000,18,11,+14.042,+0.924
0 days 02:28:50.038000,18,11,+14.216,+0.813
0 days 02:28:53.422000,18,11,+14.268,+0.769
0 days 02:28:57.400000,18,11,+14.289,+0.754
0 days 02:29:01.385000,18,11,+14.112,+0.696
0 days 02:29:04.582000,18,11,+13.827,+0.534
0 days 02:29:08.861000,18,11,+13.682,+0.524
0 days 02:29:12.568000,18,11,+13.544,+0.473
0 days 02:29:18.930000,18,11,+10.510,+0.555
0 days 02:29:25.108000,18,10,+10.510,+0.555
0 days 02:29:25.192000,18,10,+13.615,+0.605
0 days 02:29:29.051000,18,9,+13.615,+0.605
0 days 02:29:29.126000,18,9,+13.615,+0.726
0 days 02:29:36.327000,18,9,+10.776,+0.852
0 days 02:29:49.059000,18,10,+10.776,+0.852
0 days 02:29:53.731000,18,11,+10.776,+0.852
0 days 02:30:01.726000,18,10,+10.776,+0.852
0 days 02:30:08.272000,18,10,+31.364,+3.212
0 days 02:30:10.168000,18,10,+31.643,+3.177
0 days 02:30:17.201000,18,10,+33.556,+3.278
0 days 02:30:20.986000,18,10,+33.825,+3.366
0 days 02:30:24.578000,18,10,+33.947,+3.495
0 days 02:30:28.604000,18,10,+34.228,+3.572
0 days 02:30:33.939000,18,10,+34.859,+3.731
0 days 02:30:37.110000,18,10,+35.292,+3.862
0 days 02:30:39.261000,18,10,+35.448,+3.915
0 days 02:30:43.467000,18,10,+35.736,+3.995
0 days 02:30:46.961000,18,10,+35.862,+4.040
0 days 02:30:51.028000,18,10,+35.955,+4.091
0 days 02:30:55.192000,18,10,+35.987,+4.219
0 days 02:30:58.705000,18,10,+36.019,+4.446
0 days 02:31:03.268000,18,10,+36.057,+4.409
0 days 02:31:07.296000,18,10,+36.035,+4.429
0 days 02:31:14,18,10,+35.485,+4.369
0 days 02:31:20.218000,18,10,+34.741,+4.363
0 days 02:31:23.941000,18,10,+33.770,+4.047
0 days 02:31:30.462000,18,10,+32.855,+3.941
0 days 02:31:32.842000,18,10,+32.533,+3.908
0 days 02:31:38.998000,18,10,+31.991,+4.007
0 days 02:31:41.831000,18,10,+31.958,+4.053
0 days 02:31:43.208000,18,10,+31.810,+3.947
0 days 02:31:48.810000,18,10,+31.924,+4.070
0 days 02:31:52.443000,18,10,+31.962,+4.152
0 days 02:31:55.886000,18,10,+31.963,+4.054
0 days 02:31:59.928000,18,10,+32.155,+4.024
0 days 02:32:05.192000,18,10,+32.442,+4.035
0 days 02:32:08.280000,18,10,+32.601,+3.946
0 days 02:32:10.455000,18,10,+32.669,+3.861
0 days 02:32:14.442000,18,10,+32.597,+3.648
0 days 02:32:17.902000,18,10,+32.620,+3.612
0 days 02:32:21.944000,18,10,+32.689,+3.641
0 days 02:32:26.146000,18,10,+32.731,+3.830
0 days 02:32:29.668000,18,10,+32.698,+4.079
0 days 02:32:33.643000,18,11,+32.698,+4.079
0 days 02:32:34.368000,18,11,+32.587,+0.611
0 days 02:32:38.514000,18,11,+32.444,+0.791
0 days 02:32:45.284000,18,11,+31.779,+1.204
0 days 02:32:51.645000,18,11,+30.741,+1.305
0 days 02:32:55.663000,18,11,+21.582,+1.421
0 days 02:33:02.475000,18,11,+20.511,+1.492
0 days 02:33:04.970000,18,11,+19.891,+1.181
0 days 02:33:11.356000,18,10,+19.891,+1.181
0 days 02:33:11.360000,18,10,+18.648,+0.338
0 days 02:33:14.156000,18,9,+18.648,+0.338
0 days 02:33:14.240000,18,9,+18.369,+1.187
0 days 02:33:16.250000,18,9,+18.124,+1.381
0 days 02:33:22.222000,18,9,+16.208,+1.317
0 days 02:33:25.970000,18,9,+15.175,+1.343
0 days 02:33:29.753000,18,9,+12.941,+1.309
0 days 02:33:34.310000,18,9,+12.864,+1.187
0 days 02:33:40.060000,18,9,+12.590,+1.307
0 days 02:33:43.612000,18,9,+12.901,+1.405
0 days 02:33:45.890000,18,9,+12.981,+1.463
0 days 02:33:52.211000,18,9,+15.170,+1.533
0 days 02:33:58.085000,18,9,+17.550,+1.461
0 days 02:34:06.088000,18,9,+21.442,+1.717
0 days 02:34:13.781000,18,9,+23.696,+1.860
0 days 02:34:18.802000,18,9,+19.646,+1.341
0 days 02:34:26.293000,18,9,+20.898,+1.567
0 days 02:34:32.814000,18,9,+22.108,+1.689
0 days 02:34:42.869000,18,9,+23.665,+2.156
0 days 02:34:51.293000,18,9,+25.017,+1.945
0 days 02:34:56.760000,18,9,+25.695,+1.493
0 days 02:35:07.369000,18,9,+26.488,+1.210
0 days 02:35:10.196000,18,9,+26.305,+1.048
0 days 02:35:17.057000,18,6,+26.305,+1.048
0 days 02:35:17.057000,18,6,+26.134,+1.044
0 days 02:35:20.611000,18,6,+26.876,+1.386
0 days 02:35:22.890000,18,6,+26.940,+1.455
0 days 02:35:30.338000,18,6,+25.546,+0.958
0 days 02:35:34.763000,18,6,+25.481,+0.956
0 days 02:35:39.708000,18,6,+26.176,+1.377
0 days 02:35:44.696000,18,6,+26.134,+1.542
0 days 02:35:50.945000,18,6,+26.328,+1.432
0 days 02:35:54.816000,18,6,+26.447,+1.357
0 days 02:35:57.185000,18,6,+24.970,+1.347
0 days 02:36:02.230000,18,6,+22.817,+1.435
0 days 02:36:06.001000,18,6,+21.557,+1.404
0 days 02:36:10.370000,18,6,+21.460,+1.389
0 days 02:36:14.769000,18,6,+18.709,+1.478
0 days 02:36:18.455000,18,6,+16.231,+1.500
0 days 02:36:24.796000,18,6,+14.826,+1.505
0 days 02:36:29.408000,18,6,+10.606,+1.239
0 days 02:36:38.819000,18,6,+10.227,+1.835
0 days 02:36:46.251000,18,6,+8.962,+1.506
0 days 02:36:51.602000,18,6,+7.873,+1.532
0 days 02:37:03.499000,18,6,+8.954,+1.520
0 days 02:37:06.331000,18,6,+7.998,+1.393
0 days 02:37:16.311000,18,6,+8.436,+1.912
0 days 02:37:21.931000,18,6,+8.992,+2.145
0 days 02:37:25.187000,18,6,+9.335,+2.174
0 days 02:37:35.170000,18,6,+8.586,+2.099
0 days 02:37:41.089000,18,6,+8.683,+0.714
0 days 02:37:47.461000,18,6,+9.569,+1.742
0 days 02:37:52.645000,18,6,+9.259,+1.625
0 days 02:37:59.199000,18,6,+7.931,+1.414
0 days 02:38:03.810000,18,6,+7.101,+1.354
0 days 02:38:06.587000,18,6,+6.558,+1.308
0 days 02:38:13.563000,18,6,+6.969,+1.656
0 days 02:38:19.998000,18,6,+7.569,+2.402
0 days 02:38:27.612000,18,6,+7.430,+2.194
0 days 02:38:33.807000,18,6,+7.593,+2.015
0 days 02:38:39.006000,18,6,+6.782,+1.914
0 days 02:38:46.732000,18,6,+7.771,+1.535
0 days 02:38:54.588000,18,6,+8.185,+2.225
0 days 02:39:06.332000,18,6,+9.878,+3.211
0 days 02:39:14.371000,18,6,+9.789,+2.368
0 days 02:39:19.088000,18,6,+8.189,+2.078
0 days 02:39:28.248000,18,6,+7.847,+1.782
0 days 02:39:31.112000,18,6,+7.062,+1.566
0 days 02:39:41.429000,18,6,+8.580,+2.071
0 days 02:39:45.507000,18,6,+8.652,+1.874
0 days 02:39:47.988000,18,6,+8.120,+1.803
0 days 02:39:55.045000,18,6,+6.325,+1.148
0 days 02:40:03.365000,18,6,+6.287,+1.363
0 days 02:40:10.013000,18,6,+7.747,+1.077
0 days 02:40:15.432000,18,6,+8.060,+1.281
0 days 02:40:21.887000,18,6,+6.571,+1.213
0 days 02:40:27.200000,18,6,+5.995,+1.027
0 days 02:40:31.301000,18,6,+5.535,+1.333
0 days 02:40:38.786000,18,6,+6.562,+2.038
0 days 02:40:44.672000,18,6,+5.716,+1.860
0 days 02:40:51.363000,18,6,+5.314,+1.280
0 days 02:40:57.191000,18,6,+6.034,+1.661
0 days 02:41:03.089000,18,6,+5.876,+1.776
0 days 02:41:09.467000,18,6,+5.342,+1.456
0 days 02:41:16.924000,18,6,+5.813,+1.853
0 days 02:41:26.963000,18,6,+6.527,+2.188
0 days 02:41:34.451000,18,6,+5.322,+2.051
0 days 02:41:40.047000,18,6,+5.592,+1.371
0 days 02:41:48.217000,18,6,+5.066,+1.265
0 days 02:41:51.490000,18,6,+4.744,+1.233
0 days 02:42:00.999000,18,6,+5.755,+1.357
0 days 02:42:05.077000,18,6,+5.853,+1.434
0 days 02:42:07.652000,18,6,+6.224,+1.268
0 days 02:42:15.170000,18,6,+5.288,+1.035
0 days 02:42:20.507000,18,6,+5.607,+1.281
0 days 02:42:26.055000,18,6,+5.951,+1.397
0 days 02:42:30.864000,18,6,+5.544,+1.235
0 days 02:42:38.510000,18,6,+5.242,+0.991
0 days 02:42:43.952000,18,6,+5.135,+1.046
0 days 02:42:46.873000,18,6,+5.363,+0.936
0 days 02:42:53.399000,18,6,+5.534,+1.658
0 days 02:42:57.993000,18,6,+4.686,+1.374
0 days 02:43:05.109000,18,6,+4.687,+1.157
0 days 02:43:10.795000,18,6,+5.247,+1.194
0 days 02:43:16.673000,18,6,+5.285,+1.033
0 days 02:43:23.358000,18,6,+5.117,+1.063
0 days 02:43:29.811000,18,6,+5.003,+1.392
0 days 02:43:45.373000,18,6,+3.910,+0.854
0 days 02:43:52.749000,18,6,+3.376,+1.164
0 days 02:43:57.174000,18,6,+3.649,+1.285
0 days 02:44:05.291000,18,6,+4.838,+1.666
0 days 02:44:08.119000,18,6,+5.121,+1.871
0 days 02:44:14.914000,18,6,+5.424,+2.233
0 days 02:44:17.735000,18,6,+5.463,+2.267
0 days 02:44:19.474000,18,6,+5.544,+2.265
0 days 02:44:25.917000,18,6,+6.066,+2.464
0 days 02:44:29.774000,18,6,+6.102,+2.527
0 days 02:44:33.434000,18,6,+6.122,+2.488
0 days 02:44:38.088000,18,6,+6.355,+2.670
0 days 02:44:43.795000,18,6,+6.501,+2.725
0 days 02:44:47.150000,18,6,+6.660,+2.729
0 days 02:44:49.359000,18,6,+6.698,+2.760
0 days 02:44:53.691000,18,6,+6.827,+2.681
0 days 02:44:57.266000,18,6,+6.800,+2.652
0 days 02:45:01.308000,18,6,+6.803,+2.670
0 days 02:45:05.439000,18,6,+6.794,+2.735
0 days 02:45:08.968000,18,6,+6.776,+2.795
0 days 02:45:13.532000,18,6,+6.823,+2.729
0 days 02:45:17.635000,18,6,+6.870,+2.629
0 days 02:45:24.468000,18,6,+7.058,+2.728
0 days 02:45:30.876000,18,6,+7.433,+2.792
0 days 02:45:34.753000,18,6,+7.328,+2.639
0 days 02:45:41.619000,18,6,+7.628,+2.741
0 days 02:45:44.194000,18,6,+7.644,+2.703
0 days 02:45:50.281000,18,6,+7.621,+2.620
0 days 02:45:53.087000,18,6,+7.626,+2.634
0 days 02:45:54.663000,18,6,+7.709,+2.659
0 days 02:46:00.470000,18,6,+7.843,+2.473
0 days 02:46:04.151000,18,6,+7.837,+2.467
0 days 02:46:07.700000,18,6,+7.898,+2.528
0 days 02:46:11.992000,18,6,+8.035,+2.532
0 days 02:46:17.382000,18,6,+8.102,+2.607
0 days 02:46:20.507000,18,6,+8.242,+2.600
0 days 02:46:22.632000,18,6,+8.268,+2.610
0 days 02:46:26.694000,18,6,+8.249,+2.609
0 days 02:46:30.132000,18,6,+8.215,+2.574
0 days 02:46:34.145000,18,6,+8.236,+2.610
0 days 02:46:38.257000,18,6,+8.218,+2.690
0 days 02:46:41.819000,18,6,+8.210,+2.761
0 days 02:46:46.281000,18,6,+8.221,+2.862
0 days 02:46:50.204000,18,6,+8.235,+2.776
0 days 02:46:56.870000,18,6,+8.375,+2.843
0 days 02:47:02.991000,18,6,+8.479,+2.896
0 days 02:47:06.675000,18,6,+8.446,+2.804
0 days 02:47:13.309000,18,6,+8.562,+2.807
0 days 02:47:15.607000,18,6,+8.607,+2.763
0 days 02:47:21.819000,18,6,+8.697,+2.780
0 days 02:47:24.662000,18,6,+8.716,+2.817
0 days 02:47:26.143000,18,6,+8.754,+2.818
0 days 02:47:32.089000,18,6,+8.755,+2.585
0 days 02:47:35.490000,18,6,+8.719,+2.569
0 days 02:47:39.005000,18,6,+8.705,+2.654
0 days 02:47:43.222000,18,6,+8.723,+2.675
0 days 02:47:48.553000,18,6,+8.812,+2.625
0 days 02:47:51.513000,18,6,+9.031,+2.609
0 days 02:47:53.618000,18,6,+9.084,+2.622
0 days 02:47:57.637000,18,6,+9.191,+2.640
0 days 02:48:01.076000,18,6,+9.240,+2.658
0 days 02:48:05.123000,18,6,+9.276,+2.713
0 days 02:48:09.237000,18,6,+9.247,+2.797
0 days 02:48:12.752000,18,6,+9.242,+2.885
0 days 02:48:17.204000,18,6,+9.371,+2.893
0 days 02:48:21.137000,18,6,+9.409,+2.787
0 days 02:48:27.838000,18,6,+9.570,+2.964
0 days 02:48:33.994000,18,6,+9.864,+2.964
0 days 02:48:37.739000,18,6,+9.938,+2.986
0 days 02:48:44.169000,18,6,+10.072,+2.926
0 days 02:48:46.481000,18,6,+10.058,+2.892
0 days 02:48:52.611000,18,6,+10.063,+3.012
0 days 02:48:55.437000,18,6,+10.060,+3.138
0 days 02:48:56.849000,18,6,+10.100,+3.087
0 days 02:49:02.549000,18,6,+10.269,+2.827
0 days 02:49:06.139000,18,6,+10.276,+2.844
0 days 02:49:09.649000,18,6,+10.350,+2.911
0 days 02:49:13.778000,18,6,+10.469,+2.856
0 days 02:49:19.067000,18,6,+10.619,+2.884
0 days 02:49:22.034000,18,6,+10.750,+2.777
0 days 02:49:24.054000,18,6,+10.791,+2.766
0 days 02:49:28.023000,18,6,+10.763,+2.727
0 days 02:49:31.590000,18,6,+10.574,+2.902
0 days 02:49:35.680000,18,6,+10.538,+2.977
0 days 02:49:39.741000,18,6,+10.495,+3.152
0 days 02:49:43.219000,18,6,+10.476,+3.411
0 days 02:49:47.637000,18,6,+10.622,+2.987
0 days 02:49:51.555000,18,6,+10.675,+2.786
0 days 02:49:58.179000,18,6,+10.776,+2.954
0 days 02:50:04.370000,18,6,+10.954,+2.777
0 days 02:50:07.995000,18,6,+10.951,+2.723
0 days 02:50:14.464000,18,6,+11.151,+2.609
0 days 02:50:16.814000,18,6,+11.205,+2.643
0 days 02:50:23.009000,18,6,+11.255,+2.797
0 days 02:50:25.818000,18,6,+11.254,+2.921
0 days 02:50:27.319000,18,6,+11.337,+2.967
0 days 02:50:33.023000,18,6,+11.515,+2.928
0 days 02:50:36.654000,18,6,+11.537,+2.992
0 days 02:50:40.142000,18,6,+11.703,+3.212
0 days 02:50:44.173000,18,6,+11.763,+3.247
0 days 02:50:49.390000,18,6,+11.947,+3.359
0 days 02:50:52.295000,18,6,+12.050,+3.383
0 days 02:50:54.321000,18,6,+12.070,+3.391
0 days 02:50:58.282000,18,6,+12.202,+3.439
0 days 02:51:01.855000,18,6,+12.420,+3.616
0 days 02:51:05.954000,18,6,+12.518,+3.725
0 days 02:51:10.023000,18,6,+12.523,+3.937
0 days 02:51:13.531000,18,6,+12.526,+4.278
0 days 02:51:17.954000,18,6,+12.704,+3.790
0 days 02:51:21.878000,18,6,+12.857,+3.485
0 days 02:51:28.453000,18,6,+13.030,+3.451
0 days 02:51:34.591000,18,6,+13.145,+3.417
0 days 02:51:38.283000,18,6,+13.257,+3.474
0 days 02:51:44.745000,18,6,+13.370,+3.427
0 days 02:51:47.128000,18,6,+13.461,+3.522
0 days 02:51:53.324000,18,6,+13.582,+3.627
0 days 02:51:56.121000,18,6,+13.595,+3.677
0 days 02:51:57.607000,18,6,+13.719,+3.557
0 days 02:52:03.466000,18,6,+14.062,+3.597
0 days 02:52:07.095000,18,6,+14.117,+3.623
0 days 02:52:10.623000,18,6,+14.328,+3.643
0 days 02:52:14.678000,18,6,+14.579,+3.671
0 days 02:52:19.891000,18,6,+14.801,+3.762
0 days 02:52:22.795000,18,6,+14.956,+3.903
0 days 02:52:24.839000,18,6,+15.003,+3.946
0 days 02:52:28.843000,18,6,+15.193,+3.911
0 days 02:52:32.395000,18,6,+15.366,+4.069
0 days 02:52:36.527000,18,6,+15.461,+4.147
0 days 02:52:40.605000,18,6,+15.522,+4.236
0 days 02:52:44.074000,18,6,+15.548,+4.301
0 days 02:52:48.491000,18,6,+15.844,+4.410
0 days 02:52:52.567000,18,6,+16.158,+4.385
0 days 02:52:59.156000,18,6,+16.417,+4.406
0 days 02:53:05.370000,18,6,+16.620,+4.429
0 days 02:53:09.214000,18,6,+16.784,+4.539
0 days 02:53:15.674000,18,6,+17.009,+4.592
0 days 02:53:18.016000,18,6,+17.187,+4.617
0 days 02:53:24.286000,18,6,+17.413,+2.278
0 days 00:00:04.219000,5,15,,
0 days 01:11:11.048000,5,15,+2.379,+0.448
0 days 01:11:13.306000,5,16,+2.379,+0.448
0 days 01:11:13.534000,5,15,+2.379,+0.448
0 days 01:11:13.618000,5,15,+2.921,+0.213
0 days 01:11:21.465000,5,15,+4.054,+0.097
0 days 01:11:25.698000,5,15,+4.272,+0.020
0 days 01:11:30.262000,5,16,+4.272,+0.020
0 days 01:11:30.504000,5,16,+5.244,+0.130
0 days 01:11:36.026000,5,15,+5.244,+0.130
0 days 01:11:36.141000,5,15,+5.992,+0.474
0 days 01:11:42.963000,5,16,+5.992,+0.474
0 days 01:11:43.188000,5,16,+7.000,+0.234
0 days 01:11:47.684000,5,16,+7.674,+0.264
0 days 01:11:50.572000,5,15,+7.674,+0.264
0 days 01:11:50.718000,5,15,+8.282,+0.350
0 days 01:11:56.459000,5,15,+9.310,+0.364
0 days 01:12:00.988000,5,15,+9.857,+0.675
0 days 01:12:05.429000,5,15,+9.937,+0.609
0 days 01:12:09.688000,5,15,+9.935,+0.597
0 days 01:12:13.825000,5,15,+10.460,+0.730
0 days 01:12:22.876000,5,15,+14.779,+0.569
0 days 01:12:38.104000,5,15,+24.760,+1.046
0 days 01:12:50.411000,5,15,+23.384,+0.921
0 days 01:12:58.762000,5,15,+23.274,+1.023
0 days 01:13:03.787000,5,15,+23.768,+0.645
0 days 01:13:12.172000,5,15,+24.555,+0.956
0 days 01:13:15.583000,5,14,+24.555,+0.956
0 days 01:13:15.677000,5,14,+25.062,+1.045
0 days 01:13:24.618000,5,14,+26.964,+1.711
0 days 01:13:28.728000,5,14,+28.095,+1.411
0 days 01:13:31.073000,5,14,+28.653,+1.312
0 days 01:13:38.800000,5,14,+27.664,+1.424
0 days 01:13:43.320000,5,14,+25.344,+1.622
0 days 01:13:48.014000,5,14,+23.704,+1.901
0 days 01:13:52.984000,5,14,+22.722,+1.766
0 days 01:14:00.287000,5,14,+20.893,+1.723
0 days 01:14:09.562000,5,14,+22.182,+1.112
0 days 01:14:18.503000,5,14,+23.406,+1.398
0 days 01:14:26.850000,5,14,+20.878,+0.768
0 days 01:14:33.642000,5,14,+21.652,+0.976
0 days 01:14:40.412000,5,14,+19.742,+1.327
0 days 01:14:46.129000,5,14,+18.311,+0.854
0 days 01:14:51.487000,5,14,+17.240,+1.191
0 days 01:14:59.015000,5,14,+17.308,+0.923
0 days 01:15:08.043000,5,14,+19.091,+0.910
0 days 01:15:20.844000,5,14,+20.737,+1.178
0 days 01:15:28.965000,5,14,+20.254,+1.477
0 days 01:15:34.603000,5,14,+20.264,+1.372
0 days 01:15:46.189000,5,14,+21.768,+1.294
0 days 01:16:23.960000,5,14,+27.961,+1.691
0 days 01:16:26.329000,5,14,+28.023,+1.758
0 days 01:16:34.389000,5,14,+27.141,+1.803
0 days 01:16:38.879000,5,14,+26.045,+1.944
0 days 01:16:43.928000,5,14,+26.022,+2.550
0 days 01:16:48.928000,5,14,+25.559,+2.619
0 days 01:16:55.571000,5,14,+24.108,+2.566
0 days 01:16:59.950000,5,14,+22.921,+2.202
0 days 01:17:04.237000,5,14,+21.369,+1.036
0 days 01:17:12.132000,5,14,+20.406,+0.886
0 days 01:17:17.525000,5,14,+19.582,+0.973
0 days 01:17:23.201000,5,14,+17.523,+0.599
0 days 01:17:31.428000,5,14,+19.322,+1.153
0 days 01:17:37.259000,5,14,+19.654,+0.781
0 days 01:17:45.565000,5,14,+20.797,+0.681
0 days 01:17:51.942000,5,14,+20.017,+0.353
0 days 01:18:02.421000,5,14,+20.885,+1.420
0 days 01:18:10.615000,5,14,+19.992,+1.613
0 days 01:18:15.369000,5,14,+19.201,+0.979
0 days 01:18:25.520000,5,14,+19.881,+0.856
0 days 01:19:07.546000,5,14,+29.335,+2.187
0 days 01:19:09.844000,5,14,+29.457,+2.316
0 days 01:19:17.971000,5,14,+29.035,+2.565
0 days 01:19:22.401000,5,14,+28.596,+2.805
0 days 01:19:27.260000,5,14,+28.335,+1.955
0 days 01:19:32.368000,5,14,+28.172,+1.877
0 days 01:19:39.114000,5,14,+27.075,+1.985
0 days 01:19:43.706000,5,14,+26.210,+1.735
0 days 01:19:47.532000,5,14,+24.111,+1.481
0 days 01:19:55.827000,5,14,+23.617,+1.410
0 days 01:20:00.804000,5,14,+21.766,+1.874
0 days 01:20:06.970000,5,14,+21.541,+0.928
0 days 01:20:15.430000,5,14,+23.367,+1.245
0 days 01:20:20.543000,5,14,+23.640,+1.040
0 days 01:20:26.831000,5,14,+22.152,+1.119
0 days 01:20:32.082000,5,14,+20.614,+1.382
0 days 01:20:43.094000,5,14,+22.222,+1.252
0 days 01:20:51.031000,5,14,+21.390,+1.800
0 days 01:20:55.673000,5,14,+20.407,+1.353
0 days 01:21:03.809000,5,14,+19.769,+1.002
0 days 01:21:44.421000,5,14,+30.624,+3.397
0 days 01:21:46.694000,5,14,+30.794,+3.447
0 days 01:21:54.531000,5,14,+30.881,+3.305
0 days 01:21:58.846000,5,14,+29.662,+3.392
0 days 01:22:03.119000,5,14,+29.281,+3.671
0 days 01:22:07.989000,5,14,+28.547,+3.553
0 days 01:22:14.373000,5,14,+27.136,+3.654
0 days 01:22:18.449000,5,14,+26.312,+2.789
0 days 01:22:22.767000,5,14,+24.526,+1.445
0 days 01:22:29.133000,5,14,+22.977,+1.192
0 days 01:22:34.975000,5,14,+22.708,+1.392
0 days 01:22:42.831000,5,14,+23.603,+1.564
0 days 01:22:48.806000,5,14,+23.484,+0.980
0 days 01:22:53.034000,5,14,+22.708,+1.243
0 days 01:22:58.629000,5,14,+21.059,+1.411
0 days 01:23:04.295000,5,14,+19.226,+1.696
0 days 01:23:15.571000,5,14,+21.786,+1.765
0 days 01:23:23.271000,5,14,+20.168,+2.256
0 days 01:23:27.761000,5,14,+19.795,+1.871
0 days 01:23:35.251000,5,14,+18.690,+1.968
0 days 01:23:38.432000,5,14,+18.455,+1.690
0 days 01:23:52.528000,5,14,+23.579,+1.322
0 days 01:23:56.870000,5,14,+23.105,+1.392
0 days 01:23:59.159000,5,14,+23.213,+1.443
0 days 01:24:06.323000,5,14,+21.943,+1.749
0 days 01:24:10.637000,5,14,+21.355,+2.058
0 days 01:24:15.076000,5,14,+20.529,+1.851
0 days 01:24:20.181000,5,14,+20.581,+1.969
0 days 01:24:26.892000,5,14,+19.157,+1.482
0 days 01:24:31.319000,5,14,+18.777,+1.090
0 days 01:24:34.010000,5,14,+17.387,+1.016
0 days 01:24:41.224000,5,14,+17.646,+0.693
0 days 01:24:48.947000,5,14,+18.795,+1.317
0 days 01:24:57.920000,5,14,+20.879,+0.968
0 days 01:25:04.245000,5,14,+20.132,+0.719
0 days 01:25:09.599000,5,14,+19.047,+0.646
0 days 01:25:15.817000,5,14,+18.062,+0.960
0 days 01:25:21.666000,5,14,+17.379,+1.556
0 days 01:25:31.732000,5,14,+18.111,+1.223
0 days 01:25:39.925000,5,14,+17.021,+0.868
0 days 01:25:44.566000,5,14,+16.178,+0.623
0 days 01:25:53.455000,5,14,+16.956,+0.595
0 days 01:25:57.896000,5,14,+18.205,+0.729
0 days 01:26:13.481000,5,14,+24.132,+1.187
0 days 01:26:17.026000,5,14,+24.548,+1.490
0 days 01:26:19.163000,5,14,+24.496,+1.501
0 days 01:26:26.127000,5,14,+23.370,+1.768
0 days 01:26:30.418000,5,14,+22.241,+1.933
0 days 01:26:34.636000,5,14,+21.429,+1.995
0 days 01:26:39.521000,5,14,+21.111,+2.123
0 days 01:26:45.879000,5,14,+19.414,+2.367
0 days 01:26:50.049000,5,14,+18.865,+1.216
0 days 01:26:54.164000,5,14,+19.396,+1.099
0 days 01:27:00.252000,5,14,+19.016,+0.942
0 days 01:27:06.676000,5,14,+19.878,+0.955
0 days 01:27:14.611000,5,14,+20.843,+0.893
0 days 01:27:20.608000,5,14,+21.446,+1.062
0 days 01:27:25.175000,5,14,+20.386,+1.320
0 days 01:27:30.694000,5,14,+19.367,+1.474
0 days 01:27:36.792000,5,14,+16.330,+0.645
0 days 01:27:49.335000,5,14,+11.114,+0.781
0 days 01:27:56.309000,5,14,+10.024,+0.889
0 days 01:28:00.350000,5,14,+9.965,+0.868
0 days 01:28:07.515000,5,14,+10.183,+1.039
0 days 01:28:10.215000,5,14,+10.287,+1.094
0 days 01:28:17.034000,5,14,+10.491,+1.242
0 days 01:28:19.897000,5,14,+10.496,+1.266
0 days 01:28:21.668000,5,14,+10.634,+1.188
0 days 01:28:28.222000,5,14,+11.005,+1.336
0 days 01:28:32.151000,5,14,+11.046,+1.410
0 days 01:28:36.077000,5,14,+11.229,+1.479
0 days 01:28:40.670000,5,14,+11.319,+1.434
0 days 01:28:46.695000,5,14,+11.594,+1.474
0 days 01:28:50.423000,5,14,+11.726,+1.438
0 days 01:28:52.798000,5,14,+11.769,+1.450
0 days 01:28:57.683000,5,14,+11.987,+1.416
0 days 01:29:01.870000,5,14,+12.183,+1.692
0 days 01:29:06.134000,5,14,+12.238,+1.721
0 days 01:29:10.288000,5,14,+12.234,+1.787
0 days 01:29:13.738000,5,14,+12.116,+1.836
0 days 01:29:18.652000,5,14,+12.357,+2.079
0 days 01:29:23.266000,5,14,+12.599,+2.065
0 days 01:29:30.380000,5,14,+13.064,+2.300
0 days 01:29:37.311000,5,14,+13.688,+2.550
0 days 01:29:41.284000,5,14,+14.004,+2.685
0 days 01:29:48.273000,5,14,+14.272,+2.710
0 days 01:29:50.812000,5,14,+14.407,+2.750
0 days 01:29:57.277000,5,14,+14.478,+2.778
0 days 01:30:00.135000,5,14,+14.463,+2.799
0 days 01:30:01.811000,5,14,+14.557,+2.711
0 days 01:30:07.897000,5,14,+14.612,+2.648
0 days 01:30:11.730000,5,14,+14.564,+2.688
0 days 01:30:15.519000,5,14,+14.676,+2.837
0 days 01:30:19.998000,5,14,+14.766,+2.715
0 days 01:30:25.796000,5,14,+14.865,+2.663
0 days 01:30:29.274000,5,14,+14.889,+2.504
0 days 01:30:31.510000,5,14,+14.883,+2.459
0 days 01:30:36.251000,5,14,+15.085,+2.415
0 days 01:30:39.996000,5,14,+15.158,+2.470
0 days 01:30:44.120000,5,14,+15.172,+2.440
0 days 01:30:48.237000,5,14,+15.136,+2.503
0 days 01:30:51.652000,5,14,+15.038,+2.583
0 days 01:30:56.427000,5,14,+15.251,+2.915
0 days 01:31:00.949000,5,14,+15.423,+2.821
0 days 01:31:07.835000,5,14,+15.627,+2.980
0 days 01:31:14.396000,5,14,+16.077,+3.031
0 days 01:31:18.437000,5,14,+16.190,+3.013
0 days 01:31:25.085000,5,14,+16.249,+2.943
0 days 01:31:27.624000,5,14,+16.425,+3.081
0 days 01:31:33.912000,5,14,+16.503,+3.129
0 days 01:31:36.813000,5,14,+16.494,+3.151
0 days 01:31:38.426000,5,14,+16.578,+3.142
0 days 01:31:44.336000,5,14,+16.879,+3.054
0 days 01:31:48.080000,5,14,+16.896,+3.087
0 days 01:31:51.875000,5,14,+17.121,+3.059
0 days 01:31:56.321000,5,14,+17.394,+3.066
0 days 01:32:01.950000,5,14,+17.479,+3.015
0 days 01:32:05.336000,5,14,+17.662,+2.914
0 days 01:32:07.572000,5,14,+17.690,+2.901
0 days 01:32:12.154000,5,14,+17.966,+2.888
0 days 01:32:15.932000,5,14,+18.213,+3.043
0 days 01:32:20.046000,5,14,+18.271,+3.084
0 days 01:32:24.171000,5,14,+18.267,+3.207
0 days 01:32:27.655000,5,14,+18.214,+3.343
0 days 01:32:32.253000,5,14,+18.414,+3.233
0 days 01:32:36.581000,5,14,+18.460,+2.873
0 days 01:32:43.497000,5,14,+18.746,+3.040
0 days 01:32:50.124000,5,14,+19.253,+3.193
0 days 01:32:53.897000,5,14,+19.383,+3.220
0 days 01:33:00.773000,5,14,+19.775,+3.345
0 days 01:33:03.199000,5,14,+19.872,+3.371
0 days 01:33:09.599000,5,14,+19.998,+3.484
0 days 01:33:12.383000,5,14,+19.979,+3.526
0 days 01:33:13.994000,5,14,+20.034,+3.459
0 days 01:33:19.941000,5,14,+20.274,+3.433
0 days 01:33:23.713000,5,14,+20.210,+3.415
0 days 01:33:27.318000,5,14,+20.386,+3.448
0 days 01:33:31.784000,5,14,+20.509,+3.406
0 days 01:33:37.374000,5,14,+20.624,+3.436
0 days 01:33:40.751000,5,14,+20.755,+3.291
0 days 01:33:42.970000,5,14,+20.785,+3.277
0 days 01:33:47.555000,5,14,+21.064,+3.235
0 days 01:33:51.131000,5,14,+21.078,+3.187
0 days 01:33:55.166000,5,14,+21.091,+3.202
0 days 01:33:59.326000,5,14,+21.066,+3.275
0 days 01:34:02.822000,5,14,+21.010,+3.395
0 days 01:34:07.378000,5,14,+21.232,+3.389
0 days 01:34:11.680000,5,14,+21.326,+3.075
0 days 01:34:18.440000,5,14,+21.500,+3.211
0 days 01:34:25.081000,5,14,+21.934,+3.425
0 days 01:34:28.676000,5,14,+21.963,+3.404
0 days 01:34:35.525000,5,14,+22.439,+3.475
0 days 01:34:37.960000,5,14,+22.469,+3.468
0 days 01:34:44.217000,5,14,+22.464,+3.461
0 days 01:34:47.026000,5,14,+22.426,+3.462
0 days 01:34:48.683000,5,14,+22.544,+3.458
0 days 01:34:54.498000,5,14,+22.517,+3.301
0 days 01:34:58.198000,5,14,+22.425,+3.289
0 days 01:35:01.803000,5,14,+22.564,+3.289
0 days 01:35:06.366000,5,14,+22.740,+3.221
0 days 01:35:11.998000,5,14,+22.953,+3.214
0 days 01:35:15.337000,5,14,+23.025,+2.940
0 days 01:35:17.538000,5,14,+23.019,+2.874
0 days 01:35:21.873000,5,14,+23.240,+2.634
0 days 01:35:25.613000,5,14,+23.362,+2.655
0 days 01:35:29.656000,5,14,+23.413,+2.698
0 days 01:35:33.765000,5,14,+23.378,+2.859
0 days 01:35:37.223000,5,14,+23.272,+3.045
0 days 01:35:41.711000,5,14,+23.515,+2.803
0 days 01:35:46.003000,5,14,+23.597,+2.317
0 days 01:35:52.796000,5,14,+23.897,+2.370
0 days 01:35:59.338000,5,14,+24.350,+2.554
0 days 01:36:02.941000,5,14,+24.363,+2.204
0 days 01:36:09.755000,5,14,+24.906,+2.335
0 days 01:36:12.282000,5,14,+24.974,+2.392
0 days 01:36:18.628000,5,14,+25.068,+2.458
0 days 01:36:21.430000,5,14,+25.061,+2.441
0 days 01:36:23.165000,5,14,+25.194,+2.453
0 days 01:36:28.982000,5,14,+25.404,+2.378
0 days 01:36:32.681000,5,14,+25.387,+2.374
0 days 01:36:36.340000,5,14,+25.488,+2.487
0 days 01:36:40.939000,5,14,+25.658,+2.633
0 days 01:36:46.719000,5,14,+26.042,+2.893
0 days 01:36:50,5,14,+26.256,+2.809
0 days 01:36:52.188000,5,14,+26.274,+2.754
0 days 01:36:56.563000,5,14,+26.514,+2.705
0 days 01:37:00.255000,5,14,+26.608,+2.700
0 days 01:37:04.301000,5,14,+26.669,+2.747
0 days 01:37:08.418000,5,14,+26.639,+2.886
0 days 01:37:11.878000,5,14,+26.552,+2.983
0 days 01:37:16.339000,5,14,+26.735,+2.680
0 days 01:37:20.554000,5,14,+26.823,+2.616
0 days 01:37:27.361000,5,14,+27.105,+2.791
0 days 01:37:33.853000,5,14,+27.492,+2.876
0 days 01:37:37.403000,5,14,+27.389,+2.679
0 days 01:37:44.271000,5,14,+27.998,+3.007
0 days 01:37:46.758000,5,14,+28.130,+3.065
0 days 01:37:52.954000,5,14,+28.133,+3.144
0 days 01:37:55.899000,5,14,+28.109,+3.256
0 days 01:37:57.406000,5,14,+28.133,+3.206
0 days 01:38:02.999000,5,14,+28.135,+2.924
0 days 01:38:06.652000,5,14,+28.125,+2.949
0 days 01:38:10.401000,5,14,+28.360,+2.988
0 days 01:38:14.940000,5,14,+28.654,+3.092
0 days 01:38:20.555000,5,14,+28.922,+3.090
0 days 01:38:23.811000,5,14,+29.123,+2.823
0 days 01:38:25.971000,5,14,+29.147,+2.754
0 days 01:38:30.247000,5,14,+29.330,+2.512
0 days 01:38:33.839000,5,14,+29.410,+2.460
0 days 01:38:37.893000,5,14,+29.466,+2.477
0 days 01:38:42,5,14,+29.412,+2.580
0 days 01:38:45.439000,5,14,+29.304,+2.683
0 days 01:38:49.931000,5,14,+29.471,+2.480
0 days 01:38:54.431000,5,14,+29.802,+2.757
0 days 01:39:01.289000,5,14,+30.136,+3.314
0 days 01:39:07.742000,5,14,+30.449,+2.776
0 days 01:39:11.383000,5,14,+30.539,+2.469
0 days 01:39:18.457000,5,14,+31.160,+2.662
0 days 01:39:20.816000,5,14,+31.331,+2.605
0 days 01:39:27.117000,5,14,+31.440,+2.670
0 days 01:39:29.912000,5,14,+31.433,+2.782
0 days 01:39:31.531000,5,14,+31.459,+2.700
0 days 01:39:37.157000,5,14,+31.488,+2.516
0 days 01:39:40.840000,5,14,+31.493,+2.560
0 days 01:39:44.515000,5,14,+31.683,+2.635
0 days 01:39:49.117000,5,14,+32.034,+2.708
0 days 01:39:54.749000,5,14,+32.395,+2.634
0 days 01:39:58.001000,5,14,+32.663,+2.565
0 days 01:40:00.156000,5,14,+32.721,+2.543
0 days 01:40:04.401000,5,14,+32.881,+2.394
0 days 01:40:08.025000,5,14,+32.983,+2.364
0 days 01:40:12.093000,5,14,+33.028,+2.357
0 days 01:40:16.199000,5,14,+32.975,+2.368
0 days 01:40:19.609000,5,14,+32.890,+2.371
0 days 01:40:24.273000,5,14,+33.374,+2.511
0 days 01:40:28.622000,5,14,+33.538,+2.533
0 days 01:40:35.408000,5,14,+33.791,+2.602
0 days 01:40:41.779000,5,14,+34.092,+2.674
0 days 01:40:45.272000,5,14,+34.068,+2.562
0 days 01:40:51.981000,5,14,+34.680,+2.822
0 days 01:40:54.504000,5,14,+34.822,+2.747
0 days 01:41:00.802000,5,14,+34.906,+2.751
0 days 01:41:03.579000,5,14,+34.877,+2.734
0 days 01:41:05.167000,5,14,+34.928,+2.639
0 days 01:41:10.910000,5,14,+35.109,+2.513
0 days 01:41:14.520000,5,14,+35.148,+2.463
0 days 01:41:18.066000,5,14,+35.181,+2.319
0 days 01:41:22.635000,5,14,+35.531,+2.495
0 days 01:41:28.418000,5,14,+36.120,+1.475
0 days 01:41:31.832000,5,14,+36.428,+1.001
0 days 01:41:34.026000,5,14,+36.478,+0.927
0 days 01:41:38.404000,5,14,+36.739,+0.877
0 days 01:41:42.020000,5,14,+36.938,+0.970
0 days 01:41:46.072000,5,14,+37.017,+0.995
0 days 01:41:50.141000,5,14,+36.946,+1.005
0 days 01:41:53.563000,5,14,+36.828,+0.959
0 days 01:41:58.169000,5,14,+37.288,+1.080
0 days 01:42:02.484000,5,14,+37.496,+1.213
0 days 01:42:09.299000,5,14,+37.789,+1.548
0 days 01:42:15.654000,5,14,+38.138,+1.558
0 days 01:42:19.146000,5,14,+38.107,+1.264
0 days 01:42:26.120000,5,14,+38.866,+1.572
0 days 01:42:28.702000,5,14,+38.997,+1.698
0 days 01:42:34.860000,5,14,+39.065,+1.709
0 days 01:42:37.688000,5,14,+39.052,+1.715
0 days 01:42:39.260000,5,14,+39.086,+1.641
0 days 01:42:45.202000,5,14,+39.542,+1.826
0 days 01:42:48.959000,5,14,+39.605,+1.874
0 days 01:42:52.599000,5,14,+39.736,+2.040
0 days 01:42:57.181000,5,14,+40.066,+2.202
0 days 01:43:02.792000,5,14,+40.418,+2.309
0 days 01:43:06.059000,5,14,+40.689,+2.325
0 days 01:43:08.229000,5,14,+40.738,+2.326
0 days 01:43:12.365000,5,14,+40.866,+2.240
0 days 01:43:16.059000,5,14,+41.057,+2.390
0 days 01:43:20.084000,5,14,+41.141,+2.438
0 days 01:43:24.193000,5,14,+41.109,+2.574
0 days 01:43:27.599000,5,14,+41.045,+2.605
0 days 01:43:32.133000,5,14,+41.437,+2.639
0 days 01:43:36.946000,5,14,+41.990,+3.223
0 days 01:43:43.773000,5,14,+42.259,+3.803
0 days 01:43:50.343000,5,14,+42.680,+3.264
0 days 01:43:53.842000,5,14,+42.654,+2.869
0 days 01:44:00.774000,5,14,+43.367,+3.037
0 days 01:44:03.337000,5,14,+43.439,+2.898
0 days 01:44:09.642000,5,14,+43.557,+2.945
0 days 01:44:12.460000,5,14,+43.533,+3.032
0 days 01:44:14.076000,5,14,+43.604,+2.947
0 days 01:44:19.859000,5,14,+43.912,+2.909
0 days 01:44:23.546000,5,14,+43.938,+2.926
0 days 01:44:27.089000,5,14,+44.006,+2.992
0 days 01:44:31.634000,5,14,+44.388,+3.136
0 days 01:44:37.267000,5,14,+44.697,+3.029
0 days 01:44:40.543000,5,14,+45.003,+3.000
0 days 01:44:42.719000,5,14,+45.087,+3.011
0 days 01:44:46.943000,5,14,+45.292,+2.977
0 days 01:44:50.460000,5,14,+45.406,+2.955
0 days 01:44:54.504000,5,14,+45.472,+2.948
0 days 01:44:58.604000,5,14,+45.443,+2.941
0 days 01:45:02.058000,5,14,+45.395,+2.913
0 days 01:45:06.620000,5,14,+45.745,+2.911
0 days 01:45:11.104000,5,14,+46.006,+3.042
0 days 01:45:17.816000,5,14,+46.190,+3.103
0 days 01:45:24.281000,5,14,+46.524,+3.249
0 days 01:45:27.967000,5,14,+46.595,+3.062
0 days 01:45:34.760000,5,14,+47.143,+3.175
0 days 01:45:37.353000,5,14,+47.251,+3.057
0 days 01:45:43.517000,5,14,+47.303,+3.041
0 days 01:45:46.368000,5,14,+47.297,+3.032
0 days 01:45:47.961000,5,14,+47.375,+3.074
0 days 01:45:53.788000,5,14,+47.695,+3.186
0 days 01:45:57.412000,5,14,+47.692,+3.160
0 days 01:46:01.085000,5,14,+47.841,+3.221
0 days 01:46:05.616000,5,14,+48.177,+3.348
0 days 01:46:11.215000,5,14,+48.400,+3.177
0 days 01:46:14.433000,5,14,+48.686,+3.144
0 days 01:46:16.567000,5,14,+48.733,+3.119
0 days 01:46:20.693000,5,14,+48.864,+3.046
0 days 01:46:24.261000,5,14,+48.963,+2.997
0 days 01:46:28.296000,5,14,+49.035,+2.982
0 days 01:46:32.420000,5,14,+49.033,+2.981
0 days 01:46:35.876000,5,14,+48.982,+2.949
0 days 01:46:40.482000,5,14,+49.346,+3.008
0 days 01:46:44.988000,5,14,+49.522,+3.228
0 days 01:46:51.804000,5,14,+49.728,+3.342
0 days 01:46:58.262000,5,14,+50.014,+3.420
0 days 01:47:01.936000,5,14,+50.119,+3.403
0 days 01:47:08.745000,5,14,+50.605,+3.598
0 days 01:47:11.235000,5,14,+50.644,+3.481
0 days 01:47:17.485000,5,14,+50.658,+3.427
0 days 01:47:20.290000,5,14,+50.664,+3.415
0 days 01:47:21.805000,5,14,+50.729,+3.341
0 days 01:47:27.436000,5,14,+50.559,+3.356
0 days 01:47:31.104000,5,14,+50.486,+3.339
0 days 01:47:34.640000,5,14,+50.507,+3.279
0 days 01:47:39.250000,5,14,+50.853,+3.484
0 days 01:47:45.091000,5,14,+51.201,+3.590
0 days 01:47:48.217000,5,14,+51.407,+3.688
0 days 01:47:50.380000,5,14,+51.435,+3.696
0 days 01:47:54.457000,5,14,+51.472,+3.655
0 days 01:47:58.020000,5,14,+51.558,+3.614
0 days 01:48:02.019000,5,14,+51.616,+3.593
0 days 01:48:06.106000,5,14,+51.585,+3.582
0 days 01:48:09.580000,5,14,+51.542,+3.543
0 days 01:48:14.085000,5,14,+51.786,+3.412
0 days 01:48:18.509000,5,14,+52.074,+3.361
0 days 01:48:25.187000,5,14,+52.269,+3.392
0 days 01:48:31.637000,5,14,+52.617,+3.243
0 days 01:48:35.205000,5,14,+52.718,+2.972
0 days 01:48:42.078000,5,14,+53.115,+3.170
0 days 01:48:44.575000,5,14,+53.221,+3.014
0 days 01:48:50.762000,5,14,+53.276,+2.888
0 days 01:48:53.621000,5,14,+53.283,+2.878
0 days 01:48:55.171000,5,14,+53.348,+2.889
0 days 01:49:00.840000,5,14,+53.504,+2.800
0 days 01:49:04.389000,5,14,+53.508,+2.750
0 days 01:49:07.958000,5,14,+53.554,+2.750
0 days 01:49:12.534000,5,14,+54.006,+2.918
0 days 01:49:18.276000,5,14,+54.300,+2.922
0 days 01:49:21.465000,5,14,+54.559,+2.915
0 days 01:49:23.608000,5,14,+54.600,+2.897
0 days 01:49:27.689000,5,14,+54.726,+2.850
0 days 01:49:31.202000,5,14,+54.773,+2.760
0 days 01:49:35.210000,5,14,+54.818,+2.730
0 days 01:49:39.360000,5,14,+54.809,+2.720
0 days 01:49:42.806000,5,14,+54.778,+2.693
0 days 01:49:47.401000,5,14,+55.201,+2.698
0 days 01:49:51.786000,5,14,+55.300,+2.787
0 days 01:49:58.514000,5,14,+55.540,+2.955
0 days 01:50:05.062000,5,14,+55.787,+2.972
0 days 01:50:08.590000,5,14,+55.858,+2.883
0 days 01:50:15.489000,5,14,+56.329,+3.135
0 days 01:50:17.984000,5,14,+56.398,+3.101
0 days 01:50:24.126000,5,14,+56.392,+3.018
0 days 01:50:26.949000,5,14,+56.388,+3.009
0 days 01:50:28.477000,5,14,+56.400,+2.953
0 days 01:50:34.039000,5,14,+56.495,+2.783
0 days 01:50:37.704000,5,14,+56.467,+2.678
0 days 01:50:41.123000,5,14,+56.421,+2.601
0 days 01:50:45.646000,5,14,+56.744,+2.812
0 days 01:50:51.221000,5,14,+56.983,+2.726
0 days 01:50:54.440000,5,14,+57.224,+2.592
0 days 01:50:56.631000,5,14,+57.294,+2.549
0 days 01:51:00.771000,5,14,+57.469,+2.497
0 days 01:51:04.304000,5,14,+57.553,+2.435
0 days 01:51:08.308000,5,14,+57.608,+2.409
0 days 01:51:12.463000,5,14,+57.603,+2.404
0 days 01:51:15.890000,5,14,+57.568,+2.380
0 days 01:51:20.427000,5,14,+57.888,+2.394
0 days 01:51:24.772000,5,14,+57.904,+2.357
0 days 01:51:31.382000,5,14,+57.988,+2.320
0 days 01:51:37.809000,5,14,+58.204,+2.392
0 days 01:51:41.318000,5,14,+58.218,+2.319
0 days 01:51:48.224000,5,14,+58.702,+2.596
0 days 01:51:50.732000,5,14,+58.809,+2.618
0 days 01:51:56.868000,5,14,+58.826,+2.567
0 days 01:51:59.663000,5,14,+58.833,+2.557
0 days 01:52:01.239000,5,14,+58.843,+2.538
0 days 01:52:06.721000,5,14,+58.881,+2.518
0 days 01:52:10.359000,5,14,+58.880,+2.513
0 days 01:52:13.919000,5,14,+58.963,+2.530
0 days 01:52:18.427000,5,14,+59.319,+2.719
0 days 01:52:24.042000,5,14,+59.527,+2.713
0 days 01:52:27.264000,5,14,+59.786,+2.676
0 days 01:52:29.407000,5,14,+59.833,+2.650
0 days 01:52:33.521000,5,14,+59.945,+2.585
0 days 01:52:36.990000,5,14,+60.015,+2.570
0 days 01:52:41.060000,5,14,+60.122,+2.609
0 days 01:52:45.174000,5,14,+60.128,+2.610
0 days 01:52:48.690000,5,14,+60.107,+2.580
0 days 01:52:53.186000,5,14,+60.425,+2.643
0 days 01:52:57.505000,5,14,+60.603,+2.687
0 days 01:53:04.226000,5,14,+60.841,+2.813
0 days 01:53:10.538000,5,14,+60.925,+2.569
0 days 01:53:14.082000,5,14,+61.051,+2.463
0 days 01:53:21.139000,5,14,+61.701,+2.887
0 days 01:53:23.664000,5,14,+61.857,+2.808
0 days 01:53:29.877000,5,14,+61.870,+2.768
0 days 01:53:32.647000,5,14,+61.888,+2.753
0 days 01:53:34.183000,5,14,+61.884,+2.748
0 days 01:53:39.720000,5,14,+61.944,+2.603
0 days 01:53:43.161000,5,14,+61.954,+2.553
0 days 01:53:46.688000,5,14,+61.984,+2.425
0 days 01:53:51.281000,5,14,+62.305,+2.612
0 days 01:53:56.732000,5,14,+62.386,+2.500
0 days 01:54:00.027000,5,14,+62.770,+2.636
0 days 01:54:02.299000,5,14,+62.876,+2.675
0 days 01:54:06.348000,5,14,+63.093,+2.624
0 days 01:54:09.905000,5,14,+63.215,+2.578
0 days 01:54:13.926000,5,14,+63.276,+2.560
0 days 01:54:18.138000,5,14,+63.268,+2.541
0 days 01:54:21.422000,5,14,+63.239,+2.493
0 days 01:54:25.939000,5,14,+63.462,+2.413
0 days 01:54:30.120000,5,14,+63.523,+2.393
0 days 01:54:36.811000,5,14,+63.666,+2.421
0 days 01:54:43.191000,5,14,+64.003,+2.503
0 days 01:54:46.789000,5,14,+64.074,+2.535
0 days 01:54:53.625000,5,14,+64.471,+2.792
0 days 01:54:55.988000,5,14,+64.584,+2.708
0 days 01:55:02.162000,5,14,+64.552,+2.668
0 days 01:55:05.043000,5,14,+64.565,+2.655
0 days 01:55:06.525000,5,14,+64.552,+2.682
0 days 01:55:12.083000,5,14,+64.655,+2.737
0 days 01:55:15.823000,5,14,+64.685,+2.769
0 days 01:55:19.279000,5,14,+64.592,+2.660
0 days 01:55:23.689000,5,14,+64.856,+2.777
0 days 01:55:29.312000,5,14,+65.010,+2.734
0 days 01:55:32.486000,5,14,+65.292,+2.780
0 days 01:55:34.614000,5,14,+65.356,+2.782
0 days 01:55:38.708000,5,14,+65.575,+2.783
0 days 01:55:42.223000,5,14,+65.632,+2.732
0 days 01:55:46.213000,5,14,+65.690,+2.709
0 days 01:55:50.361000,5,14,+65.707,+2.700
0 days 01:55:53.795000,5,14,+65.703,+2.657
0 days 01:55:58.273000,5,14,+65.935,+2.651
0 days 01:56:02.438000,5,14,+66.030,+2.612
0 days 01:56:09.044000,5,14,+66.143,+2.670
0 days 01:56:15.449000,5,14,+66.492,+2.678
0 days 01:56:18.949000,5,14,+66.534,+2.702
0 days 01:56:25.862000,5,14,+67.067,+3.071
0 days 01:56:28.175000,5,14,+67.167,+2.990
0 days 01:56:34.409000,5,14,+67.186,+2.928
0 days 01:56:37.244000,5,14,+67.207,+2.921
0 days 01:56:38.766000,5,14,+67.191,+2.895
0 days 01:56:44.178000,5,14,+67.345,+2.816
0 days 01:56:47.823000,5,14,+67.367,+2.777
0 days 01:56:51.268000,5,14,+67.331,+2.735
0 days 01:56:55.809000,5,14,+67.679,+2.938
0 days 01:57:01.233000,5,14,+67.726,+2.769
0 days 01:57:04.388000,5,14,+67.896,+2.706
0 days 01:57:06.485000,5,14,+67.933,+2.669
0 days 01:57:10.561000,5,14,+68.085,+2.545
0 days 01:57:14.056000,5,14,+68.190,+2.459
0 days 01:57:18.063000,5,14,+68.249,+2.433
0 days 01:57:22.163000,5,14,+68.228,+2.406
0 days 01:57:25.598000,5,14,+68.202,+2.375
0 days 01:57:30.014000,5,14,+68.442,+2.382
0 days 01:57:34.153000,5,14,+68.422,+2.274
0 days 01:57:40.849000,5,14,+68.610,+2.391
0 days 01:57:47.151000,5,14,+68.906,+2.522
0 days 01:57:50.582000,5,14,+68.964,+2.495
0 days 01:57:57.338000,5,14,+69.393,+2.691
0 days 01:57:59.784000,5,14,+69.477,+2.609
0 days 01:58:05.835000,5,14,+69.451,+2.543
0 days 01:58:08.655000,5,14,+69.469,+2.533
0 days 01:58:10.132000,5,14,+69.460,+2.506
0 days 01:58:15.707000,5,14,+69.507,+2.533
0 days 01:58:19.244000,5,14,+69.486,+2.525
0 days 01:58:22.725000,5,14,+69.475,+2.588
0 days 01:58:27.166000,5,14,+69.642,+2.735
0 days 01:58:32.651000,5,14,+69.789,+2.636
0 days 01:58:35.807000,5,14,+70.085,+2.607
0 days 01:58:37.963000,5,14,+70.169,+2.600
0 days 01:58:42.011000,5,14,+70.320,+2.520
0 days 01:58:45.511000,5,14,+70.400,+2.502
0 days 01:58:49.510000,5,14,+70.462,+2.496
0 days 01:58:53.579000,5,14,+70.455,+2.465
0 days 01:58:57.050000,5,14,+70.443,+2.429
0 days 01:59:01.325000,5,14,+70.589,+2.467
0 days 01:59:05.452000,5,14,+70.741,+2.445
0 days 01:59:12.169000,5,14,+70.936,+2.579
0 days 01:59:18.551000,5,14,+71.130,+2.646
0 days 01:59:22.016000,5,14,+71.228,+2.733
0 days 01:59:28.669000,5,14,+71.519,+2.908
0 days 01:59:31.064000,5,14,+71.626,+2.862
0 days 01:59:37.260000,5,14,+71.607,+2.831
0 days 01:59:40.163000,5,14,+71.626,+2.813
0 days 01:59:41.667000,5,14,+71.602,+2.800
0 days 01:59:47.066000,5,14,+71.716,+2.883
0 days 01:59:50.621000,5,14,+71.716,+2.869
0 days 01:59:54.050000,5,14,+71.635,+2.926
0 days 01:59:58.525000,5,14,+71.850,+3.150
0 days 02:00:03.986000,5,14,+71.993,+3.014
0 days 02:00:07.151000,5,14,+72.224,+2.908
0 days 02:00:09.260000,5,14,+72.272,+2.859
0 days 02:00:13.178000,5,14,+72.388,+2.711
0 days 02:00:16.696000,5,14,+72.379,+2.677
0 days 02:00:20.685000,5,14,+72.397,+2.654
0 days 02:00:24.789000,5,14,+72.400,+2.626
0 days 02:00:28.166000,5,14,+72.391,+2.567
0 days 02:00:32.513000,5,14,+72.536,+2.586
0 days 02:00:36.550000,5,14,+72.565,+2.524
0 days 02:00:43.167000,5,14,+72.680,+2.654
0 days 02:00:49.401000,5,14,+72.829,+2.677
0 days 02:00:52.769000,5,14,+72.901,+2.609
0 days 02:00:59.366000,5,14,+73.056,+2.719
0 days 02:01:01.836000,5,14,+73.157,+2.737
0 days 02:01:08.036000,5,14,+73.265,+2.785
0 days 02:01:10.827000,5,14,+73.299,+2.779
0 days 02:01:12.338000,5,14,+73.277,+2.776
0 days 02:01:17.825000,5,14,+73.575,+3.038
0 days 02:01:21.468000,5,14,+73.636,+3.056
0 days 02:01:24.883000,5,14,+73.629,+2.923
0 days 02:01:29.299000,5,14,+73.950,+3.103
0 days 02:01:34.739000,5,14,+74.057,+2.954
0 days 02:01:37.937000,5,14,+74.394,+3.066
0 days 02:01:40.132000,5,14,+74.510,+3.116
0 days 02:01:44.197000,5,14,+74.622,+3.117
0 days 02:01:47.677000,5,14,+74.636,+3.108
0 days 02:01:51.698000,5,14,+74.688,+3.088
0 days 02:01:55.816000,5,14,+74.846,+3.089
0 days 02:01:59.270000,5,14,+75.032,+3.077
0 days 02:02:03.510000,5,14,+75.136,+3.058
0 days 02:02:07.540000,5,14,+75.225,+3.021
0 days 02:02:14.097000,5,14,+75.427,+3.072
0 days 02:02:20.415000,5,14,+75.625,+3.159
0 days 02:02:23.930000,5,14,+75.869,+3.218
0 days 02:02:30.590000,5,14,+76.075,+3.554
0 days 02:02:33.152000,5,14,+76.177,+3.671
0 days 02:02:39.355000,5,14,+76.237,+3.736
0 days 02:02:42.144000,5,14,+76.280,+3.729
0 days 02:02:43.665000,5,14,+76.270,+3.718
0 days 02:02:49.124000,5,14,+76.415,+3.929
0 days 02:02:52.744000,5,14,+76.427,+3.971
0 days 02:02:56.215000,5,14,+76.337,+4.000
0 days 02:03:00.640000,5,14,+76.628,+4.133
0 days 02:03:06.110000,5,14,+76.834,+4.012
0 days 02:03:09.306000,5,14,+77.215,+4.139
0 days 02:03:11.503000,5,14,+77.286,+4.143
0 days 02:03:15.579000,5,14,+77.542,+4.046
0 days 02:03:19.045000,5,14,+77.665,+4.007
0 days 02:03:23.177000,5,14,+77.702,+3.973
0 days 02:03:27.143000,5,14,+77.712,+3.956
0 days 02:03:30.566000,5,14,+77.714,+3.916
0 days 02:03:34.952000,5,14,+78.002,+3.926
0 days 02:03:38.892000,5,14,+78.136,+3.783
0 days 02:03:45.504000,5,14,+78.291,+3.840
0 days 02:03:51.765000,5,14,+78.582,+4.023
0 days 02:03:55.311000,5,14,+78.871,+4.150
0 days 02:04:01.987000,5,14,+79.183,+4.322
0 days 02:04:04.273000,5,14,+79.325,+4.237
0 days 02:04:10.444000,5,14,+79.351,+4.191
0 days 02:04:13.314000,5,14,+79.375,+4.176
0 days 02:04:14.853000,5,14,+79.421,+4.193
0 days 02:04:20.228000,5,14,+79.657,+4.369
0 days 02:04:23.770000,5,14,+79.669,+4.384
0 days 02:04:27.289000,5,14,+79.681,+4.401
0 days 02:04:31.745000,5,14,+79.989,+4.690
0 days 02:04:37.262000,5,14,+80.138,+4.588
0 days 02:04:40.281000,5,14,+80.377,+4.574
0 days 02:04:42.471000,5,14,+80.443,+4.567
0 days 02:04:46.313000,5,14,+80.519,+4.485
0 days 02:04:49.790000,5,14,+80.565,+4.471
0 days 02:04:53.794000,5,14,+80.612,+4.468
0 days 02:04:57.947000,5,14,+80.624,+4.460
0 days 02:05:01.347000,5,14,+80.622,+4.421
0 days 02:05:05.566000,5,14,+80.828,+4.455
0 days 02:05:09.586000,5,14,+80.948,+4.368
0 days 02:05:16.127000,5,14,+81.118,+4.442
0 days 02:05:22.258000,5,14,+81.329,+4.238
0 days 02:05:25.741000,5,14,+81.515,+4.260
0 days 02:05:32.397000,5,14,+81.978,+4.687
0 days 02:05:34.715000,5,14,+82.073,+4.626
0 days 02:05:40.946000,5,14,+82.102,+4.566
0 days 02:05:43.816000,5,14,+82.137,+4.550
0 days 02:05:45.207000,5,14,+82.152,+4.499
0 days 02:05:50.417000,5,14,+82.126,+4.337
0 days 02:05:53.914000,5,14,+82.116,+4.281
0 days 02:05:57.311000,5,14,+82.154,+4.273
0 days 02:06:01.754000,5,14,+82.429,+4.491
0 days 02:06:07.240000,5,14,+82.648,+4.390
0 days 02:06:10.430000,5,14,+82.946,+4.450
0 days 02:06:12.573000,5,14,+83.036,+4.475
0 days 02:06:16.574000,5,14,+83.164,+4.367
0 days 02:06:19.988000,5,14,+83.193,+4.253
0 days 02:06:23.988000,5,14,+83.236,+4.222
0 days 02:06:28.100000,5,14,+83.253,+4.198
0 days 02:06:31.585000,5,14,+83.256,+4.161
0 days 02:06:35.731000,5,14,+83.351,+4.154
0 days 02:06:39.667000,5,14,+83.393,+4.029
0 days 02:06:46.079000,5,14,+83.470,+4.093
0 days 02:06:52.263000,5,14,+83.662,+4.102
0 days 02:06:55.730000,5,14,+83.827,+4.101
0 days 02:07:02.304000,5,14,+84.225,+4.358
0 days 02:07:04.567000,5,14,+84.115,+4.291
0 days 02:07:10.750000,5,14,+84.132,+4.287
0 days 02:07:13.570000,5,14,+84.197,+4.287
0 days 02:07:15.016000,5,14,+84.121,+4.286
0 days 02:07:20.500000,5,14,+84.194,+4.489
0 days 02:07:24.171000,5,14,+84.203,+4.507
0 days 02:07:27.498000,5,14,+84.222,+4.536
0 days 02:07:31.967000,5,14,+84.540,+4.815
0 days 02:07:37.449000,5,14,+84.882,+4.797
0 days 02:07:40.540000,5,14,+85.111,+4.814
0 days 02:07:42.694000,5,14,+85.157,+4.767
0 days 02:07:46.823000,5,14,+85.294,+26.705
0 days 02:07:50.556000,5,13,+85.294,+26.705
0 days 02:07:50.631000,5,13,+85.840,+3.818
0 days 02:07:57.182000,5,13,+88.360,+3.220
0 days 02:08:04.591000,5,13,+91.719,+3.733
0 days 02:08:09.503000,5,13,+93.204,+4.579
0 days 02:08:15.275000,5,13,+94.876,+4.156
0 days 02:08:20.479000,5,13,+96.295,+2.836
0 days 02:08:29.693000,5,13,+99.284,+3.924
0 days 02:08:37.213000,5,13,+100.569,+4.074
0 days 02:08:42.320000,5,13,+102.133,+4.572
0 days 02:08:50.474000,5,13,+104.660,+5.125
0 days 02:09:28.731000,5,13,1 L,+9.173
0 days 02:09:31.149000,5,13,1 L,+9.136
0 days 02:09:40.484000,5,13,1 L,+9.727
0 days 02:09:45.148000,5,13,1 L,+10.193
0 days 02:09:49.456000,5,13,1 L,+10.456
0 days 02:09:54.266000,5,13,1 L,+10.767
0 days 02:10:00.690000,5,13,1 L,+10.995
0 days 02:10:04.656000,5,13,1 L,+8.697
0 days 02:10:07.203000,5,13,1 L,+7.915
0 days 02:10:12.371000,5,13,1 L,+6.175
0 days 02:10:18.541000,5,13,1 L,+5.727
0 days 02:10:27.103000,5,13,1 L,+7.022
0 days 02:10:32.229000,5,13,1 L,+7.038
0 days 02:10:37.023000,5,13,1 L,+7.892
0 days 02:10:42.517000,5,13,1 L,+8.041
0 days 02:10:47.045000,5,13,1 L,+7.742
0 days 02:10:54.632000,5,13,1 L,+7.788
0 days 02:11:02.267000,5,13,1 L,+7.896
0 days 02:11:07.417000,5,13,1 L,+8.191
0 days 02:11:15.657000,5,13,1 L,+8.919
0 days 02:11:18.531000,5,13,1 L,+9.006
0 days 02:11:25.627000,5,13,1 L,+8.979
0 days 02:11:29.824000,5,13,1 L,+9.978
0 days 02:11:31.945000,5,13,1 L,+10.200
0 days 02:11:38.436000,5,13,1 L,+10.508
0 days 02:11:43.473000,5,13,1 L,+11.523
0 days 02:11:47.991000,5,13,1 L,+12.131
0 days 02:11:52.520000,5,13,1 L,+12.328
0 days 02:11:58.820000,5,13,1 L,+12.727
0 days 02:12:03.552000,5,13,1 L,+13.533
0 days 02:12:07.335000,5,13,1 L,+14.945
0 days 02:12:13.742000,5,13,1 L,+16.181
0 days 02:12:21.700000,5,13,1 L,+16.282
0 days 02:12:29.861000,5,13,1 L,+18.647
0 days 02:12:36.472000,5,13,1 L,+20.845
0 days 02:12:42.095000,5,13,1 L,+22.920
0 days 02:12:48.948000,5,13,1 L,+24.830
0 days 02:12:55.098000,5,13,1 L,+26.527
0 days 02:13:04.201000,5,13,1 L,+28.961
0 days 02:13:13.033000,5,13,1 L,+31.554
0 days 02:13:18.267000,5,13,1 L,+33.067
0 days 02:13:25.849000,5,13,1 L,+34.234
0 days 02:13:28.892000,5,13,1 L,+34.812
0 days 02:13:37.732000,5,13,1 L,+37.387
0 days 02:13:41.858000,5,13,1 L,+38.627
0 days 02:13:43.957000,5,13,1 L,+39.134
0 days 02:13:51.175000,5,13,1 L,+40.516
0 days 02:13:56.136000,5,13,1 L,+41.814
0 days 02:14:01.317000,5,13,1 L,+43.387
0 days 02:14:06.116000,5,13,1 L,+44.224
0 days 02:14:13.123000,5,13,1 L,+45.821
0 days 02:14:18.373000,5,13,1 L,+47.641
0 days 02:14:21.907000,5,13,1 L,+49.121
0 days 02:14:30.863000,5,13,1 L,+52.837
0 days 02:14:42.475000,5,13,1 L,+55.861
0 days 02:14:51.075000,5,13,1 L,+58.565
0 days 02:14:57.980000,5,13,1 L,+60.882
0 days 02:15:03.461000,5,13,1 L,+62.828
0 days 02:15:13.678000,5,13,1 L,+68.518
0 days 02:15:24.053000,5,13,1 L,+74.779
0 days 02:15:38.201000,5,13,1 L,+82.510
0 days 02:15:47.820000,5,13,1 L,+85.934
0 days 02:15:53.889000,5,13,1 L,+88.434
0 days 02:16:02.452000,5,13,1 L,+90.984
0 days 02:16:05.695000,5,13,1 L,+92.082
0 days 02:16:14.899000,5,13,1 L,+95.259
0 days 02:16:19.072000,5,13,1 L,+96.614
0 days 02:16:21.460000,5,13,1 L,+97.335
0 days 02:16:29.359000,5,13,1 L,+99.842
0 days 02:16:34.277000,5,13,1 L,+101.269
0 days 02:16:39.274000,5,13,1 L,+102.771
0 days 02:16:43.998000,5,13,1 L,+103.669
0 days 02:16:50.845000,5,13,1 L,+105.406
0 days 02:16:55.284000,5,13,1 L,+106.571
0 days 02:16:59.644000,5,13,1 L,+108.849
0 days 02:17:09.035000,5,13,1 L,+112.689
0 days 02:17:19.483000,5,13,1 L,+114.628
0 days 02:17:28.633000,5,13,1 L,+117.571
0 days 02:17:35.433000,5,13,1 L,+119.998
0 days 02:17:40.690000,5,13,1 L,+121.731
0 days 02:17:47.037000,5,13,1 L,+123.497
0 days 02:17:53.634000,5,13,1 L,+125.773
0 days 02:18:03.242000,5,13,1 L,+124.212
0 days 02:18:10.655000,5,13,1 L,+124.620
0 days 02:18:16.479000,5,13,1 L,+125.773
0 days 02:18:23.903000,5,13,1 L,+121.716
0 days 02:18:27.186000,5,13,1 L,+122.511
0 days 02:18:35.837000,5,13,1 L,+116.161
0 days 02:18:40.160000,5,13,1 L,+116.954
0 days 02:18:42.403000,5,13,1 L,+117.264
0 days 02:18:49.425000,5,13,1 L,+118.162
0 days 02:18:54.187000,5,13,1 L,+118.919
0 days 02:18:59.324000,5,13,1 L,+120.182
0 days 02:19:04.075000,5,13,1 L,+120.762
0 days 02:19:11.360000,5,13,1 L,+122.777
0 days 02:19:16.139000,5,13,1 L,+123.982
0 days 02:19:19.160000,5,13,1 L,+122.180
0 days 02:19:28.240000,5,13,1 L,+120.717
0 days 02:19:35.855000,5,13,1 L,+116.089
0 days 02:19:42.803000,5,13,1 L,+114.861
0 days 02:19:48.749000,5,13,1 L,+116.213
0 days 02:19:53.854000,5,13,1 L,+117.743
0 days 02:20:00.852000,5,13,1 L,+115.638
0 days 02:20:06.424000,5,13,1 L,+115.809
0 days 02:20:16.561000,5,13,1 L,+114.263
0 days 02:20:24.187000,5,13,1 L,+114.460
0 days 02:20:29.122000,5,13,1 L,+114.881
0 days 02:20:36.913000,5,13,1 L,+114.635
0 days 02:20:40.303000,5,13,1 L,+115.540
0 days 02:20:49.189000,5,13,1 L,+109.564
0 days 02:20:52.987000,5,13,1 L,+110.221
0 days 02:20:55.520000,5,13,1 L,+110.985
0 days 02:21:02.806000,5,13,1 L,+112.523
0 days 02:21:08.053000,5,13,1 L,+114.094
0 days 02:21:12.684000,5,13,1 L,+115.048
0 days 02:21:17.097000,5,13,1 L,+115.542
0 days 02:21:23.797000,5,13,+133.325,+116.901
0 days 02:21:28.174000,5,13,+133.065,+115.842
0 days 02:21:30.694000,5,13,+132.259,+113.937
0 days 02:21:36.164000,5,13,+128.742,+110.077
0 days 02:21:40.354000,5,13,+125.599,+105.760
0 days 02:21:45,5,13,+122.638,+102.478
0 days 02:21:49.722000,5,13,+121.599,+102.652
0 days 02:21:53.662000,5,13,+120.696,+102.144
0 days 02:21:58.562000,5,13,+118.915,+98.364
0 days 02:22:03.082000,5,13,+117.339,+98.406
0 days 02:22:10.448000,5,13,+115.348,+95.029
0 days 02:22:17.957000,5,13,+114.659,+96.260
0 days 02:22:22.286000,5,13,+113.857,+96.881
0 days 02:22:29.004000,5,13,+112.720,+95.503
0 days 02:22:31.496000,5,13,+111.947,+95.226
0 days 02:22:37.837000,5,13,+109.465,+86.473
0 days 02:22:40.754000,5,13,+109.152,+86.338
0 days 02:22:42.513000,5,13,+108.157,+86.432
0 days 02:22:48.267000,5,13,+106.499,+86.554
0 days 02:22:51.980000,5,13,+104.981,+86.636
0 days 02:22:55.679000,5,13,+104.238,+83.853
0 days 02:22:59.872000,5,13,+103.788,+83.497
0 days 02:23:05.384000,5,13,+100.950,+83.408
0 days 02:23:09.097000,5,13,+97.754,+83.653
0 days 02:23:11.364000,5,13,+95.712,+81.685
0 days 02:23:16.151000,5,13,+93.263,+79.835
0 days 02:23:19.523000,5,13,+88.999,+74.946
0 days 02:23:23.488000,5,13,+86.017,+71.891
0 days 02:23:27.654000,5,13,+83.467,+68.482
0 days 02:23:31.190000,5,13,+81.779,+65.978
0 days 02:23:35.654000,5,13,+79.662,+64.937
0 days 02:23:39.763000,5,13,+77.203,+64.549
0 days 02:23:46.382000,5,13,+74.993,+59.793
0 days 02:23:52.238000,5,13,+73.359,+58.771
0 days 02:23:55.825000,5,13,+71.729,+58.632
0 days 02:24:01.980000,5,13,+69.947,+55.819
0 days 02:24:04.177000,5,13,+68.784,+54.582
0 days 02:24:10.268000,5,13,+66.566,+48.887
0 days 02:24:13.102000,5,13,+65.336,+48.713
0 days 02:24:14.599000,5,13,+64.592,+48.469
0 days 02:24:19.907000,5,13,+62.266,+48.008
0 days 02:24:23.668000,5,13,+60.641,+46.008
0 days 02:24:27.133000,5,13,+59.634,+45.166
0 days 02:24:31.222000,5,13,+58.618,+43.691
0 days 02:24:36.324000,5,13,+56.714,+43.557
0 days 02:24:39.663000,5,13,+54.933,+41.632
0 days 02:24:41.863000,5,13,+53.760,+37.881
0 days 02:24:46.032000,5,13,+51.410,+35.980
0 days 02:24:49.486000,5,13,+49.695,+35.082
0 days 02:24:53.457000,5,13,+46.985,+33.375
0 days 02:24:57.566000,5,13,+45.492,+31.331
0 days 02:25:01.080000,5,13,+43.471,+29.258
0 days 02:25:05.252000,5,13,+40.777,+27.226
0 days 02:25:09.024000,5,13,+36.083,+25.046
0 days 02:25:15.542000,5,13,+23.354,+15.452
0 days 02:25:21.164000,5,13,+20.536,+13.981
0 days 02:25:24.326000,5,13,+20.376,+13.527
0 days 02:25:30.286000,5,13,+20.457,+13.430
0 days 02:25:32.364000,5,13,+20.615,+13.476
0 days 02:25:38.408000,5,13,+20.754,+13.484
0 days 02:25:41.179000,5,13,+20.754,+13.508
0 days 02:25:42.615000,5,13,+20.748,+13.280
0 days 02:25:47.480000,5,13,+20.558,+12.839
0 days 02:25:50.977000,5,13,+20.548,+12.811
0 days 02:25:54.325000,5,13,+20.586,+12.709
0 days 02:25:57.999000,5,13,+20.549,+12.497
0 days 02:26:02.827000,5,13,+20.595,+12.426
0 days 02:26:06.018000,5,13,+20.782,+12.458
0 days 02:26:08.207000,5,13,+20.809,+12.470
0 days 02:26:11.977000,5,13,+20.701,+12.039
0 days 02:26:15.357000,5,13,+20.673,+11.898
0 days 02:26:19.293000,5,13,+20.663,+11.854
0 days 02:26:23.425000,5,13,+20.655,+11.894
0 days 02:26:26.979000,5,13,+20.696,+11.984
0 days 02:26:30.991000,5,13,+20.739,+11.896
0 days 02:26:34.687000,5,13,+20.784,+11.631
0 days 02:26:41.085000,5,13,+21.024,+11.553
0 days 02:26:46.525000,5,13,+21.177,+11.172
0 days 02:26:49.580000,5,13,+21.212,+10.897
0 days 02:26:55.325000,5,13,+21.387,+10.691
0 days 02:26:57.265000,5,13,+21.568,+10.728
0 days 02:27:03.223000,5,13,+21.727,+10.782
0 days 02:27:05.928000,5,13,+21.737,+10.814
0 days 02:27:07.368000,5,13,+21.784,+10.714
0 days 02:27:11.983000,5,13,+21.801,+10.242
0 days 02:27:15.582000,5,13,+21.823,+10.221
0 days 02:27:18.759000,5,13,+21.920,+10.267
0 days 02:27:22.298000,5,13,+21.940,+10.048
0 days 02:27:26.810000,5,13,+21.934,+9.793
0 days 02:27:29.844000,5,13,+22.166,+9.796
0 days 02:27:31.939000,5,13,+22.230,+9.806
0 days 02:27:35.899000,5,13,+22.339,+9.650
0 days 02:27:39.059000,5,13,+22.355,+9.581
0 days 02:27:42.981000,5,13,+22.391,+9.574
0 days 02:27:47.128000,5,13,+22.405,+9.660
0 days 02:27:51.339000,5,13,+22.513,+9.875
0 days 02:27:54.842000,5,13,+22.669,+9.788
0 days 02:27:58.470000,5,13,+22.682,+9.591
0 days 02:28:04.884000,5,13,+22.920,+9.671
0 days 02:28:10.326000,5,13,+23.076,+9.472
0 days 02:28:13.541000,5,13,+23.173,+9.267
0 days 02:28:19.405000,5,13,+23.370,+9.386
0 days 02:28:21.428000,5,13,+23.596,+9.569
0 days 02:28:27.367000,5,13,+23.752,+9.731
0 days 02:28:29.941000,5,14,+23.752,+9.731
0 days 02:28:30.213000,5,14,+23.818,+0.131
0 days 02:28:31.753000,5,14,+24.054,+0.275
0 days 02:28:36.823000,5,14,+24.339,+0.482
0 days 02:28:40.357000,5,14,+24.388,+0.548
0 days 02:28:43.797000,5,14,+24.542,+0.755
0 days 02:28:47.668000,5,14,+24.749,+0.981
0 days 02:28:52.250000,5,14,+24.862,+1.147
0 days 02:28:55.234000,5,14,+25.078,+1.429
0 days 02:28:57.293000,5,14,+25.151,+1.521
0 days 02:29:01.179000,5,14,+25.268,+1.577
0 days 02:29:04.466000,5,14,+25.282,+1.560
0 days 02:29:08.387000,5,14,+25.301,+1.514
0 days 02:29:12.466000,5,14,+25.242,+1.441
0 days 02:29:15.966000,5,14,+25.210,+1.382
0 days 02:29:20.054000,5,14,+21.808,+1.489
0 days 02:29:23.666000,5,14,+21.663,+1.515
0 days 02:29:30.208000,5,14,+24.596,+1.517
0 days 02:29:36.179000,5,14,+21.826,+1.458
0 days 02:29:40.144000,5,13,+21.826,+1.458
0 days 02:29:40.226000,5,13,+21.917,+1.475
0 days 02:29:47.702000,5,13,+22.232,+2.359
0 days 02:30:26.587000,5,13,+49.677,+15.564
0 days 02:30:28.445000,5,13,+49.959,+15.487
0 days 02:30:35.224000,5,13,+51.595,+15.279
0 days 02:30:38.918000,5,13,+51.785,+15.279
0 days 02:30:42.467000,5,13,+51.834,+15.336
0 days 02:30:46.524000,5,13,+52.116,+15.298
0 days 02:30:51.662000,5,13,+52.597,+15.185
0 days 02:30:54.667000,5,13,+52.862,+15.065
0 days 02:30:56.810000,5,13,+52.979,+15.077
0 days 02:31:00.747000,5,13,+53.035,+14.958
0 days 02:31:04.128000,5,13,+53.043,+14.841
0 days 02:31:08.164000,5,13,+53.107,+14.815
0 days 02:31:12.337000,5,13,+53.152,+14.858
0 days 02:31:15.962000,5,13,+53.219,+14.912
0 days 02:31:20.167000,5,13,+52.953,+14.461
0 days 02:31:24.055000,5,13,+52.809,+14.263
0 days 02:31:30.744000,5,13,+52.287,+14.235
0 days 02:31:37.257000,5,13,+51.783,+14.493
0 days 02:31:40.982000,5,13,+50.810,+14.458
0 days 02:31:47.746000,5,13,+50.140,+14.737
0 days 02:31:49.981000,5,13,+49.786,+14.680
0 days 02:31:56.228000,5,13,+49.196,+14.735
0 days 02:31:58.983000,5,13,+49.181,+14.761
0 days 02:32:00.490000,5,13,+49.011,+14.750
0 days 02:32:06.107000,5,13,+49.197,+15.113
0 days 02:32:09.742000,5,13,+49.279,+15.215
0 days 02:32:13.240000,5,13,+49.317,+15.265
0 days 02:32:17.386000,5,13,+49.560,+15.331
0 days 02:32:22.445000,5,13,+49.691,+15.188
0 days 02:32:25.529000,5,13,+49.869,+15.166
0 days 02:32:27.668000,5,13,+49.933,+15.176
0 days 02:32:31.528000,5,13,+49.654,+14.998
0 days 02:32:34.913000,5,13,+49.634,+14.929
0 days 02:32:38.920000,5,13,+49.681,+14.907
0 days 02:32:43.129000,5,13,+49.726,+14.945
0 days 02:32:46.700000,5,13,+49.748,+15.016
0 days 02:32:50.903000,5,13,+49.156,+14.793
0 days 02:32:54.866000,5,13,+40.556,+14.636
0 days 02:33:01.429000,5,13,+39.798,+14.489
0 days 02:33:07.596000,5,13,+38.560,+14.289
0 days 02:33:11.388000,5,13,+37.302,+14.035
0 days 02:34:04.029000,5,14,+37.302,+14.035
0 days 02:34:37.109000,5,15,+37.302,+14.035
0 days 02:35:05.106000,5,16,+37.302,+14.035
0 days 02:57:12.748000,5,16,12L,1L
0 days 00:00:04.219000,12,16,,
0 days 01:11:10.810000,12,16,+2.122,
0 days 01:11:13.306000,12,13,+2.122,
0 days 01:11:13.386000,12,14,+2.122,
0 days 01:11:13.386000,12,14,+2.708,+0.214
0 days 01:11:21.393000,12,14,+3.957,+0.188
0 days 01:11:25.675000,12,14,+4.252,+0.162
0 days 01:11:30.262000,12,14,+5.001,+0.180
0 days 01:11:35.583000,12,14,+5.518,+0.172
0 days 01:11:42.540000,12,14,+6.336,+0.203
0 days 01:11:47.394000,12,14,+7.332,+0.533
0 days 01:11:50.113000,12,15,+7.332,+0.533
0 days 01:11:50.217000,12,14,+7.332,+0.533
0 days 01:11:50.317000,12,14,+7.932,+0.149
0 days 01:11:56.126000,12,14,+8.946,+0.459
0 days 01:12:00.327000,12,14,+9.182,+0.497
0 days 01:12:04.839000,12,14,+9.328,+0.538
0 days 01:12:09.083000,12,14,+9.338,+0.504
0 days 01:12:13.076000,12,14,+9.730,+0.676
0 days 01:12:22.329000,12,14,+14.210,+1.142
0 days 01:12:37.054000,12,14,+23.714,+1.364
0 days 01:12:49.504000,12,14,+22.463,+1.075
0 days 01:12:57.702000,12,14,+22.251,+1.029
0 days 01:13:03.164000,12,14,+23.123,+1.295
0 days 01:13:11.290000,12,14,+23.599,+1.193
0 days 01:13:14.549000,12,13,+23.599,+1.193
0 days 01:13:14.646000,12,13,+24.017,+0.890
0 days 01:13:22.933000,12,13,+25.253,+1.131
0 days 01:13:27.361000,12,13,+26.684,+1.025
0 days 01:13:29.743000,12,13,+27.341,+1.180
0 days 01:13:37.305000,12,13,+26.240,+1.489
0 days 01:13:41.703000,12,13,+23.722,+1.628
0 days 01:13:46.151000,12,13,+21.803,+1.552
0 days 01:13:51.235000,12,13,+20.956,+1.815
0 days 01:13:58.690000,12,13,+19.170,+1.505
0 days 01:14:08.488000,12,13,+21.070,+1.692
0 days 01:14:17.208000,12,13,+22.008,+1.517
0 days 01:14:26.084000,12,13,+20.110,+1.502
0 days 01:14:32.606000,12,13,+20.676,+1.015
0 days 01:14:39.080000,12,13,+18.415,+1.088
0 days 01:14:45.257000,12,13,+17.457,+1.172
0 days 01:14:50.271000,12,13,+16.049,+1.301
0 days 01:14:58.076000,12,13,+16.385,+0.764
0 days 01:15:07.142000,12,13,+18.181,+1.483
0 days 01:15:19.605000,12,13,+19.559,+1.145
0 days 01:15:27.490000,12,13,+18.777,+0.809
0 days 01:15:33.285000,12,13,+18.892,+1.182
0 days 01:15:44.912000,12,13,+20.474,+1.440
0 days 01:16:22.177000,12,13,+26.270,+1.759
0 days 01:16:24.600000,12,13,+26.265,+1.615
0 days 01:16:32.616000,12,13,+25.338,+1.577
0 days 01:16:36.988000,12,13,+24.101,+1.518
0 days 01:16:41.398000,12,13,+23.472,+1.430
0 days 01:16:46.338000,12,13,+22.940,+1.451
0 days 01:16:53.020000,12,13,+21.542,+1.487
0 days 01:16:57.704000,12,13,+20.719,+1.184
0 days 01:17:03.187000,12,13,+20.333,+1.629
0 days 01:17:11.238000,12,13,+19.520,+1.042
0 days 01:17:16.547000,12,13,+18.609,+0.930
0 days 01:17:22.631000,12,13,+16.924,+0.651
0 days 01:17:30.316000,12,13,+18.169,+1.751
0 days 01:17:36.589000,12,13,+18.873,+1.390
0 days 01:17:44.890000,12,13,+20.116,+0.600
0 days 01:17:51.629000,12,13,+19.664,+1.286
0 days 01:18:01.030000,12,13,+19.465,+1.227
0 days 01:18:08.990000,12,13,+18.379,+1.147
0 days 01:18:14.429000,12,13,+18.222,+1.207
0 days 01:18:24.706000,12,13,+19.025,+0.969
0 days 01:19:05.329000,12,13,+27.148,+2.426
0 days 01:19:07.476000,12,13,+27.141,+2.082
0 days 01:19:15.429000,12,13,+26.470,+1.964
0 days 01:19:19.591000,12,13,+25.791,+1.816
0 days 01:19:25.401000,12,13,+26.380,+1.288
0 days 01:19:30.505000,12,13,+26.295,+1.380
0 days 01:19:37.130000,12,13,+25.090,+1.296
0 days 01:19:41.964000,12,13,+24.475,+1.448
0 days 01:19:46.045000,12,13,+22.630,+1.361
0 days 01:19:54.421000,12,13,+22.207,+1.909
0 days 01:19:58.942000,12,13,+19.892,+1.444
0 days 01:20:06.034000,12,13,+20.613,+1.102
0 days 01:20:14.174000,12,13,+22.122,+1.486
0 days 01:20:19.493000,12,13,+22.600,+1.628
0 days 01:20:25.693000,12,13,+21.033,+1.803
0 days 01:20:30.708000,12,13,+19.232,+1.597
0 days 01:20:41.872000,12,13,+20.970,+1.569
0 days 01:20:49.235000,12,13,+19.590,+0.815
0 days 01:20:54.347000,12,13,+19.054,+0.928
0 days 01:21:02.715000,12,13,+18.767,+0.986
0 days 01:21:40.975000,12,13,+27.227,+1.882
0 days 01:21:43.250000,12,13,+27.347,+1.800
0 days 01:21:51.238000,12,13,+27.576,+2.027
0 days 01:21:55.488000,12,13,+26.270,+1.971
0 days 01:21:59.450000,12,13,+25.610,+1.486
0 days 01:22:04.459000,12,13,+24.994,+1.624
0 days 01:22:10.724000,12,13,+23.482,+1.520
0 days 01:22:15.626000,12,13,+23.523,+1.456
0 days 01:22:21.281000,12,13,+23.081,+1.723
0 days 01:22:27.944000,12,13,+21.785,+0.845
0 days 01:22:33.608000,12,13,+21.316,+0.823
0 days 01:22:41.183000,12,13,+22.039,+1.803
0 days 01:22:47.832000,12,13,+22.504,+1.773
0 days 01:22:51.804000,12,13,+21.465,+1.528
0 days 01:22:57.192000,12,13,+19.648,+0.967
0 days 01:23:02.577000,12,13,+17.530,+0.689
0 days 01:23:13.851000,12,13,+20.021,+1.192
0 days 01:23:21.009000,12,13,+17.912,+0.582
0 days 01:23:25.806000,12,13,+17.924,+1.027
0 days 01:23:33.256000,12,13,+16.722,+1.022
0 days 01:23:36.889000,12,13,+16.765,+0.466
0 days 01:23:51.233000,12,13,+22.257,+1.631
0 days 01:23:55.501000,12,13,+21.713,+1.281
0 days 01:23:57.754000,12,13,+21.770,+1.333
0 days 01:24:04.576000,12,13,+20.194,+1.361
0 days 01:24:08.595000,12,13,+19.297,+1.218
0 days 01:24:13.217000,12,13,+18.678,+1.238
0 days 01:24:18.185000,12,13,+18.612,+1.055
0 days 01:24:25.432000,12,13,+17.675,+1.584
0 days 01:24:30.317000,12,13,+17.687,+1.207
0 days 01:24:32.995000,12,13,+16.371,+1.210
0 days 01:24:40.597000,12,13,+16.953,+0.775
0 days 01:24:47.696000,12,13,+17.478,+1.296
0 days 01:24:56.923000,12,13,+19.911,+1.261
0 days 01:25:03.518000,12,13,+19.413,+1.075
0 days 01:25:08.928000,12,13,+18.401,+1.475
0 days 01:25:14.849000,12,13,+17.102,+0.756
0 days 01:25:20.107000,12,13,+15.823,+0.689
0 days 01:25:30.468000,12,13,+16.888,+0.618
0 days 01:25:39.051000,12,13,+16.153,+0.777
0 days 01:25:43.941000,12,13,+15.555,+0.742
0 days 01:25:52.850000,12,13,+16.361,+0.580
0 days 01:25:57.051000,12,13,+17.476,+0.740
0 days 01:26:12.331000,12,13,+22.945,+1.631
0 days 01:26:15.595000,12,13,+23.058,+1.170
0 days 01:26:17.686000,12,13,+22.995,+1.178
0 days 01:26:24.377000,12,13,+21.602,+1.216
0 days 01:26:28.436000,12,13,+20.308,+1.094
0 days 01:26:32.594000,12,13,+19.434,+1.064
0 days 01:26:37.433000,12,13,+18.988,+1.152
0 days 01:26:43.506000,12,13,+17.047,+0.790
0 days 01:26:48.783000,12,13,+17.649,+0.832
0 days 01:26:53.051000,12,13,+18.297,+1.023
0 days 01:26:59.253000,12,13,+18.074,+0.573
0 days 01:27:05.752000,12,13,+18.923,+0.806
0 days 01:27:13.612000,12,13,+19.950,+1.546
0 days 01:27:19.526000,12,13,+20.384,+1.184
0 days 01:27:23.850000,12,13,+19.066,+1.347
0 days 01:27:29.257000,12,13,+17.893,+1.156
0 days 01:27:36.091000,12,13,+15.685,+0.767
0 days 01:27:48.560000,12,13,+10.333,+1.241
0 days 01:27:55.423000,12,13,+9.135,+1.007
0 days 01:27:59.510000,12,13,+9.097,+0.876
0 days 01:28:06.476000,12,13,+9.144,+0.889
0 days 01:28:09.149000,12,13,+9.193,+0.817
0 days 01:28:15.785000,12,13,+9.249,+0.927
0 days 01:28:18.634000,12,13,+9.230,+0.889
0 days 01:28:20.625000,12,13,+9.446,+0.792
0 days 01:28:26.935000,12,13,+9.669,+0.748
0 days 01:28:30.775000,12,13,+9.636,+0.751
0 days 01:28:34.547000,12,13,+9.750,+0.521
0 days 01:28:39.251000,12,13,+9.885,+0.596
0 days 01:28:45.247000,12,13,+10.120,+0.643
0 days 01:28:49.020000,12,13,+10.288,+0.643
0 days 01:28:51.373000,12,13,+10.319,+0.656
0 days 01:28:56.275000,12,13,+10.571,+0.700
0 days 01:29:00.149000,12,13,+10.491,+0.766
0 days 01:29:04.411000,12,13,+10.517,+0.886
0 days 01:29:08.510000,12,13,+10.447,+0.954
0 days 01:29:11.875000,12,13,+10.280,+0.905
0 days 01:29:16.574000,12,13,+10.278,+0.452
0 days 01:29:21.181000,12,13,+10.534,+0.512
0 days 01:29:28.179000,12,13,+10.764,+0.386
0 days 01:29:34.747000,12,13,+11.138,+0.521
0 days 01:29:38.639000,12,13,+11.319,+0.483
0 days 01:29:45.552000,12,13,+11.562,+0.620
0 days 01:29:48.097000,12,13,+11.657,+0.559
0 days 01:29:54.495000,12,13,+11.700,+0.697
0 days 01:29:57.324000,12,13,+11.664,+0.667
0 days 01:29:59.093000,12,13,+11.846,+0.631
0 days 01:30:05.277000,12,13,+11.964,+0.846
0 days 01:30:09.011000,12,13,+11.876,+0.855
0 days 01:30:12.623000,12,13,+11.839,+0.647
0 days 01:30:17.348000,12,13,+12.051,+0.769
0 days 01:30:23.163000,12,13,+12.202,+0.801
0 days 01:30:26.757000,12,13,+12.385,+0.791
0 days 01:30:29.052000,12,13,+12.424,+0.764
0 days 01:30:33.793000,12,13,+12.670,+0.668
0 days 01:30:37.510000,12,13,+12.688,+0.611
0 days 01:30:41.653000,12,13,+12.732,+0.656
0 days 01:30:45.720000,12,13,+12.633,+0.616
0 days 01:30:49.069000,12,13,+12.455,+0.545
0 days 01:30:53.575000,12,13,+12.336,+0.262
0 days 01:30:58.123000,12,13,+12.602,+0.348
0 days 01:31:04.893000,12,13,+12.647,+0.308
0 days 01:31:11.371000,12,13,+13.046,+0.406
0 days 01:31:15.183000,12,13,+13.177,+0.390
0 days 01:31:22.063000,12,13,+13.306,+0.519
0 days 01:31:24.497000,12,13,+13.344,+0.511
0 days 01:31:30.815000,12,13,+13.374,+0.499
0 days 01:31:33.613000,12,13,+13.343,+0.483
0 days 01:31:35.272000,12,13,+13.436,+0.433
0 days 01:31:41.469000,12,13,+13.825,+0.691
0 days 01:31:45.002000,12,13,+13.809,+0.703
0 days 01:31:48.721000,12,13,+14.062,+0.552
0 days 01:31:53.294000,12,13,+14.328,+0.593
0 days 01:31:58.927000,12,13,+14.464,+0.590
0 days 01:32:02.417000,12,13,+14.748,+0.499
0 days 01:32:04.675000,12,13,+14.789,+0.464
0 days 01:32:09.279000,12,13,+15.078,+0.423
0 days 01:32:12.872000,12,13,+15.170,+0.389
0 days 01:32:16.959000,12,13,+15.187,+0.389
0 days 01:32:20.952000,12,13,+15.060,+0.318
0 days 01:32:24.311000,12,13,+14.871,+0.238
0 days 01:32:29.015000,12,13,+15.181,+0.340
0 days 01:32:33.697000,12,13,+15.587,+0.666
0 days 01:32:40.454000,12,13,+15.706,+0.607
0 days 01:32:46.922000,12,13,+16.060,+0.597
0 days 01:32:50.668000,12,13,+16.163,+0.642
0 days 01:32:57.406000,12,13,+16.430,+0.712
0 days 01:32:59.837000,12,13,+16.501,+0.685
0 days 01:33:06.056000,12,13,+16.514,+0.725
0 days 01:33:08.880000,12,13,+16.453,+0.707
0 days 01:33:10.538000,12,13,+16.575,+0.694
0 days 01:33:16.464000,12,13,+16.841,+0.866
0 days 01:33:20.197000,12,13,+16.795,+0.858
0 days 01:33:23.921000,12,13,+16.938,+0.717
0 days 01:33:28.388000,12,13,+17.103,+0.747
0 days 01:33:33.951000,12,13,+17.188,+0.619
0 days 01:33:37.454000,12,13,+17.464,+0.579
0 days 01:33:39.727000,12,13,+17.508,+0.567
0 days 01:33:44.314000,12,13,+17.829,+0.582
0 days 01:33:48.001000,12,13,+17.891,+0.610
0 days 01:33:52,12,13,+17.889,+0.612
0 days 01:33:56.058000,12,13,+17.791,+0.598
0 days 01:33:59.411000,12,13,+17.615,+0.565
0 days 01:34:04.070000,12,13,+17.843,+0.474
0 days 01:34:08.613000,12,13,+18.251,+0.724
0 days 01:34:15.282000,12,13,+18.289,+0.628
0 days 01:34:21.640000,12,13,+18.509,+0.581
0 days 01:34:25.273000,12,13,+18.559,+0.537
0 days 01:34:32.055000,12,13,+18.964,+0.570
0 days 01:34:34.498000,12,13,+19.001,+0.482
0 days 01:34:40.832000,12,13,+19.003,+0.413
0 days 01:34:43.560000,12,13,+18.964,+0.436
0 days 01:34:45.232000,12,13,+19.086,+0.406
0 days 01:34:51.219000,12,13,+19.216,+0.629
0 days 01:34:54.941000,12,13,+19.136,+0.629
0 days 01:34:58.515000,12,13,+19.275,+0.390
0 days 01:35:03.194000,12,13,+19.519,+0.488
0 days 01:35:08.790000,12,13,+19.739,+0.351
0 days 01:35:12.358000,12,13,+20.085,+0.449
0 days 01:35:14.598000,12,13,+20.145,+0.484
0 days 01:35:19.338000,12,13,+20.606,+0.614
0 days 01:35:22.929000,12,13,+20.707,+0.553
0 days 01:35:26.970000,12,13,+20.715,+0.508
0 days 01:35:30.952000,12,13,+20.519,+0.435
0 days 01:35:34.167000,12,13,+20.227,+0.330
0 days 01:35:39.011000,12,13,+20.712,+0.318
0 days 01:35:43.682000,12,13,+21.280,+0.602
0 days 01:35:50.438000,12,13,+21.527,+0.535
0 days 01:35:56.754000,12,13,+21.796,+0.382
0 days 01:36:00.829000,12,13,+22.159,+0.602
0 days 01:36:07.461000,12,13,+22.571,+0.780
0 days 01:36:09.855000,12,13,+22.582,+0.761
0 days 01:36:16.157000,12,13,+22.610,+0.809
0 days 01:36:19.007000,12,13,+22.620,+0.817
0 days 01:36:20.696000,12,13,+22.741,+0.889
0 days 01:36:26.603000,12,13,+23.026,+1.041
0 days 01:36:30.313000,12,13,+23.013,+1.006
0 days 01:36:33.856000,12,13,+23.001,+0.749
0 days 01:36:38.330000,12,13,+23.025,+0.778
0 days 01:36:43.838000,12,13,+23.149,+0.576
0 days 01:36:47.172000,12,13,+23.447,+0.544
0 days 01:36:49.422000,12,13,+23.520,+0.563
0 days 01:36:53.969000,12,13,+23.809,+0.642
0 days 01:36:57.525000,12,13,+23.908,+0.612
0 days 01:37:01.561000,12,13,+23.922,+0.566
0 days 01:37:05.586000,12,13,+23.753,+0.430
0 days 01:37:08.918000,12,13,+23.569,+0.330
0 days 01:37:13.639000,12,13,+24.055,+0.522
0 days 01:37:18.017000,12,13,+24.207,+0.516
0 days 01:37:24.614000,12,13,+24.314,+0.406
0 days 01:37:31.030000,12,13,+24.616,+0.427
0 days 01:37:34.734000,12,13,+24.710,+0.576
0 days 01:37:41.430000,12,13,+24.991,+0.706
0 days 01:37:43.639000,12,13,+25.065,+0.611
0 days 01:37:49.925000,12,13,+24.989,+0.442
0 days 01:37:52.557000,12,13,+24.853,+0.314
0 days 01:37:54.239000,12,13,+24.927,+0.332
0 days 01:38:00.059000,12,13,+25.211,+0.561
0 days 01:38:03.735000,12,13,+25.176,+0.511
0 days 01:38:07.430000,12,13,+25.372,+0.518
0 days 01:38:11.901000,12,13,+25.562,+0.532
0 days 01:38:17.499000,12,13,+25.832,+0.349
0 days 01:38:20.967000,12,13,+26.300,+0.449
0 days 01:38:23.218000,12,13,+26.393,+0.473
0 days 01:38:27.809000,12,13,+26.818,+0.621
0 days 01:38:31.356000,12,13,+26.950,+0.569
0 days 01:38:35.400000,12,13,+26.989,+0.493
0 days 01:38:39.426000,12,13,+26.832,+0.373
0 days 01:38:42.773000,12,13,+26.621,+0.260
0 days 01:38:47.433000,12,13,+26.991,+0.426
0 days 01:38:51.701000,12,13,+27.045,+0.329
0 days 01:38:57.842000,12,12,+27.045,+0.329
0 days 01:38:57.940000,12,12,+26.787,+1.985
0 days 01:39:04.686000,12,12,+27.403,+2.498
0 days 01:39:08.399000,12,12,+27.518,+2.577
0 days 01:39:14.900000,12,12,+27.738,+2.621
0 days 01:39:17.418000,12,12,+27.912,+2.781
0 days 01:39:23.668000,12,12,+27.996,+2.769
0 days 01:39:26.504000,12,12,+27.977,+2.764
0 days 01:39:28.011000,12,12,+27.967,+2.685
0 days 01:39:33.712000,12,12,+28.051,+2.667
0 days 01:39:37.358000,12,12,+28.024,+2.587
0 days 01:39:40.781000,12,12,+27.944,+2.363
0 days 01:39:45.453000,12,12,+28.345,+2.779
0 days 01:39:50.928000,12,12,+28.567,+2.756
0 days 01:39:54.259000,12,12,+28.925,+2.739
0 days 01:39:56.458000,12,12,+28.992,+2.726
0 days 01:40:00.783000,12,12,+29.234,+2.705
0 days 01:40:04.341000,12,12,+29.309,+2.658
0 days 01:40:08.386000,12,12,+29.335,+2.623
0 days 01:40:12.468000,12,12,+29.269,+2.588
0 days 01:40:15.931000,12,12,+29.186,+2.572
0 days 01:40:20.340000,12,12,+29.405,+2.520
0 days 01:40:24.480000,12,12,+29.417,+2.426
0 days 01:40:30.953000,12,12,+29.316,+2.331
0 days 01:40:37.213000,12,12,+29.539,+2.413
0 days 01:40:40.816000,12,12,+29.611,+2.510
0 days 01:40:47.353000,12,12,+30.008,+2.598
0 days 01:40:49.674000,12,12,+29.998,+2.613
0 days 01:40:55.865000,12,12,+29.982,+2.599
0 days 01:40:58.701000,12,12,+29.942,+2.593
0 days 01:41:00.203000,12,12,+29.935,+2.497
0 days 01:41:05.979000,12,12,+30.191,+2.617
0 days 01:41:09.628000,12,12,+30.223,+2.602
0 days 01:41:13.057000,12,12,+30.142,+2.484
0 days 01:41:17.474000,12,12,+30.376,+2.462
0 days 01:41:25.826000,12,13,+30.376,+2.462
0 days 01:41:26.995000,12,13,+34.645,+1.017
0 days 01:41:30.768000,12,13,+35.427,+1.588
0 days 01:41:33.054000,12,13,+35.551,+1.656
0 days 01:41:37.495000,12,13,+35.862,+1.784
0 days 01:41:41.041000,12,13,+35.968,+1.804
0 days 01:41:45.088000,12,13,+36.022,+1.786
0 days 01:41:49.126000,12,13,+35.941,+1.728
0 days 01:41:52.563000,12,13,+35.869,+1.689
0 days 01:41:57.110000,12,13,+36.208,+1.711
0 days 01:42:01.282000,12,13,+36.283,+1.743
0 days 01:42:07.741000,12,13,+36.241,+1.628
0 days 01:42:14.096000,12,13,+36.580,+1.599
0 days 01:42:17.908000,12,13,+36.843,+1.471
0 days 01:42:24.602000,12,13,+37.294,+1.567
0 days 01:42:26.905000,12,13,+37.299,+1.375
0 days 01:42:33.144000,12,13,+37.356,+1.297
0 days 01:42:36.019000,12,13,+37.337,+1.258
0 days 01:42:37.632000,12,13,+37.445,+1.280
0 days 01:42:43.502000,12,13,+37.716,+1.391
0 days 01:42:47.059000,12,13,+37.731,+1.330
0 days 01:42:50.520000,12,13,+37.696,+1.214
0 days 01:42:54.943000,12,13,+37.864,+1.284
0 days 01:43:00.461000,12,13,+38.109,+1.124
0 days 01:43:03.737000,12,13,+38.364,+1.111
0 days 01:43:05.903000,12,13,+38.412,+1.100
0 days 01:43:10.084000,12,13,+38.626,+1.003
0 days 01:43:13.702000,12,13,+38.667,+0.933
0 days 01:43:17.646000,12,13,+38.703,+0.882
0 days 01:43:21.615000,12,13,+38.535,+0.727
0 days 01:43:25.068000,12,13,+38.440,+0.639
0 days 01:43:29.490000,12,13,+38.798,+0.582
0 days 01:43:33.686000,12,13,+38.767,+0.393
0 days 01:43:39.973000,12,13,+38.456,+0.048
0 days 01:43:46.584000,12,12,+38.456,+0.048
0 days 01:43:46.662000,12,12,+39.030,+6.647
0 days 01:43:50.313000,12,12,+39.093,+6.638
0 days 01:43:56.905000,12,12,+39.410,+6.469
0 days 01:43:59.225000,12,12,+39.389,+6.435
0 days 01:44:05.500000,12,12,+39.404,+6.295
0 days 01:44:08.303000,12,12,+39.386,+6.277
0 days 01:44:09.880000,12,12,+39.418,+6.120
0 days 01:44:15.661000,12,12,+39.701,+6.039
0 days 01:44:19.306000,12,12,+39.728,+5.957
0 days 01:44:22.803000,12,12,+39.691,+5.826
0 days 01:44:27.167000,12,12,+39.901,+5.886
0 days 01:44:32.680000,12,12,+40.080,+5.754
0 days 01:44:35.937000,12,12,+40.377,+5.641
0 days 01:44:38.060000,12,12,+40.437,+5.619
0 days 01:44:42.184000,12,12,+40.572,+5.387
0 days 01:44:45.745000,12,12,+40.656,+5.329
0 days 01:44:49.736000,12,12,+40.706,+5.292
0 days 01:44:53.825000,12,12,+40.667,+5.258
0 days 01:44:57.317000,12,12,+40.664,+5.270
0 days 01:45:01.782000,12,12,+40.874,+5.199
0 days 01:45:05.959000,12,12,+40.875,+5.168
0 days 01:45:12.466000,12,12,+40.849,+5.058
0 days 01:45:18.778000,12,12,+41.022,+5.171
0 days 01:45:22.543000,12,12,+41.218,+5.104
0 days 01:45:29.043000,12,12,+41.449,+4.975
0 days 01:45:31.417000,12,12,+41.430,+4.929
0 days 01:45:37.721000,12,12,+41.439,+4.845
0 days 01:45:40.478000,12,12,+41.434,+4.841
0 days 01:45:42.055000,12,12,+41.448,+4.762
0 days 01:45:47.789000,12,12,+41.719,+4.816
0 days 01:45:51.486000,12,12,+41.741,+4.775
0 days 01:45:54.956000,12,12,+41.694,+4.702
0 days 01:45:59.360000,12,12,+41.886,+4.741
0 days 01:46:04.803000,12,12,+41.996,+4.631
0 days 01:46:07.960000,12,12,+42.250,+4.580
0 days 01:46:10.159000,12,12,+42.324,+4.588
0 days 01:46:14.250000,12,12,+42.398,+4.393
0 days 01:46:17.756000,12,12,+42.424,+4.303
0 days 01:46:21.725000,12,12,+42.457,+4.259
0 days 01:46:25.804000,12,12,+42.419,+4.225
0 days 01:46:29.317000,12,12,+42.439,+4.268
0 days 01:46:33.759000,12,12,+42.609,+4.265
0 days 01:46:37.964000,12,12,+42.493,+4.279
0 days 01:46:44.506000,12,12,+42.402,+4.128
0 days 01:46:50.787000,12,12,+42.583,+4.241
0 days 01:46:54.477000,12,12,+42.740,+4.269
0 days 01:47:01.036000,12,12,+42.893,+4.255
0 days 01:47:03.449000,12,12,+42.850,+4.264
0 days 01:47:09.590000,12,12,+42.830,+4.103
0 days 01:47:12.446000,12,12,+42.831,+4.097
0 days 01:47:13.958000,12,12,+42.852,+3.996
0 days 01:47:19.662000,12,12,+42.794,+4.087
0 days 01:47:23.344000,12,12,+42.727,+4.069
0 days 01:47:26.777000,12,12,+42.653,+3.916
0 days 01:47:31.157000,12,12,+42.740,+3.946
0 days 01:47:36.540000,12,12,+42.756,+3.730
0 days 01:47:39.718000,12,12,+42.915,+3.662
0 days 01:47:41.888000,12,12,+42.942,+3.655
0 days 01:47:45.907000,12,12,+42.965,+3.489
0 days 01:47:49.460000,12,12,+43.017,+3.425
0 days 01:47:53.459000,12,12,+43.058,+3.393
0 days 01:47:57.579000,12,12,+43.000,+3.356
0 days 01:48:01.064000,12,12,+42.991,+3.379
0 days 01:48:05.402000,12,12,+43.089,+3.291
0 days 01:48:09.522000,12,12,+43.119,+2.989
0 days 01:48:16.038000,12,12,+43.116,+2.854
0 days 01:48:22.229000,12,12,+43.234,+2.791
0 days 01:48:25.864000,12,12,+43.339,+2.824
0 days 01:48:32.446000,12,12,+43.449,+2.886
0 days 01:48:34.768000,12,12,+43.423,+2.899
0 days 01:48:40.946000,12,12,+43.439,+2.842
0 days 01:48:43.745000,12,12,+43.435,+2.842
0 days 01:48:45.334000,12,12,+43.465,+2.786
0 days 01:48:51.009000,12,12,+43.662,+2.730
0 days 01:48:54.558000,12,12,+43.653,+2.662
0 days 01:48:57.949000,12,12,+43.542,+2.471
0 days 01:49:02.319000,12,12,+43.762,+2.494
0 days 01:49:07.756000,12,12,+43.769,+2.362
0 days 01:49:10.873000,12,12,+43.952,+2.236
0 days 01:49:12.986000,12,12,+43.981,+2.202
0 days 01:49:17.007000,12,12,+44.013,+2.020
0 days 01:49:20.466000,12,12,+44.049,+1.956
0 days 01:49:24.506000,12,12,+44.072,+1.912
0 days 01:49:28.563000,12,12,+44.019,+1.868
0 days 01:49:32.036000,12,12,+44.016,+1.889
0 days 01:49:36.439000,12,12,+44.241,+1.800
0 days 01:49:40.596000,12,12,+44.165,+1.779
0 days 01:49:47.062000,12,12,+44.106,+1.702
0 days 01:49:53.267000,12,12,+44.046,+1.643
0 days 01:49:56.830000,12,12,+44.086,+1.603
0 days 01:50:03.461000,12,12,+44.284,+1.559
0 days 01:50:05.736000,12,12,+44.225,+1.566
0 days 01:50:11.979000,12,12,+44.247,+1.455
0 days 01:50:14.784000,12,12,+44.204,+1.417
0 days 01:50:16.275000,12,12,+44.180,+1.348
0 days 01:50:21.980000,12,12,+44.394,+1.315
0 days 01:50:25.637000,12,12,+44.401,+1.245
0 days 01:50:29.085000,12,12,+44.349,+1.246
0 days 01:50:33.421000,12,12,+44.496,+1.117
0 days 01:50:38.903000,12,12,+44.597,+0.999
0 days 01:50:41.961000,12,12,+44.755,+0.945
0 days 01:50:44.093000,12,12,+44.777,+0.920
0 days 01:50:48.280000,12,12,+44.996,+0.902
0 days 01:50:51.889000,12,12,+45.092,+0.810
0 days 01:50:55.835000,12,12,+45.124,+0.749
0 days 01:50:59.831000,12,12,+44.978,+0.599
0 days 01:51:03.149000,12,12,+44.810,+0.437
0 days 01:51:07.582000,12,12,+45.028,+0.439
0 days 01:51:11.738000,12,12,+44.894,+0.394
0 days 01:51:18.008000,12,12,+44.585,+0.035
0 days 01:51:24.710000,12,11,+44.585,+0.035
0 days 01:51:24.803000,12,11,+45.200,+4.424
0 days 01:51:28.491000,12,11,+45.380,+4.437
0 days 01:51:35.208000,12,11,+45.671,+4.328
0 days 01:51:37.663000,12,11,+45.762,+4.420
0 days 01:51:43.853000,12,11,+45.834,+4.409
0 days 01:51:46.673000,12,11,+45.841,+4.421
0 days 01:51:48.234000,12,11,+45.891,+4.370
0 days 01:51:53.805000,12,11,+45.985,+4.273
0 days 01:51:57.456000,12,11,+45.951,+4.227
0 days 01:52:00.983000,12,11,+46.032,+4.194
0 days 01:52:05.299000,12,11,+46.219,+4.045
0 days 01:52:10.788000,12,11,+46.258,+4.012
0 days 01:52:13.907000,12,11,+46.396,+4.121
0 days 01:52:16.047000,12,11,+46.425,+4.131
0 days 01:52:20.023000,12,11,+46.498,+4.016
0 days 01:52:23.608000,12,11,+46.559,+3.967
0 days 01:52:27.534000,12,11,+46.608,+3.932
0 days 01:52:31.642000,12,11,+46.575,+3.910
0 days 01:52:35.116000,12,11,+46.556,+3.920
0 days 01:52:39.507000,12,11,+46.673,+3.738
0 days 01:52:43.608000,12,11,+46.717,+3.753
0 days 01:52:50.024000,12,11,+46.681,+3.411
0 days 01:52:56.483000,12,11,+46.864,+3.511
0 days 01:53:00.044000,12,11,+47.019,+3.493
0 days 01:53:06.648000,12,11,+47.193,+3.271
0 days 01:53:08.935000,12,11,+47.228,+3.302
0 days 01:53:15.169000,12,11,+47.236,+3.223
0 days 01:53:18.005000,12,11,+47.226,+3.213
0 days 01:53:19.491000,12,11,+47.217,+3.119
0 days 01:53:25.060000,12,11,+47.459,+3.213
0 days 01:53:28.726000,12,11,+47.496,+3.222
0 days 01:53:32.139000,12,11,+47.458,+3.097
0 days 01:53:36.448000,12,11,+47.524,+3.029
0 days 01:53:41.958000,12,11,+47.586,+3.124
0 days 01:53:45.061000,12,11,+47.809,+3.308
0 days 01:53:47.201000,12,11,+47.850,+3.320
0 days 01:53:51.264000,12,11,+47.961,+3.147
0 days 01:53:54.706000,12,11,+48.024,+3.062
0 days 01:53:58.684000,12,11,+48.062,+3.018
0 days 01:54:02.763000,12,11,+48.038,+3.017
0 days 01:54:06.262000,12,11,+48.024,+3.043
0 days 01:54:10.625000,12,11,+48.126,+2.933
0 days 01:54:14.708000,12,11,+48.095,+2.947
0 days 01:54:21.201000,12,11,+48.026,+2.663
0 days 01:54:27.392000,12,11,+48.178,+2.602
0 days 01:54:30.925000,12,11,+48.228,+2.512
0 days 01:54:37.509000,12,11,+48.302,+2.383
0 days 01:54:39.765000,12,11,+48.377,+2.443
0 days 01:54:45.980000,12,11,+48.371,+2.380
0 days 01:54:48.792000,12,11,+48.343,+2.357
0 days 01:54:50.268000,12,11,+48.281,+2.283
0 days 01:54:55.848000,12,11,+48.381,+2.415
0 days 01:54:59.470000,12,11,+48.345,+2.421
0 days 01:55:02.861000,12,11,+48.194,+2.318
0 days 01:55:07.182000,12,11,+48.340,+2.254
0 days 01:55:12.683000,12,11,+48.355,+2.278
0 days 01:55:15.691000,12,11,+48.500,+2.296
0 days 01:55:17.783000,12,11,+48.533,+2.273
0 days 01:55:21.866000,12,11,+48.685,+2.208
0 days 01:55:25.333000,12,11,+48.743,+2.179
0 days 01:55:29.369000,12,11,+48.800,+2.157
0 days 01:55:33.433000,12,11,+48.776,+2.148
0 days 01:55:36.870000,12,11,+48.775,+2.180
0 days 01:55:41.182000,12,11,+48.860,+2.034
0 days 01:55:45.310000,12,11,+48.896,+1.866
0 days 01:55:51.711000,12,11,+48.787,+1.491
0 days 01:55:57.966000,12,11,+49.025,+1.473
0 days 01:56:01.454000,12,11,+49.045,+1.396
0 days 01:56:08.139000,12,11,+49.344,+1.367
0 days 01:56:10.455000,12,11,+49.419,+1.377
0 days 01:56:16.694000,12,11,+49.476,+1.325
0 days 01:56:19.472000,12,11,+49.455,+1.298
0 days 01:56:20.978000,12,11,+49.448,+1.223
0 days 01:56:26.826000,12,11,+49.969,+1.520
0 days 01:56:30.522000,12,11,+50.056,+1.583
0 days 01:56:33.866000,12,11,+49.931,+1.487
0 days 01:56:38.684000,12,11,+50.511,+1.827
0 days 01:56:44.097000,12,11,+50.601,+1.843
0 days 01:56:47.234000,12,11,+50.751,+1.948
0 days 01:56:49.368000,12,11,+50.778,+1.946
0 days 01:56:53.352000,12,11,+50.865,+1.814
0 days 01:56:56.840000,12,11,+50.936,+1.765
0 days 01:57:00.892000,12,11,+50.976,+1.718
0 days 01:57:04.849000,12,11,+50.933,+1.703
0 days 01:57:08.309000,12,11,+50.939,+1.720
0 days 01:57:12.640000,12,11,+51.043,+1.553
0 days 01:57:16.749000,12,11,+50.995,+1.514
0 days 01:57:23.201000,12,11,+51.007,+1.287
0 days 01:57:29.367000,12,11,+51.101,+1.275
0 days 01:57:32.910000,12,11,+51.250,+1.336
0 days 01:57:39.562000,12,11,+51.621,+1.394
0 days 01:57:41.827000,12,11,+51.641,+1.379
0 days 01:57:48.338000,12,11,+51.615,+1.281
0 days 01:57:50.812000,12,11,+51.586,+1.243
0 days 01:57:52.301000,12,11,+51.606,+1.130
0 days 01:57:57.793000,12,11,+51.671,+1.239
0 days 01:58:01.402000,12,11,+51.636,+1.235
0 days 01:58:04.811000,12,11,+51.536,+1.159
0 days 01:58:09.138000,12,11,+51.628,+1.159
0 days 01:58:14.640000,12,11,+51.787,+1.237
0 days 01:58:17.752000,12,11,+51.949,+1.336
0 days 01:58:19.788000,12,11,+51.986,+1.334
0 days 01:58:23.735000,12,11,+52.049,+1.278
0 days 01:58:27.199000,12,11,+52.080,+1.246
0 days 01:58:31.244000,12,11,+52.121,+1.213
0 days 01:58:35.250000,12,11,+52.113,+1.211
0 days 01:58:38.688000,12,11,+52.127,+1.208
0 days 01:58:43.065000,12,11,+52.328,+1.070
0 days 01:58:47.212000,12,11,+52.494,+1.098
0 days 01:58:53.704000,12,11,+52.484,+0.953
0 days 01:58:59.896000,12,11,+52.509,+0.885
0 days 01:59:03.450000,12,11,+52.636,+0.966
0 days 01:59:10.108000,12,11,+52.947,+1.052
0 days 01:59:12.403000,12,11,+52.956,+1.053
0 days 01:59:18.511000,12,11,+52.828,+0.849
0 days 01:59:21.141000,12,11,+52.697,+0.703
0 days 01:59:22.651000,12,11,+52.681,+0.694
0 days 01:59:28.199000,12,11,+52.912,+0.956
0 days 01:59:31.770000,12,11,+52.877,+0.923
0 days 01:59:35.140000,12,11,+52.756,+0.833
0 days 01:59:39.369000,12,11,+52.719,+0.776
0 days 01:59:44.951000,12,11,+52.960,+0.939
0 days 01:59:48.115000,12,11,+53.266,+1.022
0 days 01:59:50.268000,12,11,+53.339,+0.943
0 days 01:59:54.312000,12,11,+53.493,+0.898
0 days 01:59:57.727000,12,11,+53.435,+0.825
0 days 02:00:01.677000,12,11,+53.418,+0.770
0 days 02:00:05.612000,12,11,+53.269,+0.603
0 days 02:00:08.829000,12,11,+53.070,+0.390
0 days 02:00:13.306000,12,11,+53.374,+0.435
0 days 02:00:17.444000,12,11,+53.494,+0.539
0 days 02:00:23.912000,12,11,+53.490,+0.423
0 days 02:00:30.385000,12,11,+53.811,+0.661
0 days 02:00:33.972000,12,11,+54.077,+0.825
0 days 02:00:40.651000,12,11,+54.380,+0.925
0 days 02:00:43.051000,12,11,+54.483,+1.019
0 days 02:00:49.165000,12,11,+54.447,+0.913
0 days 02:00:51.851000,12,11,+54.326,+0.772
0 days 02:00:53.365000,12,11,+54.347,+0.818
0 days 02:00:58.824000,12,11,+54.620,+1.185
0 days 02:01:02.395000,12,11,+54.602,+1.150
0 days 02:01:05.771000,12,11,+54.571,+1.084
0 days 02:01:09.986000,12,11,+54.655,+1.095
0 days 02:01:15.512000,12,11,+54.819,+1.173
0 days 02:01:18.551000,12,11,+55.006,+1.228
0 days 02:01:20.668000,12,11,+55.043,+1.213
0 days 02:01:24.551000,12,11,+54.994,+1.130
0 days 02:01:28.014000,12,11,+54.963,+1.113
0 days 02:01:31.996000,12,11,+54.986,+1.074
0 days 02:01:36.074000,12,11,+55.086,+1.045
0 days 02:01:39.505000,12,11,+55.271,+1.033
0 days 02:01:43.934000,12,11,+55.535,+1.090
0 days 02:01:47.914000,12,11,+55.605,+1.075
0 days 02:01:54.389000,12,11,+55.700,+1.011
0 days 02:02:00.726000,12,11,+55.933,+1.049
0 days 02:02:04.244000,12,11,+56.125,+1.088
0 days 02:02:10.750000,12,11,+56.150,+1.195
0 days 02:02:12.966000,12,11,+56.016,+1.197
0 days 02:02:19.114000,12,11,+56.009,+1.114
0 days 02:02:21.912000,12,11,+56.035,+1.098
0 days 02:02:23.443000,12,11,+56.072,+1.103
0 days 02:02:28.834000,12,11,+56.136,+1.366
0 days 02:02:32.430000,12,11,+56.118,+1.380
0 days 02:02:35.944000,12,11,+56.094,+1.346
0 days 02:02:40.140000,12,11,+56.166,+1.497
0 days 02:02:45.452000,12,11,+56.199,+1.465
0 days 02:02:48.514000,12,11,+56.404,+1.560
0 days 02:02:50.654000,12,11,+56.437,+1.558
0 days 02:02:54.486000,12,11,+56.494,+1.519
0 days 02:02:57.975000,12,11,+56.539,+1.497
0 days 02:03:01.913000,12,11,+56.566,+1.475
0 days 02:03:05.969000,12,11,+56.551,+1.458
0 days 02:03:09.413000,12,11,+56.565,+1.438
0 days 02:03:13.774000,12,11,+56.857,+1.371
0 days 02:03:17.691000,12,11,+56.945,+1.391
0 days 02:03:24.146000,12,11,+56.978,+1.195
0 days 02:03:30.369000,12,11,+57.207,+1.262
0 days 02:03:33.853000,12,11,+57.377,+1.274
0 days 02:03:40.529000,12,11,+57.649,+1.505
0 days 02:03:42.706000,12,11,+57.718,+1.556
0 days 02:03:48.871000,12,11,+57.771,+1.534
0 days 02:03:51.728000,12,11,+57.794,+1.531
0 days 02:03:53.213000,12,11,+57.828,+1.482
0 days 02:03:58.576000,12,11,+58.060,+1.819
0 days 02:04:02.204000,12,11,+58.074,+1.845
0 days 02:04:05.641000,12,11,+58.088,+1.807
0 days 02:04:09.830000,12,11,+58.110,+1.889
0 days 02:04:15.117000,12,11,+58.043,+1.711
0 days 02:04:18.130000,12,11,+58.190,+1.717
0 days 02:04:20.228000,12,11,+58.216,+1.682
0 days 02:04:24.101000,12,11,+58.187,+1.617
0 days 02:04:27.553000,12,11,+58.195,+1.620
0 days 02:04:31.406000,12,11,+58.216,+1.598
0 days 02:04:35.493000,12,11,+58.193,+1.592
0 days 02:04:39.054000,12,11,+58.224,+1.599
0 days 02:04:43.201000,12,11,+58.435,+1.522
0 days 02:04:47.145000,12,11,+58.483,+1.472
0 days 02:04:53.494000,12,11,+58.463,+1.198
0 days 02:04:59.796000,12,11,+58.875,+1.604
0 days 02:05:03.241000,12,11,+59.000,+1.665
0 days 02:05:09.697000,12,11,+59.266,+1.896
0 days 02:05:12.012000,12,11,+59.318,+1.957
0 days 02:05:18.193000,12,11,+59.321,+1.929
0 days 02:05:20.928000,12,11,+59.341,+1.920
0 days 02:05:22.431000,12,11,+59.395,+1.928
0 days 02:05:27.633000,12,11,+59.399,+2.098
0 days 02:05:31.200000,12,11,+59.382,+2.089
0 days 02:05:34.667000,12,11,+59.470,+2.055
0 days 02:05:38.854000,12,11,+59.525,+2.151
0 days 02:05:44.095000,12,11,+59.545,+2.128
0 days 02:05:47.128000,12,11,+59.641,+2.158
0 days 02:05:49.209000,12,11,+59.669,+2.149
0 days 02:05:53.068000,12,11,+59.645,+2.013
0 days 02:05:56.467000,12,11,+59.675,+1.938
0 days 02:06:00.515000,12,11,+59.703,+1.910
0 days 02:06:04.533000,12,11,+59.696,+1.906
0 days 02:06:08.056000,12,11,+59.729,+1.908
0 days 02:06:12.228000,12,11,+59.854,+1.820
0 days 02:06:16.284000,12,11,+60.064,+1.907
0 days 02:06:22.917000,12,11,+60.272,+1.929
0 days 02:06:29.039000,12,11,+60.448,+2.084
0 days 02:06:32.432000,12,11,+60.567,+2.058
0 days 02:06:38.830000,12,11,+60.781,+2.167
0 days 02:06:41.054000,12,11,+60.599,+2.210
0 days 02:06:47.154000,12,11,+60.553,+2.142
0 days 02:06:49.994000,12,11,+60.611,+2.148
0 days 02:06:51.495000,12,11,+60.564,+2.120
0 days 02:06:56.528000,12,11,+60.250,+2.204
0 days 02:07:00.120000,12,11,+60.201,+2.187
0 days 02:07:03.428000,12,11,+60.156,+2.078
0 days 02:07:07.532000,12,11,+60.184,+2.070
0 days 02:07:12.915000,12,11,+60.354,+2.083
0 days 02:07:15.956000,12,11,+60.494,+2.090
0 days 02:07:18.031000,12,11,+60.515,+2.037
0 days 02:07:21.892000,12,11,+60.497,+1.908
0 days 02:07:25.716000,12,10,+60.497,+1.908
0 days 02:07:25.804000,12,10,+60.989,+3.227
0 days 02:07:29.950000,12,10,+61.182,+3.343
0 days 02:07:34.101000,12,10,+61.205,+3.392
0 days 02:07:37.555000,12,10,+61.239,+3.449
0 days 02:07:41.855000,12,10,+61.519,+3.463
0 days 02:07:45.914000,12,10,+61.723,+3.508
0 days 02:07:54.541000,12,10,+64.146,+5.561
0 days 02:08:03.599000,12,10,+66.993,+4.777
0 days 02:08:08.806000,12,10,+68.822,+5.575
0 days 02:08:15.317000,12,10,+69.441,+5.620
0 days 02:08:47.193000,12,10,+90.319,+4.385
0 days 02:08:49.631000,12,10,+91.330,+4.250
0 days 02:08:58.970000,12,10,+95.537,+3.213
0 days 02:09:03.989000,12,10,+97.033,+2.397
0 days 02:09:08.991000,12,10,+98.815,+2.380
0 days 02:09:13.943000,12,10,+99.706,+2.329
0 days 02:09:20.716000,12,10,+101.120,+2.272
0 days 02:09:25.502000,12,10,+102.870,+1.565
0 days 02:09:29.457000,12,10,+104.715,+1.588
0 days 02:09:37.632000,12,10,+108.921,+1.151
0 days 02:09:46.969000,12,10,+111.387,+1.091
0 days 02:09:56.304000,12,10,+115.122,+0.916
0 days 02:10:04.290000,12,10,+117.339,+0.957
0 days 02:10:11.371000,12,10,+118.090,+0.967
0 days 02:10:19.657000,12,10,+121.670,+1.001
0 days 02:10:25.935000,12,10,+123.104,+0.768
0 days 02:10:34.851000,12,10,+122.565,+1.469
0 days 02:10:42.182000,12,10,+122.001,+1.967
0 days 02:10:46.517000,12,10,+121.696,+2.140
0 days 02:10:53.389000,12,10,+120.945,+2.202
0 days 02:10:55.972000,12,10,+120.945,+2.128
0 days 02:11:02.402000,12,10,+106.016,+1.954
0 days 02:11:05.318000,12,10,+101.602,+1.846
0 days 02:11:06.998000,12,10,+100.895,+1.711
0 days 02:11:13.142000,12,10,+98.685,+1.550
0 days 02:11:17.135000,12,10,+98.472,+1.596
0 days 02:11:20.996000,12,10,+98.214,+1.344
0 days 02:11:25.576000,12,10,+96.815,+1.256
0 days 02:11:31.371000,12,10,+95.268,+1.517
0 days 02:11:35.210000,12,10,+95.100,+1.782
0 days 02:11:37.559000,12,10,+94.986,+1.797
0 days 02:11:42.262000,12,10,+94.047,+1.725
0 days 02:11:49.673000,12,10,+93.305,+1.587
0 days 02:11:57.318000,12,10,+92.957,+1.376
0 days 02:12:01.971000,12,10,+91.737,+1.124
0 days 02:12:05.757000,12,10,+90.272,+1.083
0 days 02:12:10.790000,12,10,+90.694,+1.194
0 days 02:12:15.252000,12,10,+91.003,+1.077
0 days 02:12:22.160000,12,10,+91.193,+0.830
0 days 02:12:28.380000,12,10,+91.511,+0.797
0 days 02:12:32.207000,12,10,+89.379,+0.865
0 days 02:12:38.732000,12,10,+87.885,+1.266
0 days 02:12:40.935000,12,10,+87.617,+1.274
0 days 02:12:47.074000,12,10,+87.238,+1.093
0 days 02:12:49.870000,12,10,+83.777,+0.952
0 days 02:12:51.461000,12,10,+83.407,+0.993
0 days 02:12:57.172000,12,10,+82.509,+1.401
0 days 02:13:01.022000,12,10,+79.857,+1.507
0 days 02:13:04.549000,12,10,+79.313,+1.423
0 days 02:13:08.578000,12,10,+79.191,+1.378
0 days 02:13:13.791000,12,10,+76.427,+1.371
0 days 02:13:17.159000,12,10,+74.481,+1.476
0 days 02:13:19.377000,12,10,+73.046,+1.421
0 days 02:13:23.815000,12,10,+71.308,+1.233
0 days 02:13:33.312000,12,10,+72.479,+0.860
0 days 02:13:40.658000,12,10,+71.730,+1.437
0 days 02:13:45.253000,12,10,+69.574,+1.357
0 days 02:13:48.858000,12,10,+67.424,+1.280
0 days 02:13:53.632000,12,10,+66.326,+1.417
0 days 02:13:57.870000,12,10,+63.530,+1.242
0 days 02:14:04.697000,12,10,+61.646,+1.016
0 days 02:14:10.721000,12,10,+59.521,+0.981
0 days 02:14:14.299000,12,10,+57.884,+1.075
0 days 02:14:20.592000,12,10,+56.203,+1.338
0 days 02:14:22.696000,12,10,+55.031,+1.349
0 days 02:14:28.703000,12,10,+52.010,+1.128
0 days 02:14:31.558000,12,10,+51.245,+0.987
0 days 02:14:33.144000,12,10,+50.940,+0.994
0 days 02:14:38.519000,12,10,+48.349,+1.237
0 days 02:14:42.320000,12,10,+47.122,+1.285
0 days 02:14:45.780000,12,10,+45.758,+1.188
0 days 02:14:49.736000,12,10,+44.891,+1.213
0 days 02:14:54.706000,12,10,+42.569,+1.282
0 days 02:14:58.042000,12,10,+40.415,+1.296
0 days 02:15:00.261000,12,10,+39.510,+1.363
0 days 02:15:06.258000,12,10,+36.074,+1.432
0 days 02:15:15.633000,12,10,+34.187,+1.041
0 days 02:15:22.775000,12,10,+32.898,+1.899
0 days 02:15:27.375000,12,10,+30.675,+2.161
0 days 02:15:31.065000,12,10,+28.752,+2.358
0 days 02:15:35.775000,12,10,+23.218,+2.133
0 days 02:15:41.159000,12,10,+18.886,+1.553
0 days 02:15:54.674000,12,10,+17.734,+1.853
0 days 02:16:01.959000,12,10,+15.819,+1.894
0 days 02:16:06.708000,12,10,+14.280,+0.803
0 days 02:16:18.872000,12,10,+17.851,+1.124
0 days 02:16:21.527000,12,10,+16.836,+0.983
0 days 02:16:36.050000,12,10,+22.368,+1.208
0 days 02:16:39.147000,12,10,+21.443,+1.003
0 days 02:16:40.896000,12,10,+20.621,+1.075
0 days 02:16:46.647000,12,10,+18.809,+0.992
0 days 02:16:50.500000,12,10,+17.384,+1.112
0 days 02:16:54.243000,12,10,+16.585,+1.036
0 days 02:16:58.560000,12,10,+15.968,+1.061
0 days 02:17:03.804000,12,10,+13.789,+1.224
0 days 02:17:08.422000,12,10,+13.829,+0.926
0 days 02:17:13.104000,12,10,+14.239,+1.195
0 days 02:17:24.035000,12,10,+16.023,+1.167
0 days 02:17:36.278000,12,10,+17.916,+1.664
0 days 02:17:44.186000,12,10,+16.210,+1.306
0 days 02:17:49.077000,12,10,+14.290,+1.090
0 days 02:17:53.308000,12,10,+13.172,+1.214
0 days 02:18:02.060000,12,10,+15.846,+1.404
0 days 02:18:06.755000,12,10,+14.013,+1.179
0 days 02:18:18.848000,12,10,+16.837,+1.120
0 days 02:18:25.821000,12,10,+15.955,+1.246
0 days 02:18:29.876000,12,10,+14.238,+1.274
0 days 02:18:37.782000,12,10,+14.745,+1.036
0 days 02:18:40.296000,12,10,+13.583,+1.080
0 days 02:18:55.736000,12,10,+21.029,+1.513
0 days 02:18:58.881000,12,10,+19.679,+1.320
0 days 02:19:00.661000,12,10,+19.537,+1.471
0 days 02:19:06.421000,12,10,+17.707,+1.908
0 days 02:19:10.255000,12,10,+16.868,+1.855
0 days 02:19:14.170000,12,10,+16.130,+1.322
0 days 02:19:18.506000,12,10,+15.413,+1.326
0 days 02:19:23.922000,12,10,+13.471,+1.302
0 days 02:19:29.003000,12,10,+13.868,+1.291
0 days 02:19:33.486000,12,10,+15.026,+2.067
0 days 02:19:42.998000,12,10,+15.598,+1.383
0 days 02:19:51.061000,12,10,+16.267,+1.278
0 days 02:19:58.911000,12,10,+16.536,+1.091
0 days 02:20:03.978000,12,10,+15.872,+1.018
0 days 02:20:08.936000,12,10,+16.017,+0.861
0 days 02:20:16.978000,12,10,+17.310,+2.169
0 days 02:20:21.187000,12,10,+15.430,+2.220
0 days 02:20:32.439000,12,10,+17.369,+1.372
0 days 02:20:38.960000,12,10,+15.659,+1.159
0 days 02:20:42.734000,12,10,+14.319,+1.302
0 days 02:20:50.022000,12,10,+13.729,+1.357
0 days 02:20:52.393000,12,10,+12.842,+1.368
0 days 02:21:07.349000,12,10,+18.977,+1.929
0 days 02:21:10.538000,12,10,+18.815,+1.787
0 days 02:21:12.099000,12,10,+17.766,+1.830
0 days 02:21:17.661000,12,10,+15.916,+1.905
0 days 02:21:21.558000,12,10,+14.500,+1.746
0 days 02:21:27.462000,12,10,+16.020,+1.078
0 days 02:21:31.578000,12,10,+15.476,+1.020
0 days 02:21:36.790000,12,10,+12.435,+0.873
0 days 02:21:41.393000,12,10,+10.059,+0.804
0 days 02:21:46.155000,12,10,+10.517,+0.677
0 days 02:21:52.823000,12,10,+10.059,+0.941
0 days 02:22:00.454000,12,10,+9.940,+1.090
0 days 02:22:08.207000,12,10,+10.745,+0.932
0 days 02:22:16.103000,12,10,+11.953,+1.380
0 days 02:22:22.382000,12,10,+13.032,+1.148
0 days 02:22:27.653000,12,10,+11.651,+1.313
0 days 02:22:31.839000,12,10,+9.275,+1.289
0 days 02:22:43.208000,12,10,+11.847,+1.294
0 days 02:22:49.754000,12,10,+10.873,+1.012
0 days 02:22:53.605000,12,10,+9.556,+0.769
0 days 02:23:01.710000,12,10,+9.638,+1.222
0 days 02:23:04.411000,12,10,+9.012,+1.416
0 days 02:23:16.966000,12,10,+13.255,+1.068
0 days 02:23:20.277000,12,10,+12.394,+1.145
0 days 02:23:22.267000,12,10,+12.245,+0.881
0 days 02:23:28.998000,12,10,+11.325,+1.231
0 days 02:23:34.495000,12,10,+11.468,+1.334
0 days 02:23:38.751000,12,10,+11.269,+1.309
0 days 02:23:43.720000,12,10,+11.108,+0.966
0 days 02:23:49.286000,12,10,+9.660,+1.147
0 days 02:23:54.435000,12,10,+9.670,+1.381
0 days 02:24:00.414000,12,10,+12.275,+1.445
0 days 02:24:05.978000,12,10,+11.353,+1.471
0 days 02:24:09.951000,12,10,+10.200,+1.613
0 days 02:24:17.455000,12,10,+10.935,+0.873
0 days 02:24:23.371000,12,10,+11.309,+0.955
0 days 02:24:29.463000,12,10,+11.886,+1.060
0 days 02:24:34.780000,12,10,+10.278,+1.606
0 days 02:24:41.322000,12,10,+8.416,+0.994
0 days 02:24:58.276000,12,10,+6.092,+0.647
0 days 02:25:05.124000,12,10,+4.593,+0.894
0 days 02:25:08.807000,12,10,+4.944,+0.974
0 days 02:25:15.165000,12,10,+5.280,+0.996
0 days 02:25:17.164000,12,10,+5.377,+0.940
0 days 02:25:23.246000,12,10,+5.538,+0.920
0 days 02:25:25.979000,12,10,+5.519,+0.920
0 days 02:25:27.564000,12,10,+5.611,+0.868
0 days 02:25:32.728000,12,10,+5.837,+0.799
0 days 02:25:36.305000,12,10,+5.872,+0.808
0 days 02:25:39.679000,12,10,+5.987,+0.665
0 days 02:25:43.582000,12,10,+6.137,+0.657
0 days 02:25:48.439000,12,10,+6.180,+0.473
0 days 02:25:51.652000,12,10,+6.406,+0.529
0 days 02:25:53.784000,12,10,+6.433,+0.522
0 days 02:25:58.010000,12,10,+6.724,+0.491
0 days 02:26:01.481000,12,10,+6.817,+0.525
0 days 02:26:05.464000,12,10,+6.824,+0.592
0 days 02:26:09.464000,12,10,+6.712,+0.672
0 days 02:26:12.864000,12,10,+6.580,+0.667
0 days 02:26:17.203000,12,10,+6.909,+0.417
0 days 02:26:21.080000,12,10,+7.204,+0.434
0 days 02:26:27.627000,12,10,+7.555,+0.355
0 days 02:26:33.443000,12,10,+8.121,+0.444
0 days 02:26:36.896000,12,10,+8.481,+0.414
0 days 02:26:42.882000,12,10,+8.968,+0.489
0 days 02:26:44.843000,12,10,+9.119,+0.505
0 days 02:26:50.743000,12,10,+9.246,+0.483
0 days 02:26:53.425000,12,10,+9.188,+0.396
0 days 02:26:54.881000,12,10,+9.277,+0.413
0 days 02:26:59.859000,12,10,+9.659,+0.437
0 days 02:27:03.352000,12,10,+9.688,+0.405
0 days 02:27:06.585000,12,10,+9.702,+0.376
0 days 02:27:10.280000,12,10,+9.925,+0.384
0 days 02:27:15.008000,12,10,+10.096,+0.505
0 days 02:27:17.950000,12,10,+10.268,+0.485
0 days 02:27:20.027000,12,10,+10.303,+0.330
0 days 02:27:24.027000,12,10,+10.662,+0.405
0 days 02:27:27.439000,12,10,+10.778,+0.466
0 days 02:27:31.407000,12,10,+10.796,+0.459
0 days 02:27:35.340000,12,10,+10.598,+0.356
0 days 02:27:38.512000,12,10,+10.265,+0.158
0 days 02:27:42.807000,12,10,+10.630,+0.368
0 days 02:27:46.565000,12,10,+10.812,+0.392
0 days 02:27:52.823000,12,10,+10.908,+0.262
0 days 02:27:58.706000,12,10,+11.426,+0.407
0 days 02:28:02.142000,12,10,+11.767,+0.433
0 days 02:28:07.909000,12,10,+11.974,+0.485
0 days 02:28:09.828000,12,10,+12.043,+0.488
0 days 02:28:15.659000,12,10,+11.980,+0.364
0 days 02:28:18.192000,12,10,+11.830,+0.196
0 days 02:28:19.707000,12,10,+11.994,+0.310
0 days 02:28:24.744000,12,10,+12.255,+0.469
0 days 02:28:28.216000,12,10,+12.256,+0.457
0 days 02:28:31.566000,12,10,+12.316,+0.430
0 days 02:28:35.381000,12,10,+12.460,+0.518
0 days 02:28:40.086000,12,10,+12.661,+0.657
0 days 02:28:43.275000,12,10,+13.029,+0.856
0 days 02:28:45.267000,12,10,+13.118,+0.887
0 days 02:28:49.221000,12,10,+13.403,+0.977
0 days 02:28:52.656000,12,10,+13.499,+1.027
0 days 02:28:56.627000,12,10,+13.535,+1.037
0 days 02:29:00.645000,12,10,+13.416,+1.029
0 days 02:29:04.065000,12,10,+13.293,+1.028
0 days 02:29:08.329000,12,10,+13.158,+1.136
0 days 02:29:12.079000,12,10,+13.071,+1.115
0 days 02:29:18.405000,12,10,+9.955,+0.674
0 days 02:29:24.241000,12,9,+9.955,+0.674
0 days 02:29:24.316000,12,9,+10.040,+0.581
0 days 02:29:28.314000,12,8,+10.040,+0.581
0 days 02:29:28.391000,12,8,+10.040,+0.500
0 days 02:29:35.427000,12,8,+9.924,+0.620
0 days 02:29:49.059000,12,9,+9.924,+0.620
0 days 02:29:53.731000,12,10,+9.924,+0.620
0 days 02:30:01.726000,12,11,+9.924,+0.620
0 days 02:30:10.418000,12,11,+33.547,+2.183
0 days 02:30:12.214000,12,11,+33.704,+2.061
0 days 02:30:18.986000,12,11,+35.334,+1.778
0 days 02:30:22.687000,12,11,+35.541,+1.716
0 days 02:30:26.153000,12,11,+35.505,+1.558
0 days 02:30:30.194000,12,11,+35.765,+1.537
0 days 02:30:35.387000,12,11,+36.316,+1.457
0 days 02:30:38.601000,12,11,+36.759,+1.467
0 days 02:30:40.699000,12,11,+36.885,+1.437
0 days 02:30:44.724000,12,11,+36.999,+1.263
0 days 02:30:48.184000,12,11,+37.098,+1.236
0 days 02:30:52.229000,12,11,+37.149,+1.194
0 days 02:30:56.276000,12,11,+37.100,+1.113
0 days 02:30:59.848000,12,11,+37.127,+1.108
0 days 02:31:04.128000,12,11,+36.926,+0.869
0 days 02:31:07.980000,12,11,+36.753,+0.718
0 days 02:31:14.467000,12,11,+35.988,+0.503
0 days 02:31:20.727000,12,11,+35.283,+0.542
0 days 02:31:24.459000,12,11,+34.299,+0.529
0 days 02:31:31.040000,12,11,+33.449,+0.594
0 days 02:31:33.433000,12,11,+33.135,+0.602
0 days 02:31:39.459000,12,11,+32.456,+0.465
0 days 02:31:42.128000,12,11,+32.303,+0.345
0 days 02:31:43.628000,12,11,+32.172,+0.362
0 days 02:31:49.181000,12,11,+32.280,+0.356
0 days 02:31:52.725000,12,11,+32.242,+0.280
0 days 02:31:56.296000,12,11,+32.282,+0.319
0 days 02:32:00.454000,12,11,+32.629,+0.474
0 days 02:32:05.690000,12,11,+32.897,+0.455
0 days 02:32:08.809000,12,11,+33.163,+0.562
0 days 02:32:10.985000,12,11,+33.239,+0.570
0 days 02:32:14.960000,12,11,+33.112,+0.515
0 days 02:32:18.433000,12,11,+33.137,+0.517
0 days 02:32:22.410000,12,11,+33.145,+0.456
0 days 02:32:26.400000,12,11,+32.991,+0.260
0 days 02:32:29.714000,12,11,+32.732,+0.034
0 days 02:32:33.643000,12,10,+32.732,+0.034
0 days 02:32:33.714000,12,10,+31.976,+3.437
0 days 02:32:37.764000,12,10,+31.653,+3.250
0 days 02:32:44.024000,12,10,+30.575,+2.745
0 days 02:32:50.326000,12,10,+29.436,+2.680
0 days 02:32:54.178000,12,10,+20.161,+2.296
0 days 02:33:00.960000,12,10,+19.019,+0.853
0 days 02:33:03.804000,12,10,+18.710,+0.356
0 days 02:33:10.263000,12,8,+18.710,+0.356
0 days 02:33:10.263000,12,8,+17.532,+2.457
0 days 02:33:13.083000,12,8,+17.182,+2.499
0 days 02:33:14.814000,12,8,+16.743,+2.412
0 days 02:33:20.914000,12,8,+14.891,+1.222
0 days 02:33:24.668000,12,8,+13.832,+1.138
0 days 02:33:28.459000,12,8,+11.632,+1.103
0 days 02:33:33.109000,12,8,+11.677,+1.279
0 days 02:33:38.741000,12,8,+11.283,+1.299
0 days 02:33:42.216000,12,8,+11.496,+1.125
0 days 02:33:44.405000,12,8,+11.518,+1.087
0 days 02:33:50.686000,12,8,+13.637,+2.109
0 days 02:33:56.664000,12,8,+16.089,+1.856
0 days 02:34:04.283000,12,8,+19.725,+1.634
0 days 02:34:11.945000,12,8,+21.836,+1.869
0 days 02:34:17.481000,12,8,+18.305,+1.882
0 days 02:34:24.702000,12,8,+19.331,+1.728
0 days 02:34:31.129000,12,8,+20.419,+2.150
0 days 02:34:40.645000,12,8,+21.509,+1.820
0 days 02:34:49.332000,12,8,+23.072,+1.450
0 days 02:34:55.211000,12,8,+24.202,+1.415
0 days 02:35:06.110000,12,8,+25.278,+2.204
0 days 02:35:09.111000,12,8,+25.257,+2.342
0 days 02:35:16.026000,12,5,+25.257,+2.342
0 days 02:35:16.041000,12,5,+25.090,+2.717
0 days 02:35:19.258000,12,5,+25.490,+2.951
0 days 02:35:21.349000,12,5,+25.485,+2.860
0 days 02:35:29.354000,12,5,+24.588,+2.771
0 days 02:35:33.806000,12,5,+24.525,+2.820
0 days 02:35:38.308000,12,5,+24.799,+3.034
0 days 02:35:43.142000,12,5,+24.592,+3.052
0 days 02:35:49.631000,12,5,+24.896,+3.163
0 days 02:35:53.438000,12,5,+25.090,+3.331
0 days 02:35:55.830000,12,5,+23.623,+3.367
0 days 02:36:00.777000,12,5,+21.382,+3.204
0 days 02:36:04.636000,12,5,+20.153,+3.093
0 days 02:36:08.964000,12,5,+20.071,+3.051
0 days 02:36:13.284000,12,5,+17.231,+3.012
0 days 02:36:16.930000,12,5,+14.731,+2.903
0 days 02:36:23.278000,12,5,+13.321,+2.983
0 days 02:36:28.149000,12,5,+9.367,+2.958
0 days 02:36:36.988000,12,5,+8.392,+2.648
0 days 02:36:44.771000,12,5,+7.456,+1.949
0 days 02:36:50.092000,12,5,+6.341,+2.028
0 days 02:37:01.988000,12,5,+7.434,+2.573
0 days 02:37:05.069000,12,5,+6.605,+2.342
0 days 02:37:14.387000,12,5,+6.524,+2.138
0 days 02:37:19.810000,12,5,+6.847,+2.189
0 days 02:37:23.020000,12,5,+7.161,+2.228
0 days 02:37:33.061000,12,5,+6.487,+1.756
0 days 02:37:40.371000,12,5,+7.969,+2.723
0 days 02:37:45.713000,12,5,+7.827,+2.236
0 days 02:37:50.947000,12,5,+7.634,+2.281
0 days 02:37:57.817000,12,5,+6.517,+2.733
0 days 02:38:02.564000,12,5,+5.747,+1.941
0 days 02:38:05.273000,12,5,+5.250,+1.924
0 days 02:38:11.886000,12,5,+5.313,+1.516
0 days 02:38:17.608000,12,5,+5.167,+1.342
0 days 02:38:25.384000,12,5,+5.236,+2.052
0 days 02:38:31.791000,12,5,+5.578,+1.801
0 days 02:38:36.989000,12,5,+4.868,+1.639
0 days 02:38:45.207000,12,5,+6.236,+1.892
0 days 02:38:52.285000,12,5,+5.960,+2.001
0 days 02:39:03.062000,12,5,+6.667,+2.066
0 days 02:39:12.007000,12,5,+7.421,+3.153
0 days 02:39:16.959000,12,5,+6.111,+3.023
0 days 02:39:26.460000,12,5,+6.065,+2.073
0 days 02:39:29.548000,12,5,+5.496,+1.844
0 days 02:39:39.356000,12,5,+6.509,+2.440
0 days 02:39:43.564000,12,5,+6.778,+2.469
0 days 02:39:46.186000,12,5,+6.317,+2.024
0 days 02:39:53.944000,12,5,+5.177,+1.416
0 days 02:40:01.929000,12,5,+4.924,+1.105
0 days 02:40:08.915000,12,5,+6.670,+0.905
0 days 02:40:14.132000,12,5,+6.779,+1.052
0 days 02:40:20.681000,12,5,+5.358,+1.247
0 days 02:40:25.934000,12,5,+4.968,+0.950
0 days 02:40:29.920000,12,5,+4.202,+1.066
0 days 02:40:36.748000,12,5,+4.524,+1.318
0 days 02:40:42.707000,12,5,+3.856,+0.875
0 days 02:40:50.067000,12,5,+4.034,+1.076
0 days 02:40:55.549000,12,5,+4.373,+0.962
0 days 02:41:01.292000,12,5,+4.100,+0.763
0 days 02:41:08.005000,12,5,+3.886,+0.814
0 days 02:41:15.092000,12,5,+3.960,+1.139
0 days 02:41:24.754000,12,5,+4.339,+1.046
0 days 02:41:32.431000,12,5,+3.271,+0.816
0 days 02:41:38.708000,12,5,+4.221,+1.026
0 days 02:41:46.934000,12,5,+3.801,+0.956
0 days 02:41:50.215000,12,5,+3.511,+0.724
0 days 02:41:59.653000,12,5,+4.398,+1.242
0 days 02:42:03.733000,12,5,+4.419,+1.128
0 days 02:42:06.366000,12,5,+4.956,+1.112
0 days 02:42:14.186000,12,5,+4.253,+0.886
0 days 02:42:19.162000,12,5,+4.326,+0.807
0 days 02:42:24.630000,12,5,+4.554,+1.001
0 days 02:42:29.619000,12,5,+4.309,+0.826
0 days 02:42:37.512000,12,5,+4.251,+1.006
0 days 02:42:42.892000,12,5,+4.089,+1.111
0 days 02:42:45.910000,12,5,+4.427,+0.830
0 days 02:42:51.725000,12,5,+3.876,+0.698
0 days 02:42:56.621000,12,5,+3.312,+0.654
0 days 02:43:03.914000,12,5,+3.530,+1.049
0 days 02:43:09.646000,12,5,+4.053,+0.684
0 days 02:43:15.721000,12,5,+4.252,+0.751
0 days 02:43:22.297000,12,5,+4.054,+0.816
0 days 02:43:28.458000,12,5,+3.611,+1.253
0 days 02:43:44.487000,12,5,+3.056,+0.948
0 days 02:43:51.611000,12,5,+2.212,+0.854
0 days 02:43:55.908000,12,5,+2.364,+0.741
0 days 02:44:03.635000,12,5,+3.172,+1.118
0 days 02:44:06.259000,12,5,+3.250,+1.068
0 days 02:44:12.632000,12,5,+3.191,+1.036
0 days 02:44:15.512000,12,5,+3.196,+0.989
0 days 02:44:17.205000,12,5,+3.279,+0.941
0 days 02:44:23.438000,12,5,+3.602,+1.025
0 days 02:44:27.256000,12,5,+3.575,+1.054
0 days 02:44:30.947000,12,5,+3.634,+0.895
0 days 02:44:35.424000,12,5,+3.685,+0.987
0 days 02:44:41.059000,12,5,+3.776,+1.118
0 days 02:44:44.505000,12,5,+3.931,+1.121
0 days 02:44:46.618000,12,5,+3.938,+1.123
0 days 02:44:50.991000,12,5,+4.146,+0.909
0 days 02:44:54.651000,12,5,+4.148,+0.933
0 days 02:44:58.654000,12,5,+4.133,+0.948
0 days 02:45:02.719000,12,5,+4.059,+0.937
0 days 02:45:06.201000,12,5,+3.981,+0.943
0 days 02:45:10.840000,12,5,+4.094,+0.668
0 days 02:45:15.005000,12,5,+4.241,+0.706
0 days 02:45:21.677000,12,5,+4.330,+0.537
0 days 02:45:28.074000,12,5,+4.641,+0.646
0 days 02:45:32.087000,12,5,+4.689,+0.700
0 days 02:45:38.950000,12,5,+4.887,+0.843
0 days 02:45:41.362000,12,5,+4.941,+0.903
0 days 02:45:47.663000,12,5,+5.001,+1.048
0 days 02:45:50.535000,12,5,+4.992,+1.066
0 days 02:45:52.018000,12,5,+5.050,+0.934
0 days 02:45:57.992000,12,5,+5.370,+1.099
0 days 02:46:01.709000,12,5,+5.370,+1.117
0 days 02:46:05.149000,12,5,+5.370,+0.905
0 days 02:46:09.474000,12,5,+5.503,+1.015
0 days 02:46:14.835000,12,5,+5.495,+1.055
0 days 02:46:17.882000,12,5,+5.642,+1.122
0 days 02:46:20.022000,12,5,+5.658,+1.142
0 days 02:46:24.085000,12,5,+5.640,+1.036
0 days 02:46:27.569000,12,5,+5.641,+1.070
0 days 02:46:31.522000,12,5,+5.626,+1.062
0 days 02:46:35.590000,12,5,+5.528,+1.041
0 days 02:46:39.100000,12,5,+5.449,+1.038
0 days 02:46:43.416000,12,5,+5.359,+0.931
0 days 02:46:47.463000,12,5,+5.459,+0.844
0 days 02:46:53.992000,12,5,+5.532,+0.632
0 days 02:47:00.098000,12,5,+5.583,+0.672
0 days 02:47:03.895000,12,5,+5.642,+0.618
0 days 02:47:10.450000,12,5,+5.755,+0.613
0 days 02:47:12.871000,12,5,+5.844,+0.559
0 days 02:47:19.039000,12,5,+5.917,+0.529
0 days 02:47:21.789000,12,5,+5.899,+0.514
0 days 02:47:23.369000,12,5,+5.936,+0.400
0 days 02:47:29.357000,12,5,+6.170,+0.571
0 days 02:47:32.971000,12,5,+6.150,+0.615
0 days 02:47:36.361000,12,5,+6.051,+0.443
0 days 02:47:40.517000,12,5,+6.048,+0.453
0 days 02:47:45.815000,12,5,+6.187,+0.536
0 days 02:47:48.889000,12,5,+6.422,+0.629
0 days 02:47:51.039000,12,5,+6.462,+0.663
0 days 02:47:54.976000,12,5,+6.551,+0.540
0 days 02:47:58.495000,12,5,+6.582,+0.544
0 days 02:48:02.433000,12,5,+6.563,+0.506
0 days 02:48:06.411000,12,5,+6.450,+0.443
0 days 02:48:09.870000,12,5,+6.357,+0.385
0 days 02:48:14.272000,12,5,+6.478,+0.439
0 days 02:48:18.423000,12,5,+6.622,+0.529
0 days 02:48:24.854000,12,5,+6.606,+0.428
0 days 02:48:31.014000,12,5,+6.900,+0.566
0 days 02:48:34.718000,12,5,+6.952,+0.628
0 days 02:48:41.337000,12,5,+7.146,+0.646
0 days 02:48:43.578000,12,5,+7.166,+0.610
0 days 02:48:49.600000,12,5,+7.051,+0.504
0 days 02:48:52.314000,12,5,+6.922,+0.404
0 days 02:48:53.891000,12,5,+7.013,+0.289
0 days 02:48:59.693000,12,5,+7.442,+0.557
0 days 02:49:03.374000,12,5,+7.432,+0.512
0 days 02:49:06.764000,12,5,+7.439,+0.487
0 days 02:49:10.984000,12,5,+7.613,+0.617
0 days 02:49:16.137000,12,5,+7.735,+0.553
0 days 02:49:19.174000,12,5,+7.973,+0.637
0 days 02:49:21.280000,12,5,+8.025,+0.654
0 days 02:49:25.396000,12,5,+8.036,+0.540
0 days 02:49:28.699000,12,5,+7.672,+0.534
0 days 02:49:32.641000,12,5,+7.561,+0.497
0 days 02:49:36.613000,12,5,+7.343,+0.343
0 days 02:49:39.802000,12,5,+7.065,+0.109
0 days 02:49:44.551000,12,5,+7.635,+0.333
0 days 02:49:48.778000,12,5,+7.889,+0.572
0 days 02:49:55.168000,12,5,+7.822,+0.415
0 days 02:50:01.611000,12,5,+8.177,+0.761
0 days 02:50:05.276000,12,5,+8.228,+0.807
0 days 02:50:12.011000,12,5,+8.542,+0.937
0 days 02:50:14.261000,12,5,+8.562,+0.960
0 days 02:50:20.192000,12,5,+8.458,+0.805
0 days 02:50:22.839000,12,5,+8.333,+0.705
0 days 02:50:24.416000,12,5,+8.370,+0.596
0 days 02:50:30.114000,12,5,+8.587,+0.802
0 days 02:50:33.692000,12,5,+8.545,+0.767
0 days 02:50:36.970000,12,5,+8.491,+0.565
0 days 02:50:40.991000,12,5,+8.516,+0.659
0 days 02:50:45.990000,12,5,+8.588,+0.552
0 days 02:50:48.870000,12,5,+8.667,+0.569
0 days 02:50:50.969000,12,5,+8.679,+0.585
0 days 02:50:54.838000,12,5,+8.763,+0.483
0 days 02:50:58.216000,12,5,+8.804,+0.483
0 days 02:51:02.207000,12,5,+8.793,+0.457
0 days 02:51:06.141000,12,5,+8.586,+0.299
0 days 02:51:09.404000,12,5,+8.332,+0.084
0 days 02:51:13.491000,12,4,+8.332,+0.084
0 days 02:51:13.531000,12,4,+8.292,+2.321
0 days 02:51:17.566000,12,4,+8.453,+2.318
0 days 02:51:23.718000,12,4,+8.394,+1.967
0 days 02:51:29.891000,12,4,+8.472,+2.083
0 days 02:51:33.538000,12,4,+8.512,+2.044
0 days 02:51:40.073000,12,4,+8.597,+2.009
0 days 02:51:42.236000,12,4,+8.599,+2.055
0 days 02:51:48.424000,12,4,+8.611,+2.121
0 days 02:51:51.142000,12,4,+8.599,+2.136
0 days 02:51:52.639000,12,4,+8.665,+2.102
0 days 02:51:58.213000,12,4,+8.863,+2.222
0 days 02:52:01.826000,12,4,+8.888,+2.217
0 days 02:52:05.173000,12,4,+8.863,+2.024
0 days 02:52:09.378000,12,4,+9.028,+2.012
0 days 02:52:14.266000,12,4,+9.127,+1.859
0 days 02:52:17.109000,12,4,+9.230,+1.818
0 days 02:52:19.104000,12,4,+9.262,+1.812
0 days 02:52:22.936000,12,4,+9.301,+1.743
0 days 02:52:26.391000,12,4,+9.346,+1.804
0 days 02:52:30.327000,12,4,+9.374,+1.836
0 days 02:52:34.413000,12,4,+9.345,+1.821
0 days 02:52:37.866000,12,4,+9.310,+1.803
0 days 02:52:42.091000,12,4,+9.452,+1.735
0 days 02:52:45.992000,12,4,+9.648,+1.714
0 days 02:52:52.428000,12,4,+9.723,+1.674
0 days 02:52:58.495000,12,4,+9.772,+1.631
0 days 02:53:02.141000,12,4,+9.751,+1.651
0 days 02:53:08.600000,12,4,+9.898,+1.423
0 days 02:53:10.940000,12,4,+10.023,+1.513
0 days 02:53:17.008000,12,4,+10.135,+1.654
0 days 02:53:18.944000,12,4,+15.135,+6.654
0 days 02:53:19.639000,12,4,+15.135,+2.362
0 days 02:53:20.536000,12,5,+15.135,+2.362
0 days 00:00:04.219000,27,17,,
0 days 01:11:11.207000,27,17,+2.440,+0.318
0 days 01:11:13.649000,27,16,+2.440,+0.318
0 days 01:11:13.743000,27,16,+3.050,+0.129
0 days 01:11:21.671000,27,16,+4.364,+0.310
0 days 01:11:25.716000,27,16,+4.372,+0.100
0 days 01:11:30.262000,27,15,+4.372,+0.100
0 days 01:11:30.342000,27,15,+5.114,+0.113
0 days 01:11:36.026000,27,16,+5.114,+0.113
0 days 01:11:36.152000,27,16,+6.012,+0.020
0 days 01:11:42.963000,27,15,+6.012,+0.020
0 days 01:11:43.059000,27,15,+6.766,+0.430
0 days 01:11:47.425000,27,15,+7.410,+0.078
0 days 01:11:50.113000,27,13,+7.410,+0.078
0 days 01:11:50.210000,27,13,+7.783,+1.147
0 days 01:11:55.699000,27,13,+8.487,+0.992
0 days 01:11:59.813000,27,13,+8.685,+0.922
0 days 01:12:04.286000,27,13,+8.790,+0.877
0 days 01:12:08.589000,27,13,+8.834,+0.877
0 days 01:12:12.419000,27,13,+9.054,+1.190
0 days 01:12:21.204000,27,13,+13.068,+1.512
0 days 01:12:35.701000,27,13,+22.350,+1.254
0 days 01:12:48.411000,27,13,+21.388,+1.205
0 days 01:12:56.699000,27,13,+21.222,+0.875
0 days 01:13:01.853000,27,13,+21.828,+0.740
0 days 01:13:10.006000,27,13,+22.406,+1.003
0 days 01:13:13.629000,27,12,+22.406,+1.003
0 days 01:13:13.714000,27,12,+23.127,+1.198
0 days 01:13:21.768000,27,12,+24.122,+1.736
0 days 01:13:26.320000,27,12,+25.659,+1.898
0 days 01:13:28.571000,27,12,+26.161,+1.981
0 days 01:13:35.841000,27,12,+24.751,+1.720
0 days 01:13:40.059000,27,12,+22.094,+1.523
0 days 01:13:44.571000,27,12,+20.251,+1.460
0 days 01:13:49.384000,27,12,+19.141,+1.357
0 days 01:13:57.131000,27,12,+17.665,+1.106
0 days 01:14:06.767000,27,12,+19.378,+1.896
0 days 01:14:15.561000,27,12,+20.491,+1.866
0 days 01:14:24.547000,27,12,+18.608,+1.544
0 days 01:14:31.661000,27,12,+19.661,+1.211
0 days 01:14:37.977000,27,12,+17.327,+1.270
0 days 01:14:44.141000,27,12,+16.285,+1.257
0 days 01:14:49.003000,27,12,+14.748,+0.786
0 days 01:14:57.316000,27,12,+15.621,+1.044
0 days 01:15:05.688000,27,12,+16.698,+1.006
0 days 01:15:18.542000,27,12,+18.414,+1.238
0 days 01:15:26.773000,27,12,+17.968,+1.221
0 days 01:15:32.089000,27,12,+17.710,+1.482
0 days 01:15:43.380000,27,12,+19.034,+1.525
0 days 01:16:20.505000,27,12,+24.511,+1.860
0 days 01:16:22.973000,27,12,+24.650,+1.906
0 days 01:16:31.028000,27,12,+23.761,+1.754
0 days 01:16:35.431000,27,12,+22.583,+1.626
0 days 01:16:39.943000,27,12,+22.042,+1.424
0 days 01:16:44.850000,27,12,+21.489,+1.387
0 days 01:16:51.528000,27,12,+20.055,+1.021
0 days 01:16:56.528000,27,12,+19.535,+1.254
0 days 01:17:01.565000,27,12,+18.704,+1.504
0 days 01:17:10.157000,27,12,+18.478,+1.054
0 days 01:17:15.628000,27,12,+17.679,+1.203
0 days 01:17:21.923000,27,12,+16.273,+1.270
0 days 01:17:28.543000,27,12,+16.418,+0.964
0 days 01:17:35.146000,27,12,+17.483,+0.994
0 days 01:17:44.261000,27,12,+19.516,+2.264
0 days 01:17:50.331000,27,12,+18.378,+2.509
0 days 01:17:59.789000,27,12,+18.238,+1.326
0 days 01:18:07.951000,27,12,+17.232,+0.962
0 days 01:18:13.221000,27,12,+17.015,+1.364
0 days 01:18:23.690000,27,12,+18.056,+1.546
0 days 01:19:02.858000,27,12,+24.722,+0.983
0 days 01:19:05.431000,27,12,+25.059,+1.112
0 days 01:19:13.442000,27,12,+24.506,+1.080
0 days 01:19:17.768000,27,12,+23.975,+0.694
0 days 01:19:24.121000,27,12,+25.092,+1.518
0 days 01:19:29.135000,27,12,+24.915,+1.450
0 days 01:19:35.847000,27,12,+23.794,+1.219
0 days 01:19:40.505000,27,12,+23.027,+1.187
0 days 01:19:44.751000,27,12,+21.269,+1.442
0 days 01:19:52.508000,27,12,+20.298,+2.063
0 days 01:19:57.490000,27,12,+18.448,+2.002
0 days 01:20:04.915000,27,12,+19.511,+1.666
0 days 01:20:12.672000,27,12,+20.636,+1.602
0 days 01:20:17.903000,27,12,+20.972,+1.208
0 days 01:20:23.893000,27,12,+19.230,+1.135
0 days 01:20:29.078000,27,12,+17.635,+0.958
0 days 01:20:40.390000,27,12,+19.401,+1.050
0 days 01:20:48.425000,27,12,+18.775,+1.361
0 days 01:20:53.408000,27,12,+18.126,+1.499
0 days 01:21:01.840000,27,12,+17.781,+1.052
0 days 01:21:39.169000,27,12,+25.345,+1.331
0 days 01:21:41.429000,27,12,+25.547,+1.332
0 days 01:21:49.208000,27,12,+25.549,+1.199
0 days 01:21:53.491000,27,12,+24.299,+1.038
0 days 01:21:57.948000,27,12,+24.124,+1.127
0 days 01:22:02.807000,27,12,+23.370,+1.192
0 days 01:22:09.278000,27,12,+21.962,+0.959
0 days 01:22:14.177000,27,12,+22.067,+0.874
0 days 01:22:19.532000,27,12,+21.358,+1.543
0 days 01:22:27.092000,27,12,+20.940,+1.970
0 days 01:22:32.777000,27,12,+20.493,+1.438
0 days 01:22:39.392000,27,12,+20.236,+0.952
0 days 01:22:46.047000,27,12,+20.731,+0.750
0 days 01:22:50.306000,27,12,+19.937,+0.701
0 days 01:22:56.189000,27,12,+18.681,+0.944
0 days 01:23:02.011000,27,12,+16.841,+1.112
0 days 01:23:12.592000,27,12,+18.829,+1.175
0 days 01:23:20.445000,27,12,+17.330,+1.379
0 days 01:23:24.874000,27,12,+16.897,+1.036
0 days 01:23:32.267000,27,12,+15.700,+0.858
0 days 01:23:36.410000,27,12,+16.299,+1.156
0 days 01:23:49.644000,27,12,+20.626,+0.853
0 days 01:23:54.212000,27,12,+20.432,+1.403
0 days 01:23:56.446000,27,12,+20.437,+1.412
0 days 01:24:03.194000,27,12,+18.833,+0.976
0 days 01:24:07.350000,27,12,+18.079,+0.691
0 days 01:24:12.027000,27,12,+17.440,+0.826
0 days 01:24:17.132000,27,12,+17.557,+1.154
0 days 01:24:23.812000,27,12,+16.091,+1.071
0 days 01:24:29.070000,27,12,+16.480,+0.923
0 days 01:24:31.838000,27,12,+15.161,+0.655
0 days 01:24:39.798000,27,12,+16.178,+1.271
0 days 01:24:46.361000,27,12,+16.182,+1.640
0 days 01:24:55.672000,27,12,+18.650,+1.350
0 days 01:25:02.446000,27,12,+18.338,+0.745
0 days 01:25:07.474000,27,12,+16.926,+0.577
0 days 01:25:14.078000,27,12,+16.346,+1.274
0 days 01:25:19.432000,27,12,+15.134,+1.508
0 days 01:25:29.966000,27,12,+16.270,+1.208
0 days 01:25:38.332000,27,12,+15.376,+1.475
0 days 01:25:43.223000,27,12,+14.813,+1.175
0 days 01:25:52.333000,27,12,+15.781,+1.439
0 days 01:25:56.346000,27,12,+16.736,+1.722
0 days 01:26:10.675000,27,12,+21.314,+0.991
0 days 01:26:14.370000,27,12,+21.888,+1.224
0 days 01:26:16.446000,27,12,+21.817,+1.309
0 days 01:26:23.172000,27,12,+20.386,+1.098
0 days 01:26:27.349000,27,12,+19.214,+1.072
0 days 01:26:31.494000,27,12,+18.370,+0.957
0 days 01:26:36.270000,27,12,+17.836,+0.948
0 days 01:26:42.707000,27,12,+16.257,+0.929
0 days 01:26:48.021000,27,12,+16.817,+0.981
0 days 01:26:52.033000,27,12,+17.274,+1.941
0 days 01:26:58.676000,27,12,+17.501,+2.338
0 days 01:27:04.895000,27,12,+18.117,+1.500
0 days 01:27:12.094000,27,12,+18.404,+1.102
0 days 01:27:18.352000,27,12,+19.200,+1.061
0 days 01:27:22.526000,27,12,+17.719,+1.108
0 days 01:27:28.065000,27,12,+16.737,+1.097
0 days 01:27:35.319000,27,12,+14.918,+1.153
0 days 01:27:47.309000,27,12,+9.092,+1.108
0 days 01:27:54.415000,27,12,+8.128,+0.936
0 days 01:27:58.610000,27,12,+8.221,+0.815
0 days 01:28:05.579000,27,12,+8.255,+0.676
0 days 01:28:08.376000,27,12,+8.376,+0.667
0 days 01:28:14.814000,27,12,+8.322,+0.420
0 days 01:28:17.728000,27,12,+8.341,+0.405
0 days 01:28:19.655000,27,12,+8.654,+0.464
0 days 01:28:26.164000,27,12,+8.921,+0.506
0 days 01:28:29.970000,27,12,+8.885,+0.388
0 days 01:28:34.034000,27,12,+9.229,+0.595
0 days 01:28:38.665000,27,12,+9.289,+0.620
0 days 01:28:44.594000,27,12,+9.477,+0.511
0 days 01:28:48.338000,27,12,+9.645,+0.529
0 days 01:28:50.664000,27,12,+9.663,+0.535
0 days 01:28:55.567000,27,12,+9.871,+0.560
0 days 01:28:59.387000,27,12,+9.725,+0.437
0 days 01:29:03.495000,27,12,+9.631,+0.265
0 days 01:29:07.534000,27,12,+9.493,+0.125
0 days 01:29:10.995000,27,12,+9.375,+0.079
0 days 01:29:16.058000,27,12,+9.826,+0.512
0 days 01:29:20.684000,27,12,+10.022,+0.629
0 days 01:29:27.769000,27,12,+10.378,+0.776
0 days 01:29:34.252000,27,12,+10.617,+0.798
0 days 01:29:38.135000,27,12,+10.836,+0.802
0 days 01:29:45.008000,27,12,+10.942,+0.822
0 days 01:29:47.511000,27,12,+11.098,+0.850
0 days 01:29:53.796000,27,12,+11.003,+0.715
0 days 01:29:56.658000,27,12,+10.997,+0.709
0 days 01:29:58.455000,27,12,+11.215,+0.748
0 days 01:30:04.430000,27,12,+11.118,+0.694
0 days 01:30:08.152000,27,12,+11.021,+0.602
0 days 01:30:11.982000,27,12,+11.192,+0.667
0 days 01:30:16.537000,27,12,+11.282,+0.766
0 days 01:30:22.368000,27,12,+11.401,+0.691
0 days 01:30:25.980000,27,12,+11.594,+0.721
0 days 01:30:28.323000,27,12,+11.660,+0.746
0 days 01:30:33.130000,27,12,+12.002,+0.811
0 days 01:30:36.913000,27,12,+12.077,+0.731
0 days 01:30:40.967000,27,12,+12.076,+0.674
0 days 01:30:45.103000,27,12,+12.017,+0.613
0 days 01:30:48.530000,27,12,+11.910,+0.560
0 days 01:30:53.267000,27,12,+12.074,+0.644
0 days 01:30:57.756000,27,12,+12.254,+0.747
0 days 01:31:04.536000,27,12,+12.339,+0.827
0 days 01:31:10.964000,27,12,+12.640,+0.910
0 days 01:31:14.755000,27,12,+12.787,+0.927
0 days 01:31:21.536000,27,12,+12.787,+0.985
0 days 01:31:24.020000,27,12,+12.833,+0.977
0 days 01:31:30.330000,27,12,+12.875,+0.972
0 days 01:31:33.138000,27,12,+12.860,+0.965
0 days 01:31:34.824000,27,12,+13.003,+0.967
0 days 01:31:40.591000,27,12,+13.134,+0.736
0 days 01:31:44.275000,27,12,+13.106,+0.605
0 days 01:31:48.210000,27,12,+13.510,+0.757
0 days 01:31:52.688000,27,12,+13.735,+0.820
0 days 01:31:58.358000,27,12,+13.874,+0.738
0 days 01:32:01.969000,27,12,+14.249,+0.856
0 days 01:32:04.197000,27,12,+14.325,+0.884
0 days 01:32:08.849000,27,12,+14.655,+0.824
0 days 01:32:12.474000,27,12,+14.781,+0.760
0 days 01:32:16.577000,27,12,+14.798,+0.713
0 days 01:32:20.655000,27,12,+14.742,+0.654
0 days 01:32:24.077000,27,12,+14.633,+0.596
0 days 01:32:28.687000,27,12,+14.841,+0.648
0 days 01:32:33.060000,27,12,+14.921,+0.678
0 days 01:32:39.852000,27,12,+15.099,+0.806
0 days 01:32:46.336000,27,12,+15.463,+0.973
0 days 01:32:50.021000,27,12,+15.521,+0.970
0 days 01:32:56.652000,27,12,+15.718,+0.924
0 days 01:32:59.154000,27,12,+15.816,+0.967
0 days 01:33:05.352000,27,12,+15.789,+0.876
0 days 01:33:08.164000,27,12,+15.746,+0.854
0 days 01:33:09.849000,27,12,+15.881,+0.821
0 days 01:33:15.597000,27,12,+15.975,+0.611
0 days 01:33:19.322000,27,12,+15.937,+0.532
0 days 01:33:23.167000,27,12,+16.221,+0.632
0 days 01:33:27.614000,27,12,+16.356,+0.693
0 days 01:33:33.338000,27,12,+16.569,+0.693
0 days 01:33:36.912000,27,12,+16.885,+0.741
0 days 01:33:39.175000,27,12,+16.941,+0.746
0 days 01:33:43.741000,27,12,+17.247,+0.748
0 days 01:33:47.330000,27,12,+17.281,+0.735
0 days 01:33:51.414000,27,12,+17.277,+0.700
0 days 01:33:55.451000,27,12,+17.193,+0.640
0 days 01:33:58.837000,27,12,+17.050,+0.571
0 days 01:34:03.589000,27,12,+17.369,+0.601
0 days 01:34:07.897000,27,12,+17.527,+0.656
0 days 01:34:14.598000,27,12,+17.661,+0.807
0 days 01:34:21.037000,27,12,+17.928,+0.714
0 days 01:34:24.740000,27,12,+18.022,+0.652
0 days 01:34:31.450000,27,12,+18.394,+0.716
0 days 01:34:34.028000,27,12,+18.519,+0.846
0 days 01:34:40.384000,27,12,+18.590,+0.894
0 days 01:34:43.158000,27,12,+18.528,+0.880
0 days 01:34:44.807000,27,12,+18.680,+0.964
0 days 01:34:50.554000,27,12,+18.587,+0.812
0 days 01:34:54.263000,27,12,+18.507,+0.686
0 days 01:34:58.163000,27,12,+18.885,+0.859
0 days 01:35:02.684000,27,12,+19.031,+0.978
0 days 01:35:08.431000,27,12,+19.388,+1.054
0 days 01:35:11.912000,27,12,+19.636,+0.989
0 days 01:35:14.138000,27,12,+19.661,+0.953
0 days 01:35:18.713000,27,12,+19.992,+0.850
0 days 01:35:22.352000,27,12,+20.154,+0.905
0 days 01:35:26.455000,27,12,+20.207,+0.897
0 days 01:35:30.514000,27,12,+20.084,+0.787
0 days 01:35:33.829000,27,12,+19.897,+0.652
0 days 01:35:38.699000,27,12,+20.394,+0.856
0 days 01:35:43.099000,27,12,+20.678,+0.982
0 days 01:35:49.900000,27,12,+20.992,+1.211
0 days 01:35:56.400000,27,12,+21.414,+1.410
0 days 01:36:00.093000,27,12,+21.557,+1.488
0 days 01:36:06.642000,27,12,+21.791,+1.465
0 days 01:36:09.154000,27,12,+21.821,+1.528
0 days 01:36:15.317000,27,12,+21.801,+1.457
0 days 01:36:18.200000,27,12,+21.803,+1.496
0 days 01:36:19.795000,27,12,+21.852,+1.488
0 days 01:36:25.614000,27,12,+21.985,+1.403
0 days 01:36:29.299000,27,12,+22.007,+1.354
0 days 01:36:33.131000,27,12,+22.252,+1.430
0 days 01:36:37.536000,27,12,+22.247,+1.500
0 days 01:36:43.186000,27,12,+22.573,+1.621
0 days 01:36:46.625000,27,12,+22.903,+1.610
0 days 01:36:48.875000,27,12,+22.957,+1.587
0 days 01:36:53.250000,27,12,+23.167,+1.527
0 days 01:36:56.907000,27,12,+23.296,+1.543
0 days 01:37:01.001000,27,12,+23.356,+1.537
0 days 01:37:05.100000,27,12,+23.323,+1.521
0 days 01:37:08.559000,27,12,+23.239,+1.483
0 days 01:37:13.139000,27,12,+23.533,+1.444
0 days 01:37:17.475000,27,12,+23.691,+1.450
0 days 01:37:24.183000,27,12,+23.908,+1.534
0 days 01:37:30.555000,27,12,+24.189,+1.612
0 days 01:37:34.112000,27,12,+24.134,+1.540
0 days 01:37:40.630000,27,12,+24.285,+1.472
0 days 01:37:43.139000,27,12,+24.454,+1.608
0 days 01:37:49.429000,27,12,+24.547,+1.622
0 days 01:37:52.223000,27,12,+24.539,+1.629
0 days 01:37:53.831000,27,12,+24.595,+1.629
0 days 01:37:59.499000,27,12,+24.650,+1.493
0 days 01:38:03.216000,27,12,+24.665,+1.421
0 days 01:38:06.853000,27,12,+24.854,+1.393
0 days 01:38:11.324000,27,12,+25.030,+1.496
0 days 01:38:17.133000,27,12,+25.483,+1.679
0 days 01:38:20.530000,27,12,+25.851,+1.781
0 days 01:38:22.783000,27,12,+25.920,+1.806
0 days 01:38:27.075000,27,12,+26.197,+1.808
0 days 01:38:30.794000,27,12,+26.381,+1.851
0 days 01:38:34.915000,27,12,+26.496,+1.897
0 days 01:38:39.040000,27,12,+26.459,+1.883
0 days 01:38:42.481000,27,12,+26.361,+1.867
0 days 01:38:47.015000,27,12,+26.565,+1.877
0 days 01:38:51.345000,27,12,+26.716,+1.997
0 days 01:38:57.842000,27,13,+26.716,+1.997
0 days 01:38:57.977000,27,13,+26.822,+0.035
0 days 01:39:05.033000,27,13,+27.673,+0.270
0 days 01:39:08.917000,27,13,+28.070,+0.552
0 days 01:39:15.616000,27,13,+28.498,+0.760
0 days 01:39:18.222000,27,13,+28.726,+0.814
0 days 01:39:24.453000,27,13,+28.770,+0.774
0 days 01:39:27.133000,27,13,+28.651,+0.674
0 days 01:39:28.800000,27,13,+28.759,+0.792
0 days 01:39:34.633000,27,13,+28.972,+0.921
0 days 01:39:38.304000,27,13,+28.933,+0.909
0 days 01:39:41.856000,27,13,+29.048,+1.104
0 days 01:39:46.399000,27,13,+29.326,+0.981
0 days 01:39:52.098000,27,13,+29.761,+1.194
0 days 01:39:55.421000,27,13,+30.098,+1.173
0 days 01:39:57.613000,27,13,+30.178,+1.186
0 days 01:40:01.987000,27,13,+30.487,+1.253
0 days 01:40:05.699000,27,13,+30.619,+1.310
0 days 01:40:09.737000,27,13,+30.671,+1.336
0 days 01:40:13.801000,27,13,+30.607,+1.338
0 days 01:40:17.258000,27,13,+30.519,+1.333
0 days 01:40:21.783000,27,13,+30.863,+1.458
0 days 01:40:26.117000,27,13,+31.005,+1.588
0 days 01:40:32.807000,27,13,+31.189,+1.873
0 days 01:40:39.086000,27,13,+31.418,+1.879
0 days 01:40:42.702000,27,13,+31.506,+1.895
0 days 01:40:49.146000,27,13,+31.858,+1.850
0 days 01:40:51.758000,27,13,+32.075,+2.077
0 days 01:40:57.981000,27,13,+32.155,+2.173
0 days 01:41:00.858000,27,13,+32.143,+2.201
0 days 01:41:02.514000,27,13,+32.289,+2.354
0 days 01:41:08.319000,27,13,+32.596,+2.405
0 days 01:41:12.054000,27,13,+32.685,+2.462
0 days 01:41:15.759000,27,13,+32.862,+2.720
0 days 01:41:20.116000,27,13,+33.036,+2.660
0 days 01:41:25.826000,27,12,+33.036,+2.660
0 days 01:41:25.908000,27,12,+33.628,+5.321
0 days 01:41:29.223000,27,12,+33.839,+5.309
0 days 01:41:31.404000,27,12,+33.895,+5.321
0 days 01:41:35.642000,27,12,+34.078,+5.318
0 days 01:41:39.242000,27,12,+34.164,+5.233
0 days 01:41:43.286000,27,12,+34.236,+5.213
0 days 01:41:47.441000,27,12,+34.213,+5.215
0 days 01:41:50.891000,27,12,+34.180,+5.243
0 days 01:41:55.407000,27,12,+34.497,+5.374
0 days 01:41:59.518000,27,12,+34.540,+5.246
0 days 01:42:06.093000,27,12,+34.613,+5.192
0 days 01:42:12.487000,27,12,+34.981,+5.411
0 days 01:42:16.392000,27,12,+35.372,+5.799
0 days 01:42:23.005000,27,12,+35.727,+5.935
0 days 01:42:25.603000,27,12,+35.924,+6.095
0 days 01:42:31.875000,27,12,+36.059,+6.074
0 days 01:42:34.719000,27,12,+36.079,+6.114
0 days 01:42:36.342000,27,12,+36.165,+6.131
0 days 01:42:41.990000,27,12,+36.325,+5.964
0 days 01:42:45.716000,27,12,+36.401,+5.947
0 days 01:42:49.332000,27,12,+36.482,+5.923
0 days 01:42:53.634000,27,12,+36.580,+5.941
0 days 01:42:59.386000,27,12,+36.985,+6.064
0 days 01:43:02.633000,27,12,+37.253,+5.958
0 days 01:43:04.793000,27,12,+37.312,+5.938
0 days 01:43:09.100000,27,12,+37.623,+5.971
0 days 01:43:12.719000,27,12,+37.734,+5.952
0 days 01:43:16.771000,27,12,+37.821,+5.948
0 days 01:43:20.912000,27,12,+37.808,+5.944
0 days 01:43:24.365000,27,12,+37.801,+5.969
0 days 01:43:28.943000,27,12,+38.216,+6.055
0 days 01:43:33.284000,27,12,+38.374,+6.213
0 days 01:43:39.930000,27,12,+38.408,+6.263
0 days 01:43:46.584000,27,13,+38.408,+6.263
0 days 01:43:47.035000,27,13,+39.416,+0.386
0 days 01:43:50.991000,27,13,+39.785,+0.692
0 days 01:43:57.744000,27,13,+40.330,+0.920
0 days 01:44:00.455000,27,13,+40.541,+1.152
0 days 01:44:06.691000,27,13,+40.612,+1.208
0 days 01:44:09.435000,27,13,+40.501,+1.115
0 days 01:44:11.076000,27,13,+40.657,+1.239
0 days 01:44:16.922000,27,13,+41.003,+1.302
0 days 01:44:20.619000,27,13,+41.012,+1.284
0 days 01:44:24.142000,27,13,+41.014,+1.323
0 days 01:44:28.543000,27,13,+41.252,+1.351
0 days 01:44:34.237000,27,13,+41.668,+1.588
0 days 01:44:37.517000,27,13,+42.003,+1.626
0 days 01:44:39.703000,27,13,+42.076,+1.639
0 days 01:44:43.904000,27,13,+42.315,+1.743
0 days 01:44:47.503000,27,13,+42.451,+1.795
0 days 01:44:51.543000,27,13,+42.524,+1.818
0 days 01:44:55.667000,27,13,+42.502,+1.835
0 days 01:44:59.136000,27,13,+42.482,+1.818
0 days 01:45:03.745000,27,13,+42.834,+1.960
0 days 01:45:08.046000,27,13,+42.964,+2.089
0 days 01:45:14.707000,27,13,+43.087,+2.238
0 days 01:45:21.040000,27,13,+43.275,+2.253
0 days 01:45:24.804000,27,13,+43.533,+2.315
0 days 01:45:31.583000,27,13,+43.968,+2.519
0 days 01:45:34.245000,27,13,+44.194,+2.764
0 days 01:45:40.521000,27,13,+44.262,+2.823
0 days 01:45:43.350000,27,13,+44.265,+2.831
0 days 01:45:44.888000,27,13,+44.301,+2.853
0 days 01:45:50.545000,27,13,+44.509,+2.790
0 days 01:45:54.258000,27,13,+44.532,+2.791
0 days 01:45:57.912000,27,13,+44.620,+2.926
0 days 01:46:02.261000,27,13,+44.829,+2.943
0 days 01:46:08.035000,27,13,+45.223,+3.227
0 days 01:46:11.273000,27,13,+45.542,+3.292
0 days 01:46:13.463000,27,13,+45.614,+3.290
0 days 01:46:17.631000,27,13,+45.818,+3.420
0 days 01:46:21.287000,27,13,+45.966,+3.542
0 days 01:46:25.306000,27,13,+46.053,+3.596
0 days 01:46:29.458000,27,13,+46.052,+3.633
0 days 01:46:32.921000,27,13,+46.033,+3.594
0 days 01:46:37.552000,27,13,+46.338,+3.729
0 days 01:46:41.802000,27,13,+46.294,+3.801
0 days 01:46:48.443000,27,13,+46.386,+3.984
0 days 01:46:54.804000,27,13,+46.594,+4.011
0 days 01:46:58.505000,27,13,+46.716,+3.976
0 days 01:47:05.132000,27,13,+47.007,+4.114
0 days 01:47:07.777000,27,13,+47.163,+4.313
0 days 01:47:14.019000,27,13,+47.231,+4.401
0 days 01:47:16.878000,27,13,+47.249,+4.418
0 days 01:47:18.502000,27,13,+47.388,+4.536
0 days 01:47:24.088000,27,13,+47.203,+4.409
0 days 01:47:27.837000,27,13,+47.147,+4.420
0 days 01:47:31.344000,27,13,+47.228,+4.575
0 days 01:47:35.765000,27,13,+47.369,+4.629
0 days 01:47:41.420000,27,13,+47.611,+4.855
0 days 01:47:44.506000,27,13,+47.719,+4.804
0 days 01:47:46.690000,27,13,+47.739,+4.797
0 days 01:47:50.802000,27,13,+47.817,+4.852
0 days 01:47:54.389000,27,13,+47.944,+4.927
0 days 01:47:58.406000,27,13,+48.023,+4.965
0 days 01:48:02.544000,27,13,+48.003,+5.003
0 days 01:48:06.060000,27,13,+47.999,+5.008
0 days 01:48:10.684000,27,13,+48.374,+5.285
0 days 01:48:15.102000,27,13,+48.713,+5.594
0 days 01:48:21.785000,27,13,+48.877,+5.761
0 days 01:48:28.402000,27,13,+49.374,+6.140
0 days 01:48:32.305000,27,13,+49.746,+6.407
0 days 01:48:38.897000,27,13,+49.945,+6.496
0 days 01:48:41.563000,27,13,+50.207,+6.784
0 days 01:48:47.862000,27,13,+50.388,+6.949
0 days 01:48:50.745000,27,13,+50.405,+6.970
0 days 01:48:52.334000,27,13,+50.459,+6.994
0 days 01:48:57.977000,27,13,+50.704,+7.042
0 days 01:49:01.660000,27,13,+50.758,+7.105
0 days 01:49:05.214000,27,13,+50.804,+7.262
0 days 01:49:09.603000,27,13,+51.088,+7.326
0 days 01:49:15.346000,27,13,+51.378,+7.609
0 days 01:49:18.539000,27,13,+51.644,+7.692
0 days 01:49:20.718000,27,13,+51.703,+7.722
0 days 01:49:24.881000,27,13,+51.876,+7.863
0 days 01:49:28.438000,27,13,+52.013,+7.964
0 days 01:49:32.459000,27,13,+52.088,+8.016
0 days 01:49:36.619000,27,13,+52.089,+8.070
0 days 01:49:40.095000,27,13,+52.085,+8.069
0 days 01:49:44.721000,27,13,+52.503,+8.262
0 days 01:49:48.963000,27,13,+52.513,+8.348
0 days 01:49:55.609000,27,13,+52.585,+8.479
0 days 01:50:02.137000,27,13,+52.815,+8.769
0 days 01:50:05.710000,27,13,+52.975,+8.889
0 days 01:50:12.340000,27,13,+53.194,+8.910
0 days 01:50:14.946000,27,13,+53.297,+9.072
0 days 01:50:21.090000,27,13,+53.374,+9.127
0 days 01:50:23.995000,27,13,+53.379,+9.175
0 days 01:50:25.533000,27,13,+53.447,+9.267
0 days 01:50:31.223000,27,13,+53.712,+9.318
0 days 01:50:34.997000,27,13,+53.789,+9.388
0 days 01:50:38.519000,27,13,+53.820,+9.471
0 days 01:50:42.837000,27,13,+53.932,+9.436
0 days 01:50:48.466000,27,13,+54.257,+9.660
0 days 01:50:51.842000,27,13,+54.632,+9.877
0 days 01:50:54.076000,27,13,+54.745,+9.968
0 days 01:50:58.300000,27,13,+54.972,+9.976
0 days 01:51:01.863000,27,13,+55.118,+10.026
0 days 01:51:05.908000,27,13,+55.199,+10.075
0 days 01:51:10.064000,27,13,+55.199,+10.221
0 days 01:51:13.494000,27,13,+55.188,+10.378
0 days 01:51:18.064000,27,13,+55.494,+10.466
0 days 01:51:22.520000,27,13,+55.547,+10.653
0 days 01:51:29.116000,27,13,+55.668,+11.118
0 days 01:51:35.434000,27,13,+55.812,+10.238
0 days 01:51:39.046000,27,13,+55.899,+9.828
0 days 01:51:45.621000,27,13,+56.106,+9.518
0 days 01:51:48.122000,27,13,+56.191,+9.537
0 days 01:51:54.279000,27,13,+56.259,+9.498
0 days 01:51:57.108000,27,13,+56.276,+9.623
0 days 01:51:58.639000,27,13,+56.305,+9.499
0 days 01:52:04.190000,27,13,+56.363,+9.280
0 days 01:52:07.831000,27,13,+56.367,+9.274
0 days 01:52:11.382000,27,13,+56.433,+9.214
0 days 01:52:15.707000,27,13,+56.600,+9.140
0 days 01:52:21.363000,27,13,+56.814,+9.155
0 days 01:52:24.579000,27,13,+57.110,+9.163
0 days 01:52:26.762000,27,13,+57.183,+9.179
0 days 01:52:30.878000,27,13,+57.360,+9.097
0 days 01:52:34.421000,27,13,+57.445,+9.068
0 days 01:52:38.446000,27,13,+57.513,+9.072
0 days 01:52:42.561000,27,13,+57.518,+9.103
0 days 01:52:46.047000,27,13,+57.527,+9.150
0 days 01:52:50.537000,27,13,+57.782,+9.126
0 days 01:52:54.821000,27,13,+57.916,+9.145
0 days 01:53:01.351000,27,13,+58.028,+9.148
0 days 01:53:07.935000,27,13,+58.356,+9.468
0 days 01:53:11.612000,27,13,+58.588,+9.578
0 days 01:53:18.241000,27,13,+58.814,+9.579
0 days 01:53:20.835000,27,13,+59.049,+9.730
0 days 01:53:27.038000,27,13,+59.102,+9.620
0 days 01:53:29.890000,27,13,+59.135,+9.643
0 days 01:53:31.405000,27,13,+59.136,+9.554
0 days 01:53:36.947000,27,13,+59.341,+9.432
0 days 01:53:40.614000,27,13,+59.401,+9.410
0 days 01:53:44.308000,27,13,+59.559,+9.455
0 days 01:53:48.609000,27,13,+59.693,+9.454
0 days 01:53:54.235000,27,13,+59.886,+9.491
0 days 01:53:57.425000,27,13,+60.134,+9.467
0 days 01:53:59.668000,27,13,+60.201,+9.464
0 days 01:54:03.710000,27,13,+60.469,+9.450
0 days 01:54:07.323000,27,13,+60.637,+9.464
0 days 01:54:11.338000,27,13,+60.716,+9.465
0 days 01:54:15.495000,27,13,+60.727,+9.484
0 days 01:54:18.974000,27,13,+60.746,+9.525
0 days 01:54:23.756000,27,13,+61.049,+9.658
0 days 01:54:27.747000,27,13,+61.130,+9.696
0 days 01:54:34.524000,27,13,+61.245,+9.857
0 days 01:54:40.690000,27,13,+61.500,+9.902
0 days 01:54:44.261000,27,13,+61.539,+9.897
0 days 01:54:50.825000,27,13,+61.679,+9.921
0 days 01:54:53.269000,27,13,+61.876,+10.077
0 days 01:54:59.509000,27,13,+61.884,+9.987
0 days 01:55:02.381000,27,13,+61.910,+10.010
0 days 01:55:03.839000,27,13,+61.870,+9.945
0 days 01:55:09.362000,27,13,+61.918,+9.877
0 days 01:55:13.061000,27,13,+61.916,+9.870
0 days 01:55:16.567000,27,13,+61.932,+9.837
0 days 01:55:20.936000,27,13,+62.079,+9.809
0 days 01:55:26.521000,27,13,+62.276,+9.906
0 days 01:55:29.708000,27,13,+62.512,+9.933
0 days 01:55:31.840000,27,13,+62.574,+9.939
0 days 01:55:35.939000,27,13,+62.792,+9.949
0 days 01:55:39.481000,27,13,+62.900,+9.956
0 days 01:55:43.527000,27,13,+62.981,+9.960
0 days 01:55:47.642000,27,13,+63.007,+9.976
0 days 01:55:51.125000,27,13,+63.046,+10.020
0 days 01:55:55.584000,27,13,+63.284,+9.991
0 days 01:55:59.822000,27,13,+63.418,+10.010
0 days 01:56:06.405000,27,13,+63.473,+10.018
0 days 01:56:12.739000,27,13,+63.814,+10.076
0 days 01:56:16.252000,27,13,+63.832,+10.037
0 days 01:56:22.761000,27,13,+63.996,+9.807
0 days 01:56:25.233000,27,13,+64.177,+9.913
0 days 01:56:31.464000,27,13,+64.258,+9.870
0 days 01:56:34.309000,27,13,+64.286,+9.880
0 days 01:56:35.853000,27,13,+64.296,+9.799
0 days 01:56:41.361000,27,13,+64.529,+9.694
0 days 01:56:45.015000,27,13,+64.590,+9.706
0 days 01:56:48.564000,27,13,+64.596,+9.657
0 days 01:56:52.849000,27,13,+64.741,+9.582
0 days 01:56:58.449000,27,13,+64.957,+9.757
0 days 01:57:01.680000,27,13,+65.190,+9.824
0 days 01:57:03.834000,27,13,+65.264,+9.841
0 days 01:57:08.022000,27,13,+65.540,+9.881
0 days 01:57:11.610000,27,13,+65.731,+9.816
0 days 01:57:15.611000,27,13,+65.816,+9.793
0 days 01:57:19.887000,27,13,+65.822,+9.801
0 days 01:57:23.247000,27,13,+65.827,+9.825
0 days 01:57:27.676000,27,13,+66.060,+9.906
0 days 01:57:31.865000,27,13,+66.148,+10.059
0 days 01:57:38.394000,27,13,+66.219,+10.098
0 days 01:57:44.622000,27,13,+66.384,+10.169
0 days 01:57:48.349000,27,13,+66.469,+10.107
0 days 01:57:54.672000,27,13,+66.702,+10.065
0 days 01:57:57.044000,27,13,+66.868,+10.197
0 days 01:58:03.272000,27,13,+66.908,+10.133
0 days 01:58:06.124000,27,13,+66.936,+10.144
0 days 01:58:07.625000,27,13,+66.954,+10.089
0 days 01:58:13.088000,27,13,+66.974,+10.033
0 days 01:58:16.724000,27,13,+66.961,+10.012
0 days 01:58:20.167000,27,13,+66.887,+9.935
0 days 01:58:24.404000,27,13,+66.907,+9.881
0 days 01:58:30.001000,27,13,+67.153,+9.971
0 days 01:58:33.213000,27,13,+67.478,+10.087
0 days 01:58:35.368000,27,13,+67.569,+10.110
0 days 01:58:39.508000,27,13,+67.800,+10.106
0 days 01:58:42.992000,27,13,+67.898,+10.089
0 days 01:58:47.009000,27,13,+67.966,+10.078
0 days 01:58:51.123000,27,13,+67.990,+10.091
0 days 01:58:54.570000,27,13,+68.014,+10.121
0 days 01:58:58.864000,27,13,+68.122,+10.005
0 days 01:59:03.013000,27,13,+68.296,+9.988
0 days 01:59:09.550000,27,13,+68.357,+9.923
0 days 01:59:15.850000,27,13,+68.484,+9.848
0 days 01:59:19.293000,27,13,+68.495,+9.792
0 days 01:59:25.789000,27,13,+68.611,+9.735
0 days 01:59:28.250000,27,13,+68.764,+9.901
0 days 01:59:34.392000,27,13,+68.776,+9.843
0 days 01:59:37.258000,27,13,+68.813,+9.864
0 days 01:59:38.770000,27,13,+68.802,+9.850
0 days 01:59:44.142000,27,13,+68.833,+9.852
0 days 01:59:47.738000,27,13,+68.847,+9.866
0 days 01:59:51.111000,27,13,+68.709,+9.730
0 days 01:59:55.351000,27,13,+68.700,+9.737
0 days 02:00:00.994000,27,13,+68.979,+9.916
0 days 02:00:04.179000,27,13,+69.316,+10.030
0 days 02:00:06.333000,27,13,+69.413,+10.062
0 days 02:00:10.451000,27,13,+69.677,+10.128
0 days 02:00:14.067000,27,13,+69.702,+10.087
0 days 02:00:17.989000,27,13,+69.743,+10.073
0 days 02:00:22.127000,27,13,+69.774,+10.080
0 days 02:00:25.711000,27,13,+69.824,+10.109
0 days 02:00:29.925000,27,13,+69.950,+10.081
0 days 02:00:33.995000,27,13,+70.041,+10.048
0 days 02:00:40.439000,27,13,+70.026,+10.005
0 days 02:00:46.728000,27,13,+70.152,+10.042
0 days 02:00:50.165000,27,13,+70.292,+10.103
0 days 02:00:56.644000,27,13,+70.337,+9.943
0 days 02:00:58.987000,27,13,+70.420,+9.967
0 days 02:01:05.212000,27,13,+70.480,+9.919
0 days 02:01:08.056000,27,13,+70.520,+9.938
0 days 02:01:09.539000,27,13,+70.501,+9.852
0 days 02:01:14.796000,27,13,+70.537,+9.595
0 days 02:01:18.369000,27,13,+70.580,+9.534
0 days 02:01:21.895000,27,13,+70.706,+9.601
0 days 02:01:26.165000,27,13,+70.847,+9.576
0 days 02:01:31.794000,27,13,+71.103,+9.555
0 days 02:01:34.898000,27,13,+71.328,+9.662
0 days 02:01:36.995000,27,13,+71.394,+9.701
0 days 02:01:41.081000,27,13,+71.505,+9.692
0 days 02:01:44.586000,27,13,+71.528,+9.678
0 days 02:01:48.612000,27,13,+71.600,+9.675
0 days 02:01:52.740000,27,13,+71.757,+9.678
0 days 02:01:56.212000,27,13,+71.955,+9.687
0 days 02:02:00.425000,27,13,+72.078,+9.548
0 days 02:02:04.525000,27,13,+72.204,+9.534
0 days 02:02:11.052000,27,13,+72.355,+9.463
0 days 02:02:17.267000,27,13,+72.466,+9.455
0 days 02:02:20.758000,27,13,+72.651,+9.371
0 days 02:02:27.052000,27,13,+72.521,+9.374
0 days 02:02:29.412000,27,13,+72.506,+9.406
0 days 02:02:35.630000,27,13,+72.501,+9.362
0 days 02:02:38.425000,27,13,+72.551,+9.375
0 days 02:02:39.912000,27,13,+72.552,+9.317
0 days 02:02:45.246000,27,13,+72.486,+8.798
0 days 02:02:48.792000,27,13,+72.456,+8.637
0 days 02:02:52.247000,27,13,+72.337,+8.441
0 days 02:02:56.452000,27,13,+72.495,+8.577
0 days 02:03:02.087000,27,13,+72.822,+8.807
0 days 02:03:05.165000,27,13,+73.076,+8.910
0 days 02:03:07.313000,27,13,+73.143,+8.940
0 days 02:03:11.540000,27,13,+73.496,+9.140
0 days 02:03:15.028000,27,13,+73.658,+9.176
0 days 02:03:19.069000,27,13,+73.729,+9.186
0 days 02:03:23.244000,27,13,+73.756,+9.179
0 days 02:03:26.688000,27,13,+73.798,+9.196
0 days 02:03:30.948000,27,13,+74.076,+9.171
0 days 02:03:35.129000,27,13,+74.353,+9.310
0 days 02:03:41.611000,27,13,+74.451,+9.293
0 days 02:03:47.760000,27,13,+74.559,+9.100
0 days 02:03:51.169000,27,13,+74.721,+9.074
0 days 02:03:57.614000,27,13,+74.861,+9.191
0 days 02:04:00.140000,27,13,+75.088,+9.248
0 days 02:04:06.275000,27,13,+75.160,+9.200
0 days 02:04:09.111000,27,13,+75.199,+9.206
0 days 02:04:10.788000,27,13,+75.228,+9.105
0 days 02:04:15.829000,27,13,+75.288,+8.699
0 days 02:04:19.406000,27,13,+75.285,+8.611
0 days 02:04:22.834000,27,13,+75.280,+8.460
0 days 02:04:27.013000,27,13,+75.299,+8.450
0 days 02:04:32.655000,27,13,+75.550,+8.485
0 days 02:04:35.728000,27,13,+75.803,+8.546
0 days 02:04:37.905000,27,13,+75.876,+8.528
0 days 02:04:41.842000,27,13,+76.034,+8.483
0 days 02:04:45.317000,27,13,+76.094,+8.448
0 days 02:04:49.314000,27,13,+76.144,+8.432
0 days 02:04:53.453000,27,13,+76.164,+8.437
0 days 02:04:56.930000,27,13,+76.201,+8.443
0 days 02:05:01.153000,27,13,+76.373,+8.309
0 days 02:05:05.238000,27,13,+76.580,+8.407
0 days 02:05:11.666000,27,13,+76.676,+8.368
0 days 02:05:18.039000,27,13,+77.091,+8.267
0 days 02:05:21.449000,27,13,+77.255,+8.263
0 days 02:05:27.733000,27,13,+77.291,+8.292
0 days 02:05:30.071000,27,13,+77.447,+8.238
0 days 02:05:36.314000,27,13,+77.536,+8.194
0 days 02:05:39.180000,27,13,+77.587,+8.205
0 days 02:05:40.745000,27,13,+77.653,+8.152
0 days 02:05:46.149000,27,13,+77.789,+8.029
0 days 02:05:49.738000,27,13,+77.835,+8.018
0 days 02:05:53.053000,27,13,+77.881,+7.938
0 days 02:05:57.264000,27,13,+77.938,+8.018
0 days 02:06:02.800000,27,13,+78.258,+8.163
0 days 02:06:05.956000,27,13,+78.496,+8.227
0 days 02:06:08.147000,27,13,+78.561,+8.240
0 days 02:06:12.167000,27,13,+78.797,+8.222
0 days 02:06:15.767000,27,13,+78.940,+8.090
0 days 02:06:19.814000,27,13,+79.014,+8.045
0 days 02:06:23.931000,27,13,+79.055,+8.027
0 days 02:06:27.389000,27,13,+79.095,+8.020
0 days 02:06:31.545000,27,13,+79.197,+7.835
0 days 02:06:35.615000,27,13,+79.364,+7.763
0 days 02:06:41.993000,27,13,+79.377,+7.609
0 days 02:06:48.181000,27,13,+79.560,+7.605
0 days 02:06:51.605000,27,13,+79.726,+7.543
0 days 02:06:57.928000,27,13,+79.867,+7.645
0 days 02:07:00.287000,27,13,+79.824,+7.697
0 days 02:07:06.456000,27,13,+79.845,+7.646
0 days 02:07:09.292000,27,13,+79.910,+7.647
0 days 02:07:10.734000,27,13,+79.835,+7.548
0 days 02:07:16.045000,27,13,+79.705,+7.340
0 days 02:07:19.613000,27,13,+79.696,+7.279
0 days 02:07:22.956000,27,13,+79.686,+7.149
0 days 02:07:27.069000,27,13,+79.725,+7.090
0 days 02:07:32.739000,27,13,+80.085,+7.175
0 days 02:07:35.755000,27,13,+80.297,+7.203
0 days 02:07:37.952000,27,13,+80.390,+7.233
0 days 02:07:42.355000,27,13,+80.885,+22.296
0 days 02:07:46.793000,27,12,+80.885,+22.296
0 days 02:07:46.855000,27,12,+82.022,+6.683
0 days 02:07:53.872000,27,12,+85.140,+8.782
0 days 02:08:00.833000,27,12,+87.986,+11.347
0 days 02:08:04.927000,27,12,+88.625,+8.692
0 days 02:08:11.069000,27,12,+90.720,+7.668
0 days 02:08:17.633000,27,12,+93.459,+8.895
0 days 02:08:25.768000,27,12,+95.360,+9.319
0 days 02:08:33.170000,27,12,+96.495,+9.155
0 days 02:08:37.517000,27,12,+97.561,+9.039
0 days 02:08:45.349000,27,12,+99.535,+8.422
0 days 02:09:19.569000,27,12,+122.622,+10.570
0 days 02:09:22.010000,27,12,+123.729,+10.509
0 days 02:09:30.673000,27,12,+127.322,+9.846
0 days 02:09:34.955000,27,12,+128.048,+9.139
0 days 02:09:38.950000,27,12,+128.735,+8.621
0 days 02:09:43.469000,27,12,+129.224,+8.441
0 days 02:09:49.697000,27,12,+130.084,+8.085
0 days 02:09:56.046000,27,12,+133.418,+9.805
0 days 02:09:59.271000,27,12,+134.572,+10.384
0 days 02:10:06.156000,27,12,+137.472,+10.765
0 days 02:10:12.833000,27,12,+137.232,+11.398
0 days 02:10:20.072000,27,12,+138.958,+13.228
0 days 02:10:25.217000,27,12,+138.218,+13.708
0 days 02:10:29.122000,27,12,+135.977,+13.877
0 days 02:10:34.473000,27,12,+136.430,+12.881
0 days 02:10:39.347000,27,12,+136.449,+12.036
0 days 02:10:46.830000,27,12,+134.530,+9.477
0 days 02:10:54.356000,27,12,+134.162,+8.875
0 days 02:10:59.257000,27,12,+134.361,+8.997
0 days 02:11:06.814000,27,12,+134.243,+9.423
0 days 02:11:09.518000,27,12,+134.243,+9.583
0 days 02:11:16.643000,27,12,+120.267,+10.077
0 days 02:11:19.844000,27,12,+116.188,+10.303
0 days 02:11:21.756000,27,12,+115.645,+10.248
0 days 02:11:27.948000,27,12,+113.467,+10.049
0 days 02:11:32.008000,27,12,+113.319,+9.968
0 days 02:11:35.851000,27,12,+113.069,+9.812
0 days 02:11:40.235000,27,12,+111.435,+9.953
0 days 02:11:46.093000,27,12,+109.883,+10.107
0 days 02:11:49.970000,27,12,+109.907,+10.333
0 days 02:11:52.393000,27,12,+109.846,+10.410
0 days 02:11:57.563000,27,12,+109.370,+10.330
0 days 02:12:05.429000,27,12,+109.014,+12.979
0 days 02:12:11.247000,27,12,+106.867,+11.579
0 days 02:12:15.696000,27,12,+105.411,+11.099
0 days 02:12:19.221000,27,12,+103.791,+10.945
0 days 02:12:24.126000,27,12,+103.977,+10.701
0 days 02:12:28.622000,27,12,+104.367,+10.703
0 days 02:12:35.257000,27,12,+104.352,+9.820
0 days 02:12:41.474000,27,12,+104.553,+8.073
0 days 02:12:45.136000,27,12,+102.318,+7.745
0 days 02:12:51.656000,27,12,+100.788,+7.965
0 days 02:12:54.074000,27,12,+100.681,+8.171
0 days 02:13:00.416000,27,12,+100.557,+8.353
0 days 02:13:03.258000,27,12,+97.136,+8.371
0 days 02:13:04.850000,27,12,+96.795,+8.303
0 days 02:13:10.637000,27,12,+96.016,+8.375
0 days 02:13:14.335000,27,12,+93.179,+8.157
0 days 02:13:17.858000,27,12,+92.624,+7.951
0 days 02:13:21.904000,27,12,+92.519,+8.085
0 days 02:13:27.221000,27,12,+89.878,+8.335
0 days 02:13:30.634000,27,12,+87.951,+8.439
0 days 02:13:32.802000,27,12,+86.497,+8.415
0 days 02:13:38.030000,27,12,+85.572,+8.422
0 days 02:13:46.622000,27,12,+85.725,+7.762
0 days 02:13:52.458000,27,12,+83.581,+8.185
0 days 02:13:57.116000,27,12,+81.446,+8.324
0 days 02:14:00.658000,27,12,+79.227,+8.249
0 days 02:14:05.054000,27,12,+77.753,+7.979
0 days 02:14:09.221000,27,12,+74.891,+8.029
0 days 02:14:15.690000,27,12,+72.609,+7.609
0 days 02:14:21.858000,27,12,+70.651,+7.742
0 days 02:14:25.440000,27,12,+69.029,+7.865
0 days 02:14:31.474000,27,12,+67.088,+7.875
0 days 02:14:33.601000,27,12,+65.925,+7.872
0 days 02:14:39.651000,27,12,+62.942,+7.771
0 days 02:14:42.522000,27,12,+62.181,+7.783
0 days 02:14:44.060000,27,12,+61.880,+7.806
0 days 02:14:49.475000,27,12,+59.247,+7.648
0 days 02:14:53.033000,27,12,+57.844,+7.385
0 days 02:14:56.479000,27,12,+56.443,+7.076
0 days 02:15:00.370000,27,12,+55.537,+7.008
0 days 02:15:05.359000,27,12,+53.198,+6.773
0 days 02:15:08.619000,27,12,+51.032,+6.367
0 days 02:15:10.774000,27,12,+50.022,+6.153
0 days 02:15:16.278000,27,12,+46.179,+4.987
0 days 02:15:24.859000,27,12,+43.377,+4.967
0 days 02:15:31,27,12,+41.126,+4.998
0 days 02:15:35.459000,27,12,+38.727,+4.848
0 days 02:15:38.997000,27,12,+36.685,+4.714
0 days 02:15:43.460000,27,12,+30.963,+4.544
0 days 02:15:47.859000,27,12,+25.565,+4.058
0 days 02:15:59.027000,27,12,+22.140,+2.104
0 days 02:16:06.066000,27,12,+19.902,+2.049
0 days 02:16:10.693000,27,12,+18.290,+2.550
0 days 02:16:22.197000,27,12,+21.194,+2.282
0 days 02:16:24.718000,27,12,+20.069,+2.296
0 days 02:16:39.655000,27,12,+26.021,+1.489
0 days 02:16:43.220000,27,12,+25.538,+1.811
0 days 02:16:45.052000,27,12,+24.818,+1.934
0 days 02:16:51.273000,27,12,+23.441,+2.526
0 days 02:16:55.241000,27,12,+22.118,+2.647
0 days 02:16:59.103000,27,12,+21.450,+2.729
0 days 02:17:03.303000,27,12,+20.742,+2.868
0 days 02:17:08.476000,27,12,+18.492,+2.780
0 days 02:17:12.207000,27,12,+17.564,+2.057
0 days 02:17:16.962000,27,12,+18.118,+1.738
0 days 02:17:27.504000,27,12,+19.431,+1.911
0 days 02:17:39.733000,27,12,+21.373,+1.827
0 days 02:17:47.921000,27,12,+19.964,+1.381
0 days 02:17:52.509000,27,12,+17.725,+1.201
0 days 02:17:56.103000,27,12,+15.944,+0.912
0 days 02:18:05.189000,27,12,+18.895,+1.392
0 days 02:18:10.618000,27,12,+17.860,+1.841
0 days 02:18:22.345000,27,12,+20.355,+1.649
0 days 02:18:29.736000,27,12,+19.861,+1.954
0 days 02:18:34.189000,27,12,+18.660,+1.830
0 days 02:18:42.303000,27,12,+19.304,+1.502
0 days 02:18:44.818000,27,12,+18.018,+1.550
0 days 02:18:59.621000,27,12,+24.972,+1.390
0 days 02:19:02.735000,27,12,+23.557,+1.370
0 days 02:19:04.501000,27,12,+23.393,+1.344
0 days 02:19:10.352000,27,12,+21.587,+1.549
0 days 02:19:14.016000,27,12,+20.608,+1.355
0 days 02:19:17.675000,27,12,+19.620,+1.063
0 days 02:19:21.578000,27,12,+18.477,+0.998
0 days 02:19:26.949000,27,12,+16.424,+1.010
0 days 02:19:32.377000,27,12,+17.223,+1.642
0 days 02:19:36.804000,27,12,+18.322,+1.547
0 days 02:19:46.015000,27,12,+18.665,+1.894
0 days 02:19:54.621000,27,12,+19.839,+1.807
0 days 02:20:02.528000,27,12,+20.160,+1.496
0 days 02:20:07.077000,27,12,+18.947,+1.331
0 days 02:20:11.598000,27,12,+18.552,+0.937
0 days 02:20:20.283000,27,12,+20.551,+1.406
0 days 02:20:24.678000,27,12,+18.933,+1.452
0 days 02:20:35.413000,27,12,+20.319,+1.436
0 days 02:20:41.710000,27,12,+18.399,+1.354
0 days 02:20:45.381000,27,12,+16.976,+1.353
0 days 02:20:53.440000,27,12,+17.217,+2.365
0 days 02:20:56.256000,27,12,+16.721,+2.732
0 days 02:21:11.361000,27,12,+22.992,+1.204
0 days 02:21:14.436000,27,12,+22.814,+1.189
0 days 02:21:16.088000,27,12,+21.725,+1.240
0 days 02:21:21.693000,27,12,+19.945,+1.519
0 days 02:21:25.340000,27,12,+18.345,+1.293
0 days 02:21:31.795000,27,12,+20.385,+2.019
0 days 02:21:36.362000,27,12,+20.291,+2.611
0 days 02:21:41.922000,27,12,+17.542,+3.034
0 days 02:21:45.480000,27,12,+14.101,+2.251
0 days 02:21:49.695000,27,12,+14.027,+1.351
0 days 02:21:56.139000,27,12,+13.428,+1.703
0 days 02:22:04.562000,27,12,+14.053,+1.995
0 days 02:22:11.607000,27,12,+14.126,+0.768
0 days 02:22:19.162000,27,12,+14.985,+1.008
0 days 02:22:25.138000,27,12,+15.801,+1.283
0 days 02:22:30.782000,27,12,+14.725,+1.286
0 days 02:22:35.204000,27,12,+12.654,+1.416
0 days 02:22:46.538000,27,12,+15.200,+1.236
0 days 02:22:53.462000,27,12,+14.588,+1.413
0 days 02:22:57.182000,27,12,+13.097,+1.418
0 days 02:23:06.080000,27,12,+14.128,+3.545
0 days 02:23:09.623000,27,12,+14.202,+4.418
0 days 02:23:21.400000,27,12,+17.679,+1.328
0 days 02:23:24.395000,27,12,+16.623,+1.334
0 days 02:23:26.097000,27,12,+16.123,+1.462
0 days 02:23:31.925000,27,12,+14.258,+1.913
0 days 02:23:37.655000,27,12,+14.633,+1.342
0 days 02:23:41.989000,27,12,+14.468,+1.368
0 days 02:23:47.497000,27,12,+14.927,+1.795
0 days 02:23:52.763000,27,12,+13.157,+1.776
0 days 02:23:58.026000,27,12,+13.301,+1.789
0 days 02:24:03.938000,27,12,+15.879,+1.809
0 days 02:24:10.124000,27,12,+15.430,+2.523
0 days 02:24:14.407000,27,12,+14.613,+2.645
0 days 02:24:20.077000,27,12,+13.610,+1.167
0 days 02:24:26.227000,27,12,+14.161,+1.459
0 days 02:24:31.910000,27,12,+14.213,+0.628
0 days 02:24:38.111000,27,12,+13.551,+1.235
0 days 02:24:43.958000,27,12,+11.037,+1.039
0 days 02:25:00.005000,27,12,+7.902,+0.599
0 days 02:25:07.043000,27,12,+6.555,+1.011
0 days 02:25:10.697000,27,12,+6.849,+1.034
0 days 02:25:16.908000,27,12,+7.027,+0.815
0 days 02:25:18.903000,27,12,+7.139,+0.796
0 days 02:25:24.908000,27,12,+7.270,+0.755
0 days 02:25:27.702000,27,12,+7.246,+0.751
0 days 02:25:29.364000,27,12,+7.468,+0.835
0 days 02:25:34.638000,27,12,+7.719,+0.941
0 days 02:25:38.167000,27,12,+7.737,+0.945
0 days 02:25:41.598000,27,12,+7.877,+0.971
0 days 02:25:45.486000,27,12,+8.052,+0.957
0 days 02:25:50.378000,27,12,+8.169,+0.955
0 days 02:25:53.550000,27,12,+8.324,+0.919
0 days 02:25:55.740000,27,12,+8.339,+0.914
0 days 02:25:59.928000,27,12,+8.662,+1.008
0 days 02:26:03.452000,27,12,+8.775,+1.044
0 days 02:26:07.443000,27,12,+8.809,+1.060
0 days 02:26:11.596000,27,12,+8.761,+1.101
0 days 02:26:15,27,12,+8.712,+1.163
0 days 02:26:19.098000,27,12,+8.843,+1.036
0 days 02:26:23.040000,27,12,+9.153,+1.176
0 days 02:26:29.500000,27,12,+9.471,+1.126
0 days 02:26:35.313000,27,12,+10.005,+1.211
0 days 02:26:38.718000,27,12,+10.315,+1.160
0 days 02:26:44.656000,27,12,+10.696,+1.050
0 days 02:26:46.567000,27,12,+10.840,+0.996
0 days 02:26:52.419000,27,12,+10.945,+0.926
0 days 02:26:55.138000,27,12,+10.923,+0.936
0 days 02:26:56.725000,27,12,+11.070,+0.959
0 days 02:27:01.739000,27,12,+11.559,+1.054
0 days 02:27:05.226000,27,12,+11.602,+1.065
0 days 02:27:08.503000,27,12,+11.653,+1.065
0 days 02:27:12.250000,27,12,+11.892,+1.065
0 days 02:27:17.017000,27,12,+12.141,+1.166
0 days 02:27:20.108000,27,12,+12.370,+1.195
0 days 02:27:22.126000,27,12,+12.424,+1.190
0 days 02:27:26.026000,27,12,+12.689,+1.141
0 days 02:27:29.481000,27,12,+12.774,+1.148
0 days 02:27:33.425000,27,12,+12.817,+1.154
0 days 02:27:37.481000,27,12,+12.745,+1.252
0 days 02:27:40.889000,27,12,+12.638,+1.450
0 days 02:27:45.027000,27,12,+12.881,+1.352
0 days 02:27:48.860000,27,12,+13.091,+1.436
0 days 02:27:55.192000,27,12,+13.249,+1.346
0 days 02:28:00.835000,27,12,+13.604,+1.215
0 days 02:28:04.285000,27,12,+13.906,+1.080
0 days 02:28:09.969000,27,12,+13.984,+0.809
0 days 02:28:11.827000,27,12,+14.027,+0.734
0 days 02:28:17.630000,27,12,+14.021,+0.631
0 days 02:28:20.353000,27,12,+14.002,+0.638
0 days 02:28:21.899000,27,12,+14.179,+0.676
0 days 02:28:26.987000,27,12,+14.531,+0.912
0 days 02:28:30.556000,27,12,+14.583,+0.946
0 days 02:28:34.048000,27,12,+14.824,+1.144
0 days 02:28:37.920000,27,12,+15.043,+1.361
0 days 02:28:42.583000,27,12,+15.197,+1.407
0 days 02:28:45.724000,27,12,+15.515,+1.528
0 days 02:28:47.811000,27,12,+15.657,+1.615
0 days 02:28:51.828000,27,12,+15.982,+1.766
0 days 02:28:55.250000,27,12,+16.076,+1.808
0 days 02:28:59.213000,27,12,+16.137,+1.848
0 days 02:29:03.313000,27,12,+16.077,+1.965
0 days 02:29:06.824000,27,12,+16.057,+2.230
0 days 02:29:10.978000,27,12,+15.827,+2.145
0 days 02:29:14.766000,27,12,+15.723,+2.179
0 days 02:29:21.260000,27,12,+12.892,+2.382
0 days 02:29:27.283000,27,11,+12.892,+2.382
0 days 02:29:27.366000,27,11,+16.025,+2.410
0 days 02:29:31.228000,27,10,+16.025,+2.410
0 days 02:29:31.315000,27,10,+16.025,+2.204
0 days 02:29:38.110000,27,10,+12.583,+1.807
0 days 02:29:49.059000,27,11,+12.583,+1.807
0 days 02:29:53.731000,27,12,+12.583,+1.807
0 days 02:30:11.006000,27,12,+34.113,+0.566
0 days 02:30:13.026000,27,12,+34.472,+0.768
0 days 02:30:19.985000,27,12,+36.316,+0.982
0 days 02:30:23.680000,27,12,+36.506,+0.965
0 days 02:30:27.166000,27,12,+36.498,+0.993
0 days 02:30:31.260000,27,12,+36.818,+1.053
0 days 02:30:36.485000,27,12,+37.412,+1.096
0 days 02:30:39.595000,27,12,+37.797,+1.038
0 days 02:30:41.741000,27,12,+37.902,+1.017
0 days 02:30:45.780000,27,12,+38.077,+1.078
0 days 02:30:49.284000,27,12,+38.202,+1.104
0 days 02:30:53.329000,27,12,+38.292,+1.143
0 days 02:30:57.481000,27,12,+38.294,+1.194
0 days 02:31:01.018000,27,12,+38.307,+1.180
0 days 02:31:05.701000,27,12,+38.492,+1.566
0 days 02:31:09.767000,27,12,+38.546,+1.793
0 days 02:31:16.524000,27,12,+38.052,+2.064
0 days 02:31:22.750000,27,12,+37.290,+2.007
0 days 02:31:26.534000,27,12,+36.352,+2.053
0 days 02:31:33.030000,27,12,+35.403,+1.954
0 days 02:31:35.339000,27,12,+35.106,+1.971
0 days 02:31:41.455000,27,12,+34.461,+2.005
0 days 02:31:44.226000,27,12,+34.420,+2.117
0 days 02:31:45.728000,27,12,+34.261,+2.089
0 days 02:31:50.994000,27,12,+34.084,+1.804
0 days 02:31:54.528000,27,12,+34.064,+1.822
0 days 02:31:57.983000,27,12,+34.052,+1.770
0 days 02:32:02.067000,27,12,+34.229,+1.600
0 days 02:32:07.275000,27,12,+34.503,+1.606
0 days 02:32:10.412000,27,12,+34.703,+1.540
0 days 02:32:12.526000,27,12,+34.757,+1.518
0 days 02:32:16.493000,27,12,+34.656,+1.544
0 days 02:32:19.968000,27,12,+34.705,+1.568
0 days 02:32:24.053000,27,12,+34.774,+1.629
0 days 02:32:28.185000,27,12,+34.781,+1.790
0 days 02:32:31.680000,27,12,+34.732,+2.000
0 days 02:32:36.123000,27,12,+34.363,+1.776
0 days 02:32:40.202000,27,12,+34.163,+1.719
0 days 02:32:46.911000,27,12,+33.499,+1.720
0 days 02:32:53.350000,27,12,+24.271,+1.676
0 days 02:32:57.350000,27,12,+23.267,+1.685
0 days 02:33:04.022000,27,12,+22.115,+1.604
0 days 02:33:06.545000,27,12,+21.436,+1.545
0 days 02:33:12.759000,27,12,+19.967,+0.078
0 days 02:33:15.453000,27,11,+19.967,+0.078
0 days 02:33:15.543000,27,11,+19.636,+1.231
0 days 02:33:17.215000,27,11,+19.243,+0.780
0 days 02:33:24.559000,27,10,+19.243,+0.780
0 days 02:33:24.630000,27,10,+18.619,+2.411
0 days 02:33:28.647000,27,10,+15.635,+2.648
0 days 02:33:32.307000,27,10,+15.510,+2.569
0 days 02:33:36.683000,27,10,+15.277,+2.413
0 days 02:33:42.363000,27,10,+14.825,+2.235
0 days 02:33:45.653000,27,10,+14.949,+2.048
0 days 02:33:50.489000,27,10,+17.571,+4.590
0 days 02:33:58.824000,27,10,+21.759,+6.589
0 days 02:34:03.520000,27,10,+22.928,+5.378
0 days 02:34:08.445000,27,10,+23.845,+2.403
0 days 02:34:15.504000,27,10,+25.350,+1.654
0 days 02:34:20.081000,27,10,+20.920,+1.274
0 days 02:34:27.829000,27,10,+22.457,+1.559
0 days 02:34:34.111000,27,10,+23.469,+1.361
0 days 02:34:44.195000,27,10,+25.090,+1.425
0 days 02:34:52.254000,27,10,+25.977,+0.960
0 days 02:34:57.688000,27,10,+26.662,+0.967
0 days 02:35:08.450000,27,10,+27.579,+1.091
0 days 02:35:11.194000,27,10,+27.327,+1.022
0 days 02:35:17.838000,27,7,+27.327,+1.022
0 days 02:35:17.838000,27,7,+26.954,+0.820
0 days 02:35:21.223000,27,7,+27.399,+0.523
0 days 02:35:23.570000,27,7,+27.701,+0.761
0 days 02:35:32.973000,27,7,+28.260,+2.714
0 days 02:35:37.369000,27,7,+28.087,+2.606
0 days 02:35:41.278000,27,7,+27.741,+1.565
0 days 02:35:46.423000,27,7,+27.790,+1.656
0 days 02:35:53.157000,27,7,+28.441,+2.113
0 days 02:35:56.984000,27,7,+28.657,+2.210
0 days 02:35:59.464000,27,7,+27.267,+2.297
0 days 02:36:04.527000,27,7,+25.155,+2.338
0 days 02:36:08.530000,27,7,+24.108,+2.551
0 days 02:36:13.104000,27,7,+24.197,+2.737
0 days 02:36:17.470000,27,7,+21.406,+2.697
0 days 02:36:21.044000,27,7,+18.843,+2.612
0 days 02:36:26.484000,27,7,+16.515,+1.689
0 days 02:36:31.172000,27,7,+12.376,+1.770
0 days 02:36:40.444000,27,7,+11.888,+1.661
0 days 02:36:47.929000,27,7,+10.622,+1.660
0 days 02:36:53.050000,27,7,+9.348,+1.475
0 days 02:37:05.069000,27,7,+10.385,+1.431
0 days 02:37:07.602000,27,7,+9.256,+1.258
0 days 02:37:17.886000,27,7,+10.034,+1.598
0 days 02:37:23.586000,27,7,+10.598,+1.606
0 days 02:37:26.463000,27,7,+10.641,+1.306
0 days 02:37:36.631000,27,7,+10.051,+1.465
0 days 02:37:42.985000,27,7,+10.581,+1.898
0 days 02:37:49.032000,27,7,+11.066,+1.497
0 days 02:37:53.896000,27,7,+10.585,+1.326
0 days 02:38:00.331000,27,7,+9.056,+1.125
0 days 02:38:05.189000,27,7,+8.429,+1.328
0 days 02:38:07.848000,27,7,+7.831,+1.273
0 days 02:38:14.432000,27,7,+7.882,+0.913
0 days 02:38:21.065000,27,7,+8.612,+1.043
0 days 02:38:28.497000,27,7,+8.319,+0.889
0 days 02:38:34.863000,27,7,+8.620,+1.027
0 days 02:38:39.731000,27,7,+7.499,+0.717
0 days 02:38:47.604000,27,7,+8.644,+0.873
0 days 02:38:55.275000,27,7,+8.875,+0.690
0 days 02:39:07.571000,27,7,+11.172,+1.294
0 days 02:39:15.525000,27,7,+10.928,+1.139
0 days 02:39:20.147000,27,7,+9.270,+1.081
0 days 02:39:29.316000,27,7,+8.913,+1.066
0 days 02:39:32.188000,27,7,+8.151,+1.089
0 days 02:39:42.730000,27,7,+9.859,+1.279
0 days 02:39:46.388000,27,7,+9.567,+0.915
0 days 02:39:49.048000,27,7,+9.267,+1.147
0 days 02:39:56.362000,27,7,+7.676,+1.351
0 days 02:40:04.588000,27,7,+7.501,+1.214
0 days 02:40:11.151000,27,7,+8.912,+1.165
0 days 02:40:16.495000,27,7,+9.153,+1.093
0 days 02:40:23.492000,27,7,+8.114,+1.543
0 days 02:40:28.332000,27,7,+7.350,+1.355
0 days 02:40:32.863000,27,7,+7.097,+1.562
0 days 02:40:40.009000,27,7,+7.799,+1.237
0 days 02:40:45.757000,27,7,+6.874,+1.158
0 days 02:40:52.115000,27,7,+6.083,+0.769
0 days 02:40:58.189000,27,7,+7.015,+0.981
0 days 02:41:04.072000,27,7,+6.890,+1.014
0 days 02:41:10.462000,27,7,+6.355,+1.013
0 days 02:41:18.048000,27,7,+6.917,+1.104
0 days 02:41:28.018000,27,7,+7.550,+1.023
0 days 02:41:35.548000,27,7,+6.417,+1.095
0 days 02:41:41.089000,27,7,+6.587,+0.995
0 days 02:41:49.713000,27,7,+6.560,+1.494
0 days 02:41:52.845000,27,7,+6.102,+1.358
0 days 02:42:02.155000,27,7,+6.908,+1.153
0 days 02:42:06.473000,27,7,+7.190,+1.337
0 days 02:42:08.773000,27,7,+7.371,+1.147
0 days 02:42:16.264000,27,7,+6.402,+1.114
0 days 02:42:21.595000,27,7,+6.730,+1.123
0 days 02:42:27.199000,27,7,+7.041,+1.090
0 days 02:42:32.407000,27,7,+7.127,+1.583
0 days 02:42:39.816000,27,7,+6.582,+1.340
0 days 02:42:45.161000,27,7,+6.287,+1.152
0 days 02:42:48.051000,27,7,+6.550,+1.187
0 days 02:42:54.512000,27,7,+6.673,+1.139
0 days 02:42:58.965000,27,7,+5.658,+0.972
0 days 02:43:05.861000,27,7,+5.445,+0.758
0 days 02:43:11.686000,27,7,+6.106,+0.859
0 days 02:43:17.335000,27,7,+5.887,+0.602
0 days 02:43:24.188000,27,7,+5.946,+0.829
0 days 02:43:30.648000,27,7,+5.872,+0.869
0 days 02:43:46.210000,27,7,+4.701,+0.791
0 days 02:43:53.134000,27,7,+3.737,+0.361
0 days 02:43:57.610000,27,7,+4.032,+0.383
0 days 02:44:05.491000,27,7,+4.966,+0.128
0 days 02:44:08.388000,27,7,+5.404,+0.283
0 days 02:44:15.108000,27,7,+5.447,+0.023
0 days 02:44:17.953000,27,7,+5.530,+0.067
0 days 02:44:19.653000,27,7,+5.775,+0.231
0 days 02:44:26.247000,27,7,+6.390,+0.324
0 days 02:44:30.032000,27,7,+6.372,+0.270
0 days 02:44:33.833000,27,7,+6.530,+0.408
0 days 02:44:38.591000,27,7,+6.896,+0.541
0 days 02:44:44.439000,27,7,+7.135,+0.634
0 days 02:44:47.748000,27,7,+7.252,+0.592
0 days 02:44:49.952000,27,7,+7.263,+0.565
0 days 02:44:54.254000,27,7,+7.410,+0.583
0 days 02:44:57.876000,27,7,+7.420,+0.620
0 days 02:45:01.889000,27,7,+7.409,+0.606
0 days 02:45:06.018000,27,7,+7.349,+0.555
0 days 02:45:09.465000,27,7,+7.279,+0.503
0 days 02:45:14.032000,27,7,+7.372,+0.549
0 days 02:45:18.275000,27,7,+7.472,+0.602
0 days 02:45:25.013000,27,7,+7.655,+0.597
0 days 02:45:31.311000,27,7,+7.868,+0.435
0 days 02:45:35.426000,27,7,+7.994,+0.666
0 days 02:45:42.182000,27,7,+8.138,+0.510
0 days 02:45:44.620000,27,7,+8.217,+0.573
0 days 02:45:50.881000,27,7,+8.184,+0.563
0 days 02:45:53.597000,27,7,+8.173,+0.547
0 days 02:45:55.278000,27,7,+8.283,+0.574
0 days 02:46:01.049000,27,7,+8.464,+0.621
0 days 02:46:04.716000,27,7,+8.428,+0.591
0 days 02:46:08.337000,27,7,+8.543,+0.645
0 days 02:46:12.675000,27,7,+8.705,+0.670
0 days 02:46:18.038000,27,7,+8.725,+0.623
0 days 02:46:21.116000,27,7,+8.856,+0.614
0 days 02:46:23.257000,27,7,+8.883,+0.615
0 days 02:46:27.382000,27,7,+8.937,+0.688
0 days 02:46:30.835000,27,7,+8.941,+0.726
0 days 02:46:34.853000,27,7,+8.942,+0.706
0 days 02:46:38.991000,27,7,+8.872,+0.654
0 days 02:46:42.428000,27,7,+8.804,+0.594
0 days 02:46:46.835000,27,7,+8.812,+0.591
0 days 02:46:50.921000,27,7,+8.929,+0.694
0 days 02:46:57.583000,27,7,+9.120,+0.745
0 days 02:47:03.837000,27,7,+9.333,+0.854
0 days 02:47:07.589000,27,7,+9.360,+0.914
0 days 02:47:14.205000,27,7,+9.510,+0.948
0 days 02:47:16.513000,27,7,+9.526,+0.919
0 days 02:47:22.618000,27,7,+9.517,+0.820
0 days 02:47:25.419000,27,7,+9.534,+0.818
0 days 02:47:27.067000,27,7,+9.574,+0.820
0 days 02:47:32.877000,27,7,+9.769,+1.014
0 days 02:47:36.591000,27,7,+9.828,+1.109
0 days 02:47:40.137000,27,7,+9.847,+1.142
0 days 02:47:44.267000,27,7,+9.803,+1.080
0 days 02:47:49.636000,27,7,+10.027,+1.215
0 days 02:47:52.651000,27,7,+10.200,+1.169
0 days 02:47:54.776000,27,7,+10.242,+1.158
0 days 02:47:58.864000,27,7,+10.385,+1.194
0 days 02:48:02.354000,27,7,+10.443,+1.203
0 days 02:48:06.301000,27,7,+10.475,+1.199
0 days 02:48:10.389000,27,7,+10.419,+1.172
0 days 02:48:13.883000,27,7,+10.415,+1.173
0 days 02:48:18.423000,27,7,+10.529,+1.158
0 days 02:48:22.301000,27,7,+10.588,+1.179
0 days 02:48:28.864000,27,7,+10.645,+1.075
0 days 02:48:35.092000,27,7,+10.937,+1.073
0 days 02:48:38.816000,27,7,+11.063,+1.125
0 days 02:48:45.294000,27,7,+11.143,+1.071
0 days 02:48:47.553000,27,7,+11.156,+1.098
0 days 02:48:53.639000,27,7,+11.083,+1.020
0 days 02:48:56.421000,27,7,+11.080,+1.020
0 days 02:48:57.927000,27,7,+11.125,+1.025
0 days 02:49:03.538000,27,7,+11.262,+0.993
0 days 02:49:07.147000,27,7,+11.274,+0.998
0 days 02:49:10.613000,27,7,+11.302,+0.952
0 days 02:49:14.645000,27,7,+11.294,+0.825
0 days 02:49:19.790000,27,7,+11.409,+0.790
0 days 02:49:22.765000,27,7,+11.553,+0.803
0 days 02:49:24.837000,27,7,+11.607,+0.816
0 days 02:49:28.837000,27,7,+11.638,+0.875
0 days 02:49:32.354000,27,7,+11.305,+0.731
0 days 02:49:36.340000,27,7,+11.226,+0.688
0 days 02:49:40.329000,27,7,+11.085,+0.590
0 days 02:49:43.728000,27,7,+10.983,+0.507
0 days 02:49:48.292000,27,7,+11.335,+0.713
0 days 02:49:52.407000,27,7,+11.532,+0.857
0 days 02:49:58.792000,27,7,+11.472,+0.696
0 days 02:50:05.276000,27,7,+11.869,+0.915
0 days 02:50:09.058000,27,7,+12.016,+1.065
0 days 02:50:15.654000,27,7,+12.316,+1.165
0 days 02:50:18.042000,27,7,+12.351,+1.146
0 days 02:50:24.038000,27,7,+12.325,+1.070
0 days 02:50:26.837000,27,7,+12.326,+1.072
0 days 02:50:28.399000,27,7,+12.382,+1.045
0 days 02:50:34.093000,27,7,+12.593,+1.078
0 days 02:50:37.750000,27,7,+12.621,+1.084
0 days 02:50:41.194000,27,7,+12.742,+1.039
0 days 02:50:45.247000,27,7,+12.786,+1.023
0 days 02:50:50.455000,27,7,+13.046,+1.099
0 days 02:50:53.423000,27,7,+13.179,+1.129
0 days 02:50:55.478000,27,7,+13.207,+1.137
0 days 02:50:59.394000,27,7,+13.362,+1.160
0 days 02:51:02.839000,27,7,+13.440,+1.020
0 days 02:51:06.920000,27,7,+13.483,+0.965
0 days 02:51:10.938000,27,7,+13.430,+0.907
0 days 02:51:14.419000,27,7,+13.401,+0.875
0 days 02:51:18.852000,27,7,+13.609,+0.905
0 days 02:51:22.926000,27,7,+13.900,+1.043
0 days 02:51:29.439000,27,7,+14.134,+1.104
0 days 02:51:35.778000,27,7,+14.358,+1.213
0 days 02:51:39.514000,27,7,+14.463,+1.206
0 days 02:51:46.033000,27,7,+14.585,+1.215
0 days 02:51:48.436000,27,7,+14.675,+1.214
0 days 02:51:54.401000,27,7,+14.689,+1.107
0 days 02:51:57.218000,27,7,+14.697,+1.102
0 days 02:51:58.798000,27,7,+14.810,+1.091
0 days 02:52:04.485000,27,7,+15.169,+1.107
0 days 02:52:08.204000,27,7,+15.264,+1.147
0 days 02:52:11.653000,27,7,+15.362,+1.034
0 days 02:52:15.692000,27,7,+15.540,+0.961
0 days 02:52:20.836000,27,7,+15.766,+0.965
0 days 02:52:23.778000,27,7,+15.961,+1.005
0 days 02:52:25.895000,27,7,+16.024,+1.021
0 days 02:52:29.854000,27,7,+16.248,+1.055
0 days 02:52:33.397000,27,7,+16.367,+1.001
0 days 02:52:37.416000,27,7,+16.427,+0.966
0 days 02:52:41.494000,27,7,+16.433,+0.911
0 days 02:52:44.969000,27,7,+16.418,+0.870
0 days 02:52:49.357000,27,7,+16.706,+0.862
0 days 02:52:53.520000,27,7,+17.170,+1.012
0 days 02:52:59.996000,27,7,+17.344,+0.927
0 days 02:53:06.443000,27,7,+17.698,+1.078
0 days 02:53:10.210000,27,7,+17.818,+1.034
0 days 02:53:16.722000,27,7,+18.028,+1.019
0 days 02:53:19.205000,27,7,+18.239,+1.052
0 days 02:53:25.325000,27,7,+18.423,+1.010
0 days 00:00:04.219000,30,18,,
0 days 01:11:14.525000,30,19,,
0 days 01:11:17.083000,30,19,+8.471,
0 days 01:11:19.318000,30,18,+8.471,
0 days 01:11:19.395000,30,18,+9.004,+5.005
0 days 01:11:27.210000,30,18,+9.921,+5.069
0 days 01:11:31.389000,30,18,+10.068,+4.869
0 days 01:11:35.488000,30,18,+10.356,+3.852
0 days 01:11:40.281000,30,18,+10.381,+3.697
0 days 01:11:47.067000,30,18,+10.886,+3.389
0 days 01:11:51.246000,30,18,+11.256,+3.068
0 days 01:11:53.844000,30,18,+11.462,+2.482
0 days 01:11:59.687000,30,17,+11.462,+2.482
0 days 01:11:59.773000,30,17,+12.622,+2.257
0 days 01:12:04.300000,30,17,+13.157,+2.450
0 days 01:12:09.011000,30,17,+13.532,+2.558
0 days 01:12:15.713000,30,17,+15.875,+4.787
0 days 01:12:24.532000,30,17,+21.135,+6.674
0 days 01:12:32.318000,30,17,+24.193,+6.831
0 days 01:12:40.686000,30,17,+27.380,+1.594
0 days 01:12:54.640000,30,17,+27.621,+2.486
0 days 01:13:02.799000,30,17,+27.317,+2.394
0 days 01:13:07.769000,30,17,+27.784,+2.385
0 days 01:13:15.865000,30,17,+28.197,+2.618
0 days 01:13:19.444000,30,16,+28.197,+2.618
0 days 01:13:19.528000,30,16,+28.913,+2.684
0 days 01:13:29.343000,30,16,+31.696,+3.026
0 days 01:13:33.400000,30,16,+32.727,+2.565
0 days 01:13:36.019000,30,16,+33.602,+2.765
0 days 01:13:43.503000,30,16,+32.455,+3.161
0 days 01:13:47.943000,30,16,+29.983,+3.262
0 days 01:13:52.929000,30,16,+28.570,+2.463
0 days 01:13:57.926000,30,16,+27.708,+2.410
0 days 01:14:04.972000,30,16,+25.534,+2.559
0 days 01:14:13.969000,30,16,+26.729,+2.388
0 days 01:14:23.617000,30,16,+28.425,+2.907
0 days 01:14:33.073000,30,16,+27.086,+3.664
0 days 01:14:38.206000,30,16,+26.254,+2.398
0 days 01:14:44.172000,30,16,+23.475,+1.345
0 days 01:14:50.189000,30,16,+22.333,+1.565
0 days 01:14:54.937000,30,16,+20.725,+1.532
0 days 01:15:01.548000,30,16,+19.881,+1.066
0 days 01:15:11.528000,30,16,+22.557,+2.361
0 days 01:15:23.628000,30,16,+23.526,+1.243
0 days 01:15:31.427000,30,16,+22.720,+0.964
0 days 01:15:37.371000,30,16,+23.094,+1.353
0 days 01:15:49.446000,30,16,+25.049,+1.718
0 days 01:16:28.177000,30,16,+32.179,+2.306
0 days 01:16:30.719000,30,16,+32.430,+2.199
0 days 01:16:39.003000,30,16,+31.748,+2.240
0 days 01:16:43.543000,30,16,+30.678,+2.380
0 days 01:16:48.741000,30,16,+30.840,+2.537
0 days 01:16:54.055000,30,16,+30.676,+2.871
0 days 01:17:00.989000,30,16,+29.527,+3.240
0 days 01:17:05.752000,30,16,+28.749,+2.764
0 days 01:17:09.078000,30,16,+26.206,+2.107
0 days 01:17:15.569000,30,16,+23.874,+1.426
0 days 01:17:20.616000,30,16,+22.702,+1.310
0 days 01:17:27.191000,30,16,+21.569,+1.227
0 days 01:17:35.402000,30,16,+23.298,+2.016
0 days 01:17:41.089000,30,16,+23.494,+2.097
0 days 01:17:47.722000,30,16,+22.944,+0.900
0 days 01:17:54.030000,30,16,+22.076,+1.115
0 days 01:18:05.896000,30,16,+24.222,+1.444
0 days 01:18:13.743000,30,16,+23.119,+1.730
0 days 01:18:18.579000,30,16,+22.398,+1.854
0 days 01:18:29.177000,30,16,+23.471,+2.082
0 days 01:19:12.357000,30,16,+34.137,+2.346
0 days 01:19:14.722000,30,16,+34.392,+2.498
0 days 01:19:22.887000,30,16,+33.966,+2.734
0 days 01:19:27.307000,30,16,+33.530,+2.894
0 days 01:19:31.885000,30,16,+32.933,+2.722
0 days 01:19:36.847000,30,16,+32.660,+2.885
0 days 01:19:43.502000,30,16,+31.543,+3.130
0 days 01:19:47.745000,30,16,+30.356,+2.712
0 days 01:19:53.091000,30,16,+29.676,+2.584
0 days 01:20:00.430000,30,16,+28.227,+1.907
0 days 01:20:05.135000,30,16,+26.104,+1.929
0 days 01:20:10.604000,30,16,+25.185,+1.007
0 days 01:20:17.856000,30,16,+25.815,+1.122
0 days 01:20:23.418000,30,16,+26.488,+1.503
0 days 01:20:29.943000,30,16,+25.309,+1.476
0 days 01:20:35.191000,30,16,+23.718,+1.506
0 days 01:20:45.607000,30,16,+24.707,+1.029
0 days 01:20:53.566000,30,16,+23.833,+0.791
0 days 01:20:58.433000,30,16,+23.222,+1.005
0 days 01:21:06.909000,30,16,+22.965,+1.508
0 days 01:21:52.546000,30,16,+38.731,+2.083
0 days 01:21:55.221000,30,16,+39.324,+2.501
0 days 01:22:03.606000,30,16,+39.841,+2.958
0 days 01:22:07.931000,30,16,+38.748,+3.074
0 days 01:22:12.360000,30,16,+38.512,+3.019
0 days 01:22:17.204000,30,16,+37.749,+3.160
0 days 01:22:23.704000,30,16,+36.471,+3.454
0 days 01:22:27.922000,30,16,+35.761,+3.004
0 days 01:22:33.284000,30,16,+35.109,+2.631
0 days 01:22:40.448000,30,16,+34.268,+2.830
0 days 01:22:44.782000,30,16,+32.474,+2.959
0 days 01:22:49.406000,30,16,+30.276,+2.960
0 days 01:22:53.848000,30,16,+28.517,+1.851
0 days 01:22:57.629000,30,16,+27.295,+1.086
0 days 01:23:03.432000,30,16,+25.905,+1.173
0 days 01:23:08.704000,30,16,+23.619,+1.327
0 days 01:23:20.418000,30,16,+26.642,+2.241
0 days 01:23:28.093000,30,16,+24.978,+2.339
0 days 01:23:32.779000,30,16,+24.788,+2.709
0 days 01:23:40.305000,30,16,+23.733,+3.140
0 days 01:23:43.214000,30,16,+23.206,+2.756
0 days 01:23:55.647000,30,16,+26.710,+1.642
0 days 01:24:00.270000,30,16,+26.507,+2.049
0 days 01:24:02.645000,30,16,+26.727,+2.077
0 days 01:24:09.733000,30,16,+25.375,+2.117
0 days 01:24:13.862000,30,16,+24.534,+1.963
0 days 01:24:18.574000,30,16,+24.015,+1.991
0 days 01:24:23.395000,30,16,+23.865,+1.999
0 days 01:24:29.709000,30,16,+21.968,+1.881
0 days 01:24:33.868000,30,16,+21.347,+1.406
0 days 01:24:36.466000,30,16,+19.861,+1.277
0 days 01:24:43.480000,30,16,+19.805,+0.868
0 days 01:24:51.724000,30,16,+21.535,+1.236
0 days 01:25:00.508000,30,16,+23.503,+1.539
0 days 01:25:06.817000,30,16,+22.601,+0.928
0 days 01:25:13.115000,30,16,+22.607,+2.353
0 days 01:25:19.482000,30,16,+21.776,+1.884
0 days 01:25:24.884000,30,16,+20.559,+1.973
0 days 01:25:34.660000,30,16,+21.130,+1.332
0 days 01:25:42.051000,30,16,+19.140,+1.045
0 days 01:25:46.629000,30,16,+18.280,+1.044
0 days 01:25:55.995000,30,16,+19.409,+1.606
0 days 01:26:00.917000,30,16,+21.276,+1.570
0 days 01:26:17.271000,30,16,+27.896,+2.265
0 days 01:26:20.874000,30,16,+28.365,+2.016
0 days 01:26:23.066000,30,16,+28.429,+2.032
0 days 01:26:29.967000,30,16,+27.202,+2.122
0 days 01:26:34.077000,30,16,+25.908,+2.014
0 days 01:26:38.025000,30,16,+24.874,+1.578
0 days 01:26:42.753000,30,16,+24.317,+1.556
0 days 01:26:48.829000,30,16,+22.495,+1.505
0 days 01:26:52.773000,30,16,+21.636,+1.345
0 days 01:26:56.794000,30,16,+22.042,+1.594
0 days 01:27:02.475000,30,16,+21.239,+1.291
0 days 01:27:09.570000,30,16,+22.791,+1.988
0 days 01:27:17.809000,30,16,+24.121,+1.850
0 days 01:27:23.395000,30,16,+24.265,+1.690
0 days 01:27:27.447000,30,16,+22.664,+1.212
0 days 01:27:32.895000,30,16,+21.547,+1.177
0 days 01:27:39.065000,30,16,+18.729,+1.659
0 days 01:27:51.476000,30,16,+13.296,+1.147
0 days 01:27:58.581000,30,16,+12.294,+1.128
0 days 01:28:02.956000,30,16,+12.501,+1.270
0 days 01:28:10.161000,30,16,+12.833,+1.502
0 days 01:28:12.870000,30,16,+12.916,+1.430
0 days 01:28:19.504000,30,16,+13.004,+1.463
0 days 01:28:22.452000,30,16,+13.034,+1.382
0 days 01:28:24.347000,30,16,+13.308,+1.334
0 days 01:28:30.808000,30,16,+13.526,+1.256
0 days 01:28:34.653000,30,16,+13.565,+1.261
0 days 01:28:38.748000,30,16,+13.944,+1.201
0 days 01:28:43.401000,30,16,+14.017,+1.212
0 days 01:28:49.292000,30,16,+14.203,+1.215
0 days 01:28:53.113000,30,16,+14.424,+1.269
0 days 01:28:55.474000,30,16,+14.455,+1.261
0 days 01:29:00.556000,30,16,+14.824,+1.239
0 days 01:29:04.411000,30,16,+14.728,+1.203
0 days 01:29:08.649000,30,16,+14.812,+1.278
0 days 01:29:12.867000,30,16,+14.816,+1.308
0 days 01:29:16.417000,30,16,+14.753,+1.351
0 days 01:29:21.495000,30,16,+15.189,+1.319
0 days 01:29:26.119000,30,16,+15.466,+1.421
0 days 01:29:33.347000,30,16,+16.033,+1.362
0 days 01:29:40.110000,30,16,+16.474,+1.364
0 days 01:29:44.127000,30,16,+16.792,+1.397
0 days 01:29:51.129000,30,16,+17.124,+1.482
0 days 01:29:53.668000,30,16,+17.255,+1.471
0 days 01:30:00.080000,30,16,+17.308,+1.523
0 days 01:30:03.013000,30,16,+17.324,+1.480
0 days 01:30:04.874000,30,16,+17.628,+1.500
0 days 01:30:11.061000,30,16,+17.782,+1.623
0 days 01:30:14.912000,30,16,+17.795,+1.664
0 days 01:30:18.748000,30,16,+17.981,+1.457
0 days 01:30:23.190000,30,16,+17.953,+1.388
0 days 01:30:29.135000,30,16,+18.225,+1.541
0 days 01:30:32.720000,30,16,+18.331,+1.454
0 days 01:30:34.996000,30,16,+18.360,+1.401
0 days 01:30:39.799000,30,16,+18.674,+1.361
0 days 01:30:43.828000,30,16,+19.020,+1.656
0 days 01:30:48.077000,30,16,+19.187,+1.777
0 days 01:30:52.297000,30,16,+19.202,+1.818
0 days 01:30:55.809000,30,16,+19.156,+1.814
0 days 01:31:00.677000,30,16,+19.503,+1.870
0 days 01:31:05.283000,30,16,+19.722,+1.871
0 days 01:31:12.250000,30,16,+20.070,+1.695
0 days 01:31:18.775000,30,16,+20.459,+1.714
0 days 01:31:22.752000,30,16,+20.786,+1.816
0 days 01:31:29.654000,30,16,+20.899,+1.854
0 days 01:31:32.136000,30,16,+20.980,+1.828
0 days 01:31:38.536000,30,16,+21.109,+1.913
0 days 01:31:41.469000,30,16,+21.105,+1.889
0 days 01:31:43.027000,30,16,+21.192,+1.762
0 days 01:31:49.086000,30,16,+21.635,+1.830
0 days 01:31:52.898000,30,16,+21.704,+1.862
0 days 01:31:56.729000,30,16,+22.068,+1.702
0 days 01:32:01.261000,30,16,+22.325,+1.736
0 days 01:32:06.976000,30,16,+22.530,+1.817
0 days 01:32:10.453000,30,16,+22.780,+1.865
0 days 01:32:12.736000,30,16,+22.830,+1.875
0 days 01:32:17.370000,30,16,+23.157,+1.844
0 days 01:32:21.030000,30,16,+23.314,+1.746
0 days 01:32:25.124000,30,16,+23.389,+1.728
0 days 01:32:29.327000,30,16,+23.402,+1.732
0 days 01:32:32.813000,30,16,+23.369,+1.740
0 days 01:32:37.723000,30,16,+23.766,+1.785
0 days 01:32:42.310000,30,16,+24.191,+2.048
0 days 01:32:49.337000,30,16,+24.604,+2.009
0 days 01:32:55.836000,30,16,+24.963,+2.022
0 days 01:32:59.562000,30,16,+25.078,+1.966
0 days 01:33:06.327000,30,16,+25.372,+1.979
0 days 01:33:08.814000,30,16,+25.490,+1.984
0 days 01:33:15.154000,30,16,+25.593,+2.053
0 days 01:33:17.985000,30,16,+25.587,+2.033
0 days 01:33:19.637000,30,16,+25.691,+1.901
0 days 01:33:25.352000,30,16,+25.751,+1.718
0 days 01:33:29.200000,30,16,+25.717,+1.721
0 days 01:33:32.837000,30,16,+25.911,+1.557
0 days 01:33:37.288000,30,16,+26.017,+1.416
0 days 01:33:42.900000,30,16,+26.153,+1.366
0 days 01:33:46.176000,30,16,+26.141,+1.094
0 days 01:33:48.339000,30,16,+26.126,+1.033
0 days 01:33:52.991000,30,16,+26.479,+1.075
0 days 01:33:56.798000,30,16,+26.722,+1.181
0 days 01:34:00.895000,30,16,+26.791,+1.190
0 days 01:34:05.030000,30,16,+26.764,+1.169
0 days 01:34:08.498000,30,16,+26.696,+1.135
0 days 01:34:13.437000,30,16,+27.231,+1.316
0 days 01:34:18.031000,30,16,+27.676,+1.597
0 days 01:34:24.760000,30,16,+27.816,+1.441
0 days 01:34:31.110000,30,16,+28.008,+1.344
0 days 01:34:34.814000,30,16,+28.107,+1.417
0 days 01:34:41.495000,30,16,+28.407,+1.396
0 days 01:34:44.032000,30,16,+28.524,+1.525
0 days 01:34:50.314000,30,16,+28.578,+1.531
0 days 01:34:53.261000,30,16,+28.551,+1.473
0 days 01:34:54.887000,30,16,+28.753,+1.406
0 days 01:35:00.615000,30,16,+28.584,+1.284
0 days 01:35:04.250000,30,16,+28.509,+1.295
0 days 01:35:07.968000,30,16,+28.716,+1.068
0 days 01:35:12.338000,30,16,+28.686,+0.895
0 days 01:35:17.975000,30,16,+28.882,+0.947
0 days 01:35:21.154000,30,16,+28.892,+0.767
0 days 01:35:23.364000,30,16,+28.888,+0.704
0 days 01:35:27.997000,30,16,+29.298,+0.813
0 days 01:35:31.584000,30,16,+29.381,+0.736
0 days 01:35:35.682000,30,16,+29.432,+0.700
0 days 01:35:39.729000,30,16,+29.319,+0.597
0 days 01:35:42.992000,30,16,+29.064,+0.406
0 days 01:35:48.028000,30,16,+29.715,+0.783
0 days 01:35:52.463000,30,16,+30.056,+0.949
0 days 01:35:59.151000,30,16,+30.197,+0.723
0 days 01:36:05.425000,30,16,+30.442,+0.738
0 days 01:36:09.056000,30,16,+30.529,+0.858
0 days 01:36:15.826000,30,16,+30.902,+1.053
0 days 01:36:18.256000,30,16,+30.923,+1.073
0 days 01:36:24.381000,30,16,+30.864,+1.018
0 days 01:36:27.113000,30,16,+30.737,+0.881
0 days 01:36:28.749000,30,16,+30.806,+0.824
0 days 01:36:34.557000,30,16,+30.968,+0.878
0 days 01:36:38.258000,30,16,+30.942,+0.853
0 days 01:36:41.758000,30,16,+30.908,+0.521
0 days 01:36:46.264000,30,16,+31.030,+0.563
0 days 01:36:52.016000,30,16,+31.389,+0.751
0 days 01:36:55.266000,30,16,+31.501,+0.623
0 days 01:36:57.444000,30,16,+31.525,+0.578
0 days 01:37:02.030000,30,16,+31.881,+0.712
0 days 01:37:05.604000,30,16,+31.997,+0.685
0 days 01:37:09.684000,30,16,+32.056,+0.650
0 days 01:37:13.717000,30,16,+31.919,+0.526
0 days 01:37:17.016000,30,16,+31.662,+0.308
0 days 01:37:21.864000,30,16,+32.213,+0.766
0 days 01:37:26.540000,30,16,+32.785,+1.213
0 days 01:37:33.204000,30,16,+32.929,+1.019
0 days 01:37:39.599000,30,16,+33.227,+0.955
0 days 01:37:43.366000,30,16,+33.345,+1.198
0 days 01:37:49.913000,30,16,+33.637,+1.311
0 days 01:37:52.399000,30,16,+33.764,+1.325
0 days 01:37:58.701000,30,16,+33.862,+1.398
0 days 01:38:01.552000,30,16,+33.855,+1.391
0 days 01:38:03.290000,30,16,+34.048,+1.461
0 days 01:38:08.939000,30,16,+34.088,+1.385
0 days 01:38:12.692000,30,16,+34.159,+1.448
0 days 01:38:16.440000,30,16,+34.346,+1.270
0 days 01:38:20.801000,30,16,+34.512,+1.172
0 days 01:38:26.439000,30,16,+34.789,+1.236
0 days 01:38:29.606000,30,16,+34.899,+1.112
0 days 01:38:31.731000,30,16,+34.928,+1.086
0 days 01:38:36.245000,30,16,+35.304,+1.312
0 days 01:38:39.831000,30,16,+35.395,+1.308
0 days 01:38:43.900000,30,16,+35.462,+1.291
0 days 01:38:48.029000,30,16,+35.433,+1.284
0 days 01:38:51.485000,30,16,+35.357,+1.280
0 days 01:38:56.166000,30,16,+35.712,+1.590
0 days 01:39:00.553000,30,16,+35.939,+1.689
0 days 01:39:07.274000,30,16,+36.138,+1.630
0 days 01:39:13.481000,30,16,+36.174,+1.467
0 days 01:39:17.081000,30,16,+36.246,+1.521
0 days 01:39:23.684000,30,16,+36.550,+1.643
0 days 01:39:26.064000,30,16,+36.660,+1.596
0 days 01:39:32.317000,30,16,+36.684,+1.489
0 days 01:39:35.153000,30,16,+36.683,+1.459
0 days 01:39:36.900000,30,16,+36.877,+1.545
0 days 01:39:42.622000,30,16,+36.948,+1.506
0 days 01:39:46.331000,30,16,+36.971,+1.529
0 days 01:39:50.059000,30,16,+37.221,+1.303
0 days 01:39:54.440000,30,16,+37.347,+1.166
0 days 01:39:59.980000,30,16,+37.637,+1.100
0 days 01:40:03.115000,30,16,+37.779,+0.974
0 days 01:40:05.253000,30,16,+37.822,+0.939
0 days 01:40:09.586000,30,16,+38.064,+1.044
0 days 01:40:13.186000,30,16,+38.165,+1.044
0 days 01:40:17.328000,30,16,+38.221,+1.020
0 days 01:40:21.398000,30,16,+38.174,+1.005
0 days 01:40:24.828000,30,16,+38.089,+0.967
0 days 01:40:29.478000,30,16,+38.563,+1.167
0 days 01:40:33.741000,30,16,+38.693,+1.221
0 days 01:40:40.405000,30,16,+38.738,+1.090
0 days 01:40:46.727000,30,16,+38.989,+0.924
0 days 01:40:50.414000,30,16,+39.168,+1.073
0 days 01:40:57.001000,30,16,+39.702,+1.317
0 days 01:40:59.556000,30,16,+39.873,+1.274
0 days 01:41:05.819000,30,16,+39.960,+1.288
0 days 01:41:08.658000,30,16,+39.952,+1.268
0 days 01:41:10.405000,30,16,+40.152,+1.264
0 days 01:41:16.141000,30,16,+40.363,+1.208
0 days 01:41:19.832000,30,16,+40.449,+1.248
0 days 01:41:23.479000,30,16,+40.586,+1.049
0 days 01:41:27.754000,30,16,+40.701,+0.866
0 days 01:41:33.376000,30,16,+41.085,+0.877
0 days 01:41:36.511000,30,16,+41.160,+0.770
0 days 01:41:38.692000,30,16,+41.184,+0.746
0 days 01:41:43.054000,30,16,+41.485,+0.919
0 days 01:41:46.641000,30,16,+41.579,+0.902
0 days 01:41:50.688000,30,16,+41.641,+0.875
0 days 01:41:54.719000,30,16,+41.518,+0.749
0 days 01:41:58.001000,30,16,+41.283,+0.561
0 days 01:42:02.772000,30,16,+41.901,+0.899
0 days 01:42:07.220000,30,16,+42.192,+1.060
0 days 01:42:13.815000,30,16,+42.367,+0.910
0 days 01:42:20.369000,30,16,+42.852,+0.813
0 days 01:42:24.181000,30,16,+43.154,+1.048
0 days 01:42:30.906000,30,16,+43.660,+1.214
0 days 01:42:33.444000,30,16,+43.763,+1.210
0 days 01:42:39.741000,30,16,+43.923,+1.252
0 days 01:42:42.576000,30,16,+43.939,+1.230
0 days 01:42:44.269000,30,16,+44.118,+1.297
0 days 01:42:50.220000,30,16,+44.549,+1.417
0 days 01:42:54.026000,30,16,+44.688,+1.502
0 days 01:42:57.754000,30,16,+44.926,+1.341
0 days 01:43:02.077000,30,16,+45.011,+1.104
0 days 01:43:07.858000,30,16,+45.487,+1.270
0 days 01:43:11.096000,30,16,+45.729,+1.278
0 days 01:43:13.276000,30,16,+45.788,+1.260
0 days 01:43:17.584000,30,16,+46.102,+1.312
0 days 01:43:21.146000,30,16,+46.183,+1.307
0 days 01:43:25.224000,30,16,+46.255,+1.296
0 days 01:43:29.365000,30,16,+46.235,+1.248
0 days 01:43:32.781000,30,16,+46.198,+1.227
0 days 01:43:37.455000,30,16,+46.749,+1.390
0 days 01:43:41.760000,30,16,+46.876,+1.389
0 days 01:43:48.577000,30,16,+47.099,+1.341
0 days 01:43:54.930000,30,16,+47.312,+1.062
0 days 01:43:58.760000,30,16,+47.545,+1.136
0 days 01:44:05.500000,30,16,+48.057,+1.184
0 days 01:44:08.017000,30,16,+48.127,+1.163
0 days 01:44:14.283000,30,16,+48.234,+1.090
0 days 01:44:17.328000,30,16,+48.237,+1.041
0 days 01:44:18.903000,30,16,+48.369,+1.020
0 days 01:44:24.482000,30,16,+48.568,+1.037
0 days 01:44:28.207000,30,16,+48.627,+1.074
0 days 01:44:31.875000,30,16,+48.781,+0.999
0 days 01:44:36.276000,30,16,+48.976,+0.819
0 days 01:44:41.937000,30,16,+49.353,+0.951
0 days 01:44:45.122000,30,16,+49.594,+0.864
0 days 01:44:47.275000,30,16,+49.661,+0.835
0 days 01:44:51.581000,30,16,+49.976,+0.893
0 days 01:44:55.143000,30,16,+50.081,+0.839
0 days 01:44:59.187000,30,16,+50.152,+0.807
0 days 01:45:03.249000,30,16,+50.049,+0.700
0 days 01:45:06.541000,30,16,+49.870,+0.542
0 days 01:45:11.272000,30,16,+50.370,+0.847
0 days 01:45:15.760000,30,16,+50.645,+0.527
0 days 01:45:22.269000,30,16,+50.656,+0.024
0 days 01:45:29.274000,30,16,+51.498,+0.136
0 days 01:45:33.415000,30,16,+52.175,+0.442
0 days 01:45:40.539000,30,16,+52.912,+0.684
0 days 01:45:43.120000,30,16,+53.103,+0.847
0 days 01:45:49.302000,30,16,+53.090,+0.783
0 days 01:45:52.066000,30,16,+52.995,+0.646
0 days 01:45:53.743000,30,16,+53.159,+0.722
0 days 01:45:59.461000,30,16,+53.414,+0.888
0 days 01:46:03.162000,30,16,+53.424,+0.882
0 days 01:46:06.781000,30,16,+53.540,+0.639
0 days 01:46:11.174000,30,16,+53.711,+0.500
0 days 01:46:16.818000,30,16,+54.017,+0.508
0 days 01:46:20.022000,30,16,+54.275,+0.567
0 days 01:46:22.162000,30,16,+54.325,+0.544
0 days 01:46:26.378000,30,16,+54.565,+0.582
0 days 01:46:29.938000,30,16,+54.646,+0.549
0 days 01:46:33.962000,30,16,+54.706,+0.518
0 days 01:46:38.016000,30,16,+54.588,+0.399
0 days 01:46:41.304000,30,16,+54.359,+0.174
0 days 01:46:45.882000,30,15,+54.359,+0.174
0 days 01:46:45.962000,30,15,+54.730,+5.384
0 days 01:46:51.335000,30,15,+55.861,+6.339
0 days 01:46:58.116000,30,15,+56.032,+6.304
0 days 01:47:04.874000,30,15,+56.658,+6.644
0 days 01:47:08.704000,30,15,+56.989,+6.870
0 days 01:47:15.329000,30,15,+57.200,+6.595
0 days 01:47:17.762000,30,15,+57.178,+6.534
0 days 01:47:24.062000,30,15,+57.234,+6.576
0 days 01:47:26.871000,30,15,+57.272,+6.608
0 days 01:47:28.461000,30,15,+57.351,+6.622
0 days 01:47:34.359000,30,15,+57.488,+6.929
0 days 01:47:38.162000,30,15,+57.508,+7.022
0 days 01:47:41.923000,30,15,+57.759,+7.252
0 days 01:47:46.144000,30,15,+57.764,+6.911
0 days 01:47:51.771000,30,15,+57.996,+6.795
0 days 01:47:54.835000,30,15,+58.037,+6.630
0 days 01:47:57.018000,30,15,+58.041,+6.606
0 days 01:48:01.205000,30,15,+58.234,+6.762
0 days 01:48:04.739000,30,15,+58.298,+6.740
0 days 01:48:08.761000,30,15,+58.371,+6.755
0 days 01:48:12.905000,30,15,+58.366,+6.781
0 days 01:48:16.420000,30,15,+58.388,+6.846
0 days 01:48:21.182000,30,15,+58.842,+7.056
0 days 01:48:25.361000,30,15,+58.944,+6.870
0 days 01:48:32.194000,30,15,+59.244,+6.975
0 days 01:48:38.464000,30,15,+59.447,+6.830
0 days 01:48:42.172000,30,15,+59.641,+6.923
0 days 01:48:48.844000,30,15,+59.848,+6.733
0 days 01:48:51.240000,30,15,+59.876,+6.655
0 days 01:48:57.476000,30,15,+60.021,+6.745
0 days 01:49:00.378000,30,15,+60.044,+6.761
0 days 01:49:02.021000,30,15,+60.207,+6.859
0 days 01:49:07.685000,30,15,+60.387,+6.883
0 days 01:49:11.357000,30,15,+60.457,+6.949
0 days 01:49:15.061000,30,15,+60.667,+7.113
0 days 01:49:19.388000,30,15,+60.871,+6.865
0 days 01:49:24.994000,30,15,+61.014,+6.714
0 days 01:49:28.047000,30,15,+61.149,+6.590
0 days 01:49:30.240000,30,15,+61.176,+6.576
0 days 01:49:34.263000,30,15,+61.306,+6.580
0 days 01:49:37.806000,30,15,+61.384,+6.611
0 days 01:49:41.858000,30,15,+61.455,+6.637
0 days 01:49:45.989000,30,15,+61.460,+6.651
0 days 01:49:49.507000,30,15,+61.472,+6.694
0 days 01:49:54.081000,30,15,+61.886,+6.685
0 days 01:49:58.393000,30,15,+61.985,+6.685
0 days 01:50:05.140000,30,15,+62.159,+6.619
0 days 01:50:11.421000,30,15,+62.207,+6.420
0 days 01:50:15.108000,30,15,+62.369,+6.511
0 days 01:50:21.802000,30,15,+62.635,+6.306
0 days 01:50:24.106000,30,15,+62.614,+6.216
0 days 01:50:30.431000,30,15,+62.670,+6.278
0 days 01:50:33.263000,30,15,+62.681,+6.293
0 days 01:50:34.881000,30,15,+62.770,+6.370
0 days 01:50:40.406000,30,15,+62.889,+6.394
0 days 01:50:44.130000,30,15,+62.954,+6.487
0 days 01:50:47.746000,30,15,+63.063,+6.642
0 days 01:50:52.014000,30,15,+63.122,+6.378
0 days 01:50:57.530000,30,15,+63.303,+6.320
0 days 01:51:00.505000,30,15,+63.301,+6.077
0 days 01:51:02.734000,30,15,+63.333,+6.039
0 days 01:51:06.773000,30,15,+63.505,+6.036
0 days 01:51:10.321000,30,15,+63.606,+6.053
0 days 01:51:14.410000,30,15,+63.690,+6.082
0 days 01:51:18.546000,30,15,+63.717,+6.114
0 days 01:51:22.059000,30,15,+63.740,+6.172
0 days 01:51:26.600000,30,15,+64.016,+6.128
0 days 01:51:30.757000,30,15,+63.888,+5.984
0 days 01:51:37.420000,30,15,+63.969,+5.981
0 days 01:51:43.607000,30,15,+64.013,+5.809
0 days 01:51:47.188000,30,15,+64.026,+5.808
0 days 01:51:53.846000,30,15,+64.305,+5.603
0 days 01:51:56.172000,30,15,+64.368,+5.559
0 days 01:52:02.461000,30,15,+64.450,+5.624
0 days 01:52:05.346000,30,15,+64.491,+5.658
0 days 01:52:06.971000,30,15,+64.668,+5.825
0 days 01:52:12.548000,30,15,+64.757,+5.876
0 days 01:52:16.281000,30,15,+64.808,+5.928
0 days 01:52:19.862000,30,15,+64.968,+6.005
0 days 01:52:24.243000,30,15,+65.124,+5.805
0 days 01:52:29.907000,30,15,+65.356,+5.829
0 days 01:52:32.981000,30,15,+65.522,+5.736
0 days 01:52:35.174000,30,15,+65.565,+5.732
0 days 01:52:39.307000,30,15,+65.758,+5.813
0 days 01:52:42.807000,30,15,+65.824,+5.809
0 days 01:52:46.838000,30,15,+65.910,+5.788
0 days 01:52:50.981000,30,15,+65.940,+5.812
0 days 01:52:54.511000,30,15,+65.964,+5.857
0 days 01:52:59.028000,30,15,+66.252,+5.827
0 days 01:53:03.235000,30,15,+66.346,+5.743
0 days 01:53:09.922000,30,15,+66.564,+5.723
0 days 01:53:16.139000,30,15,+66.551,+5.626
0 days 01:53:19.787000,30,15,+66.763,+5.712
0 days 01:53:26.462000,30,15,+67.047,+5.346
0 days 01:53:28.794000,30,15,+67.116,+5.259
0 days 01:53:35.066000,30,15,+67.150,+5.280
0 days 01:53:37.963000,30,15,+67.183,+5.295
0 days 01:53:39.708000,30,15,+67.271,+5.387
0 days 01:53:45.108000,30,15,+67.505,+5.561
0 days 01:53:48.790000,30,15,+67.585,+5.631
0 days 01:53:52.393000,30,15,+67.716,+5.732
0 days 01:53:56.682000,30,15,+67.768,+5.463
0 days 01:54:02.242000,30,15,+67.821,+5.435
0 days 01:54:05.172000,30,15,+67.914,+5.144
0 days 01:54:07.280000,30,15,+67.955,+5.079
0 days 01:54:11.475000,30,15,+68.232,+5.139
0 days 01:54:15.063000,30,15,+68.412,+5.197
0 days 01:54:19.190000,30,15,+68.509,+5.233
0 days 01:54:23.494000,30,15,+68.528,+5.260
0 days 01:54:26.723000,30,15,+68.545,+5.306
0 days 01:54:31.213000,30,15,+68.729,+5.267
0 days 01:54:35.445000,30,15,+68.814,+5.291
0 days 01:54:42.107000,30,15,+68.941,+5.275
0 days 01:54:48.339000,30,15,+69.131,+5.128
0 days 01:54:51.906000,30,15,+69.222,+5.148
0 days 01:54:58.621000,30,15,+69.463,+4.992
0 days 01:55:00.961000,30,15,+69.559,+4.975
0 days 01:55:07.234000,30,15,+69.618,+5.066
0 days 01:55:10.103000,30,15,+69.645,+5.080
0 days 01:55:11.648000,30,15,+69.655,+5.103
0 days 01:55:17.273000,30,15,+69.831,+5.176
0 days 01:55:21.004000,30,15,+69.907,+5.222
0 days 01:55:24.648000,30,15,+69.994,+5.402
0 days 01:55:28.977000,30,15,+70.080,+5.224
0 days 01:55:34.487000,30,15,+70.243,+5.233
0 days 01:55:37.537000,30,15,+70.361,+5.069
0 days 01:55:39.639000,30,15,+70.389,+5.033
0 days 01:55:43.709000,30,15,+70.544,+4.969
0 days 01:55:47.266000,30,15,+70.611,+4.979
0 days 01:55:51.271000,30,15,+70.691,+5.001
0 days 01:55:55.348000,30,15,+70.721,+5.014
0 days 01:55:58.839000,30,15,+70.746,+5.043
0 days 01:56:03.269000,30,15,+70.990,+5.055
0 days 01:56:07.469000,30,15,+71.060,+5.030
0 days 01:56:14.081000,30,15,+71.157,+5.014
0 days 01:56:20.427000,30,15,+71.507,+5.015
0 days 01:56:24.044000,30,15,+71.651,+5.117
0 days 01:56:30.610000,30,15,+71.846,+4.779
0 days 01:56:32.921000,30,15,+71.911,+4.744
0 days 01:56:39.211000,30,15,+71.976,+4.790
0 days 01:56:42.086000,30,15,+72.010,+4.803
0 days 01:56:43.649000,30,15,+72.117,+4.926
0 days 01:56:49.202000,30,15,+72.318,+4.973
0 days 01:56:52.811000,30,15,+72.395,+5.028
0 days 01:56:56.417000,30,15,+72.452,+5.121
0 days 01:57:00.681000,30,15,+72.513,+4.834
0 days 01:57:06.049000,30,15,+72.556,+4.830
0 days 01:57:08.960000,30,15,+72.495,+4.599
0 days 01:57:11.049000,30,15,+72.486,+4.553
0 days 01:57:15.015000,30,15,+72.545,+4.460
0 days 01:57:18.545000,30,15,+72.685,+4.495
0 days 01:57:22.596000,30,15,+72.782,+4.533
0 days 01:57:26.676000,30,15,+72.778,+4.550
0 days 01:57:30.150000,30,15,+72.765,+4.563
0 days 01:57:34.492000,30,15,+72.919,+4.477
0 days 01:57:38.566000,30,15,+72.834,+4.412
0 days 01:57:45.166000,30,15,+72.977,+4.367
0 days 01:57:51.587000,30,15,+73.298,+4.392
0 days 01:57:55.150000,30,15,+73.499,+4.535
0 days 01:58:01.743000,30,15,+73.794,+4.401
0 days 01:58:04.067000,30,15,+73.877,+4.400
0 days 01:58:10.366000,30,15,+73.945,+4.494
0 days 01:58:13.166000,30,15,+73.980,+4.511
0 days 01:58:14.765000,30,15,+74.118,+4.658
0 days 01:58:20.324000,30,15,+74.223,+4.716
0 days 01:58:24.047000,30,15,+74.263,+4.777
0 days 01:58:27.685000,30,15,+74.414,+4.939
0 days 01:58:31.885000,30,15,+74.390,+4.748
0 days 01:58:37.310000,30,15,+74.451,+4.662
0 days 01:58:40.195000,30,15,+74.466,+4.381
0 days 01:58:42.278000,30,15,+74.486,+4.317
0 days 01:58:46.234000,30,15,+74.558,+4.238
0 days 01:58:49.828000,30,15,+74.663,+4.263
0 days 01:58:53.797000,30,15,+74.757,+4.295
0 days 01:58:57.996000,30,15,+74.814,+4.359
0 days 01:59:01.443000,30,15,+74.842,+4.399
0 days 01:59:05.697000,30,15,+74.977,+4.388
0 days 01:59:09.775000,30,15,+75.077,+4.336
0 days 01:59:16.447000,30,15,+75.255,+4.319
0 days 01:59:22.711000,30,15,+75.306,+4.176
0 days 01:59:26.186000,30,15,+75.429,+4.201
0 days 01:59:32.825000,30,15,+75.667,+4.148
0 days 01:59:35.179000,30,15,+75.748,+4.122
0 days 01:59:41.412000,30,15,+75.789,+4.182
0 days 01:59:44.280000,30,15,+75.828,+4.202
0 days 01:59:45.838000,30,15,+75.900,+4.298
0 days 01:59:51.274000,30,15,+75.982,+4.266
0 days 01:59:55.063000,30,15,+76.049,+4.333
0 days 01:59:58.463000,30,15,+76.083,+4.448
0 days 02:00:02.598000,30,15,+75.937,+4.087
0 days 02:00:08.042000,30,15,+76.053,+4.060
0 days 02:00:10.988000,30,15,+76.039,+3.815
0 days 02:00:12.964000,30,15,+76.032,+3.760
0 days 02:00:16.969000,30,15,+76.103,+3.715
0 days 02:00:20.814000,30,15,+76.523,+4.144
0 days 02:00:24.988000,30,15,+76.680,+4.283
0 days 02:00:29.067000,30,15,+76.740,+4.340
0 days 02:00:32.564000,30,15,+76.799,+4.408
0 days 02:00:36.897000,30,15,+76.958,+4.422
0 days 02:00:41.013000,30,15,+77.035,+4.470
0 days 02:00:47.615000,30,15,+77.210,+4.530
0 days 02:00:53.836000,30,15,+77.280,+4.451
0 days 02:00:57.371000,30,15,+77.512,+4.611
0 days 02:01:03.812000,30,15,+77.533,+4.477
0 days 02:01:06.177000,30,15,+77.591,+4.434
0 days 02:01:12.504000,30,15,+77.776,+4.511
0 days 02:01:15.420000,30,15,+77.826,+4.527
0 days 02:01:16.985000,30,15,+77.923,+4.646
0 days 02:01:22.351000,30,15,+78.088,+4.513
0 days 02:01:26.052000,30,15,+78.242,+4.606
0 days 02:01:29.497000,30,15,+78.323,+4.694
0 days 02:01:33.609000,30,15,+78.273,+4.323
0 days 02:01:39.279000,30,15,+78.588,+4.531
0 days 02:01:42.233000,30,15,+78.683,+4.289
0 days 02:01:44.369000,30,15,+78.725,+4.215
0 days 02:01:48.342000,30,15,+78.791,+4.169
0 days 02:01:51.840000,30,15,+78.795,+4.159
0 days 02:01:55.897000,30,15,+78.879,+4.191
0 days 02:02:00.021000,30,15,+79.082,+4.236
0 days 02:02:03.568000,30,15,+79.344,+4.312
0 days 02:02:07.853000,30,15,+79.487,+4.351
0 days 02:02:11.896000,30,15,+79.551,+4.326
0 days 02:02:18.437000,30,15,+79.756,+4.329
0 days 02:02:24.594000,30,15,+79.813,+4.188
0 days 02:02:28.133000,30,15,+80.039,+4.170
0 days 02:02:34.634000,30,15,+80.104,+4.029
0 days 02:02:37.022000,30,15,+80.128,+3.951
0 days 02:02:43.337000,30,15,+80.222,+3.985
0 days 02:02:46.152000,30,15,+80.280,+4.000
0 days 02:02:47.691000,30,15,+80.339,+4.069
0 days 02:02:53.040000,30,15,+80.351,+3.936
0 days 02:02:56.693000,30,15,+80.383,+3.956
0 days 02:03:00.214000,30,15,+80.394,+4.057
0 days 02:03:04.447000,30,15,+80.480,+3.852
0 days 02:03:10.156000,30,15,+80.839,+4.005
0 days 02:03:13.113000,30,15,+80.965,+3.750
0 days 02:03:15.178000,30,15,+81.000,+3.714
0 days 02:03:19.265000,30,15,+81.260,+3.718
0 days 02:03:22.813000,30,15,+81.404,+3.739
0 days 02:03:26.838000,30,15,+81.520,+3.818
0 days 02:03:30.999000,30,15,+81.594,+3.882
0 days 02:03:34.518000,30,15,+81.651,+3.937
0 days 02:03:38.714000,30,15,+81.847,+3.845
0 days 02:03:42.748000,30,15,+81.999,+3.863
0 days 02:03:49.595000,30,15,+82.423,+4.132
0 days 02:03:55.970000,30,15,+82.643,+4.061
0 days 02:03:59.427000,30,15,+82.963,+4.092
0 days 02:04:05.997000,30,15,+83.201,+4.018
0 days 02:04:08.317000,30,15,+83.358,+4.033
0 days 02:04:14.601000,30,15,+83.502,+4.151
0 days 02:04:17.564000,30,15,+83.547,+4.172
0 days 02:04:19.080000,30,15,+83.719,+4.298
0 days 02:04:24.496000,30,15,+83.960,+4.303
0 days 02:04:28.203000,30,15,+84.067,+4.398
0 days 02:04:31.704000,30,15,+84.163,+4.482
0 days 02:04:35.792000,30,15,+84.083,+4.094
0 days 02:04:41.527000,30,15,+84.445,+4.307
0 days 02:04:44.492000,30,15,+84.528,+4.151
0 days 02:04:46.530000,30,15,+84.577,+4.134
0 days 02:04:50.561000,30,15,+84.766,+4.247
0 days 02:04:54.095000,30,15,+84.810,+4.245
0 days 02:04:58.076000,30,15,+84.874,+4.262
0 days 02:05:02.195000,30,15,+84.943,+4.319
0 days 02:05:05.770000,30,15,+85.041,+4.419
0 days 02:05:09.953000,30,15,+85.198,+4.370
0 days 02:05:13.866000,30,15,+85.229,+4.281
0 days 02:05:20.531000,30,15,+85.509,+4.391
0 days 02:05:26.770000,30,15,+85.817,+4.488
0 days 02:05:30.269000,30,15,+86.073,+4.558
0 days 02:05:37.095000,30,15,+86.651,+4.673
0 days 02:05:39.847000,30,15,+87.092,+5.019
0 days 02:05:46.304000,30,15,+87.456,+5.354
0 days 02:05:49.439000,30,15,1 L,+5.669
0 days 02:05:51.170000,30,15,1 L,+5.991
0 days 02:05:57.045000,30,15,1 L,+6.700
0 days 02:06:00.769000,30,15,1 L,+6.833
0 days 02:06:04.481000,30,15,1 L,+7.184
0 days 02:06:08.704000,30,15,1 L,+6.945
0 days 02:06:14.114000,30,15,1 L,+6.924
0 days 02:06:17.154000,30,15,1 L,+6.701
0 days 02:06:19.235000,30,15,1 L,+6.654
0 days 02:06:23.318000,30,15,1 L,+6.664
0 days 02:06:26.665000,30,15,1 L,+6.676
0 days 02:06:30.691000,30,15,1 L,+6.675
0 days 02:06:35.215000,30,15,1 L,+7.109
0 days 02:06:39.428000,30,15,1 L,+7.861
0 days 02:06:44.055000,30,15,1 L,+8.333
0 days 02:06:48.088000,30,15,1 L,+8.469
0 days 02:06:54.697000,30,15,1 L,+8.625
0 days 02:07:00.891000,30,15,1 L,+8.628
0 days 02:07:04.370000,30,15,1 L,+8.676
0 days 02:07:10.996000,30,15,1 L,+8.623
0 days 02:07:13.718000,30,15,1 L,+9.013
0 days 02:07:20.055000,30,15,1 L,+9.284
0 days 02:07:22.890000,30,15,1 L,+9.308
0 days 02:07:24.488000,30,15,1 L,+9.479
0 days 02:07:29.796000,30,15,1 L,+9.337
0 days 02:07:33.454000,30,15,1 L,+9.336
0 days 02:07:37.043000,30,15,1 L,+9.537
0 days 02:07:41.074000,30,15,1 L,+9.186
0 days 02:07:46.438000,30,15,1 L,+9.007
0 days 02:07:49.318000,30,15,1 L,+8.790
0 days 02:07:52.555000,30,15,1 L,+36.599
0 days 02:08:00.575000,30,15,1 L,+40.577
0 days 02:08:06.938000,30,14,1 L,+40.577
0 days 02:08:07.019000,30,14,1 L,+16.377
0 days 02:08:13.529000,30,14,1 L,+16.452
0 days 02:08:19.698000,30,14,1 L,+15.086
0 days 02:08:23.673000,30,14,1 L,+14.128
0 days 02:08:29.297000,30,14,1 L,+14.021
0 days 02:08:33.773000,30,14,1 L,+13.277
0 days 02:08:41.388000,30,14,1 L,+11.677
0 days 02:08:48.693000,30,14,1 L,+11.513
0 days 02:08:53.365000,30,14,1 L,+11.358
0 days 02:09:02.047000,30,14,1 L,+11.570
0 days 02:09:26.071000,30,15,1 L,+11.570
0 days 02:09:33.668000,30,16,1 L,+11.570
0 days 02:09:35.687000,30,16,1 L,+1.905
0 days 02:09:38.430000,30,16,1 L,+2.653
0 days 02:09:47.239000,30,16,1 L,+3.260
0 days 02:09:51.969000,30,16,1 L,+2.882
0 days 02:09:57.072000,30,16,1 L,+3.130
0 days 02:10:01.845000,30,16,1 L,+3.250
0 days 02:10:08.047000,30,16,1 L,+2.917
0 days 02:10:11.834000,30,16,1 L,+2.892
0 days 02:10:14.203000,30,16,1 L,+2.793
0 days 02:10:19.712000,30,16,1 L,+2.141
0 days 02:10:27.556000,30,16,1 L,+2.648
0 days 02:10:34.675000,30,16,1 L,+1.687
0 days 02:10:40.049000,30,16,1 L,+1.698
0 days 02:10:43.914000,30,16,1 L,+1.611
0 days 02:10:49.373000,30,16,1 L,+2.092
0 days 02:10:54.006000,30,16,1 L,+1.905
0 days 02:11:02.487000,30,16,1 L,+1.361
0 days 02:11:09.407000,30,16,1 L,+1.730
0 days 02:11:13.491000,30,16,1 L,+1.902
0 days 02:11:23.020000,30,16,1 L,+3.023
0 days 02:11:25.823000,30,16,1 L,+3.064
0 days 02:11:32.670000,30,16,1 L,+3.161
0 days 02:11:36.154000,30,16,1 L,+2.825
0 days 02:11:38.217000,30,16,1 L,+2.900
0 days 02:11:44.183000,30,16,1 L,+3.075
0 days 02:11:49.314000,30,16,1 L,+2.262
0 days 02:11:55.042000,30,16,1 L,+3.088
0 days 02:11:59.657000,30,16,1 L,+3.644
0 days 02:12:05.157000,30,16,1 L,+3.230
0 days 02:12:08.718000,30,16,1 L,+2.530
0 days 02:12:12.748000,30,16,1 L,+2.392
0 days 02:12:18.650000,30,16,1 L,+2.170
0 days 02:12:27.800000,30,16,1 L,+1.660
0 days 02:12:34.765000,30,16,1 L,+1.875
0 days 02:12:41.193000,30,16,1 L,+1.349
0 days 02:12:46.642000,30,16,1 L,+1.126
0 days 02:12:54.004000,30,16,1 L,+1.412
0 days 02:12:58.670000,30,16,1 L,+1.096
0 days 02:13:09.048000,30,16,1 L,+1.504
0 days 02:13:16.801000,30,16,1 L,+1.071
0 days 02:13:21.945000,30,16,1 L,+0.755
0 days 02:13:29.518000,30,16,1 L,+0.857
0 days 02:13:32.157000,30,16,1 L,+0.845
0 days 02:13:41.397000,30,16,1 L,+0.804
0 days 02:13:46.309000,30,16,1 L,+1.160
0 days 02:13:48.558000,30,16,1 L,+1.251
0 days 02:13:54.599000,30,16,1 L,+1.263
0 days 02:14:00.175000,30,16,1 L,+0.932
0 days 02:14:06.516000,30,16,1 L,+1.806
0 days 02:14:10.830000,30,16,1 L,+2.112
0 days 02:14:16.874000,30,16,1 L,+1.333
0 days 02:14:22.262000,30,16,1 L,+1.338
0 days 02:14:26.771000,30,16,1 L,+1.588
0 days 02:14:35.579000,30,16,1 L,+1.489
0 days 02:14:47.903000,30,16,1 L,+1.333
0 days 02:14:56.889000,30,16,1 L,+1.030
0 days 02:15:02.011000,30,16,1 L,+0.745
0 days 02:15:07.858000,30,16,1 L,+1.038
0 days 02:15:18.185000,30,16,1 L,+1.332
0 days 02:15:28.629000,30,16,1 L,+1.044
0 days 02:15:42.754000,30,16,1 L,+1.326
0 days 02:15:51.544000,30,16,1 L,+0.980
0 days 02:15:57.729000,30,16,1 L,+1.049
0 days 02:16:06.572000,30,16,1 L,+1.466
0 days 02:16:09.373000,30,16,1 L,+1.267
0 days 02:16:23.149000,30,16,1 L,+1.995
0 days 02:16:26.620000,30,16,1 L,+2.073
0 days 02:16:28.597000,30,16,1 L,+2.315
0 days 02:16:34.354000,30,16,1 L,+2.686
0 days 02:16:38.517000,30,16,1 L,+1.319
0 days 02:16:43.502000,30,16,1 L,+1.143
0 days 02:16:47.800000,30,16,1 L,+1.191
0 days 02:16:53.735000,30,16,1 L,+0.660
0 days 02:16:58.476000,30,16,1 L,+0.957
0 days 02:17:03.147000,30,16,1 L,+0.818
0 days 02:17:12.659000,30,16,1 L,+0.982
0 days 02:17:24.136000,30,16,1 L,+1.255
0 days 02:17:33.361000,30,16,1 L,+0.977
0 days 02:17:39.501000,30,16,1 L,+0.982
0 days 02:17:45.248000,30,16,1 L,+1.110
0 days 02:17:51.979000,30,16,1 L,+1.864
0 days 02:17:58.309000,30,16,1 L,+0.752
0 days 02:18:08.425000,30,16,1 L,+1.574
0 days 02:18:15.160000,30,16,1 L,+1.307
0 days 02:18:20.884000,30,16,1 L,+1.083
0 days 02:18:28.187000,30,16,1 L,+1.688
0 days 02:18:30.775000,30,16,1 L,+1.093
0 days 02:18:40.907000,30,16,1 L,+1.083
0 days 02:18:44.996000,30,16,1 L,+0.980
0 days 02:18:46.974000,30,16,1 L,+1.155
0 days 02:18:52.677000,30,16,1 L,+1.113
0 days 02:18:58.307000,30,16,1 L,+0.910
0 days 02:19:04.151000,30,16,1 L,+1.525
0 days 02:19:08.256000,30,16,1 L,+1.291
0 days 02:19:15.226000,30,16,1 L,+1.149
0 days 02:19:19.704000,30,16,1 L,+1.358
0 days 02:19:23.576000,30,16,1 L,+0.994
0 days 02:19:32.794000,30,16,1 L,+1.446
0 days 02:19:40.136000,30,16,1 L,+1.125
0 days 02:19:48.240000,30,16,1 L,+1.533
0 days 02:19:53.906000,30,16,1 L,+1.671
0 days 02:19:59.046000,30,16,1 L,+2.191
0 days 02:20:04.435000,30,16,1 L,+1.523
0 days 02:20:10.564000,30,16,1 L,+1.537
0 days 02:20:22.322000,30,16,1 L,+1.965
0 days 02:20:28.783000,30,16,1 L,+2.055
0 days 02:20:32.837000,30,16,1 L,+1.226
0 days 02:20:40.257000,30,16,1 L,+0.731
0 days 02:20:43.138000,30,16,1 L,+0.772
0 days 02:20:54.279000,30,16,1 L,+1.578
0 days 02:20:57.636000,30,16,1 L,+1.407
0 days 02:20:59.536000,30,16,1 L,+1.332
0 days 02:21:06.034000,30,16,1 L,+1.095
0 days 02:21:11.336000,30,16,1 L,+0.596
0 days 02:21:17.401000,30,16,1 L,+1.389
0 days 02:21:21.558000,30,16,1 L,+1.613
0 days 02:21:27.422000,30,16,1 L,+0.717
0 days 02:21:32.781000,30,16,1 L,+0.456
0 days 02:21:36.624000,30,16,1 L,+0.559
0 days 02:21:43.339000,30,16,1 L,+0.647
0 days 02:21:48.862000,30,16,+134.083,+1.353
0 days 02:21:53.786000,30,16,+131.423,+1.598
0 days 02:21:58.220000,30,16,+130.080,+1.618
0 days 02:22:01.947000,30,16,+128.971,+1.718
0 days 02:22:06.605000,30,16,+126.920,+1.657
0 days 02:22:10.950000,30,16,+125.179,+1.882
0 days 02:22:18.023000,30,16,+122.928,+2.390
0 days 02:22:24.038000,30,16,+120.718,+2.430
0 days 02:22:27.751000,30,16,+119.324,+1.323
0 days 02:22:34.235000,30,16,+117.931,+0.698
0 days 02:22:36.281000,30,16,+116.835,+0.698
0 days 02:22:42.820000,30,14,+116.835,+0.698
0 days 02:22:42.820000,30,14,+114.448,+4.983
0 days 02:22:45.924000,30,14,+114.345,+5.193
0 days 02:22:47.662000,30,14,+113.282,+5.125
0 days 02:22:52.863000,30,14,+111.117,+4.618
0 days 02:22:56.524000,30,14,+109.520,+4.539
0 days 02:23:00.040000,30,14,+108.614,+4.376
0 days 02:23:04.021000,30,14,+107.830,+4.042
0 days 02:23:08.698000,30,14,+104.340,+3.390
0 days 02:23:12,30,14,+100.662,+2.908
0 days 02:23:14.429000,30,14,+98.685,+2.973
0 days 02:23:18.964000,30,14,+96.225,+2.962
0 days 02:23:22.739000,30,14,+92.271,+3.272
0 days 02:23:27.125000,30,14,+89.686,+3.669
0 days 02:23:31.727000,30,14,+87.526,+4.059
0 days 02:23:35.576000,30,14,+86.157,+4.378
0 days 02:23:39.913000,30,14,+83.912,+4.250
0 days 02:23:43.799000,30,14,+81.210,+4.007
0 days 02:23:50.578000,30,14,+79.155,+4.162
0 days 02:23:56.468000,30,14,+77.587,+4.228
0 days 02:23:59.924000,30,14,+75.860,+4.131
0 days 02:24:06.011000,30,14,+73.928,+3.981
0 days 02:24:07.887000,30,14,+72.525,+3.741
0 days 02:24:13.883000,30,14,+70.161,+3.595
0 days 02:24:16.736000,30,14,+68.921,+3.585
0 days 02:24:18.158000,30,14,+68.146,+3.554
0 days 02:24:23.215000,30,14,+65.513,+3.247
0 days 02:24:26.758000,30,14,+63.712,+3.071
0 days 02:24:30.156000,30,14,+62.647,+3.013
0 days 02:24:34.009000,30,14,+61.422,+2.804
0 days 02:24:38.780000,30,14,+59.144,+2.430
0 days 02:24:41.895000,30,14,+57.140,+2.207
0 days 02:24:44.027000,30,14,+55.929,+2.169
0 days 02:24:48.235000,30,14,+53.606,+2.196
0 days 02:24:51.784000,30,14,+52.010,+2.315
0 days 02:24:55.795000,30,14,+49.336,+2.351
0 days 02:24:59.936000,30,14,+47.857,+2.365
0 days 02:25:03.444000,30,14,+45.838,+2.367
0 days 02:25:07.467000,30,14,+42.952,+2.175
0 days 02:25:11.191000,30,14,+38.245,+2.162
0 days 02:25:17.600000,30,14,+25.369,+2.015
0 days 02:25:23.247000,30,14,+22.635,+2.099
0 days 02:25:26.608000,30,14,+22.749,+2.373
0 days 02:25:32.652000,30,14,+22.785,+2.328
0 days 02:25:34.441000,30,14,+22.681,+2.066
0 days 02:25:40.401000,30,14,+22.670,+1.916
0 days 02:25:43.113000,30,14,+22.667,+1.913
0 days 02:25:44.577000,30,14,+22.720,+1.972
0 days 02:25:49.425000,30,14,+22.540,+1.982
0 days 02:25:52.940000,30,14,+22.524,+1.976
0 days 02:25:56.397000,30,14,+22.579,+1.993
0 days 02:26:00.064000,30,14,+22.618,+2.069
0 days 02:26:04.637000,30,14,+22.408,+1.813
0 days 02:26:07.477000,30,14,+22.212,+1.430
0 days 02:26:09.526000,30,14,+22.162,+1.353
0 days 02:26:13.377000,30,14,+22.104,+1.403
0 days 02:26:16.781000,30,14,+22.097,+1.424
0 days 02:26:20.725000,30,14,+22.096,+1.433
0 days 02:26:24.826000,30,14,+22.066,+1.411
0 days 02:26:28.352000,30,14,+22.057,+1.361
0 days 02:26:32.341000,30,14,+22.049,+1.310
0 days 02:26:35.965000,30,14,+22.079,+1.295
0 days 02:26:42.285000,30,14,+22.222,+1.198
0 days 02:26:47.764000,30,14,+22.445,+1.268
0 days 02:26:51.156000,30,14,+22.643,+1.431
0 days 02:26:56.828000,30,14,+22.880,+1.493
0 days 02:26:58.618000,30,14,+22.918,+1.350
0 days 02:27:04.453000,30,14,+22.971,+1.244
0 days 02:27:07.166000,30,14,+22.973,+1.236
0 days 02:27:08.643000,30,14,+23.084,+1.300
0 days 02:27:13.600000,30,14,+23.298,+1.497
0 days 02:27:16.965000,30,14,+23.331,+1.508
0 days 02:27:20.267000,30,14,+23.347,+1.427
0 days 02:27:23.782000,30,14,+23.435,+1.495
0 days 02:27:28.303000,30,14,+23.385,+1.451
0 days 02:27:30.979000,30,14,+23.297,+1.131
0 days 02:27:32.944000,30,14,+23.267,+1.037
0 days 02:27:36.673000,30,14,+23.316,+0.977
0 days 02:27:39.982000,30,14,+23.320,+0.965
0 days 02:27:43.956000,30,14,+23.348,+0.957
0 days 02:27:47.968000,30,14,+23.230,+0.825
0 days 02:27:51.347000,30,14,+22.989,+0.476
0 days 02:27:55.262000,30,14,+23.078,+0.409
0 days 02:27:58.845000,30,14,+23.070,+0.388
0 days 02:28:05.182000,30,14,+23.223,+0.303
0 days 02:28:10.829000,30,14,+23.588,+0.512
0 days 02:28:14.068000,30,14,+23.707,+0.534
0 days 02:28:19.879000,30,14,+23.837,+0.467
0 days 02:28:21.720000,30,14,+23.903,+0.307
0 days 02:28:27.627000,30,14,+23.774,+0.022
0 days 02:28:29.941000,30,13,+23.774,+0.022
0 days 02:28:30.036000,30,13,+23.687,+9.685
0 days 02:28:31.505000,30,13,+23.779,+9.600
0 days 02:28:36.345000,30,13,+23.857,+9.326
0 days 02:28:39.803000,30,13,+23.840,+9.257
0 days 02:28:43.166000,30,13,+23.787,+8.963
0 days 02:28:46.709000,30,13,+23.768,+8.725
0 days 02:28:51.158000,30,13,+23.715,+8.518
0 days 02:28:53.812000,30,13,+23.649,+8.134
0 days 02:28:55.781000,30,13,+23.630,+7.973
0 days 02:28:59.567000,30,13,+23.691,+7.709
0 days 02:29:02.867000,30,13,+23.722,+7.646
0 days 02:29:06.874000,30,13,+23.787,+7.650
0 days 02:29:11.041000,30,13,+23.801,+7.724
0 days 02:29:14.582000,30,13,+23.828,+7.771
0 days 02:29:18.566000,30,13,+20.319,+7.567
0 days 02:29:22.166000,30,13,+20.148,+7.397
0 days 02:29:28.714000,30,13,+23.079,+13.980
0 days 02:29:34.639000,30,13,+20.368,+21.543
0 days 02:29:38.701000,30,12,+20.368,+21.543
0 days 02:29:38.784000,30,12,+20.442,+4.700
0 days 02:29:45.351000,30,12,+19.873,+4.821
0 days 02:29:47.603000,30,12,+19.724,+4.705
0 days 02:29:53.731000,30,7,+19.724,+4.705
0 days 02:29:53.734000,30,7,+19.587,+4.519
0 days 02:29:56.542000,30,7,+19.612,+0.553
0 days 02:29:58.094000,30,7,+19.576,+0.280
0 days 02:30:04.524000,30,6,+19.576,+0.280
0 days 02:30:04.551000,30,6,+20.925,+5.968
0 days 02:30:08.301000,30,6,+21.129,+6.119
0 days 02:30:11.682000,30,6,+21.034,+6.158
0 days 02:30:15.421000,30,6,+20.989,+6.194
0 days 02:30:20.168000,30,6,+21.036,+6.269
0 days 02:30:22.829000,30,6,+20.996,+6.324
0 days 02:30:24.816000,30,6,+20.999,+6.333
0 days 02:30:28.528000,30,6,+20.813,+6.374
0 days 02:30:31.869000,30,6,+20.782,+6.425
0 days 02:30:35.899000,30,6,+20.805,+6.479
0 days 02:30:40.017000,30,6,+20.844,+6.554
0 days 02:30:43.613000,30,6,+20.903,+6.590
0 days 02:30:47.562000,30,6,+20.355,+6.359
0 days 02:30:51.111000,30,6,+19.879,+6.164
0 days 02:30:57.843000,30,6,+19.391,+6.144
0 days 02:31:04.813000,30,6,+19.349,+12.774
0 days 02:31:09.309000,30,6,+19.180,+6.024
0 days 02:31:17.002000,30,7,+19.180,+6.024
0 days 02:31:21.909000,30,7,+24.361,+4.885
0 days 02:31:24.743000,30,7,+24.468,+5.175
0 days 02:31:31.562000,30,7,+24.557,+5.956
0 days 02:31:34.411000,30,7,+24.576,+6.147
0 days 02:31:36.059000,30,7,+24.556,+6.263
0 days 02:31:42.337000,30,7,+25.436,+6.962
0 days 02:31:46.067000,30,7,+25.600,+7.127
0 days 02:31:49.660000,30,7,+25.720,+7.381
0 days 02:31:53.882000,30,7,+26.065,+7.577
0 days 02:31:59.040000,30,7,+26.303,+7.721
0 days 02:32:01.935000,30,7,+26.279,+7.656
0 days 02:32:04.025000,30,7,+26.296,+7.651
0 days 02:32:07.911000,30,7,+26.050,+7.618
0 days 02:32:11.314000,30,7,+26.015,+7.535
0 days 02:32:15.290000,30,7,+26.036,+7.537
0 days 02:32:19.480000,30,7,+26.075,+7.577
0 days 02:32:23.085000,30,7,+26.115,+7.616
0 days 02:32:27.569000,30,7,+25.836,+7.802
0 days 02:32:31.726000,30,7,+25.675,+7.695
0 days 02:32:39.139000,30,7,+25.733,+8.322
0 days 02:32:46.317000,30,8,+25.733,+8.322
0 days 02:32:46.684000,30,8,+25.780,+0.241
0 days 02:32:51.903000,30,8,+25.787,+1.296
0 days 02:32:58.819000,30,9,+25.787,+1.296
0 days 02:33:00.147000,30,9,+18.166,+1.224
0 days 02:33:03.429000,30,9,+18.354,+1.971
0 days 02:33:10.263000,30,10,+18.354,+1.971
0 days 02:33:11.084000,30,9,+18.354,+1.971
0 days 02:33:11.084000,30,9,+18.310,+0.778
0 days 02:33:14.156000,30,10,+18.310,+0.778
0 days 02:33:14.288000,30,10,+18.405,+0.036
0 days 02:33:16.408000,30,10,+18.463,+0.339
0 days 02:33:24.559000,30,11,+18.463,+0.339
0 days 02:33:28.696000,30,12,+18.463,+0.339
0 days 02:34:51.293000,30,13,+18.463,+0.339
0 days 02:34:59.786000,30,14,+18.463,+0.339
0 days 02:35:27.429000,30,15,+18.463,+0.339
0 days 02:57:12.748000,30,15,11L,11L
0 days 00:00:04.219000,31,19,,
0 days 01:11:12,31,19,+3.168,
0 days 01:11:14.525000,31,17,+3.168,
0 days 01:11:14.613000,31,17,+3.999,+0.949
0 days 01:11:22.152000,31,17,+4.852,+0.488
0 days 01:11:26.525000,31,17,+5.199,+0.827
0 days 01:11:31.641000,31,17,+6.504,+1.260
0 days 01:11:36.620000,31,17,+6.684,+0.672
0 days 01:11:43.656000,31,17,+7.497,+0.497
0 days 01:11:48.187000,31,17,+8.188,+0.514
0 days 01:11:51.269000,31,16,+8.188,+0.514
0 days 01:11:51.366000,31,16,+8.980,+0.698
0 days 01:11:51.410000,31,17,+8.980,+0.698
0 days 01:11:57.457000,31,16,+8.980,+0.698
0 days 01:11:57.538000,31,16,+10.365,+1.055
0 days 01:12:01.858000,31,16,+10.707,+0.850
0 days 01:12:06.469000,31,16,+10.974,+1.037
0 days 01:12:10.836000,31,16,+11.088,+1.153
0 days 01:12:17.803000,31,16,+14.461,+4.001
0 days 01:12:25.505000,31,16,+17.362,+2.583
0 days 01:12:39.068000,31,16,+25.786,+1.026
0 days 01:12:52.151000,31,16,+25.135,+1.751
0 days 01:13:00.416000,31,16,+24.923,+1.649
0 days 01:13:05.387000,31,16,+25.399,+1.631
0 days 01:13:13.208000,31,16,+25.579,+1.024
0 days 01:13:16.774000,31,15,+25.579,+1.024
0 days 01:13:16.867000,31,15,+26.229,+1.167
0 days 01:13:26.320000,31,15,+28.670,+1.706
0 days 01:13:30.799000,31,15,+30.162,+2.067
0 days 01:13:33.252000,31,15,+30.837,+2.184
0 days 01:13:40.361000,31,15,+29.294,+1.630
0 days 01:13:44.702000,31,15,+26.721,+1.377
0 days 01:13:50.430000,31,15,+26.107,+2.403
0 days 01:13:55.695000,31,15,+25.298,+2.576
0 days 01:14:02.443000,31,15,+22.975,+2.082
0 days 01:14:11.603000,31,15,+24.341,+2.159
0 days 01:14:20.672000,31,15,+25.518,+2.112
0 days 01:14:29.479000,31,15,+23.422,+2.544
0 days 01:14:35.772000,31,15,+23.856,+2.204
0 days 01:14:42.789000,31,15,+22.130,+2.388
0 days 01:14:48.604000,31,15,+20.768,+2.457
0 days 01:14:53.422000,31,15,+19.193,+1.953
0 days 01:15:00.506000,31,15,+18.815,+1.507
0 days 01:15:09.209000,31,15,+20.196,+1.105
0 days 01:15:22.363000,31,15,+22.283,+1.546
0 days 01:15:30.473000,31,15,+21.756,+1.502
0 days 01:15:36.092000,31,15,+21.741,+1.477
0 days 01:15:47.786000,31,15,+23.331,+1.563
0 days 01:16:25.827000,31,15,+29.873,+1.912
0 days 01:16:28.629000,31,15,+30.231,+2.208
0 days 01:16:36.786000,31,15,+29.508,+2.367
0 days 01:16:41.133000,31,15,+28.298,+2.253
0 days 01:16:46.228000,31,15,+28.303,+2.281
0 days 01:16:51.253000,31,15,+27.805,+2.246
0 days 01:16:57.747000,31,15,+26.287,+2.179
0 days 01:17:03.028000,31,15,+25.985,+3.064
0 days 01:17:06.950000,31,15,+24.099,+2.730
0 days 01:17:14.147000,31,15,+22.448,+2.042
0 days 01:17:19.407000,31,15,+21.392,+1.810
0 days 01:17:26.016000,31,15,+20.342,+2.819
0 days 01:17:33.404000,31,15,+21.282,+1.960
0 days 01:17:39.003000,31,15,+21.397,+1.743
0 days 01:17:46.820000,31,15,+22.044,+1.247
0 days 01:17:52.921000,31,15,+20.961,+0.944
0 days 01:18:04.364000,31,15,+22.778,+1.893
0 days 01:18:12.029000,31,15,+21.389,+1.397
0 days 01:18:16.732000,31,15,+20.544,+1.343
0 days 01:18:27.029000,31,15,+21.389,+1.508
0 days 01:19:09.946000,31,15,+31.791,+2.456
0 days 01:19:12.290000,31,15,+31.894,+2.437
0 days 01:19:20.155000,31,15,+31.232,+2.197
0 days 01:19:24.442000,31,15,+30.636,+2.040
0 days 01:19:29.166000,31,15,+30.211,+1.876
0 days 01:19:33.996000,31,15,+29.775,+1.603
0 days 01:19:40.468000,31,15,+28.413,+1.338
0 days 01:19:45.071000,31,15,+27.644,+1.434
0 days 01:19:50.490000,31,15,+27.092,+2.981
0 days 01:19:58.552000,31,15,+26.320,+2.703
0 days 01:20:03.230000,31,15,+24.175,+2.409
0 days 01:20:09.518000,31,15,+24.178,+2.637
0 days 01:20:16.806000,31,15,+24.693,+1.326
0 days 01:20:21.904000,31,15,+24.985,+1.345
0 days 01:20:28.488000,31,15,+23.833,+1.681
0 days 01:20:33.691000,31,15,+22.212,+1.598
0 days 01:20:44.573000,31,15,+23.678,+1.456
0 days 01:20:52.692000,31,15,+23.042,+1.652
0 days 01:20:57.521000,31,15,+22.217,+1.810
0 days 01:21:05.496000,31,15,+21.457,+1.688
0 days 01:21:50.421000,31,15,+36.648,+6.024
0 days 01:21:52.734000,31,15,+36.823,+6.029
0 days 01:22:00.543000,31,15,+36.883,+6.002
0 days 01:22:04.846000,31,15,+35.674,+6.012
0 days 01:22:09.313000,31,15,+35.493,+6.212
0 days 01:22:14.065000,31,15,+34.589,+6.042
0 days 01:22:20.288000,31,15,+33.017,+5.881
0 days 01:22:24.923000,31,15,+32.757,+6.445
0 days 01:22:30.675000,31,15,+32.478,+7.952
0 days 01:22:37.649000,31,15,+31.438,+8.461
0 days 01:22:41.875000,31,15,+29.515,+6.807
0 days 01:22:46.448000,31,15,+27.316,+3.713
0 days 01:22:51.966000,31,15,+26.666,+3.182
0 days 01:22:56.535000,31,15,+26.209,+3.501
0 days 01:23:02.255000,31,15,+24.732,+3.673
0 days 01:23:07.371000,31,15,+22.292,+3.066
0 days 01:23:18.192000,31,15,+24.401,+2.615
0 days 01:23:25.785000,31,15,+22.639,+2.471
0 days 01:23:29.994000,31,15,+22.079,+2.284
0 days 01:23:37.159000,31,15,+20.593,+1.903
0 days 01:23:40.410000,31,15,+20.450,+1.995
0 days 01:23:54.023000,31,15,+25.068,+1.489
0 days 01:23:58.214000,31,15,+24.458,+1.353
0 days 01:24:00.607000,31,15,+24.650,+1.437
0 days 01:24:07.632000,31,15,+23.258,+1.315
0 days 01:24:11.893000,31,15,+22.571,+1.216
0 days 01:24:16.623000,31,15,+22.024,+1.495
0 days 01:24:21.425000,31,15,+21.866,+1.285
0 days 01:24:27.832000,31,15,+20.087,+0.930
0 days 01:24:32.465000,31,15,+19.941,+1.164
0 days 01:24:35.216000,31,15,+18.584,+1.197
0 days 01:24:42.550000,31,15,+18.937,+1.291
0 days 01:24:50.490000,31,15,+20.299,+1.504
0 days 01:24:58.974000,31,15,+21.964,+1.085
0 days 01:25:05.811000,31,15,+21.673,+1.541
0 days 01:25:10.787000,31,15,+20.254,+1.207
0 days 01:25:17.539000,31,15,+19.892,+1.830
0 days 01:25:22.876000,31,15,+18.586,+1.207
0 days 01:25:33.350000,31,15,+19.798,+1.687
0 days 01:25:41.004000,31,15,+18.095,+1.074
0 days 01:25:45.613000,31,15,+17.236,+1.058
0 days 01:25:54.350000,31,15,+17.803,+0.847
0 days 01:25:59.355000,31,15,+19.706,+1.501
0 days 01:26:15.025000,31,15,+25.631,+1.499
0 days 01:26:18.824000,31,15,+26.349,+1.801
0 days 01:26:21.054000,31,15,+26.397,+1.901
0 days 01:26:27.850000,31,15,+25.080,+1.710
0 days 01:26:32.064000,31,15,+23.894,+1.653
0 days 01:26:36.493000,31,15,+23.296,+1.867
0 days 01:26:41.228000,31,15,+22.761,+1.650
0 days 01:26:47.333000,31,15,+20.990,+1.576
0 days 01:26:51.509000,31,15,+20.291,+1.426
0 days 01:26:55.251000,31,15,+20.448,+1.052
0 days 01:27:01.206000,31,15,+19.948,+0.932
0 days 01:27:07.564000,31,15,+20.803,+0.925
0 days 01:27:15.996000,31,15,+22.271,+1.428
0 days 01:27:21.746000,31,15,+22.575,+1.129
0 days 01:27:26.235000,31,15,+21.452,+1.066
0 days 01:27:31.634000,31,15,+20.370,+1.003
0 days 01:27:37.451000,31,15,+17.070,+0.740
0 days 01:27:50.400000,31,15,+12.149,+1.035
0 days 01:27:57.453000,31,15,+11.166,+1.142
0 days 01:28:01.612000,31,15,+11.231,+1.266
0 days 01:28:08.696000,31,15,+11.331,+1.148
0 days 01:28:11.429000,31,15,+11.486,+1.199
0 days 01:28:18.096000,31,15,+11.541,+1.050
0 days 01:28:21.051000,31,15,+11.652,+1.156
0 days 01:28:23.035000,31,15,+11.974,+1.340
0 days 01:28:29.514000,31,15,+12.270,+1.265
0 days 01:28:33.414000,31,15,+12.304,+1.258
0 days 01:28:37.526000,31,15,+12.743,+1.514
0 days 01:28:42.176000,31,15,+12.805,+1.486
0 days 01:28:48.108000,31,15,+12.988,+1.394
0 days 01:28:51.850000,31,15,+13.155,+1.429
0 days 01:28:54.219000,31,15,+13.194,+1.425
0 days 01:28:59.292000,31,15,+13.585,+1.598
0 days 01:29:03.174000,31,15,+13.525,+1.342
0 days 01:29:07.419000,31,15,+13.534,+1.296
0 days 01:29:11.592000,31,15,+13.508,+1.274
0 days 01:29:15.007000,31,15,+13.402,+1.286
0 days 01:29:20.096000,31,15,+13.870,+1.513
0 days 01:29:24.710000,31,15,+14.045,+1.446
0 days 01:29:32.036000,31,15,+14.671,+1.607
0 days 01:29:38.725000,31,15,+15.110,+1.422
0 days 01:29:42.696000,31,15,+15.395,+1.391
0 days 01:29:49.662000,31,15,+15.642,+1.370
0 days 01:29:52.096000,31,15,+15.784,+1.377
0 days 01:29:58.556000,31,15,+15.785,+1.307
0 days 01:30:01.526000,31,15,+15.844,+1.381
0 days 01:30:03.378000,31,15,+16.128,+1.571
0 days 01:30:09.435000,31,15,+16.159,+1.547
0 days 01:30:13.261000,31,15,+16.131,+1.567
0 days 01:30:17.352000,31,15,+16.524,+1.848
0 days 01:30:21.797000,31,15,+16.565,+1.799
0 days 01:30:27.623000,31,15,+16.684,+1.819
0 days 01:30:31.276000,31,15,+16.877,+1.988
0 days 01:30:33.599000,31,15,+16.959,+2.076
0 days 01:30:38.451000,31,15,+17.313,+2.228
0 days 01:30:42.190000,31,15,+17.364,+2.206
0 days 01:30:46.323000,31,15,+17.410,+2.238
0 days 01:30:50.435000,31,15,+17.384,+2.248
0 days 01:30:53.959000,31,15,+17.342,+2.304
0 days 01:30:58.827000,31,15,+17.633,+2.382
0 days 01:31:03.368000,31,15,+17.851,+2.428
0 days 01:31:10.579000,31,15,+18.375,+2.748
0 days 01:31:17.053000,31,15,+18.745,+2.668
0 days 01:31:21.061000,31,15,+18.970,+2.780
0 days 01:31:27.794000,31,15,+19.045,+2.796
0 days 01:31:30.231000,31,15,+19.152,+2.727
0 days 01:31:36.596000,31,15,+19.196,+2.693
0 days 01:31:39.496000,31,15,+19.216,+2.722
0 days 01:31:41.469000,31,15,+19.430,+2.852
0 days 01:31:47.251000,31,15,+19.805,+2.926
0 days 01:31:51.033000,31,15,+19.842,+2.946
0 days 01:31:55.059000,31,15,+20.366,+3.245
0 days 01:31:59.581000,31,15,+20.589,+3.195
0 days 01:32:05.189000,31,15,+20.713,+3.234
0 days 01:32:08.597000,31,15,+20.915,+3.253
0 days 01:32:10.825000,31,15,+20.955,+3.265
0 days 01:32:15.524000,31,15,+21.313,+3.347
0 days 01:32:19.280000,31,15,+21.568,+3.355
0 days 01:32:23.436000,31,15,+21.661,+3.390
0 days 01:32:27.577000,31,15,+21.670,+3.403
0 days 01:32:31.070000,31,15,+21.629,+3.415
0 days 01:32:35.844000,31,15,+21.981,+3.567
0 days 01:32:40.278000,31,15,+22.143,+3.683
0 days 01:32:47.394000,31,15,+22.595,+3.849
0 days 01:32:53.851000,31,15,+22.941,+3.688
0 days 01:32:57.603000,31,15,+23.112,+3.729
0 days 01:33:04.352000,31,15,+23.393,+3.618
0 days 01:33:06.777000,31,15,+23.506,+3.634
0 days 01:33:13.097000,31,15,+23.540,+3.542
0 days 01:33:16.022000,31,15,+23.554,+3.575
0 days 01:33:17.922000,31,15,+23.790,+3.756
0 days 01:33:23.713000,31,15,+24.033,+3.759
0 days 01:33:27.387000,31,15,+23.996,+3.786
0 days 01:33:31.305000,31,15,+24.354,+3.968
0 days 01:33:35.930000,31,15,+24.601,+4.092
0 days 01:33:41.552000,31,15,+24.787,+4.163
0 days 01:33:45.073000,31,15,+25.047,+4.292
0 days 01:33:47.301000,31,15,+25.093,+4.308
0 days 01:33:51.852000,31,15,+25.404,+4.340
0 days 01:33:55.599000,31,15,+25.541,+4.463
0 days 01:33:59.755000,31,15,+25.601,+4.510
0 days 01:34:03.857000,31,15,+25.595,+4.529
0 days 01:34:07.363000,31,15,+25.561,+4.551
0 days 01:34:12.068000,31,15,+25.915,+4.683
0 days 01:34:16.428000,31,15,+26.079,+4.753
0 days 01:34:23.395000,31,15,+26.375,+4.875
0 days 01:34:29.812000,31,15,+26.664,+4.730
0 days 01:34:33.425000,31,15,+26.690,+4.727
0 days 01:34:40.012000,31,15,+27.011,+4.572
0 days 01:34:42.454000,31,15,+26.999,+4.530
0 days 01:34:48.770000,31,15,+27.047,+4.583
0 days 01:34:51.699000,31,15,+27.078,+4.652
0 days 01:34:53.513000,31,15,+27.347,+4.803
0 days 01:34:59.279000,31,15,+27.300,+4.783
0 days 01:35:02.985000,31,15,+27.214,+4.789
0 days 01:35:06.929000,31,15,+27.648,+5.084
0 days 01:35:11.495000,31,15,+27.791,+5.051
0 days 01:35:16.995000,31,15,+27.935,+4.982
0 days 01:35:20.412000,31,15,+28.125,+5.100
0 days 01:35:22.638000,31,15,+28.184,+5.165
0 days 01:35:27.098000,31,15,+28.485,+5.245
0 days 01:35:30.928000,31,15,+28.645,+5.283
0 days 01:35:34.957000,31,15,+28.732,+5.319
0 days 01:35:39.126000,31,15,+28.722,+5.344
0 days 01:35:42.672000,31,15,+28.658,+5.386
0 days 01:35:47.165000,31,15,+28.932,+5.417
0 days 01:35:51.500000,31,15,+29.107,+5.510
0 days 01:35:58.406000,31,15,+29.474,+5.577
0 days 01:36:04.686000,31,15,+29.704,+5.354
0 days 01:36:08.228000,31,15,+29.671,+5.308
0 days 01:36:14.771000,31,15,+29.849,+4.943
0 days 01:36:17.072000,31,15,+29.850,+4.876
0 days 01:36:23.355000,31,15,+29.846,+4.778
0 days 01:36:26.257000,31,15,+29.856,+4.795
0 days 01:36:27.964000,31,15,+29.982,+4.788
0 days 01:36:33.714000,31,15,+30.090,+4.686
0 days 01:36:37.409000,31,15,+30.089,+4.702
0 days 01:36:41.239000,31,15,+30.387,+4.899
0 days 01:36:45.776000,31,15,+30.467,+4.809
0 days 01:36:51.282000,31,15,+30.638,+4.596
0 days 01:36:54.625000,31,15,+30.878,+4.622
0 days 01:36:56.860000,31,15,+30.947,+4.673
0 days 01:37:01.229000,31,15,+31.169,+4.655
0 days 01:37:04.930000,31,15,+31.312,+4.704
0 days 01:37:09.059000,31,15,+31.406,+4.737
0 days 01:37:13.168000,31,15,+31.393,+4.754
0 days 01:37:16.673000,31,15,+31.354,+4.802
0 days 01:37:21.033000,31,15,+31.447,+4.712
0 days 01:37:25.306000,31,15,+31.572,+4.749
0 days 01:37:32.181000,31,15,+31.910,+4.805
0 days 01:37:38.654000,31,15,+32.272,+4.780
0 days 01:37:42.140000,31,15,+32.147,+4.758
0 days 01:37:48.632000,31,15,+32.326,+4.328
0 days 01:37:50.964000,31,15,+32.439,+4.309
0 days 01:37:57.367000,31,15,+32.464,+4.331
0 days 01:38:00.199000,31,15,+32.464,+4.355
0 days 01:38:01.877000,31,15,+32.587,+4.454
0 days 01:38:07.556000,31,15,+32.703,+4.568
0 days 01:38:11.258000,31,15,+32.711,+4.586
0 days 01:38:15.100000,31,15,+33.076,+4.716
0 days 01:38:19.667000,31,15,+33.340,+4.686
0 days 01:38:25.201000,31,15,+33.553,+4.631
0 days 01:38:28.466000,31,15,+33.787,+4.664
0 days 01:38:30.669000,31,15,+33.842,+4.695
0 days 01:38:34.879000,31,15,+33.992,+4.662
0 days 01:38:38.510000,31,15,+34.087,+4.677
0 days 01:38:42.621000,31,15,+34.171,+4.705
0 days 01:38:46.713000,31,15,+34.149,+4.737
0 days 01:38:50.194000,31,15,+34.077,+4.773
0 days 01:38:54.573000,31,15,+34.122,+4.651
0 days 01:38:58.872000,31,15,+34.250,+4.448
0 days 01:39:05.701000,31,15,+34.508,+4.372
0 days 01:39:12.053000,31,15,+34.707,+4.258
0 days 01:39:15.583000,31,15,+34.725,+4.186
0 days 01:39:22.058000,31,15,+34.907,+3.747
0 days 01:39:24.516000,31,15,+35.064,+3.733
0 days 01:39:30.853000,31,15,+35.195,+3.755
0 days 01:39:33.712000,31,15,+35.224,+3.791
0 days 01:39:35.382000,31,15,+35.332,+3.873
0 days 01:39:41.074000,31,15,+35.442,+3.954
0 days 01:39:44.818000,31,15,+35.442,+3.949
0 days 01:39:48.757000,31,15,+35.918,+4.235
0 days 01:39:53.287000,31,15,+36.181,+4.147
0 days 01:39:58.883000,31,15,+36.537,+4.142
0 days 01:40:02.133000,31,15,+36.805,+4.142
0 days 01:40:04.318000,31,15,+36.883,+4.162
0 days 01:40:08.528000,31,15,+37.020,+4.139
0 days 01:40:12.156000,31,15,+37.121,+4.138
0 days 01:40:16.281000,31,15,+37.201,+4.173
0 days 01:40:20.367000,31,15,+37.169,+4.194
0 days 01:40:23.859000,31,15,+37.122,+4.232
0 days 01:40:28.379000,31,15,+37.396,+4.022
0 days 01:40:32.526000,31,15,+37.472,+3.934
0 days 01:40:39.301000,31,15,+37.648,+3.857
0 days 01:40:45.758000,31,15,+38.065,+3.973
0 days 01:40:49.340000,31,15,+38.095,+4.027
0 days 01:40:55.717000,31,15,+38.385,+3.705
0 days 01:40:58.202000,31,15,+38.599,+3.777
0 days 01:41:04.570000,31,15,+38.672,+3.766
0 days 01:41:07.409000,31,15,+38.684,+3.807
0 days 01:41:09.169000,31,15,+38.888,+3.960
0 days 01:41:14.902000,31,15,+39.155,+4.046
0 days 01:41:18.585000,31,15,+39.201,+4.053
0 days 01:41:22.454000,31,15,+39.537,+4.356
0 days 01:41:26.886000,31,15,+39.835,+4.304
0 days 01:41:32.526000,31,15,+40.208,+4.088
0 days 01:41:35.808000,31,15,+40.390,+3.962
0 days 01:41:37.964000,31,15,+40.438,+3.960
0 days 01:41:42.129000,31,15,+40.566,+3.827
0 days 01:41:45.757000,31,15,+40.677,+3.739
0 days 01:41:49.860000,31,15,+40.766,+3.749
0 days 01:41:53.954000,31,15,+40.769,+3.823
0 days 01:41:57.432000,31,15,+40.722,+3.894
0 days 01:42:01.920000,31,15,+41.002,+3.714
0 days 01:42:06.118000,31,15,+41.132,+3.636
0 days 01:42:12.971000,31,15,+41.457,+3.668
0 days 01:42:19.563000,31,15,+42.039,+3.901
0 days 01:42:23.272000,31,15,+42.106,+3.999
0 days 01:42:29.749000,31,15,+42.446,+3.580
0 days 01:42:32.142000,31,15,+42.553,+3.556
0 days 01:42:38.502000,31,15,+42.671,+3.606
0 days 01:42:41.356000,31,15,+42.709,+3.657
0 days 01:42:43.038000,31,15,+42.821,+3.735
0 days 01:42:48.802000,31,15,+43.132,+3.590
0 days 01:42:52.564000,31,15,+43.186,+3.581
0 days 01:42:56.442000,31,15,+43.585,+3.849
0 days 01:43:00.989000,31,15,+43.907,+3.841
0 days 01:43:06.581000,31,15,+44.217,+3.799
0 days 01:43:09.837000,31,15,+44.451,+3.762
0 days 01:43:12.002000,31,15,+44.528,+3.790
0 days 01:43:16.287000,31,15,+44.790,+3.924
0 days 01:43:19.849000,31,15,+44.876,+3.819
0 days 01:43:23.912000,31,15,+44.959,+3.818
0 days 01:43:28.068000,31,15,+44.987,+3.878
0 days 01:43:31.553000,31,15,+44.971,+3.926
0 days 01:43:36.076000,31,15,+45.359,+3.922
0 days 01:43:40.381000,31,15,+45.487,+3.497
0 days 01:43:47.243000,31,15,+45.758,+3.499
0 days 01:43:53.895000,31,15,+46.250,+3.570
0 days 01:43:57.634000,31,15,+46.409,+3.755
0 days 01:44:04.344000,31,15,+46.873,+3.506
0 days 01:44:06.842000,31,15,+46.964,+3.525
0 days 01:44:13.237000,31,15,+47.144,+3.587
0 days 01:44:16.100000,31,15,+47.196,+3.663
0 days 01:44:17.885000,31,15,+47.349,+3.745
0 days 01:44:23.457000,31,15,+47.531,+3.619
0 days 01:44:27.117000,31,15,+47.553,+3.615
0 days 01:44:30.872000,31,15,+47.782,+3.776
0 days 01:44:35.456000,31,15,+48.157,+3.769
0 days 01:44:40.974000,31,15,+48.402,+3.705
0 days 01:44:44.306000,31,15,+48.730,+3.727
0 days 01:44:46.458000,31,15,+48.826,+3.739
0 days 01:44:50.679000,31,15,+49.083,+3.791
0 days 01:44:54.304000,31,15,+49.242,+3.836
0 days 01:44:58.373000,31,15,+49.345,+3.873
0 days 01:45:02.504000,31,15,+49.349,+3.906
0 days 01:45:06.045000,31,15,+49.328,+3.933
0 days 01:45:10.419000,31,15,+49.523,+3.778
0 days 01:45:15.237000,31,15,+50.118,+4.112
0 days 01:45:22.238000,31,15,+50.632,+4.442
0 days 01:45:29.144000,31,15,+51.362,+4.838
0 days 01:45:33.062000,31,15,+51.733,+5.138
0 days 01:45:39.863000,31,15,+52.228,+5.085
0 days 01:45:42.273000,31,15,+52.256,+5.005
0 days 01:45:48.531000,31,15,+52.307,+5.004
0 days 01:45:51.420000,31,15,+52.349,+5.052
0 days 01:45:53.089000,31,15,+52.437,+5.062
0 days 01:45:58.677000,31,15,+52.526,+4.831
0 days 01:46:02.320000,31,15,+52.542,+4.850
0 days 01:46:06.157000,31,15,+52.901,+5.060
0 days 01:46:10.674000,31,15,+53.211,+5.034
0 days 01:46:16.332000,31,15,+53.509,+5.109
0 days 01:46:19.428000,31,15,+53.708,+5.022
0 days 01:46:21.631000,31,15,+53.781,+5.048
0 days 01:46:25.818000,31,15,+53.983,+5.119
0 days 01:46:29.391000,31,15,+54.097,+5.134
0 days 01:46:33.462000,31,15,+54.188,+5.153
0 days 01:46:37.592000,31,15,+54.189,+5.156
0 days 01:46:41.070000,31,15,+54.185,+5.203
0 days 01:46:45.882000,31,16,+54.185,+5.203
0 days 01:46:46.262000,31,16,+55.025,+0.295
0 days 01:46:51.371000,31,16,+55.878,+0.017
0 days 01:46:58.679000,31,16,+56.618,+0.586
0 days 01:47:05.429000,31,16,+57.149,+0.491
0 days 01:47:09.204000,31,16,+57.496,+0.507
0 days 01:47:16.132000,31,16,+57.930,+0.730
0 days 01:47:18.535000,31,16,+58.035,+0.857
0 days 01:47:24.784000,31,16,+58.022,+0.788
0 days 01:47:27.606000,31,16,+57.966,+0.694
0 days 01:47:29.335000,31,16,+58.224,+0.873
0 days 01:47:35.130000,31,16,+58.251,+0.763
0 days 01:47:38.796000,31,16,+58.187,+0.679
0 days 01:47:42.798000,31,16,+58.664,+0.905
0 days 01:47:47.344000,31,16,+58.908,+1.144
0 days 01:47:52.990000,31,16,+59.207,+1.211
0 days 01:47:56.200000,31,16,+59.377,+1.340
0 days 01:47:58.382000,31,16,+59.439,+1.398
0 days 01:48:02.644000,31,16,+59.681,+1.447
0 days 01:48:06.219000,31,16,+59.771,+1.473
0 days 01:48:10.272000,31,16,+59.850,+1.479
0 days 01:48:14.357000,31,16,+59.810,+1.444
0 days 01:48:17.822000,31,16,+59.785,+1.397
0 days 01:48:22.394000,31,16,+60.116,+1.274
0 days 01:48:26.678000,31,16,+60.279,+1.335
0 days 01:48:33.592000,31,16,+60.683,+1.439
0 days 01:48:40.088000,31,16,+61.063,+1.616
0 days 01:48:43.764000,31,16,+61.228,+1.587
0 days 01:48:50.462000,31,16,+61.497,+1.649
0 days 01:48:52.846000,31,16,+61.580,+1.704
0 days 01:48:59.204000,31,16,+61.704,+1.683
0 days 01:49:02.088000,31,16,+61.727,+1.683
0 days 01:49:03.645000,31,16,+61.872,+1.665
0 days 01:49:09.324000,31,16,+62.056,+1.669
0 days 01:49:13.006000,31,16,+62.077,+1.620
0 days 01:49:16.894000,31,16,+62.501,+1.834
0 days 01:49:21.450000,31,16,+62.894,+2.023
0 days 01:49:27.006000,31,16,+63.043,+2.029
0 days 01:49:30.173000,31,16,+63.232,+2.083
0 days 01:49:32.280000,31,16,+63.277,+2.101
0 days 01:49:36.378000,31,16,+63.383,+2.077
0 days 01:49:39.931000,31,16,+63.464,+2.080
0 days 01:49:43.985000,31,16,+63.539,+2.084
0 days 01:49:48.082000,31,16,+63.517,+2.057
0 days 01:49:51.522000,31,16,+63.492,+2.020
0 days 01:49:56.045000,31,16,+63.804,+1.918
0 days 01:50:00.237000,31,16,+63.808,+1.823
0 days 01:50:07.096000,31,16,+64.086,+1.927
0 days 01:50:13.498000,31,16,+64.237,+2.030
0 days 01:50:17.079000,31,16,+64.356,+1.987
0 days 01:50:23.995000,31,16,+64.726,+2.091
0 days 01:50:26.240000,31,16,+64.752,+2.138
0 days 01:50:32.570000,31,16,+64.861,+2.191
0 days 01:50:35.469000,31,16,+64.876,+2.195
0 days 01:50:37.079000,31,16,+64.976,+2.206
0 days 01:50:42.690000,31,16,+65.138,+2.249
0 days 01:50:46.360000,31,16,+65.178,+2.224
0 days 01:50:50.247000,31,16,+65.564,+2.501
0 days 01:50:54.801000,31,16,+65.891,+2.769
0 days 01:51:00.378000,31,16,+66.122,+2.819
0 days 01:51:03.533000,31,16,+66.270,+2.969
0 days 01:51:05.646000,31,16,+66.320,+2.987
0 days 01:51:09.746000,31,16,+66.447,+2.942
0 days 01:51:13.296000,31,16,+66.554,+2.948
0 days 01:51:17.346000,31,16,+66.629,+2.939
0 days 01:51:21.463000,31,16,+66.643,+2.926
0 days 01:51:24.913000,31,16,+66.613,+2.873
0 days 01:51:29.382000,31,16,+66.807,+2.791
0 days 01:51:33.863000,31,16,+66.982,+3.094
0 days 01:51:40.746000,31,16,+67.254,+3.285
0 days 01:51:47.111000,31,16,+67.485,+3.472
0 days 01:51:50.638000,31,16,+67.475,+3.449
0 days 01:51:57.300000,31,16,+67.764,+3.459
0 days 01:51:59.746000,31,16,+67.948,+3.580
0 days 01:52:06.096000,31,16,+68.094,+3.644
0 days 01:52:08.959000,31,16,+68.129,+3.638
0 days 01:52:10.592000,31,16,+68.249,+3.581
0 days 01:52:16.166000,31,16,+68.332,+3.575
0 days 01:52:19.809000,31,16,+68.338,+3.530
0 days 01:52:23.739000,31,16,+68.810,+3.842
0 days 01:52:28.267000,31,16,+69.154,+4.030
0 days 01:52:33.763000,31,16,+69.252,+3.896
0 days 01:52:36.866000,31,16,+69.384,+3.862
0 days 01:52:39.007000,31,16,+69.436,+3.871
0 days 01:52:43.173000,31,16,+69.611,+3.853
0 days 01:52:46.738000,31,16,+69.741,+3.917
0 days 01:52:50.832000,31,16,+69.829,+3.919
0 days 01:52:54.908000,31,16,+69.876,+3.936
0 days 01:52:58.397000,31,16,+69.867,+3.903
0 days 01:53:02.827000,31,16,+70.036,+3.784
0 days 01:53:07.069000,31,16,+70.153,+3.807
0 days 01:53:13.823000,31,16,+70.484,+3.920
0 days 01:53:20.280000,31,16,+70.659,+4.108
0 days 01:53:23.882000,31,16,+70.862,+4.099
0 days 01:53:30.606000,31,16,+71.177,+4.130
0 days 01:53:33.063000,31,16,+71.388,+4.272
0 days 01:53:39.476000,31,16,+71.510,+4.360
0 days 01:53:42.396000,31,16,+71.558,+4.375
0 days 01:53:43.989000,31,16,+71.686,+4.415
0 days 01:53:49.538000,31,16,+71.941,+4.436
0 days 01:53:53.214000,31,16,+71.994,+4.409
0 days 01:53:56.987000,31,16,+72.329,+4.613
0 days 01:54:01.587000,31,16,+72.603,+4.835
0 days 01:54:06.924000,31,16,+72.589,+4.768
0 days 01:54:10.051000,31,16,+72.791,+4.877
0 days 01:54:12.208000,31,16,+72.870,+4.915
0 days 01:54:16.328000,31,16,+73.089,+4.857
0 days 01:54:19.960000,31,16,+73.238,+4.826
0 days 01:54:23.983000,31,16,+73.321,+4.812
0 days 01:54:28.095000,31,16,+73.348,+4.820
0 days 01:54:31.533000,31,16,+73.341,+4.796
0 days 01:54:35.961000,31,16,+73.510,+4.781
0 days 01:54:40.266000,31,16,+73.658,+4.844
0 days 01:54:47.193000,31,16,+73.985,+5.044
0 days 01:54:53.473000,31,16,+74.273,+5.142
0 days 01:54:57.044000,31,16,+74.313,+5.091
0 days 01:55:03.694000,31,16,+74.512,+5.049
0 days 01:55:06.143000,31,16,+74.742,+5.183
0 days 01:55:12.484000,31,16,+74.871,+5.253
0 days 01:55:15.364000,31,16,+74.915,+5.270
0 days 01:55:16.984000,31,16,+74.967,+5.312
0 days 01:55:22.449000,31,16,+74.998,+5.167
0 days 01:55:26.092000,31,16,+74.980,+5.073
0 days 01:55:29.941000,31,16,+75.255,+5.261
0 days 01:55:34.449000,31,16,+75.536,+5.456
0 days 01:55:39.925000,31,16,+75.632,+5.389
0 days 01:55:43.009000,31,16,+75.832,+5.471
0 days 01:55:45.148000,31,16,+75.899,+5.510
0 days 01:55:49.272000,31,16,+76.101,+5.557
0 days 01:55:52.772000,31,16,+76.199,+5.588
0 days 01:55:56.841000,31,16,+76.291,+5.600
0 days 01:56:00.948000,31,16,+76.315,+5.594
0 days 01:56:04.439000,31,16,+76.326,+5.580
0 days 01:56:08.864000,31,16,+76.515,+5.525
0 days 01:56:13.061000,31,16,+76.615,+5.555
0 days 01:56:19.881000,31,16,+76.914,+5.757
0 days 01:56:26.192000,31,16,+77.252,+5.745
0 days 01:56:29.713000,31,16,+77.317,+5.666
0 days 01:56:36.314000,31,16,+77.511,+5.665
0 days 01:56:38.840000,31,16,+77.714,+5.803
0 days 01:56:45.044000,31,16,+77.808,+5.832
0 days 01:56:47.911000,31,16,+77.866,+5.856
0 days 01:56:49.534000,31,16,+77.968,+5.851
0 days 01:56:55.012000,31,16,+78.104,+5.786
0 days 01:56:58.583000,31,16,+78.128,+5.733
0 days 01:57:02.350000,31,16,+78.401,+5.949
0 days 01:57:06.828000,31,16,+78.724,+6.211
0 days 01:57:12.325000,31,16,+78.836,+6.280
0 days 01:57:15.465000,31,16,+78.973,+6.478
0 days 01:57:17.573000,31,16,+79.024,+6.538
0 days 01:57:21.748000,31,16,+79.249,+6.704
0 days 01:57:25.385000,31,16,+79.349,+6.664
0 days 01:57:29.280000,31,16,+79.430,+6.648
0 days 01:57:33.395000,31,16,+79.483,+6.705
0 days 01:57:37.122000,31,16,+79.565,+6.800
0 days 01:57:41.524000,31,16,+79.876,+6.957
0 days 01:57:45.649000,31,16,+79.918,+7.084
0 days 01:57:52.430000,31,16,+80.244,+7.267
0 days 01:57:58.838000,31,16,+80.589,+7.291
0 days 01:58:02.323000,31,16,+80.686,+7.187
0 days 01:58:08.802000,31,16,+80.942,+7.148
0 days 01:58:11.302000,31,16,+81.092,+7.215
0 days 01:58:17.568000,31,16,+81.188,+7.243
0 days 01:58:20.464000,31,16,+81.247,+7.267
0 days 01:58:22.026000,31,16,+81.336,+7.218
0 days 01:58:27.550000,31,16,+81.410,+7.187
0 days 01:58:31.254000,31,16,+81.427,+7.164
0 days 01:58:35.025000,31,16,+81.774,+7.360
0 days 01:58:39.555000,31,16,+81.951,+7.561
0 days 01:58:44.911000,31,16,+82.075,+7.624
0 days 01:58:47.963000,31,16,+82.177,+7.711
0 days 01:58:50.039000,31,16,+82.243,+7.757
0 days 01:58:54.068000,31,16,+82.410,+7.852
0 days 01:58:57.615000,31,16,+82.494,+7.831
0 days 01:59:01.635000,31,16,+82.572,+7.815
0 days 01:59:05.763000,31,16,+82.646,+7.832
0 days 01:59:09.321000,31,16,+82.745,+7.903
0 days 01:59:13.735000,31,16,+83.001,+8.024
0 days 01:59:17.893000,31,16,+83.135,+8.058
0 days 01:59:24.611000,31,16,+83.366,+8.111
0 days 01:59:30.967000,31,16,+83.606,+8.300
0 days 01:59:34.427000,31,16,+83.648,+8.219
0 days 01:59:41.054000,31,16,+83.879,+8.212
0 days 01:59:43.595000,31,16,+84.119,+8.371
0 days 01:59:49.864000,31,16,+84.240,+8.451
0 days 01:59:52.751000,31,16,+84.287,+8.459
0 days 01:59:54.251000,31,16,+84.319,+8.419
0 days 01:59:59.696000,31,16,+84.358,+8.376
0 days 02:00:03.253000,31,16,+84.373,+8.324
0 days 02:00:07.111000,31,16,+84.652,+8.569
0 days 02:00:11.513000,31,16,+84.837,+8.900
0 days 02:00:16.888000,31,16,+84.868,+8.815
0 days 02:00:19.944000,31,16,+85.059,+9.020
0 days 02:00:22.092000,31,16,+85.132,+9.100
0 days 02:00:26.110000,31,16,+85.312,+9.209
0 days 02:00:29.644000,31,16,+85.362,+8.839
0 days 02:00:33.690000,31,16,+85.425,+8.745
0 days 02:00:37.851000,31,16,+85.508,+8.768
0 days 02:00:41.391000,31,16,+85.625,+8.826
0 days 02:00:45.742000,31,16,+85.805,+8.847
0 days 02:00:50.040000,31,16,+86.087,+9.052
0 days 02:00:56.865000,31,16,+86.421,+9.211
0 days 02:01:03.279000,31,16,+86.700,+9.420
0 days 02:01:06.751000,31,16,+86.855,+9.343
0 days 02:01:13.366000,31,16,+87.055,+9.522
0 days 02:01:15.828000,31,16,+87.229,+9.638
0 days 02:01:22.094000,31,16,+87.353,+9.577
0 days 02:01:24.951000,31,16,+87.424,+9.598
0 days 02:01:26.644000,31,16,+87.526,+9.603
0 days 02:01:32.113000,31,16,+87.853,+9.765
0 days 02:01:36.574000,31,16,1 L,+10.516
0 days 02:01:41.065000,31,16,1 L,+11.529
0 days 02:01:45.597000,31,16,1 L,+11.986
0 days 02:01:51.124000,31,16,1 L,+11.859
0 days 02:01:54.264000,31,16,1 L,+12.021
0 days 02:01:56.452000,31,16,1 L,+12.089
0 days 02:02:00.545000,31,16,1 L,+12.183
0 days 02:02:04.072000,31,16,1 L,+12.225
0 days 02:02:12.193000,31,16,1 L,+12.152
0 days 02:02:15.629000,31,16,1 L,+12.047
0 days 02:02:20.012000,31,16,1 L,+12.152
0 days 02:02:24.126000,31,16,1 L,+12.264
0 days 02:02:30.826000,31,16,1 L,+12.379
0 days 02:02:37.272000,31,16,1 L,+12.671
0 days 02:02:40.689000,31,16,1 L,+12.589
0 days 02:02:47.114000,31,16,1 L,+12.438
0 days 02:02:49.540000,31,16,1 L,+12.497
0 days 02:02:55.813000,31,16,1 L,+12.517
0 days 02:02:58.717000,31,16,1 L,+12.539
0 days 02:03:00.338000,31,16,1 L,+12.604
0 days 02:03:05.696000,31,16,1 L,+12.613
0 days 02:03:09.275000,31,16,1 L,+12.572
0 days 02:03:13.052000,31,16,1 L,+12.831
0 days 02:03:17.407000,31,16,1 L,+12.931
0 days 02:03:23.145000,31,16,1 L,+12.829
0 days 02:03:26.020000,31,16,1 L,+12.929
0 days 02:03:28.152000,31,16,1 L,+12.977
0 days 02:03:32.129000,31,16,1 L,+12.903
0 days 02:03:35.666000,31,16,1 L,+12.882
0 days 02:03:39.696000,31,16,1 L,+12.844
0 days 02:03:43.810000,31,16,1 L,+12.804
0 days 02:03:47.307000,31,16,1 L,+12.799
0 days 02:03:51.728000,31,16,1 L,+12.970
0 days 02:03:55.852000,31,16,1 L,+13.002
0 days 02:04:02.338000,31,16,1 L,+12.740
0 days 02:04:08.738000,31,16,1 L,+12.923
0 days 02:04:12.213000,31,16,1 L,+12.783
0 days 02:04:18.610000,31,16,1 L,+12.629
0 days 02:04:21.085000,31,16,1 L,+12.744
0 days 02:04:27.316000,31,16,1 L,+12.706
0 days 02:04:30.247000,31,16,1 L,+12.748
0 days 02:04:31.877000,31,16,1 L,+12.717
0 days 02:04:37.070000,31,16,1 L,+12.582
0 days 02:04:40.719000,31,16,1 L,+12.492
0 days 02:04:44.456000,31,16,1 L,+12.725
0 days 02:04:48.697000,31,16,1 L,+12.876
0 days 02:04:54.141000,31,16,1 L,+12.588
0 days 02:04:57.164000,31,16,1 L,+12.721
0 days 02:04:59.304000,31,16,1 L,+12.771
0 days 02:05:03.391000,31,16,1 L,+12.795
0 days 02:05:06.941000,31,16,1 L,+12.906
0 days 02:05:10.989000,31,16,1 L,+12.936
0 days 02:05:15.191000,31,16,1 L,+12.944
0 days 02:05:18.814000,31,16,1 L,+12.987
0 days 02:05:23.182000,31,16,1 L,+13.206
0 days 02:05:27.248000,31,16,1 L,+13.388
0 days 02:05:33.917000,31,16,1 L,+13.374
0 days 02:05:40.250000,31,16,1 L,+13.451
0 days 02:05:43.794000,31,16,1 L,+13.431
0 days 02:05:50.076000,31,16,1 L,+12.995
0 days 02:05:52.668000,31,16,1 L,+12.909
0 days 02:05:58.952000,31,16,1 L,+12.681
0 days 02:06:01.830000,31,16,1 L,+12.426
0 days 02:06:03.369000,31,16,1 L,+12.177
0 days 02:06:08.642000,31,16,1 L,+11.564
0 days 02:06:12.265000,31,16,1 L,+11.470
0 days 02:06:15.939000,31,16,1 L,+11.432
0 days 02:06:20.202000,31,16,1 L,+11.480
0 days 02:06:25.432000,31,16,1 L,+11.305
0 days 02:06:28.439000,31,16,1 L,+11.330
0 days 02:06:30.587000,31,16,1 L,+11.349
0 days 02:06:34.628000,31,16,1 L,+11.393
0 days 02:06:38.739000,31,16,1 L,+12.027
0 days 02:06:42.916000,31,16,1 L,+12.230
0 days 02:06:47.097000,31,16,1 L,+11.894
0 days 02:06:50.685000,31,16,1 L,+11.266
0 days 02:06:55.016000,31,16,1 L,+10.952
0 days 02:06:59.054000,31,16,1 L,+10.946
0 days 02:07:05.665000,31,16,1 L,+10.923
0 days 02:07:11.782000,31,16,1 L,+10.891
0 days 02:07:15.289000,31,16,1 L,+10.904
0 days 02:07:21.573000,31,16,1 L,+10.685
0 days 02:07:23.901000,31,16,1 L,+10.311
0 days 02:07:30.100000,31,16,1 L,+10.076
0 days 02:07:33.001000,31,16,1 L,+10.119
0 days 02:07:34.570000,31,16,1 L,+10.055
0 days 02:07:39.693000,31,16,1 L,+9.851
0 days 02:07:43.269000,31,16,1 L,+9.811
0 days 02:07:46.897000,31,16,1 L,+9.841
0 days 02:07:52.673000,31,16,1 L,+11.677
0 days 02:08:01.096000,31,16,1 L,+14.707
0 days 02:08:05.421000,31,16,1 L,+16.043
0 days 02:08:08.398000,31,16,1 L,+52.407
0 days 02:08:15.650000,31,16,1 L,+55.596
0 days 02:08:22.521000,31,15,1 L,+55.596
0 days 02:08:22.599000,31,15,1 L,+15.600
0 days 02:08:29.375000,31,15,1 L,+15.811
0 days 02:08:34.301000,31,15,1 L,+14.631
0 days 02:08:38.211000,31,15,1 L,+14.573
0 days 02:08:43.443000,31,15,1 L,+14.211
0 days 02:08:48.224000,31,15,1 L,+14.463
0 days 02:08:55.568000,31,15,1 L,+14.129
0 days 02:09:02.357000,31,15,1 L,+13.628
0 days 02:09:06.555000,31,15,1 L,+13.260
0 days 02:09:14.422000,31,15,1 L,+12.354
0 days 02:09:17.509000,31,15,+129.382,+12.354
0 days 02:09:26.071000,31,14,+129.382,+12.354
0 days 02:09:26.071000,31,14,1 L,+4.966
0 days 02:09:29.991000,31,14,1 L,+1.295
0 days 02:09:32.047000,31,14,1 L,+0.895
0 days 02:09:41.076000,31,14,1 L,+0.683
0 days 02:09:46.255000,31,14,1 L,+1.113
0 days 02:09:51.033000,31,14,1 L,+1.627
0 days 02:09:55.770000,31,14,1 L,+1.458
0 days 02:10:01.969000,31,14,1 L,+1.354
0 days 02:10:06.075000,31,14,1 L,+1.415
0 days 02:10:08.719000,31,14,1 L,+1.439
0 days 02:10:14.491000,31,14,1 L,+2.130
0 days 02:10:22.264000,31,14,1 L,+3.644
0 days 02:10:30.756000,31,14,1 L,+3.608
0 days 02:10:35.970000,31,14,1 L,+3.735
0 days 02:10:40.264000,31,14,1 L,+3.234
0 days 02:10:46,31,14,1 L,+3.578
0 days 02:10:51.029000,31,14,1 L,+3.917
0 days 02:10:58.804000,31,14,1 L,+4.150
0 days 02:11:05.541000,31,14,1 L,+3.280
0 days 02:11:09.606000,31,14,1 L,+2.221
0 days 02:11:16.973000,31,14,1 L,+1.339
0 days 02:11:19.748000,31,14,1 L,+1.280
0 days 02:11:26.619000,31,14,1 L,+0.961
0 days 02:11:30.557000,31,14,1 L,+0.726
0 days 02:11:32.957000,31,14,1 L,+0.939
0 days 02:11:39.545000,31,14,1 L,+1.115
0 days 02:11:44.898000,31,14,1 L,+1.421
0 days 02:11:49.731000,31,14,1 L,+1.741
0 days 02:11:54.262000,31,14,1 L,+1.712
0 days 02:11:59.985000,31,14,1 L,+1.215
0 days 02:12:04.649000,31,14,1 L,+1.073
0 days 02:12:08.101000,31,14,1 L,+0.753
0 days 02:12:14.973000,31,14,1 L,+1.223
0 days 02:12:24.316000,31,14,1 L,+2.618
0 days 02:12:31.375000,31,14,1 L,+1.496
0 days 02:12:37.702000,31,14,1 L,+1.235
0 days 02:12:43.636000,31,14,1 L,+1.464
0 days 02:12:50.074000,31,14,1 L,+1.201
0 days 02:12:56.077000,31,14,1 L,+0.982
0 days 02:13:05.552000,31,14,1 L,+1.310
0 days 02:13:14.175000,31,14,1 L,+1.188
0 days 02:13:19.035000,31,14,1 L,+0.854
0 days 02:13:26.905000,31,14,1 L,+1.013
0 days 02:13:29.891000,31,14,1 L,+0.997
0 days 02:13:38.819000,31,14,1 L,+0.980
0 days 02:13:43.013000,31,14,1 L,+1.165
0 days 02:13:45.184000,31,14,1 L,+1.188
0 days 02:13:51.887000,31,14,1 L,+0.732
0 days 02:13:57.473000,31,14,1 L,+1.359
0 days 02:14:02.677000,31,14,1 L,+1.427
0 days 02:14:07.219000,31,14,1 L,+1.096
0 days 02:14:13.916000,31,14,1 L,+0.771
0 days 02:14:19.238000,31,14,1 L,+0.934
0 days 02:14:22.890000,31,14,1 L,+0.998
0 days 02:14:32.123000,31,14,1 L,+1.222
0 days 02:14:44.253000,31,14,1 L,+1.853
0 days 02:14:52.207000,31,14,1 L,+1.160
0 days 02:14:59.073000,31,14,1 L,+1.150
0 days 02:15:04.719000,31,14,1 L,+1.253
0 days 02:15:14.781000,31,14,1 L,+1.180
0 days 02:15:25.158000,31,14,1 L,+1.124
0 days 02:15:39.372000,31,14,1 L,+1.190
0 days 02:15:48.447000,31,14,1 L,+0.694
0 days 02:15:54.832000,31,14,1 L,+0.976
0 days 02:16:03.759000,31,14,1 L,+1.264
0 days 02:16:06.918000,31,14,1 L,+1.226
0 days 02:16:17.038000,31,14,1 L,+2.142
0 days 02:16:20.753000,31,14,1 L,+1.680
0 days 02:16:23.094000,31,14,1 L,+1.721
0 days 02:16:30.035000,31,14,1 L,+0.746
0 days 02:16:35.241000,31,14,1 L,+0.948
0 days 02:16:40.279000,31,14,1 L,+1.064
0 days 02:16:44.936000,31,14,1 L,+0.895
0 days 02:16:51.714000,31,14,1 L,+0.881
0 days 02:16:56.074000,31,14,1 L,+0.906
0 days 02:17:00.497000,31,14,1 L,+0.891
0 days 02:17:10.062000,31,14,1 L,+1.027
0 days 02:17:20.620000,31,14,1 L,+1.117
0 days 02:17:29.760000,31,14,1 L,+1.206
0 days 02:17:36.460000,31,14,1 L,+1.041
0 days 02:17:41.895000,31,14,1 L,+1.200
0 days 02:17:48.051000,31,14,1 L,+0.996
0 days 02:17:55.324000,31,14,1 L,+1.675
0 days 02:18:04.821000,31,14,1 L,+1.527
0 days 02:18:11.917000,31,14,1 L,+1.241
0 days 02:18:17.754000,31,14,1 L,+1.294
0 days 02:18:24.953000,31,14,1 L,+1.011
0 days 02:18:28.260000,31,14,1 L,+1.017
0 days 02:18:37.191000,31,14,1 L,+1.358
0 days 02:18:41.374000,31,14,1 L,+1.226
0 days 02:18:43.582000,31,14,1 L,+1.277
0 days 02:18:50.094000,31,14,1 L,+0.647
0 days 02:18:55.060000,31,14,1 L,+0.878
0 days 02:19:00.351000,31,14,1 L,+1.017
0 days 02:19:05.073000,31,14,1 L,+0.975
0 days 02:19:12.082000,31,14,1 L,+0.781
0 days 02:19:16.923000,31,14,1 L,+0.811
0 days 02:19:20.148000,31,14,1 L,+0.930
0 days 02:19:29.438000,31,14,1 L,+1.195
0 days 02:19:36.975000,31,14,1 L,+1.085
0 days 02:19:44.224000,31,14,1 L,+1.402
0 days 02:19:49.852000,31,14,1 L,+1.084
0 days 02:19:54.596000,31,14,1 L,+0.789
0 days 02:20:01.561000,31,14,1 L,+0.672
0 days 02:20:07.187000,31,14,1 L,+0.756
0 days 02:20:17.822000,31,14,1 L,+1.178
0 days 02:20:25.093000,31,14,1 L,+0.891
0 days 02:20:29.946000,31,14,1 L,+0.788
0 days 02:20:37.882000,31,14,1 L,+0.918
0 days 02:20:41.116000,31,14,1 L,+0.866
0 days 02:20:50.122000,31,14,1 L,+0.917
0 days 02:20:53.861000,31,14,1 L,+0.953
0 days 02:20:56.664000,31,14,1 L,+1.159
0 days 02:21:03.532000,31,14,1 L,+0.701
0 days 02:21:08.922000,31,14,1 L,+0.813
0 days 02:21:13.675000,31,14,1 L,+0.979
0 days 02:21:18.175000,31,14,1 L,+1.004
0 days 02:21:24.679000,31,14,1 L,+0.855
0 days 02:21:29.499000,31,14,+134.408,+1.343
0 days 02:21:32.075000,31,14,+133.607,+1.348
0 days 02:21:37.165000,31,14,+129.708,+0.966
0 days 02:21:41.006000,31,14,+126.216,+0.617
0 days 02:21:45.507000,31,14,+123.049,+0.411
0 days 02:21:50.062000,31,14,+121.944,+0.345
0 days 02:21:54.080000,31,14,+121.116,+0.420
0 days 02:21:59.251000,31,14,+119.560,+0.645
0 days 02:22:03.655000,31,14,+117.891,+0.552
0 days 02:22:11.423000,31,14,+116.290,+0.942
0 days 02:22:18.420000,31,14,+115.111,+0.452
0 days 02:22:22.680000,31,14,+114.282,+0.425
0 days 02:22:29.739000,31,14,+113.445,+0.725
0 days 02:22:42.820000,31,15,+113.445,+0.725
0 days 02:23:01.501000,31,15,+129.897,+15.552
0 days 02:23:04.021000,31,15,+129.526,+16.244
0 days 02:23:12.051000,31,15,+130.282,+19.165
0 days 02:23:16.151000,31,15,+129.035,+19.515
0 days 02:23:20.279000,31,15,+128.731,+20.117
0 days 02:23:24.610000,31,15,+128.507,+20.677
0 days 02:23:29.993000,31,15,+125.645,+21.305
0 days 02:23:34.005000,31,15,+122.673,+22.011
0 days 02:23:36.354000,31,15,+120.699,+22.014
0 days 02:23:41.283000,31,15,+118.639,+22.414
0 days 02:23:44.951000,31,15,+114.480,+22.209
0 days 02:23:48.998000,31,15,+111.537,+21.851
0 days 02:23:53.167000,31,15,+108.976,+21.450
0 days 02:23:56.782000,31,15,+107.326,+21.169
0 days 02:24:01.576000,31,15,+105.599,+21.687
0 days 02:24:05.825000,31,15,+103.268,+22.058
0 days 02:24:12.697000,31,15,+101.210,+22.055
0 days 02:24:18.499000,31,15,+99.604,+22.017
0 days 02:24:22.168000,31,15,+98.121,+22.261
0 days 02:24:28.165000,31,15,+96.194,+22.266
0 days 02:24:30.285000,31,15,+94.904,+22.379
0 days 02:24:36.402000,31,15,+92.658,+22.497
0 days 02:24:39.249000,31,15,+91.463,+22.542
0 days 02:24:40.929000,31,15,+90.922,+22.776
0 days 02:24:46.338000,31,15,+88.663,+23.150
0 days 02:24:49.939000,31,15,+86.910,+23.198
0 days 02:24:53.609000,31,15,+86.110,+23.463
0 days 02:24:57.485000,31,15,+84.982,+23.560
0 days 02:25:02.440000,31,15,+82.795,+23.651
0 days 02:25:05.837000,31,15,+81.104,+23.964
0 days 02:25:08.101000,31,15,+79.975,+24.046
0 days 02:25:12.305000,31,15,+77.672,+24.066
0 days 02:25:15.827000,31,15,+76.044,+24.034
0 days 02:25:19.840000,31,15,+73.381,+24.045
0 days 02:25:24.053000,31,15,+71.883,+24.026
0 days 02:25:27.477000,31,15,+69.866,+24.028
0 days 02:25:31.880000,31,15,+67.316,+24.364
0 days 02:25:35.816000,31,15,+62.861,+24.616
0 days 02:25:42.506000,31,15,+50.302,+24.933
0 days 02:25:48.427000,31,15,+47.828,+25.193
0 days 02:25:51.881000,31,15,+47.961,+25.212
0 days 02:25:57.742000,31,15,+47.985,+25.200
0 days 02:25:59.749000,31,15,+47.974,+25.293
0 days 02:26:05.752000,31,15,+48.060,+25.390
0 days 02:26:08.658000,31,15,+48.121,+25.454
0 days 02:26:10.031000,31,15,+48.215,+25.495
0 days 02:26:15.038000,31,15,+48.145,+25.605
0 days 02:26:18.564000,31,15,+48.144,+25.620
0 days 02:26:22.065000,31,15,+48.387,+25.808
0 days 02:26:25.741000,31,15,+48.396,+25.778
0 days 02:26:30.555000,31,15,+48.269,+25.861
0 days 02:26:33.496000,31,15,+48.260,+26.048
0 days 02:26:35.665000,31,15,+48.289,+26.127
0 days 02:26:39.699000,31,15,+48.416,+26.312
0 days 02:26:43.125000,31,15,+48.456,+26.359
0 days 02:26:47.155000,31,15,+48.495,+26.399
0 days 02:26:51.340000,31,15,+48.500,+26.434
0 days 02:26:54.839000,31,15,+48.545,+26.488
0 days 02:26:59.165000,31,15,+48.875,+26.826
0 days 02:27:03.008000,31,15,+49.118,+27.039
0 days 02:27:09.532000,31,15,+49.453,+27.231
0 days 02:27:15.290000,31,15,+49.936,+27.491
0 days 02:27:18.580000,31,15,+50.179,+27.536
0 days 02:27:24.412000,31,15,+50.547,+27.667
0 days 02:27:26.529000,31,15,+50.773,+27.855
0 days 02:27:32.542000,31,15,+51.027,+28.056
0 days 02:27:35.277000,31,15,+51.047,+28.074
0 days 02:27:36.779000,31,15,+51.196,+28.112
0 days 02:27:41.759000,31,15,+51.594,+28.296
0 days 02:27:45.285000,31,15,+51.671,+28.340
0 days 02:27:48.697000,31,15,+51.847,+28.500
0 days 02:27:52.360000,31,15,+52.085,+28.650
0 days 02:27:57.182000,31,15,+52.281,+28.896
0 days 02:28:00.078000,31,15,+52.433,+29.136
0 days 02:28:02.195000,31,15,+52.494,+29.227
0 days 02:28:06.161000,31,15,+52.686,+29.370
0 days 02:28:09.456000,31,15,+52.789,+29.469
0 days 02:28:13.463000,31,15,+52.856,+29.508
0 days 02:28:17.594000,31,15,+52.866,+29.636
0 days 02:28:21.112000,31,15,+52.864,+29.875
0 days 02:28:25.681000,31,15,+53.525,+30.447
0 days 02:28:29.739000,31,15,+53.957,+30.887
0 days 02:28:36.690000,31,15,+54.785,+31.865
0 days 02:28:42.941000,31,15,+55.653,+32.577
0 days 02:28:46.638000,31,15,+56.225,+33.052
0 days 02:28:52.718000,31,15,+56.781,+33.411
0 days 02:28:54.875000,31,15,+57.071,+33.475
0 days 02:29:00.965000,31,15,+57.365,+33.591
0 days 02:29:03.793000,31,15,+57.433,+33.615
0 days 02:29:05.247000,31,15,+57.534,+33.480
0 days 02:29:10.260000,31,15,+57.771,+33.432
0 days 02:29:13.830000,31,15,+57.837,+33.449
0 days 02:29:17.191000,31,15,+57.951,+33.409
0 days 02:29:20.861000,31,15,+54.263,+33.313
0 days 02:29:25.637000,31,15,+58.196,+33.334
0 days 02:29:28.590000,31,15,+58.429,+33.351
0 days 02:29:30.657000,31,15,+58.513,+33.362
0 days 02:29:34.558000,31,15,+54.980,+33.420
0 days 02:29:37.939000,31,15,+55.018,+33.460
0 days 02:29:41.887000,31,15,+55.087,+56.142
0 days 02:29:46.039000,31,15,+55.275,+56.181
0 days 02:29:49.554000,31,15,+55.545,+56.190
0 days 02:29:54.327000,31,15,+56.099,+57.048
0 days 02:29:58.531000,31,15,+56.485,+57.630
0 days 02:30:05.886000,31,15,+57.498,+58.440
0 days 02:30:12.866000,31,15,+58.555,+59.730
0 days 02:30:17.565000,31,14,+58.555,+59.730
0 days 02:30:17.643000,31,14,+59.261,+37.344
0 days 02:30:25.387000,31,14,+59.884,+37.652
0 days 02:30:28.017000,31,14,+60.137,+37.652
0 days 02:30:34.656000,31,14,+60.420,+14.605
0 days 02:30:37.436000,31,14,+60.465,+10.788
0 days 02:30:38.982000,31,14,+60.465,+10.506
0 days 02:30:44.459000,31,14,+60.842,+9.247
0 days 02:30:48.085000,31,14,+60.941,+9.156
0 days 02:30:51.570000,31,14,+60.934,+9.100
0 days 02:30:55.258000,31,14,+60.923,+8.807
0 days 02:30:59.982000,31,14,+60.901,+8.304
0 days 02:31:02.878000,31,14,+61.067,+8.205
0 days 02:31:04.967000,31,14,+61.153,+8.174
0 days 02:31:08.843000,31,14,+61.078,+8.043
0 days 02:31:12.194000,31,14,+61.109,+8.066
0 days 02:31:16.294000,31,14,+61.146,+8.039
0 days 02:31:20.329000,31,14,+61.134,+7.982
0 days 02:31:23.829000,31,14,+61.124,+7.905
0 days 02:31:28.728000,31,14,+61.559,+8.606
0 days 02:31:33.152000,31,14,+61.890,+9.081
0 days 02:31:40.388000,31,14,+61.950,+9.663
0 days 02:31:47.669000,31,14,+62.202,+10.419
0 days 02:31:52.602000,31,14,+62.450,+11.640
0 days 02:32:00.630000,31,14,+63.015,+12.875
0 days 02:32:03.615000,31,14,+63.336,+13.550
0 days 02:32:10.805000,31,14,+63.805,+14.609
0 days 02:32:13.757000,31,14,+63.933,+14.752
0 days 02:32:15.684000,31,14,+64.197,+15.186
0 days 02:32:22.930000,31,14,+66.064,+16.867
0 days 02:32:27.262000,31,14,+66.786,+17.507
0 days 02:32:31.781000,31,14,+67.854,+18.537
0 days 02:32:37.186000,31,14,+69.340,+19.780
0 days 02:32:44.156000,31,14,+71.335,+21.644
0 days 02:32:48.597000,31,14,+72.956,+23.087
0 days 02:32:51.263000,31,14,+73.535,+23.602
0 days 02:32:56.725000,31,14,+66.048,+25.173
0 days 02:33:01.085000,31,14,+66.974,+26.151
0 days 02:33:05.929000,31,14,+67.794,+26.935
0 days 02:33:10.312000,31,14,+68.060,+27.158
0 days 02:33:14.903000,31,14,+69.078,+28.151
0 days 02:33:21.883000,31,14,+71.666,+30.921
0 days 02:33:28.043000,31,14,+64.013,+33.194
0 days 02:33:36.870000,31,14,+66.077,+35.500
0 days 02:33:46.112000,31,14,+68.961,+38.480
0 days 02:33:53.382000,31,14,+72.138,+42.012
0 days 02:34:04.029000,31,13,+72.138,+42.012
0 days 02:34:04.104000,31,13,+76.073,+64.035
0 days 02:34:39.447000,31,13,+99.451,+85.197
0 days 02:34:41.684000,31,13,+99.796,+85.329
0 days 02:34:51.293000,31,12,+99.796,+85.329
0 days 02:34:51.369000,31,12,+102.383,+82.598
0 days 02:34:56.060000,31,12,+103.022,+83.319
0 days 02:35:01.870000,31,12,+105.074,+85.305
0 days 02:35:07.085000,31,12,+105.514,+85.715
0 days 02:35:14.215000,31,12,+106.722,+85.713
0 days 02:35:20.057000,31,12,+109.316,+101.530
0 days 02:35:24.186000,31,12,+111.313,+102.506
0 days 02:35:31.813000,31,12,+114.712,+103.830
0 days 02:35:37.427000,31,12,+116.827,+103.239
0 days 02:35:42.232000,31,12,+117.567,+100.336
0 days 02:35:46.869000,31,12,+116.770,+97.723
0 days 02:35:50.860000,31,12,+111.626,+96.137
0 days 02:35:56.369000,31,12,+111.046,+93.974
0 days 02:36:01.261000,31,12,+110.591,+92.627
0 days 02:36:09.088000,31,12,+109.911,+90.819
0 days 02:36:16.251000,31,12,+109.984,+88.717
0 days 02:36:20.558000,31,12,+109.569,+87.271
0 days 02:36:29.802000,31,12,+108.916,+86.027
0 days 02:36:32.746000,31,12,+108.838,+86.027
0 days 02:36:39.787000,31,12,+108.880,+68.964
0 days 02:36:42.748000,31,12,+108.962,+64.915
0 days 02:36:44.833000,31,12,+108.975,+64.735
0 days 02:36:54.124000,31,12,+109.399,+65.848
0 days 02:36:58.366000,31,12,+109.049,+65.820
0 days 02:37:02.756000,31,12,+109.140,+65.298
0 days 02:37:07.401000,31,12,+108.771,+64.967
0 days 02:37:13.415000,31,12,+108.759,+64.826
0 days 02:37:17.195000,31,12,+108.790,+64.951
0 days 02:37:19.496000,31,12,+107.281,+64.966
0 days 02:37:24.389000,31,12,+104.979,+64.674
0 days 02:37:28.197000,31,12,+103.717,+64.461
0 days 02:37:32.331000,31,12,+103.420,+64.043
0 days 02:37:36.561000,31,12,+100.514,+63.780
0 days 02:37:40.221000,31,12,+97.975,+63.630
0 days 02:37:45.132000,31,12,+95.219,+63.524
0 days 02:37:49.606000,31,12,+90.803,+63.585
0 days 02:37:56.589000,31,12,+88.010,+61.198
0 days 02:38:03.210000,31,12,+85.847,+60.324
0 days 02:38:07.785000,31,12,+83.999,+60.253
0 days 02:38:16.818000,31,12,+82.233,+61.041
0 days 02:38:19.586000,31,12,+81.208,+60.938
0 days 02:38:26.210000,31,12,+78.301,+59.094
0 days 02:38:29.091000,31,12,+76.115,+57.858
0 days 02:38:30.810000,31,12,+74.885,+57.052
0 days 02:38:39.943000,31,12,+73.377,+56.968
0 days 02:38:44.246000,31,12,+71.821,+55.827
0 days 02:38:48.297000,31,12,+70.355,+54.200
0 days 02:38:52.939000,31,12,+69.552,+53.916
0 days 02:38:58.773000,31,12,+67.547,+53.409
0 days 02:39:02.371000,31,12,+65.640,+53.201
0 days 02:39:04.656000,31,12,+64.627,+53.002
0 days 02:39:09.247000,31,12,+62.718,+50.496
0 days 02:39:13.007000,31,12,+60.523,+47.536
0 days 02:39:17.144000,31,12,+56.929,+43.742
0 days 02:39:21.355000,31,12,+55.111,+41.679
0 days 02:39:24.935000,31,12,+52.768,+40.880
0 days 02:39:29.929000,31,12,+51.024,+36.901
0 days 02:39:34.425000,31,12,+48.010,+34.154
0 days 02:39:41.332000,31,12,+44.950,+29.067
0 days 02:39:47.946000,31,12,+43.287,+27.719
0 days 02:39:51.963000,31,12,+41.137,+26.807
0 days 02:39:58.973000,31,12,+38.552,+23.720
0 days 02:40:01.490000,31,12,+37.414,+22.563
0 days 02:40:07.932000,31,12,+35.065,+18.273
0 days 02:40:10.799000,31,12,+34.005,+17.773
0 days 02:40:12.556000,31,12,+32.708,+17.290
0 days 02:40:19.095000,31,12,+30.360,+16.893
0 days 02:40:22.972000,31,12,+25.921,+13.053
0 days 02:40:27.200000,31,12,+24.770,+10.529
0 days 02:40:31.491000,31,12,+24.172,+10.241
0 days 02:40:37.472000,31,12,+22.228,+9.911
0 days 02:40:41.089000,31,12,+20.174,+9.109
0 days 02:40:43.372000,31,12,+17.670,+5.046
0 days 02:40:48.225000,31,12,+15.979,+3.083
0 days 02:40:52.549000,31,12,+13.728,+1.500
0 days 02:40:59.152000,31,12,+13.072,+1.099
0 days 02:41:04.347000,31,12,+13.166,+0.976
0 days 02:41:09.512000,31,12,+12.334,+1.163
0 days 02:41:16.160000,31,12,+12.088,+1.384
0 days 02:41:23.300000,31,12,+12.162,+1.175
0 days 02:41:33.516000,31,12,+13.097,+1.559
0 days 02:41:40.875000,31,12,+11.745,+0.913
0 days 02:41:46.173000,31,12,+11.688,+1.306
0 days 02:41:55.697000,31,12,+12.532,+1.077
0 days 02:41:58.977000,31,12,+12.241,+1.335
0 days 02:42:10.776000,31,12,+15.523,+1.025
0 days 02:42:14.850000,31,12,+15.594,+1.830
0 days 02:42:17.131000,31,12,+15.677,+2.101
0 days 02:42:23.877000,31,12,+14.077,+2.521
0 days 02:42:28.082000,31,12,+13.188,+1.422
0 days 02:42:33.308000,31,12,+13.213,+1.476
0 days 02:42:38.267000,31,12,+12.883,+1.110
0 days 02:42:45.037000,31,12,+11.720,+0.830
0 days 02:42:50.766000,31,12,+12.006,+1.480
0 days 02:42:55.824000,31,12,+14.347,+1.197
0 days 02:43:02.091000,31,12,+14.237,+1.245
0 days 02:43:06.151000,31,12,+12.822,+1.103
0 days 02:43:10.749000,31,12,+10.309,+1.111
0 days 02:43:16.709000,31,12,+11.124,+0.898
0 days 02:43:22.113000,31,12,+10.689,+1.020
0 days 02:43:28.646000,31,12,+10.486,+1.147
0 days 02:43:34.706000,31,12,+9.891,+0.743
0 days 02:43:49.612000,31,12,+8.121,+0.738
0 days 02:43:56.648000,31,12,+7.236,+0.791
0 days 02:44:01.088000,31,12,+7.580,+0.854
0 days 02:44:08.427000,31,12,+7.933,+0.824
0 days 02:44:11.807000,31,12,+8.777,+1.530
0 days 02:44:17.710000,31,13,+8.777,+1.530
0 days 02:44:18.465000,31,13,+9.008,+0.802
0 days 02:44:21.369000,31,13,+9.124,+0.952
0 days 02:44:23.279000,31,13,+9.392,+1.046
0 days 02:44:29.891000,31,13,+10.019,+1.461
0 days 02:44:33.736000,31,13,+10.089,+1.571
0 days 02:44:37.834000,31,13,+10.535,+1.417
0 days 02:44:42.374000,31,13,+10.684,+0.190
0 days 02:44:48.241000,31,12,+10.684,+0.190
0 days 02:44:48.341000,31,12,+11.002,+1.563
0 days 02:44:51.910000,31,12,+11.381,+1.675
0 days 02:44:54.138000,31,12,+11.447,+1.688
0 days 02:44:58.603000,31,12,+11.709,+1.749
0 days 02:45:02.226000,31,12,+11.739,+1.722
0 days 02:45:06.299000,31,12,+11.781,+1.765
0 days 02:45:10.511000,31,12,+11.780,+1.823
0 days 02:45:13.920000,31,12,+11.723,+1.893
0 days 02:45:18.435000,31,13,+11.723,+1.893
0 days 02:45:19.237000,31,13,+12.579,+0.761
0 days 02:45:23.766000,31,13,+13.013,+1.136
0 days 02:45:30.762000,31,13,+13.382,+1.315
0 days 02:45:37.279000,31,13,+13.836,+1.610
0 days 02:45:41.463000,31,13,+14.056,+1.909
0 days 02:45:48.415000,31,13,+14.260,+2.086
0 days 02:45:50.889000,31,13,+14.431,+2.189
0 days 02:45:57.256000,31,13,+14.557,+2.325
0 days 02:46:00.021000,31,13,+14.591,+2.432
0 days 02:46:01.820000,31,13,+14.847,+2.575
0 days 02:46:08.089000,31,13,+15.496,+1.771
0 days 02:46:11.851000,31,13,+15.575,+1.754
0 days 02:46:15.793000,31,13,+15.965,+1.726
0 days 02:46:20.241000,31,13,+16.277,+1.839
0 days 02:46:25.663000,31,13,+16.378,+1.867
0 days 02:46:28.882000,31,13,+16.603,+1.945
0 days 02:46:31.022000,31,13,+16.657,+1.971
0 days 02:46:35.248000,31,13,+16.772,+2.065
0 days 02:46:38.741000,31,13,+16.819,+2.137
0 days 02:46:42.803000,31,13,+16.875,+2.196
0 days 02:46:46.979000,31,13,+16.848,+2.243
0 days 02:46:50.396000,31,13,+16.796,+2.304
0 days 02:46:55.153000,31,13,+17.055,+2.323
0 days 02:46:59.369000,31,13,+17.382,+2.515
0 days 02:47:06.192000,31,13,+17.684,+2.486
0 days 02:47:12.491000,31,13,+17.973,+2.502
0 days 02:47:16.452000,31,13,+18.171,+2.395
0 days 02:47:23.089000,31,13,+18.420,+2.370
0 days 02:47:25.493000,31,13,+18.537,+2.365
0 days 02:47:31.766000,31,13,+18.657,+2.317
0 days 02:47:34.598000,31,13,+18.694,+2.325
0 days 02:47:36.237000,31,13,+18.801,+2.269
0 days 02:47:42.339000,31,13,+19.259,+2.573
0 days 02:47:46.095000,31,13,+19.342,+2.622
0 days 02:47:49.926000,31,13,+19.629,+2.724
0 days 02:47:54.189000,31,13,+19.670,+2.709
0 days 02:47:59.271000,31,13,+19.630,+2.441
0 days 02:48:02.349000,31,13,+19.806,+2.481
0 days 02:48:04.449000,31,13,+19.865,+2.507
0 days 02:48:08.553000,31,13,+20.140,+2.641
0 days 02:48:12.122000,31,13,+20.274,+2.749
0 days 02:48:16.283000,31,13,+20.355,+2.809
0 days 02:48:20.282000,31,13,+20.333,+2.856
0 days 02:48:23.790000,31,13,+20.317,+2.931
0 days 02:48:28.340000,31,13,+20.584,+2.861
0 days 02:48:32.745000,31,13,+20.990,+3.013
0 days 02:48:39.494000,31,13,+21.271,+2.974
0 days 02:48:45.714000,31,13,+21.586,+2.962
0 days 02:48:49.579000,31,13,+21.824,+3.009
0 days 02:48:56.331000,31,13,+22.141,+3.029
0 days 02:48:58.637000,31,13,+22.217,+3.027
0 days 02:49:04.983000,31,13,+22.381,+3.106
0 days 02:49:07.772000,31,13,+22.418,+3.139
0 days 02:49:09.393000,31,13,+22.584,+3.111
0 days 02:49:15.395000,31,13,+23.114,+3.378
0 days 02:49:19.124000,31,13,+23.242,+3.455
0 days 02:49:22.891000,31,13,+23.592,+3.609
0 days 02:49:27.140000,31,13,+23.797,+3.701
0 days 02:49:32.306000,31,13,+23.749,+3.439
0 days 02:49:35.234000,31,13,+23.980,+3.532
0 days 02:49:37.345000,31,13,+24.062,+3.563
0 days 02:49:41.431000,31,13,+24.213,+3.645
0 days 02:49:44.977000,31,13,+23.927,+3.700
0 days 02:49:48.977000,31,13,+23.897,+3.750
0 days 02:49:53.122000,31,13,+23.865,+3.814
0 days 02:49:56.613000,31,13,+23.866,+3.897
0 days 02:50:01.179000,31,13,+24.245,+3.837
0 days 02:50:05.417000,31,13,+24.538,+3.871
0 days 02:50:12.105000,31,13,+24.773,+3.767
0 days 02:50:18.365000,31,13,+24.939,+3.803
0 days 02:50:22.120000,31,13,+25.080,+3.716
0 days 02:50:28.754000,31,13,+25.378,+3.652
0 days 02:50:31.093000,31,13,+25.443,+3.599
0 days 02:50:37.177000,31,13,+25.446,+3.475
0 days 02:50:40.011000,31,13,+25.479,+3.503
0 days 02:50:41.497000,31,13,+25.543,+3.436
0 days 02:50:47.517000,31,13,+26.022,+3.553
0 days 02:50:51.263000,31,13,+26.155,+3.631
0 days 02:50:54.978000,31,13,+26.529,+3.630
0 days 02:50:59.111000,31,13,+26.630,+3.667
0 days 02:51:04.262000,31,13,+26.779,+3.528
0 days 02:51:07.241000,31,13,+26.991,+3.685
0 days 02:51:09.315000,31,13,+27.076,+3.756
0 days 02:51:13.404000,31,13,+27.347,+3.822
0 days 02:51:16.892000,31,13,+27.443,+3.828
0 days 02:51:20.893000,31,13,+27.508,+3.864
0 days 02:51:25.093000,31,13,+27.513,+3.910
0 days 02:51:28.539000,31,13,+27.538,+3.959
0 days 02:51:33.109000,31,13,+27.878,+3.928
0 days 02:51:37.220000,31,13,+28.197,+3.935
0 days 02:51:43.952000,31,13,+28.582,+3.914
0 days 02:51:50.268000,31,13,+28.796,+4.047
0 days 02:51:53.979000,31,13,+28.952,+3.915
0 days 02:52:00.584000,31,13,+29.139,+3.879
0 days 02:52:02.791000,31,13,+29.159,+3.810
0 days 02:52:09.125000,31,13,+29.363,+3.864
0 days 02:52:11.898000,31,13,+29.404,+3.895
0 days 02:52:13.514000,31,13,+29.554,+3.894
0 days 02:52:19.307000,31,13,+29.940,+3.971
0 days 02:52:22.973000,31,13,+30.024,+4.003
0 days 02:52:26.552000,31,13,+30.269,+4.001
0 days 02:52:30.738000,31,13,+30.575,+4.077
0 days 02:52:35.778000,31,13,+30.701,+3.861
0 days 02:52:38.797000,31,13,+30.950,+3.938
0 days 02:52:40.856000,31,13,+31.031,+3.971
0 days 02:52:44.855000,31,13,+31.225,+3.893
0 days 02:52:48.309000,31,13,+31.264,+3.841
0 days 02:52:52.336000,31,13,+31.339,+3.876
0 days 02:52:56.451000,31,13,+31.380,+3.916
0 days 02:52:59.940000,31,13,+31.394,+3.959
0 days 02:53:04.405000,31,13,+31.751,+3.877
0 days 02:53:08.527000,31,13,+32.146,+3.764
0 days 02:53:15.140000,31,13,+32.449,+3.657
0 days 02:53:21.341000,31,13,+32.601,+3.480
0 days 02:53:25.058000,31,13,+32.636,+3.244
0 days 02:53:31.640000,31,13,+32.914,+3.253
0 days 02:53:33.861000,31,13,+33.021,+3.254
0 days 02:53:40.043000,31,13,+33.161,+3.277
0 days 00:00:04.219000,87,20,,
0 days 01:11:17.588000,87,20,+8.906,+0.435
0 days 01:11:19.944000,87,19,+8.906,+0.435
0 days 01:11:20.041000,87,19,+9.610,+0.606
0 days 01:11:27.818000,87,19,+10.490,+0.569
0 days 01:11:31.886000,87,19,+10.563,+0.495
0 days 01:11:36.088000,87,19,+10.933,+0.577
0 days 01:11:40.901000,87,19,+10.996,+0.615
0 days 01:11:47.560000,87,19,+11.374,+0.488
0 days 01:11:51.792000,87,19,+11.770,+0.514
0 days 01:11:55.038000,87,19,+12.621,+1.159
0 days 01:12:01.748000,87,18,+12.621,+1.159
0 days 01:12:01.842000,87,18,+14.644,+2.022
0 days 01:12:06.310000,87,18,+15.156,+1.999
0 days 01:12:11.103000,87,18,+15.565,+2.033
0 days 01:12:17.898000,87,18,+18.091,+2.216
0 days 01:12:28.078000,87,18,+24.729,+3.594
0 days 01:12:34.786000,87,18,+26.688,+2.495
0 days 01:12:41.639000,87,18,+28.336,+0.956
0 days 01:12:55.587000,87,18,+28.545,+0.924
0 days 01:13:03.841000,87,18,+28.326,+1.009
0 days 01:13:08.628000,87,18,+28.667,+0.883
0 days 01:13:16.604000,87,18,+28.910,+0.713
0 days 01:13:20.688000,87,17,+28.910,+0.713
0 days 01:13:20.772000,87,17,+30.135,+1.222
0 days 01:13:29.942000,87,17,+32.314,+0.618
0 days 01:13:34.460000,87,17,+33.855,+1.128
0 days 01:13:37.139000,87,17,+34.705,+1.103
0 days 01:13:44.426000,87,17,+33.343,+0.888
0 days 01:13:49.243000,87,17,+31.281,+1.298
0 days 01:13:55.769000,87,17,+31.380,+2.810
0 days 01:14:00.901000,87,17,+30.631,+2.923
0 days 01:14:07.777000,87,17,+28.291,+2.757
0 days 01:14:15.670000,87,17,+28.342,+1.613
0 days 01:14:24.799000,87,17,+29.664,+1.239
0 days 01:14:34.203000,87,17,+28.179,+1.093
0 days 01:14:39.153000,87,17,+27.184,+0.930
0 days 01:14:45.231000,87,17,+24.537,+1.062
0 days 01:14:51.238000,87,17,+23.383,+1.050
0 days 01:14:56.466000,87,17,+22.221,+1.496
0 days 01:15:03.147000,87,17,+21.398,+1.517
0 days 01:15:12.462000,87,17,+23.488,+0.931
0 days 01:15:25.246000,87,17,+25.099,+1.573
0 days 01:15:32.888000,87,17,+24.189,+1.469
0 days 01:15:38.498000,87,17,+24.183,+1.089
0 days 01:15:50.843000,87,17,+26.482,+1.433
0 days 01:16:28.810000,87,17,+32.809,+0.630
0 days 01:16:31.741000,87,17,+33.371,+0.941
0 days 01:16:40.294000,87,17,+33.016,+1.268
0 days 01:16:45.189000,87,17,+32.319,+1.641
0 days 01:16:50.447000,87,17,+32.534,+1.694
0 days 01:16:55.430000,87,17,+32.007,+1.331
0 days 01:17:02.079000,87,17,+30.696,+1.169
0 days 01:17:06.716000,87,17,+29.781,+1.032
0 days 01:17:10.556000,87,17,+27.693,+1.487
0 days 01:17:17.542000,87,17,+25.802,+1.928
0 days 01:17:22.222000,87,17,+24.278,+1.576
0 days 01:17:28.156000,87,17,+22.559,+0.990
0 days 01:17:36.607000,87,17,+24.468,+1.170
0 days 01:17:42.170000,87,17,+24.566,+1.072
0 days 01:17:49.235000,87,17,+24.435,+1.491
0 days 01:17:55.045000,87,17,+23.122,+1.046
0 days 01:18:07.105000,87,17,+25.430,+1.208
0 days 01:18:14.766000,87,17,+24.149,+1.030
0 days 01:18:19.661000,87,17,+23.458,+1.060
0 days 01:18:30.409000,87,17,+24.798,+1.327
0 days 01:19:12.945000,87,17,+34.783,+0.646
0 days 01:19:15.845000,87,17,+35.416,+1.024
0 days 01:19:23.870000,87,17,+34.967,+1.001
0 days 01:19:28.416000,87,17,+34.614,+1.084
0 days 01:19:33.206000,87,17,+34.237,+1.304
0 days 01:19:37.966000,87,17,+33.759,+1.099
0 days 01:19:44.698000,87,17,+32.643,+1.100
0 days 01:19:49.123000,87,17,+31.717,+1.361
0 days 01:19:54.290000,87,17,+30.848,+1.172
0 days 01:20:01.818000,87,17,+29.587,+1.360
0 days 01:20:06.521000,87,17,+27.457,+1.353
0 days 01:20:11.847000,87,17,+26.436,+1.251
0 days 01:20:18.450000,87,17,+26.386,+0.571
0 days 01:20:23.921000,87,17,+26.959,+0.471
0 days 01:20:31.143000,87,17,+26.558,+1.249
0 days 01:20:36.371000,87,17,+24.906,+1.188
0 days 01:20:47.264000,87,17,+26.297,+1.590
0 days 01:20:56.432000,87,17,+26.770,+2.937
0 days 01:21:01.933000,87,17,+26.767,+3.545
0 days 01:21:10.094000,87,17,+26.067,+3.102
0 days 01:21:57.516000,87,17,+43.722,+4.991
0 days 01:21:59.931000,87,17,+44.077,+4.753
0 days 01:22:07.731000,87,17,+44.048,+4.207
0 days 01:22:12.096000,87,17,+42.916,+4.168
0 days 01:22:16.553000,87,17,+42.701,+4.189
0 days 01:22:21.293000,87,17,+41.797,+4.048
0 days 01:22:27.448000,87,17,+40.202,+3.731
0 days 01:22:31.857000,87,17,+39.753,+3.992
0 days 01:22:35.792000,87,17,+37.597,+2.488
0 days 01:22:42.022000,87,17,+35.804,+1.536
0 days 01:22:46.331000,87,17,+34.029,+1.555
0 days 01:22:51.077000,87,17,+31.927,+1.651
0 days 01:22:55.674000,87,17,+30.354,+1.837
0 days 01:22:59.574000,87,17,+29.240,+1.945
0 days 01:23:05.300000,87,17,+27.853,+1.948
0 days 01:23:10.298000,87,17,+25.208,+1.589
0 days 01:23:21.531000,87,17,+27.710,+1.068
0 days 01:23:29.325000,87,17,+26.186,+1.208
0 days 01:23:34.027000,87,17,+26.122,+1.334
0 days 01:23:41.410000,87,17,+24.787,+1.054
0 days 01:23:44.347000,87,17,+24.362,+1.156
0 days 01:23:56.304000,87,17,+27.335,+0.625
0 days 01:24:01.408000,87,17,+27.641,+1.134
0 days 01:24:03.949000,87,17,+27.982,+1.255
0 days 01:24:10.758000,87,17,+26.378,+1.003
0 days 01:24:14.979000,87,17,+25.686,+1.152
0 days 01:24:19.867000,87,17,+25.280,+1.265
0 days 01:24:24.435000,87,17,+24.843,+0.978
0 days 01:24:30.632000,87,17,+22.939,+0.971
0 days 01:24:35.011000,87,17,+22.481,+1.134
0 days 01:24:37.670000,87,17,+21.031,+1.170
0 days 01:24:43.845000,87,17,+20.235,+0.430
0 days 01:24:52.974000,87,17,+22.792,+1.257
0 days 01:25:01.723000,87,17,+24.690,+1.187
0 days 01:25:07.662000,87,17,+23.528,+0.927
0 days 01:25:13.693000,87,17,+23.179,+0.572
0 days 01:25:20.187000,87,17,+22.500,+0.724
0 days 01:25:25.348000,87,17,+21.047,+0.488
0 days 01:25:35.900000,87,17,+22.227,+1.097
0 days 01:25:43.191000,87,17,+20.298,+1.158
0 days 01:25:47.947000,87,17,+19.583,+1.303
0 days 01:25:56.526000,87,17,+19.999,+0.590
0 days 01:26:02.874000,87,17,+23.239,+1.963
0 days 01:26:18.358000,87,17,+28.987,+1.091
0 days 01:26:22.335000,87,17,+29.807,+1.442
0 days 01:26:24.785000,87,17,+30.081,+1.652
0 days 01:26:31.396000,87,17,+28.621,+1.419
0 days 01:26:35.869000,87,17,+27.713,+1.805
0 days 01:26:40.484000,87,17,+27.273,+2.399
0 days 01:26:45.292000,87,17,+26.762,+2.445
0 days 01:26:51.383000,87,17,+24.992,+2.497
0 days 01:26:55.391000,87,17,+24.230,+2.594
0 days 01:26:58.183000,87,17,+23.394,+1.352
0 days 01:27:03.828000,87,17,+22.573,+1.334
0 days 01:27:10.111000,87,17,+23.245,+0.454
0 days 01:27:18.811000,87,17,+25.118,+0.997
0 days 01:27:24.334000,87,17,+25.189,+0.924
0 days 01:27:28.625000,87,17,+23.849,+1.185
0 days 01:27:34.135000,87,17,+22.855,+1.308
0 days 01:27:39.869000,87,17,+19.511,+0.782
0 days 01:27:52.595000,87,17,+14.311,+1.015
0 days 01:27:59.494000,87,17,+13.171,+0.877
0 days 01:28:03.847000,87,17,+13.448,+0.947
0 days 01:28:11.038000,87,17,+13.694,+0.861
0 days 01:28:13.891000,87,17,+13.910,+0.994
0 days 01:28:20.625000,87,17,+14.071,+1.067
0 days 01:28:23.607000,87,17,+14.193,+1.159
0 days 01:28:25.475000,87,17,+14.491,+1.183
0 days 01:28:32.135000,87,17,+14.879,+1.353
0 days 01:28:36.088000,87,17,+14.954,+1.389
0 days 01:28:39.998000,87,17,+15.195,+1.251
0 days 01:28:44.625000,87,17,+15.238,+1.221
0 days 01:28:50.517000,87,17,+15.397,+1.194
0 days 01:28:54.258000,87,17,+15.535,+1.111
0 days 01:28:56.620000,87,17,+15.572,+1.117
0 days 01:29:02.053000,87,17,+16.314,+1.490
0 days 01:29:06.286000,87,17,+16.574,+1.846
0 days 01:29:10.649000,87,17,+16.795,+1.983
0 days 01:29:14.870000,87,17,+16.846,+2.030
0 days 01:29:18.422000,87,17,+16.802,+2.049
0 days 01:29:23.668000,87,17,+17.395,+2.206
0 days 01:29:28.311000,87,17,+17.666,+2.200
0 days 01:29:35.598000,87,17,+18.201,+2.168
0 days 01:29:42.335000,87,17,+18.693,+2.219
0 days 01:29:46.498000,87,17,+19.191,+2.399
0 days 01:29:53.395000,87,17,+19.324,+2.200
0 days 01:29:55.923000,87,17,+19.567,+2.312
0 days 01:30:02.627000,87,17,+19.847,+2.539
0 days 01:30:05.599000,87,17,+19.916,+2.592
0 days 01:30:07.399000,87,17,+20.231,+2.603
0 days 01:30:13.685000,87,17,+20.379,+2.597
0 days 01:30:17.581000,87,17,+20.413,+2.618
0 days 01:30:21.510000,87,17,+20.711,+2.730
0 days 01:30:26.033000,87,17,+20.774,+2.821
0 days 01:30:31.763000,87,17,+20.839,+2.614
0 days 01:30:35.402000,87,17,+20.955,+2.624
0 days 01:30:37.654000,87,17,+20.990,+2.630
0 days 01:30:42.624000,87,17,+21.562,+2.888
0 days 01:30:46.550000,87,17,+21.718,+2.698
0 days 01:30:50.796000,87,17,+21.898,+2.711
0 days 01:30:54.977000,87,17,+21.915,+2.713
0 days 01:30:58.479000,87,17,+21.861,+2.705
0 days 01:31:03.397000,87,17,+22.218,+2.715
0 days 01:31:07.996000,87,17,+22.498,+2.776
0 days 01:31:15.097000,87,17,+22.814,+2.744
0 days 01:31:21.522000,87,17,+23.184,+2.725
0 days 01:31:25.615000,87,17,+23.594,+2.808
0 days 01:31:32.157000,87,17,+23.442,+2.543
0 days 01:31:34.681000,87,17,+23.612,+2.632
0 days 01:31:41.230000,87,17,+23.773,+2.664
0 days 01:31:44.081000,87,17,+23.798,+2.693
0 days 01:31:45.738000,87,17,+23.958,+2.766
0 days 01:31:51.975000,87,17,+24.503,+2.868
0 days 01:31:55.794000,87,17,+24.607,+2.903
0 days 01:31:59.574000,87,17,+24.844,+2.776
0 days 01:32:03.936000,87,17,+24.976,+2.651
0 days 01:32:09.597000,87,17,+25.085,+2.555
0 days 01:32:13.056000,87,17,+25.352,+2.572
0 days 01:32:15.331000,87,17,+25.451,+2.621
0 days 01:32:20.093000,87,17,+25.964,+2.807
0 days 01:32:23.905000,87,17,+26.183,+2.869
0 days 01:32:28.046000,87,17,+26.296,+2.907
0 days 01:32:32.231000,87,17,+26.320,+2.918
0 days 01:32:35.735000,87,17,+26.296,+2.927
0 days 01:32:40.592000,87,17,+26.688,+2.922
0 days 01:32:45.089000,87,17,+26.976,+2.785
0 days 01:32:51.984000,87,17,+27.181,+2.577
0 days 01:32:58.424000,87,17,+27.546,+2.583
0 days 01:33:02.167000,87,17,+27.648,+2.570
0 days 01:33:08.730000,87,17,+27.765,+2.393
0 days 01:33:11.184000,87,17,+27.925,+2.435
0 days 01:33:17.594000,87,17,+28.054,+2.461
0 days 01:33:20.500000,87,17,+28.076,+2.489
0 days 01:33:22.164000,87,17,+28.266,+2.575
0 days 01:33:28.176000,87,17,+28.544,+2.793
0 days 01:33:31.988000,87,17,+28.576,+2.859
0 days 01:33:35.728000,87,17,+28.760,+2.849
0 days 01:33:40.197000,87,17,+28.871,+2.854
0 days 01:33:45.812000,87,17,+29.028,+2.875
0 days 01:33:49.137000,87,17,+29.107,+2.966
0 days 01:33:51.353000,87,17,+29.126,+3.000
0 days 01:33:56.015000,87,17,+29.583,+3.104
0 days 01:33:59.770000,87,17,+29.695,+2.973
0 days 01:34:03.898000,87,17,+29.767,+2.976
0 days 01:34:08.052000,87,17,+29.761,+2.997
0 days 01:34:11.512000,87,17,+29.717,+3.021
0 days 01:34:16.301000,87,17,+30.149,+2.918
0 days 01:34:20.810000,87,17,+30.443,+2.767
0 days 01:34:27.631000,87,17,+30.623,+2.807
0 days 01:34:33.937000,87,17,+30.825,+2.817
0 days 01:34:37.729000,87,17,+30.964,+2.857
0 days 01:34:44.172000,87,17,+31.148,+2.741
0 days 01:34:46.650000,87,17,+31.245,+2.721
0 days 01:34:53.054000,87,17,+31.281,+2.703
0 days 01:34:55.914000,87,17,+31.274,+2.723
0 days 01:34:57.498000,87,17,+31.418,+2.665
0 days 01:35:03.398000,87,17,+31.410,+2.826
0 days 01:35:07.199000,87,17,+31.393,+2.884
0 days 01:35:10.822000,87,17,+31.559,+2.843
0 days 01:35:15.183000,87,17,+31.563,+2.877
0 days 01:35:20.870000,87,17,+31.784,+2.902
0 days 01:35:24.227000,87,17,+31.937,+3.045
0 days 01:35:26.429000,87,17,+31.983,+3.095
0 days 01:35:31.198000,87,17,+32.537,+3.239
0 days 01:35:34.938000,87,17,+32.735,+3.354
0 days 01:35:39.072000,87,17,+32.834,+3.402
0 days 01:35:43.252000,87,17,+32.829,+3.510
0 days 01:35:46.732000,87,17,+32.771,+3.707
0 days 01:35:51.459000,87,17,+33.226,+3.511
0 days 01:35:55.900000,87,17,+33.479,+3.423
0 days 01:36:02.639000,87,17,+33.686,+3.489
0 days 01:36:08.904000,87,17,+33.923,+3.481
0 days 01:36:12.632000,87,17,+34.037,+3.508
0 days 01:36:19.132000,87,17,+34.306,+3.404
0 days 01:36:21.629000,87,17,+34.394,+3.471
0 days 01:36:28.082000,87,17,+34.505,+3.641
0 days 01:36:30.916000,87,17,+34.521,+3.784
0 days 01:36:32.492000,87,17,+34.583,+3.777
0 days 01:36:38.471000,87,17,+34.863,+3.895
0 days 01:36:42.260000,87,17,+34.917,+3.975
0 days 01:36:45.838000,87,17,+34.987,+4.079
0 days 01:36:50.282000,87,17,+34.983,+3.953
0 days 01:36:55.891000,87,17,+35.247,+3.858
0 days 01:36:59.187000,87,17,+35.427,+3.926
0 days 01:37:01.386000,87,17,+35.477,+3.952
0 days 01:37:05.999000,87,17,+35.921,+4.040
0 days 01:37:09.715000,87,17,+36.084,+4.087
0 days 01:37:13.827000,87,17,+36.188,+4.132
0 days 01:37:18.027000,87,17,+36.190,+4.271
0 days 01:37:21.466000,87,17,+36.169,+4.507
0 days 01:37:26.087000,87,17,+36.466,+4.253
0 days 01:37:30.373000,87,17,+36.628,+3.843
0 days 01:37:37.115000,87,17,+36.797,+3.868
0 days 01:37:43.501000,87,17,+37.113,+3.886
0 days 01:37:47.094000,87,17,+37.068,+3.723
0 days 01:37:53.384000,87,17,+37.154,+3.517
0 days 01:37:55.912000,87,17,+37.290,+3.526
0 days 01:38:02.284000,87,17,+37.437,+3.575
0 days 01:38:05.185000,87,17,+37.451,+3.596
0 days 01:38:06.700000,87,17,+37.519,+3.471
0 days 01:38:12.641000,87,17,+37.720,+3.632
0 days 01:38:16.441000,87,17,+37.809,+3.650
0 days 01:38:19.990000,87,17,+37.984,+3.638
0 days 01:38:24.458000,87,17,+38.132,+3.620
0 days 01:38:30.044000,87,17,+38.384,+3.595
0 days 01:38:33.339000,87,17,+38.619,+3.720
0 days 01:38:35.541000,87,17,+38.677,+3.749
0 days 01:38:40.039000,87,17,+39.102,+3.798
0 days 01:38:43.702000,87,17,+39.260,+3.865
0 days 01:38:47.801000,87,17,+39.356,+3.894
0 days 01:38:51.973000,87,17,+39.346,+3.913
0 days 01:38:55.417000,87,17,+39.293,+3.936
0 days 01:39:00.098000,87,17,+39.609,+3.897
0 days 01:39:04.443000,87,17,+39.787,+3.848
0 days 01:39:11.152000,87,17,+39.900,+3.762
0 days 01:39:17.436000,87,17,+40.088,+3.914
0 days 01:39:20.990000,87,17,+40.041,+3.795
0 days 01:39:27.153000,87,17,+40.062,+3.512
0 days 01:39:29.634000,87,17,+40.217,+3.557
0 days 01:39:36.001000,87,17,+40.374,+3.690
0 days 01:39:38.901000,87,17,+40.387,+3.704
0 days 01:39:40.376000,87,17,+40.395,+3.518
0 days 01:39:46.309000,87,17,+40.604,+3.656
0 days 01:39:50.019000,87,17,+40.672,+3.701
0 days 01:39:53.673000,87,17,+40.814,+3.593
0 days 01:39:58.298000,87,17,+41.081,+3.734
0 days 01:40:03.788000,87,17,+41.415,+3.778
0 days 01:40:07.090000,87,17,+41.753,+3.974
0 days 01:40:09.289000,87,17,+41.840,+4.018
0 days 01:40:13.814000,87,17,+42.278,+4.214
0 days 01:40:17.531000,87,17,+42.496,+4.331
0 days 01:40:21.640000,87,17,+42.597,+4.376
0 days 01:40:25.801000,87,17,+42.591,+4.417
0 days 01:40:29.263000,87,17,+42.555,+4.466
0 days 01:40:33.961000,87,17,+43.013,+4.450
0 days 01:40:38.259000,87,17,+43.210,+4.517
0 days 01:40:44.813000,87,17,+43.235,+4.497
0 days 01:40:51.222000,87,17,+43.531,+4.542
0 days 01:40:54.757000,87,17,+43.569,+4.401
0 days 01:41:01.025000,87,17,+43.758,+4.056
0 days 01:41:03.504000,87,17,+43.907,+4.034
0 days 01:41:09.880000,87,17,+44.033,+4.073
0 days 01:41:12.759000,87,17,+44.037,+4.085
0 days 01:41:14.354000,87,17,+44.121,+3.969
0 days 01:41:20.303000,87,17,+44.550,+4.187
0 days 01:41:24.057000,87,17,+44.670,+4.221
0 days 01:41:27.541000,87,17,+44.668,+4.082
0 days 01:41:31.729000,87,17,+44.747,+4.046
0 days 01:41:37.355000,87,17,+45.031,+3.946
0 days 01:41:40.558000,87,17,+45.174,+4.014
0 days 01:41:42.736000,87,17,+45.213,+4.029
0 days 01:41:47.258000,87,17,+45.627,+4.142
0 days 01:41:50.938000,87,17,+45.846,+4.267
0 days 01:41:55.032000,87,17,+45.961,+4.320
0 days 01:41:59.126000,87,17,+45.952,+4.434
0 days 01:42:02.611000,87,17,+45.911,+4.628
0 days 01:42:07.271000,87,17,+46.335,+4.434
0 days 01:42:11.534000,87,17,+46.524,+4.332
0 days 01:42:18.243000,87,17,+46.675,+4.308
0 days 01:42:24.557000,87,17,+47.007,+4.155
0 days 01:42:28.015000,87,17,+46.955,+3.801
0 days 01:42:34.356000,87,17,+47.143,+3.483
0 days 01:42:36.875000,87,17,+47.277,+3.514
0 days 01:42:43.287000,87,17,+47.476,+3.553
0 days 01:42:46.189000,87,17,+47.513,+3.574
0 days 01:42:47.877000,87,17,+47.711,+3.593
0 days 01:42:53.977000,87,17,+48.292,+3.743
0 days 01:42:57.841000,87,17,+48.451,+3.763
0 days 01:43:01.499000,87,17,+48.667,+3.741
0 days 01:43:05.800000,87,17,+48.772,+3.761
0 days 01:43:11.484000,87,17,+49.092,+3.605
0 days 01:43:14.756000,87,17,+49.339,+3.610
0 days 01:43:16.917000,87,17,+49.414,+3.626
0 days 01:43:21.256000,87,17,+49.748,+3.646
0 days 01:43:24.927000,87,17,+49.916,+3.733
0 days 01:43:28.990000,87,17,+50.029,+3.774
0 days 01:43:33.168000,87,17,+50.019,+3.784
0 days 01:43:36.617000,87,17,+50.010,+3.812
0 days 01:43:41.185000,87,17,+50.456,+3.707
0 days 01:43:45.538000,87,17,+50.647,+3.771
0 days 01:43:52.347000,87,17,+50.798,+3.699
0 days 01:43:58.736000,87,17,+51.053,+3.741
0 days 01:44:02.407000,87,17,+51.143,+3.598
0 days 01:44:08.883000,87,17,+51.501,+3.444
0 days 01:44:11.419000,87,17,+51.577,+3.450
0 days 01:44:17.885000,87,17,+51.739,+3.505
0 days 01:44:20.705000,87,17,+51.777,+3.540
0 days 01:44:22.333000,87,17,+51.930,+3.561
0 days 01:44:28.419000,87,17,+52.430,+3.862
0 days 01:44:32.151000,87,17,+52.581,+3.954
0 days 01:44:35.812000,87,17,+52.687,+3.906
0 days 01:44:40.059000,87,17,+52.830,+3.854
0 days 01:44:45.686000,87,17,+53.104,+3.751
0 days 01:44:48.937000,87,17,+53.390,+3.796
0 days 01:44:51.105000,87,17,+53.473,+3.812
0 days 01:44:55.417000,87,17,+53.776,+3.800
0 days 01:44:58.997000,87,17,+53.934,+3.853
0 days 01:45:03.143000,87,17,+54.046,+3.894
0 days 01:45:07.206000,87,17,+54.039,+3.990
0 days 01:45:10.640000,87,17,+54.015,+4.145
0 days 01:45:15.280000,87,17,+54.366,+3.996
0 days 01:45:19.680000,87,17,+54.598,+3.953
0 days 01:45:26.371000,87,17,+54.770,+4.114
0 days 01:45:32.989000,87,17,+55.155,+3.657
0 days 01:45:36.745000,87,17,+55.468,+3.293
0 days 01:45:43.456000,87,17,+55.897,+2.985
0 days 01:45:45.961000,87,17,+56.001,+2.898
0 days 01:45:52.378000,87,17,+56.120,+3.030
0 days 01:45:55.238000,87,17,+56.149,+3.154
0 days 01:45:56.880000,87,17,+56.324,+3.165
0 days 01:46:02.911000,87,17,+56.810,+3.396
0 days 01:46:06.648000,87,17,+56.909,+3.485
0 days 01:46:10.260000,87,17,+57.019,+3.479
0 days 01:46:14.604000,87,17,+57.197,+3.486
0 days 01:46:20.225000,87,17,+57.401,+3.384
0 days 01:46:23.334000,87,17,+57.587,+3.312
0 days 01:46:25.504000,87,17,+57.641,+3.316
0 days 01:46:29.761000,87,17,+57.867,+3.302
0 days 01:46:33.316000,87,17,+58.003,+3.357
0 days 01:46:37.361000,87,17,+58.104,+3.398
0 days 01:46:41.482000,87,17,+58.100,+3.512
0 days 01:46:44.956000,87,17,+58.081,+3.722
0 days 01:46:49.560000,87,17,+58.380,+3.355
0 days 01:46:53.959000,87,17,+58.481,+2.603
0 days 01:47:00.735000,87,17,+58.691,+2.073
0 days 01:47:07.186000,87,17,+58.964,+1.815
0 days 01:47:10.896000,87,17,+59.144,+1.648
0 days 01:47:17.662000,87,17,+59.467,+1.537
0 days 01:47:20.080000,87,17,+59.547,+1.512
0 days 01:47:26.402000,87,17,+59.634,+1.612
0 days 01:47:29.302000,87,17,+59.641,+1.675
0 days 01:47:30.902000,87,17,+59.853,+1.629
0 days 01:47:36.876000,87,17,+59.950,+1.699
0 days 01:47:40.570000,87,17,+59.951,+1.764
0 days 01:47:44.135000,87,17,+59.986,+1.322
0 days 01:47:48.491000,87,17,+60.136,+1.228
0 days 01:47:54.132000,87,17,+60.322,+1.115
0 days 01:47:57.306000,87,17,+60.470,+1.093
0 days 01:47:59.459000,87,17,+60.510,+1.071
0 days 01:48:03.802000,87,17,+60.813,+1.132
0 days 01:48:07.341000,87,17,+60.907,+1.136
0 days 01:48:11.395000,87,17,+60.987,+1.137
0 days 01:48:15.520000,87,17,+60.935,+1.125
0 days 01:48:18.921000,87,17,+60.889,+1.104
0 days 01:48:23.607000,87,17,+61.316,+1.200
0 days 01:48:28.035000,87,17,+61.637,+1.358
0 days 01:48:34.805000,87,17,+61.908,+1.225
0 days 01:48:41.372000,87,17,+62.287,+1.224
0 days 01:48:44.966000,87,17,+62.405,+1.177
0 days 01:48:51.608000,87,17,+62.658,+1.161
0 days 01:48:54.118000,87,17,+62.801,+1.221
0 days 01:49:00.510000,87,17,+63.018,+1.314
0 days 01:49:03.367000,87,17,+63.035,+1.308
0 days 01:49:05.064000,87,17,+63.242,+1.370
0 days 01:49:10.982000,87,17,+63.690,+1.634
0 days 01:49:14.745000,87,17,+63.805,+1.728
0 days 01:49:18.338000,87,17,+63.934,+1.433
0 days 01:49:22.690000,87,17,+64.188,+1.294
0 days 01:49:28.307000,87,17,+64.323,+1.280
0 days 01:49:31.581000,87,17,+64.512,+1.280
0 days 01:49:33.581000,87,17,+64.562,+1.285
0 days 01:49:37.872000,87,17,+64.857,+1.474
0 days 01:49:41.488000,87,17,+65.029,+1.565
0 days 01:49:45.530000,87,17,+65.131,+1.592
0 days 01:49:49.658000,87,17,+65.104,+1.587
0 days 01:49:53.093000,87,17,+65.076,+1.584
0 days 01:49:57.746000,87,17,+65.519,+1.715
0 days 01:50:02.137000,87,17,+65.648,+1.840
0 days 01:50:08.979000,87,17,+65.931,+1.845
0 days 01:50:15.240000,87,17,+66.020,+1.783
0 days 01:50:18.777000,87,17,+66.016,+1.660
0 days 01:50:25.462000,87,17,+66.334,+1.608
0 days 01:50:27.945000,87,17,+66.417,+1.665
0 days 01:50:34.323000,87,17,+66.602,+1.741
0 days 01:50:37.204000,87,17,+66.614,+1.738
0 days 01:50:38.841000,87,17,+66.729,+1.753
0 days 01:50:44.723000,87,17,+67.144,+2.006
0 days 01:50:48.437000,87,17,+67.259,+2.081
0 days 01:50:52.045000,87,17,+67.349,+1.785
0 days 01:50:56.422000,87,17,+67.571,+1.680
0 days 01:51:02.220000,87,17,+67.960,+1.838
0 days 01:51:05.394000,87,17,+68.154,+1.884
0 days 01:51:07.534000,87,17,+68.199,+1.879
0 days 01:51:11.774000,87,17,+68.428,+1.981
0 days 01:51:15.267000,87,17,+68.546,+1.992
0 days 01:51:19.331000,87,17,+68.624,+1.995
0 days 01:51:23.439000,87,17,+68.634,+1.991
0 days 01:51:26.913000,87,17,+68.616,+2.003
0 days 01:51:31.522000,87,17,+68.931,+2.124
0 days 01:51:35.808000,87,17,+68.949,+1.967
0 days 01:51:42.605000,87,17,+69.175,+1.921
0 days 01:51:48.963000,87,17,+69.331,+1.846
0 days 01:51:52.507000,87,17,+69.367,+1.892
0 days 01:51:59.100000,87,17,+69.577,+1.813
0 days 01:52:01.591000,87,17,+69.735,+1.787
0 days 01:52:07.893000,87,17,+69.892,+1.798
0 days 01:52:10.788000,87,17,+69.924,+1.795
0 days 01:52:12.381000,87,17,+70.078,+1.829
0 days 01:52:18.220000,87,17,+70.378,+2.046
0 days 01:52:21.923000,87,17,+70.436,+2.098
0 days 01:52:25.524000,87,17,+70.595,+1.785
0 days 01:52:29.898000,87,17,+70.797,+1.643
0 days 01:52:35.565000,87,17,+70.938,+1.686
0 days 01:52:38.646000,87,17,+71.133,+1.749
0 days 01:52:40.823000,87,17,+71.199,+1.763
0 days 01:52:45.009000,87,17,+71.441,+1.830
0 days 01:52:48.642000,87,17,+71.585,+1.844
0 days 01:52:52.617000,87,17,+71.670,+1.841
0 days 01:52:56.747000,87,17,+71.682,+1.806
0 days 01:53:00.173000,87,17,+71.667,+1.800
0 days 01:53:04.794000,87,17,+72.009,+1.973
0 days 01:53:09.189000,87,17,+72.224,+2.071
0 days 01:53:15.772000,87,17,+72.475,+1.991
0 days 01:53:22.161000,87,17,+72.553,+1.894
0 days 01:53:25.765000,87,17,+72.702,+1.840
0 days 01:53:32.320000,87,17,+72.921,+1.744
0 days 01:53:34.864000,87,17,+73.124,+1.736
0 days 01:53:41.239000,87,17,+73.312,+1.802
0 days 01:53:44.125000,87,17,+73.354,+1.796
0 days 01:53:45.748000,87,17,+73.504,+1.818
0 days 01:53:51.582000,87,17,+73.892,+1.951
0 days 01:53:55.238000,87,17,+73.999,+2.005
0 days 01:53:58.777000,87,17,+74.131,+1.802
0 days 01:54:03.222000,87,17,+74.307,+1.704
0 days 01:54:08.767000,87,17,+74.395,+1.806
0 days 01:54:11.887000,87,17,+74.599,+1.808
0 days 01:54:14.039000,87,17,+74.661,+1.791
0 days 01:54:18.390000,87,17,+74.977,+1.888
0 days 01:54:21.841000,87,17,+75.168,+1.930
0 days 01:54:25.947000,87,17,+75.256,+1.935
0 days 01:54:30,87,17,+75.289,+1.941
0 days 01:54:33.477000,87,17,+75.284,+1.943
0 days 01:54:38.081000,87,17,+75.597,+2.087
0 days 01:54:42.325000,87,17,+75.717,+2.059
0 days 01:54:49.090000,87,17,+75.898,+1.913
0 days 01:54:55.348000,87,17,+76.124,+1.851
0 days 01:54:58.895000,87,17,+76.167,+1.854
0 days 01:55:05.448000,87,17,+76.325,+1.813
0 days 01:55:07.950000,87,17,+76.513,+1.771
0 days 01:55:14.324000,87,17,+76.667,+1.796
0 days 01:55:17.161000,87,17,+76.694,+1.779
0 days 01:55:18.791000,87,17,+76.799,+1.832
0 days 01:55:24.480000,87,17,+77.003,+2.005
0 days 01:55:28.164000,87,17,+77.042,+2.062
0 days 01:55:31.698000,87,17,+77.006,+1.751
0 days 01:55:36.023000,87,17,+77.196,+1.660
0 days 01:55:41.636000,87,17,+77.305,+1.673
0 days 01:55:44.661000,87,17,+77.490,+1.658
0 days 01:55:46.774000,87,17,+77.545,+1.646
0 days 01:55:50.991000,87,17,+77.816,+1.715
0 days 01:55:54.509000,87,17,+77.909,+1.710
0 days 01:55:58.539000,87,17,+77.992,+1.701
0 days 01:56:02.642000,87,17,+78.014,+1.699
0 days 01:56:06.123000,87,17,+78.019,+1.693
0 days 01:56:10.682000,87,17,+78.367,+1.852
0 days 01:56:14.994000,87,17,+78.606,+1.991
0 days 01:56:21.833000,87,17,+78.745,+1.831
0 days 01:56:28.010000,87,17,+79.083,+1.831
0 days 01:56:31.711000,87,17,+79.190,+1.873
0 days 01:56:38.072000,87,17,+79.338,+1.827
0 days 01:56:40.550000,87,17,+79.501,+1.787
0 days 01:56:46.966000,87,17,+79.679,+1.871
0 days 01:56:49.822000,87,17,+79.758,+1.892
0 days 01:56:51.307000,87,17,+79.813,+1.845
0 days 01:56:57.088000,87,17,+80.200,+2.096
0 days 01:57:00.885000,87,17,+80.310,+2.182
0 days 01:57:04.277000,87,17,+80.332,+1.931
0 days 01:57:08.612000,87,17,+80.549,+1.825
0 days 01:57:14.264000,87,17,+80.711,+1.875
0 days 01:57:17.344000,87,17,+80.836,+1.863
0 days 01:57:19.441000,87,17,+80.884,+1.860
0 days 01:57:23.681000,87,17,+81.187,+1.938
0 days 01:57:27.210000,87,17,+81.349,+2.000
0 days 01:57:31.287000,87,17,+81.451,+2.021
0 days 01:57:35.368000,87,17,+81.470,+1.987
0 days 01:57:38.885000,87,17,+81.480,+1.915
0 days 01:57:43.416000,87,17,+81.778,+1.902
0 days 01:57:47.610000,87,17,+81.882,+1.964
0 days 01:57:54.251000,87,17,+82.116,+1.872
0 days 01:58:00.627000,87,17,+82.352,+1.763
0 days 01:58:04.176000,87,17,+82.523,+1.837
0 days 01:58:10.693000,87,17,+82.778,+1.836
0 days 01:58:13.138000,87,17,+82.957,+1.865
0 days 01:58:19.529000,87,17,+83.096,+1.908
0 days 01:58:22.343000,87,17,+83.137,+1.890
0 days 01:58:23.830000,87,17,+83.192,+1.856
0 days 01:58:29.569000,87,17,+83.450,+2.040
0 days 01:58:33.311000,87,17,+83.510,+2.083
0 days 01:58:36.858000,87,17,+83.603,+1.829
0 days 01:58:41.300000,87,17,+83.790,+1.839
0 days 01:58:46.886000,87,17,+84.020,+1.945
0 days 01:58:49.986000,87,17,+84.225,+2.048
0 days 01:58:52.108000,87,17,+84.322,+2.079
0 days 01:58:56.363000,87,17,+84.660,+2.250
0 days 01:58:59.952000,87,17,+84.805,+2.311
0 days 01:59:03.950000,87,17,+84.899,+2.327
0 days 01:59:08.086000,87,17,+84.946,+2.300
0 days 01:59:11.584000,87,17,+84.975,+2.230
0 days 01:59:16.113000,87,17,+85.323,+2.322
0 days 01:59:20.296000,87,17,+85.585,+2.450
0 days 01:59:26.965000,87,17,+85.824,+2.458
0 days 01:59:33.275000,87,17,+85.889,+2.283
0 days 01:59:36.708000,87,17,+85.891,+2.243
0 days 01:59:43.142000,87,17,+86.008,+2.129
0 days 01:59:45.666000,87,17,+86.165,+2.046
0 days 01:59:51.986000,87,17,+86.353,+2.113
0 days 01:59:55.063000,87,17,+86.439,+2.152
0 days 01:59:56.390000,87,17,+86.473,+2.154
0 days 02:00:01.991000,87,17,+86.647,+2.289
0 days 02:00:05.671000,87,17,+86.715,+2.342
0 days 02:00:09.166000,87,17,+86.761,+2.109
0 days 02:00:13.528000,87,17,+86.921,+2.084
0 days 02:00:19.201000,87,17,+87.159,+2.291
0 days 02:00:22.328000,87,17,+87.443,+2.384
0 days 02:00:24.469000,87,17,+87.551,+2.419
0 days 02:00:28.725000,87,17,+87.881,+2.569
0 days 02:00:32.301000,87,17,+88.013,+2.651
0 days 02:00:36.430000,87,17,+88.179,+2.754
0 days 02:00:40.995000,87,17,1 L,+3.125
0 days 02:00:45.513000,87,17,1 L,+4.027
0 days 02:00:50.383000,87,17,1 L,+4.636
0 days 02:00:54.642000,87,17,1 L,+4.605
0 days 02:01:01.272000,87,17,1 L,+4.402
0 days 02:01:07.639000,87,17,1 L,+4.378
0 days 02:01:11.098000,87,17,1 L,+4.345
0 days 02:01:17.626000,87,17,1 L,+4.297
0 days 02:01:20.128000,87,17,1 L,+4.302
0 days 02:01:26.486000,87,17,1 L,+4.408
0 days 02:01:29.357000,87,17,1 L,+4.380
0 days 02:01:30.924000,87,17,1 L,+4.381
0 days 02:01:36.590000,87,17,1 L,+4.462
0 days 02:01:40.233000,87,17,1 L,+3.669
0 days 02:01:43.739000,87,17,1 L,+2.645
0 days 02:01:47.857000,87,17,1 L,+2.303
0 days 02:01:53.412000,87,17,1 L,+2.251
0 days 02:01:56.517000,87,17,1 L,+2.199
0 days 02:01:58.585000,87,17,1 L,+2.170
0 days 02:02:02.727000,87,17,1 L,+2.153
0 days 02:02:06.212000,87,17,1 L,+2.127
0 days 02:02:10.230000,87,17,1 L,+2.130
0 days 02:02:14.340000,87,17,1 L,+2.154
0 days 02:02:17.751000,87,17,1 L,+2.161
0 days 02:02:22.212000,87,17,1 L,+2.115
0 days 02:02:26.408000,87,17,1 L,+2.208
0 days 02:02:32.891000,87,17,1 L,+2.112
0 days 02:02:39.311000,87,17,1 L,+1.989
0 days 02:02:42.712000,87,17,1 L,+1.967
0 days 02:02:48.855000,87,17,1 L,+1.809
0 days 02:02:51.465000,87,17,1 L,+1.824
0 days 02:02:57.769000,87,17,1 L,+1.932
0 days 02:03:00.686000,87,17,1 L,+1.949
0 days 02:03:02.263000,87,17,1 L,+1.964
0 days 02:03:07.893000,87,17,1 L,+2.218
0 days 02:03:11.589000,87,17,1 L,+2.267
0 days 02:03:15.065000,87,17,1 L,+1.973
0 days 02:03:19.213000,87,17,1 L,+1.867
0 days 02:03:24.852000,87,17,1 L,+1.848
0 days 02:03:27.870000,87,17,1 L,+1.859
0 days 02:03:29.998000,87,17,1 L,+1.851
0 days 02:03:34.166000,87,17,1 L,+1.922
0 days 02:03:37.584000,87,17,1 L,+1.927
0 days 02:03:41.644000,87,17,1 L,+1.925
0 days 02:03:45.769000,87,17,1 L,+1.910
0 days 02:03:49.179000,87,17,1 L,+1.876
0 days 02:03:53.667000,87,17,1 L,+1.941
0 days 02:03:57.803000,87,17,1 L,+2.021
0 days 02:04:04.386000,87,17,1 L,+2.075
0 days 02:04:10.710000,87,17,1 L,+1.781
0 days 02:04:13.970000,87,17,1 L,+1.756
0 days 02:04:20.277000,87,17,1 L,+1.694
0 days 02:04:22.791000,87,17,1 L,+1.709
0 days 02:04:29.166000,87,17,1 L,+1.808
0 days 02:04:32.053000,87,17,1 L,+1.795
0 days 02:04:33.558000,87,17,1 L,+1.762
0 days 02:04:39.066000,87,17,1 L,+1.887
0 days 02:04:42.628000,87,17,1 L,+1.919
0 days 02:04:46.113000,87,17,1 L,+1.682
0 days 02:04:50.244000,87,17,1 L,+1.592
0 days 02:04:55.899000,87,17,1 L,+1.731
0 days 02:04:58.908000,87,17,1 L,+1.727
0 days 02:05:01.016000,87,17,1 L,+1.718
0 days 02:05:05.129000,87,17,1 L,+1.720
0 days 02:05:08.676000,87,17,1 L,+1.733
0 days 02:05:12.726000,87,17,1 L,+1.722
0 days 02:05:16.826000,87,17,1 L,+1.672
0 days 02:05:20.341000,87,17,1 L,+1.570
0 days 02:05:24.758000,87,17,1 L,+1.579
0 days 02:05:28.954000,87,17,1 L,+1.701
0 days 02:05:35.631000,87,17,1 L,+1.656
0 days 02:05:41.822000,87,17,1 L,+1.587
0 days 02:05:45.328000,87,17,1 L,+1.549
0 days 02:05:51.487000,87,17,1 L,+1.467
0 days 02:05:54.067000,87,17,1 L,+1.383
0 days 02:06:00.374000,87,17,1 L,+1.441
0 days 02:06:03.367000,87,17,1 L,+1.445
0 days 02:06:04.796000,87,17,1 L,+1.464
0 days 02:06:10.290000,87,17,1 L,+1.628
0 days 02:06:13.883000,87,17,1 L,+1.653
0 days 02:06:17.372000,87,17,1 L,+1.419
0 days 02:06:21.497000,87,17,1 L,+1.388
0 days 02:06:27.055000,87,17,1 L,+1.514
0 days 02:06:29.971000,87,17,1 L,+1.519
0 days 02:06:32.103000,87,17,1 L,+1.502
0 days 02:06:36.212000,87,17,1 L,+1.560
0 days 02:06:39.951000,87,17,1 L,+1.233
0 days 02:06:44.016000,87,17,1 L,+1.111
0 days 02:06:48.145000,87,17,1 L,+1.049
0 days 02:06:51.654000,87,17,1 L,+0.982
0 days 02:06:56.346000,87,17,1 L,+1.278
0 days 02:07:00.420000,87,17,1 L,+1.391
0 days 02:07:06.881000,87,17,1 L,+1.267
0 days 02:07:13.042000,87,17,1 L,+1.248
0 days 02:07:16.578000,87,17,1 L,+1.269
0 days 02:07:22.998000,87,17,1 L,+1.442
0 days 02:07:25.443000,87,17,1 L,+1.516
0 days 02:07:31.718000,87,17,1 L,+1.586
0 days 02:07:35.370000,87,17,1 L,+2.326
0 days 02:07:37.227000,87,17,1 L,+2.701
0 days 02:07:42.647000,87,17,1 L,+2.908
0 days 02:07:46.180000,87,17,1 L,+2.926
0 days 02:07:49.756000,87,17,1 L,+2.891
0 days 02:07:55.994000,87,17,1 L,+3.210
0 days 02:08:04.619000,87,17,1 L,+3.461
0 days 02:08:08.743000,87,17,1 L,+3.277
0 days 02:08:11.228000,87,17,1 L,+2.787
0 days 02:08:17.691000,87,17,1 L,+2.067
0 days 02:08:24.947000,87,16,1 L,+2.067
0 days 02:08:25.028000,87,16,1 L,+2.400
0 days 02:08:32.279000,87,16,1 L,+2.912
0 days 02:08:37.275000,87,16,1 L,+2.966
0 days 02:08:41.155000,87,16,1 L,+2.927
0 days 02:08:45.818000,87,16,1 L,+2.389
0 days 02:08:50.256000,87,16,1 L,+2.023
0 days 02:08:58.548000,87,16,1 L,+3.031
0 days 02:09:04.772000,87,16,1 L,+2.415
0 days 02:09:09.834000,87,16,1 L,+3.198
0 days 02:09:17.714000,87,16,1 L,+3.361
0 days 02:09:20.558000,87,16,+132.418,+3.036
0 days 02:09:28.819000,87,16,1 L,+0.468
0 days 02:09:33.668000,87,15,1 L,+0.468
0 days 02:09:33.768000,87,15,1 L,+3.738
0 days 02:09:35.721000,87,15,1 L,+3.690
0 days 02:09:43.933000,87,15,1 L,+2.807
0 days 02:09:49.073000,87,15,1 L,+2.817
0 days 02:09:53.973000,87,15,1 L,+2.945
0 days 02:09:58.556000,87,15,1 L,+2.899
0 days 02:10:05.095000,87,15,1 L,+3.112
0 days 02:10:09.003000,87,15,1 L,+2.860
0 days 02:10:11.431000,87,15,1 L,+2.793
0 days 02:10:17.563000,87,15,1 L,+3.030
0 days 02:10:24.858000,87,15,1 L,+2.679
0 days 02:10:33.041000,87,15,1 L,+2.308
0 days 02:10:38.357000,87,15,1 L,+2.363
0 days 02:10:42.332000,87,15,1 L,+2.037
0 days 02:10:47.233000,87,15,1 L,+1.196
0 days 02:10:52.108000,87,15,1 L,+1.135
0 days 02:11:01.187000,87,15,1 L,+2.342
0 days 02:11:07.675000,87,15,1 L,+2.118
0 days 02:11:11.569000,87,15,1 L,+1.999
0 days 02:11:20.056000,87,15,1 L,+3.026
0 days 02:11:22.633000,87,15,1 L,+2.865
0 days 02:11:29.473000,87,15,1 L,+2.897
0 days 02:11:33.359000,87,15,1 L,+2.778
0 days 02:11:35.229000,87,15,1 L,+2.409
0 days 02:11:41.174000,87,15,1 L,+1.573
0 days 02:11:47.017000,87,15,1 L,+2.046
0 days 02:11:51.950000,87,15,1 L,+2.222
0 days 02:11:55.975000,87,15,1 L,+1.766
0 days 02:12:01.915000,87,15,1 L,+1.964
0 days 02:12:06.151000,87,15,1 L,+1.557
0 days 02:12:10.357000,87,15,1 L,+2.277
0 days 02:12:16.449000,87,15,1 L,+1.494
0 days 02:12:26.175000,87,15,1 L,+1.839
0 days 02:12:32.970000,87,15,1 L,+1.533
0 days 02:12:39.846000,87,15,1 L,+2.140
0 days 02:12:45.402000,87,15,1 L,+1.860
0 days 02:12:52.534000,87,15,1 L,+2.416
0 days 02:12:57.577000,87,15,1 L,+1.481
0 days 02:13:07.633000,87,15,1 L,+2.013
0 days 02:13:15.626000,87,15,1 L,+1.485
0 days 02:13:21.134000,87,15,1 L,+2.078
0 days 02:13:28.618000,87,15,1 L,+1.790
0 days 02:13:31.271000,87,15,1 L,+1.438
0 days 02:13:40.615000,87,15,1 L,+1.799
0 days 02:13:45.146000,87,15,1 L,+2.077
0 days 02:13:47.270000,87,15,1 L,+2.151
0 days 02:13:53.315000,87,15,1 L,+1.391
0 days 02:13:59.203000,87,15,1 L,+1.699
0 days 02:14:04.733000,87,15,1 L,+2.044
0 days 02:14:08.638000,87,15,1 L,+1.476
0 days 02:14:15.492000,87,15,1 L,+1.619
0 days 02:14:20.877000,87,15,1 L,+1.711
0 days 02:14:25.153000,87,15,1 L,+2.241
0 days 02:14:33.946000,87,15,1 L,+1.894
0 days 02:14:46.536000,87,15,1 L,+2.270
0 days 02:14:55.894000,87,15,1 L,+3.686
0 days 02:15:01.230000,87,15,1 L,+2.149
0 days 02:15:06.722000,87,15,1 L,+2.021
0 days 02:15:16.959000,87,15,1 L,+2.141
0 days 02:15:27.574000,87,15,1 L,+2.470
0 days 02:15:41.435000,87,15,1 L,+2.046
0 days 02:15:50.438000,87,15,1 L,+2.008
0 days 02:15:56.725000,87,15,1 L,+1.815
0 days 02:16:05.077000,87,15,1 L,+1.402
0 days 02:16:08.201000,87,15,1 L,+1.158
0 days 02:16:21.175000,87,15,1 L,+4.117
0 days 02:16:24.561000,87,15,1 L,+3.788
0 days 02:16:26.266000,87,15,1 L,+3.175
0 days 02:16:31.714000,87,15,1 L,+1.634
0 days 02:16:37.036000,87,15,1 L,+1.793
0 days 02:16:42.378000,87,15,1 L,+2.067
0 days 02:16:46.601000,87,15,1 L,+1.690
0 days 02:16:52.955000,87,15,1 L,+1.336
0 days 02:16:57.580000,87,15,1 L,+1.472
0 days 02:17:02.332000,87,15,1 L,+1.831
0 days 02:17:11.633000,87,15,1 L,+1.631
0 days 02:17:22.945000,87,15,1 L,+2.316
0 days 02:17:32.418000,87,15,1 L,+2.635
0 days 02:17:38.525000,87,15,1 L,+2.059
0 days 02:17:44.245000,87,15,1 L,+2.272
0 days 02:17:50.154000,87,15,1 L,+2.163
0 days 02:17:57.594000,87,15,1 L,+2.271
0 days 02:18:06.913000,87,15,1 L,+2.021
0 days 02:18:13.860000,87,15,1 L,+1.931
0 days 02:18:19.720000,87,15,1 L,+2.045
0 days 02:18:26.437000,87,15,1 L,+1.542
0 days 02:18:29.736000,87,15,1 L,+1.470
0 days 02:18:39.824000,87,15,1 L,+2.652
0 days 02:18:43.975000,87,15,1 L,+2.579
0 days 02:18:45.794000,87,15,1 L,+2.197
0 days 02:18:51.565000,87,15,1 L,+1.472
0 days 02:18:57.353000,87,15,1 L,+2.310
0 days 02:19:02.638000,87,15,1 L,+2.301
0 days 02:19:06.974000,87,15,1 L,+1.895
0 days 02:19:14.061000,87,15,1 L,+2.021
0 days 02:19:18.349000,87,15,1 L,+1.423
0 days 02:19:22.583000,87,15,1 L,+2.497
0 days 02:19:31.454000,87,15,1 L,+2.007
0 days 02:19:38.946000,87,15,1 L,+2.044
0 days 02:19:46.726000,87,15,1 L,+2.532
0 days 02:19:52.277000,87,15,1 L,+2.438
0 days 02:19:56.823000,87,15,1 L,+2.225
0 days 02:20:02.875000,87,15,1 L,+1.407
0 days 02:20:09.078000,87,15,1 L,+1.872
0 days 02:20:20.322000,87,15,1 L,+2.573
0 days 02:20:26.695000,87,15,1 L,+1.633
0 days 02:20:31.562000,87,15,1 L,+1.698
0 days 02:20:39.444000,87,15,1 L,+1.638
0 days 02:20:42.429000,87,15,1 L,+1.269
0 days 02:20:52.719000,87,15,1 L,+2.577
0 days 02:20:56.188000,87,15,1 L,+2.245
0 days 02:20:58.188000,87,15,1 L,+1.575
0 days 02:21:04.947000,87,15,1 L,+1.409
0 days 02:21:10.794000,87,15,1 L,+1.826
0 days 02:21:16.044000,87,15,1 L,+2.352
0 days 02:21:19.861000,87,15,1 L,+1.797
0 days 02:21:26.762000,87,15,1 L,+2.029
0 days 02:21:32.240000,87,15,1 L,+2.714
0 days 02:21:36.141000,87,15,1 L,+4.035
0 days 02:21:42.762000,87,15,1 L,+5.585
0 days 02:21:47.505000,87,15,+132.730,+6.514
0 days 02:21:52.188000,87,15,+129.825,+6.776
0 days 02:21:56.577000,87,15,+128.462,+6.518
0 days 02:22:00.204000,87,15,+127.253,+6.137
0 days 02:22:04.954000,87,15,+125.263,+5.703
0 days 02:22:09.062000,87,15,+123.297,+5.406
0 days 02:22:15.624000,87,15,+120.538,+4.248
0 days 02:22:21.627000,87,15,+118.288,+3.177
0 days 02:22:26.485000,87,15,+118.001,+3.719
0 days 02:22:33.438000,87,15,+117.233,+3.788
0 days 02:22:42.820000,87,16,+117.233,+3.788
0 days 02:23:10.142000,87,16,1 L,+8.623
0 days 02:23:12.479000,87,16,1 L,+8.660
0 days 02:23:21.410000,87,16,1 L,+9.333
0 days 02:23:25.851000,87,16,1 L,+9.813
0 days 02:23:30.248000,87,16,1 L,+10.101
0 days 02:23:34.408000,87,16,1 L,+9.875
0 days 02:23:40.909000,87,16,1 L,+10.892
0 days 02:23:45.877000,87,16,1 L,+11.865
0 days 02:23:50.124000,87,16,1 L,+13.778
0 days 02:23:55.939000,87,16,1 L,+14.594
0 days 02:24:01.340000,87,16,1 L,+16.374
0 days 02:24:07.010000,87,16,1 L,+17.996
0 days 02:24:12.039000,87,16,+127.884,+18.908
0 days 02:24:16.369000,87,16,+127.014,+19.688
0 days 02:24:22.027000,87,16,+126.010,+20.411
0 days 02:24:26.462000,87,16,+123.886,+20.618
0 days 02:24:33.252000,87,16,+121.836,+20.626
0 days 02:24:39.279000,87,16,+120.384,+20.780
0 days 02:24:42.797000,87,16,+118.722,+20.601
0 days 02:24:48.704000,87,16,+116.714,+20.520
0 days 02:24:50.905000,87,16,+115.490,+20.586
0 days 02:24:57.014000,87,16,+113.297,+20.639
0 days 02:24:59.880000,87,16,+112.101,+20.638
0 days 02:25:01.379000,87,16,+111.387,+20.465
0 days 02:25:06.849000,87,16,+109.080,+20.417
0 days 02:25:10.424000,87,16,+107.369,+20.459
0 days 02:25:13.785000,87,16,+106.277,+20.167
0 days 02:25:17.566000,87,16,+104.981,+19.999
0 days 02:25:22.552000,87,16,+102.840,+20.045
0 days 02:25:25.838000,87,16,+101.001,+19.897
0 days 02:25:27.980000,87,16,+99.882,+19.907
0 days 02:25:32.564000,87,16,+97.836,+20.164
0 days 02:25:36.264000,87,16,+96.448,+20.404
0 days 02:25:40.293000,87,16,+93.842,+20.461
0 days 02:25:44.477000,87,16,+92.376,+20.493
0 days 02:25:47.999000,87,16,+90.379,+20.513
0 days 02:25:52.472000,87,16,+87.896,+20.580
0 days 02:25:56.549000,87,16,+83.497,+20.636
0 days 02:26:02.868000,87,16,+70.722,+20.420
0 days 02:26:08.753000,87,16,+68.232,+20.404
0 days 02:26:12.299000,87,16,+68.392,+20.431
0 days 02:26:18.158000,87,16,+68.353,+20.368
0 days 02:26:20.191000,87,16,+68.397,+20.423
0 days 02:26:26.149000,87,16,+68.509,+20.449
0 days 02:26:29.040000,87,16,+68.561,+20.440
0 days 02:26:30.485000,87,16,+68.626,+20.411
0 days 02:26:35.877000,87,16,+68.853,+20.708
0 days 02:26:39.380000,87,16,+68.914,+20.770
0 days 02:26:42.701000,87,16,+68.997,+20.610
0 days 02:26:46.325000,87,16,+68.905,+20.509
0 days 02:26:51.107000,87,16,+68.793,+20.524
0 days 02:26:54.129000,87,16,+68.876,+20.616
0 days 02:26:56.262000,87,16,+68.902,+20.613
0 days 02:27:00.442000,87,16,+69.137,+20.721
0 days 02:27:03.925000,87,16,+69.236,+20.780
0 days 02:27:07.914000,87,16,+69.295,+20.800
0 days 02:27:12.095000,87,16,+69.326,+20.826
0 days 02:27:15.756000,87,16,+69.377,+20.832
0 days 02:27:20.192000,87,16,+69.785,+20.910
0 days 02:27:24.139000,87,16,+70.248,+21.130
0 days 02:27:30.607000,87,16,+70.601,+21.148
0 days 02:27:36.378000,87,16,+71.046,+21.110
0 days 02:27:40.025000,87,16,+71.595,+21.416
0 days 02:27:45.753000,87,16,+71.862,+21.315
0 days 02:27:47.782000,87,16,+72.068,+21.295
0 days 02:27:53.766000,87,16,+72.315,+21.288
0 days 02:27:56.640000,87,16,+72.348,+21.301
0 days 02:27:58.040000,87,16,+72.496,+21.300
0 days 02:28:03.381000,87,16,+73.164,+21.570
0 days 02:28:06.950000,87,16,+73.311,+21.640
0 days 02:28:10.284000,87,16,+73.446,+21.599
0 days 02:28:13.940000,87,16,+73.606,+21.521
0 days 02:28:18.666000,87,16,+73.747,+21.466
0 days 02:28:21.642000,87,16,+73.972,+21.539
0 days 02:28:23.723000,87,16,+74.041,+21.547
0 days 02:28:27.882000,87,16,+74.499,+21.813
0 days 02:28:31.341000,87,16,+74.668,+21.879
0 days 02:28:35.409000,87,16,+74.766,+21.910
0 days 02:28:39.507000,87,16,+74.798,+21.932
0 days 02:28:43.179000,87,16,+74.812,+21.948
0 days 02:28:47.757000,87,16,+75.563,+22.038
0 days 02:28:51.937000,87,16,+76.191,+22.234
0 days 02:28:58.676000,87,16,+76.804,+22.019
0 days 02:29:05.226000,87,16,+77.924,+22.271
0 days 02:29:09.131000,87,16,+78.750,+22.525
0 days 02:29:15.751000,87,16,+79.805,+23.024
0 days 02:29:18.315000,87,16,+76.708,+23.412
0 days 02:29:24.818000,87,16,+81.205,+23.840
0 days 02:29:27.671000,87,16,+81.294,+23.861
0 days 02:29:29.182000,87,16,+81.478,+23.944
0 days 02:29:34.558000,87,16,+78.197,+24.216
0 days 02:29:38.139000,87,16,+78.316,+24.271
0 days 02:29:41.449000,87,16,+78.369,+24.263
0 days 02:29:45.129000,87,16,+78.512,+24.249
0 days 02:29:49.942000,87,16,+78.705,+24.308
0 days 02:29:52.843000,87,16,+78.999,+24.289
0 days 02:29:54.924000,87,16,+79.110,+24.264
0 days 02:29:59.047000,87,16,+79.488,+24.508
0 days 02:30:02.491000,87,16,+79.624,+24.606
0 days 02:30:06.539000,87,16,+79.725,+24.638
0 days 02:30:10.668000,87,16,+79.929,+24.654
0 days 02:30:14.245000,87,16,+80.231,+24.686
0 days 02:30:18.726000,87,16,+80.471,+81.420
0 days 02:30:22.783000,87,16,+80.761,+81.906
0 days 02:30:29.609000,87,16,+81.171,+82.113
0 days 02:30:36.657000,87,16,+82.375,+83.550
0 days 02:31:01.159000,87,16,1 L,+10.816
0 days 02:31:34.240000,87,16,1 L,+10.150
0 days 02:31:36.145000,87,16,1 L,+10.035
0 days 02:31:43.485000,87,16,1 L,+10.697
0 days 02:31:47.292000,87,16,1 L,+10.771
0 days 02:31:51.127000,87,16,1 L,+11.184
0 days 02:31:55.381000,87,16,1 L,+11.539
0 days 02:32:00.785000,87,16,1 L,+11.895
0 days 02:32:03.825000,87,16,1 L,+12.045
0 days 02:32:05.968000,87,16,1 L,+12.053
0 days 02:32:10.145000,87,16,1 L,+12.252
0 days 02:32:13.627000,87,16,1 L,+12.336
0 days 02:32:17.714000,87,16,1 L,+12.381
0 days 02:32:21.755000,87,16,1 L,+12.317
0 days 02:32:25.191000,87,16,1 L,+12.176
0 days 02:32:30.928000,87,16,1 L,+13.683
0 days 02:32:35.277000,87,16,1 L,+14.116
0 days 02:32:42.108000,87,16,1 L,+14.210
0 days 02:32:48.769000,87,16,1 L,+14.574
0 days 02:32:53.022000,87,16,1 L,+14.186
0 days 02:32:59.897000,87,16,1 L,+13.437
0 days 02:33:02.788000,87,16,1 L,+13.484
0 days 02:33:09.571000,87,16,1 L,+13.953
0 days 02:33:12.447000,87,16,1 L,+14.129
0 days 02:33:14.117000,87,16,1 L,+14.197
0 days 02:33:20.687000,87,16,1 L,+14.430
0 days 02:33:24.500000,87,16,1 L,+14.362
0 days 02:33:28.143000,87,16,1 L,+14.202
0 days 02:33:32.644000,87,16,1 L,+14.260
0 days 02:33:38.481000,87,16,1 L,+14.212
0 days 02:33:42.009000,87,16,1 L,+14.421
0 days 02:33:44.294000,87,16,1 L,+14.320
0 days 02:33:49.968000,87,16,1 L,+15.553
0 days 02:33:55.760000,87,16,1 L,+17.861
0 days 02:34:03.341000,87,16,1 L,+21.393
0 days 02:34:10.886000,87,16,1 L,+24.578
0 days 02:34:16.456000,87,16,1 L,+20.983
0 days 02:34:23.960000,87,16,1 L,+22.051
0 days 02:34:29.783000,87,16,1 L,+23.012
0 days 02:34:39.814000,87,16,1 L,+98.374
0 days 02:34:48.344000,87,16,1 L,+100.782
0 days 02:34:54.662000,87,16,1 L,+103.232
0 days 02:35:05.106000,87,15,1 L,+103.232
0 days 02:35:05.199000,87,15,1 L,+125.136
0 days 02:35:08.029000,87,15,1 L,+124.619
0 days 02:35:15.063000,87,15,1 L,+28.429
0 days 02:35:18.213000,87,15,1 L,+123.962
0 days 02:35:20.242000,87,15,1 L,+123.798
0 days 02:35:27.429000,87,14,1 L,+123.798
0 days 02:35:27.529000,87,14,1 L,+27.663
0 days 02:35:31.992000,87,14,1 L,+27.860
0 days 02:35:36.520000,87,14,1 L,+27.991
0 days 02:35:41.471000,87,14,1 L,+28.100
0 days 02:35:47.761000,87,14,1 L,+27.096
0 days 02:35:51.570000,87,14,1 L,+26.720
0 days 02:35:53.993000,87,14,1 L,+26.527
0 days 02:35:59.011000,87,14,1 L,+25.965
0 days 02:36:03.105000,87,14,1 L,+23.401
0 days 02:36:07.677000,87,14,1 L,+20.566
0 days 02:36:12.254000,87,14,1 L,+19.826
0 days 02:36:16.102000,87,14,1 L,+19.853
0 days 02:36:22.385000,87,14,1 L,+20.974
0 days 02:36:27.385000,87,14,1 L,+20.965
0 days 02:36:35.786000,87,14,1 L,+20.381
0 days 02:36:43.744000,87,14,1 L,+20.965
0 days 02:36:48.955000,87,14,1 L,+20.984
0 days 02:37:00.712000,87,14,1 L,+23.795
0 days 02:37:13.644000,87,14,1 L,+26.853
0 days 02:37:18.949000,87,14,1 L,+28.898
0 days 02:37:22.158000,87,14,1 L,+29.479
0 days 02:37:32.487000,87,14,1 L,+32.972
0 days 02:37:39.031000,87,14,1 L,+35.397
0 days 02:37:44.355000,87,14,1 L,+36.610
0 days 02:37:49.549000,87,14,1 L,+37.295
0 days 02:37:56.032000,87,14,1 L,+37.906
0 days 02:38:01.488000,87,14,1 L,+39.988
0 days 02:38:04.534000,87,14,1 L,+40.765
0 days 02:38:10.932000,87,14,1 L,+42.420
0 days 02:38:16.909000,87,14,1 L,+44.690
0 days 02:38:24.365000,87,14,1 L,+47.963
0 days 02:38:30.784000,87,14,1 L,+50.203
0 days 02:38:36.320000,87,14,1 L,+52.209
0 days 02:38:44.032000,87,14,1 L,+54.892
0 days 02:38:51.251000,87,14,1 L,+57.691
0 days 02:39:02.186000,87,14,1 L,+61.227
0 days 02:39:11.310000,87,14,1 L,+63.707
0 days 02:39:16.299000,87,14,1 L,+64.328
0 days 02:39:25.813000,87,14,1 L,+65.431
0 days 02:39:28.862000,87,14,1 L,+65.971
0 days 02:39:38.421000,87,14,1 L,+69.228
0 days 02:39:42.663000,87,14,1 L,+70.582
0 days 02:39:45.157000,87,14,1 L,+70.848
0 days 02:39:53.256000,87,14,1 L,+71.220
0 days 02:40:01.198000,87,14,1 L,+74.907
0 days 02:40:06.513000,87,14,1 L,+76.303
0 days 02:40:11.223000,87,14,1 L,+76.328
0 days 02:40:17.345000,87,14,1 L,+76.716
0 days 02:40:21.571000,87,14,1 L,+77.375
0 days 02:40:24.060000,87,14,+143.969,+77.491
0 days 02:40:29.145000,87,14,+142.604,+77.955
0 days 02:40:33.089000,87,14,+140.625,+78.185
0 days 02:40:37.384000,87,14,+137.168,+78.354
0 days 02:40:41.649000,87,14,+135.407,+78.466
0 days 02:40:45.295000,87,14,+133.140,+78.515
0 days 02:40:50.421000,87,14,+131.523,+78.572
0 days 02:40:55.058000,87,14,+128.688,+78.644
0 days 02:41:02.063000,87,14,+125.637,+78.613
0 days 02:41:08.763000,87,14,+124.147,+78.895
0 days 02:41:12.933000,87,14,+122.111,+79.187
0 days 02:41:19.734000,87,14,+119.390,+79.104
0 days 02:41:22.634000,87,14,+118.377,+79.202
0 days 02:41:28.915000,87,14,+116.048,+79.276
0 days 02:41:31.817000,87,14,+114.988,+79.348
0 days 02:41:33.425000,87,14,+113.651,+79.383
0 days 02:41:39.721000,87,14,+110.947,+79.585
0 days 02:41:43.488000,87,14,+106.473,+79.505
0 days 02:41:47.150000,87,14,+104.928,+79.194
0 days 02:41:51.517000,87,14,+104.234,+79.169
0 days 02:41:56.990000,87,14,+101.727,+78.956
0 days 02:42:00.292000,87,14,+99.368,+78.482
0 days 02:42:02.499000,87,14,+96.760,+78.321
0 days 02:42:07.086000,87,14,+94.857,+78.118
0 days 02:42:10.695000,87,14,+91.825,+77.472
0 days 02:42:14.835000,87,14,+88.749,+74.617
0 days 02:42:19.005000,87,14,+87.835,+73.489
0 days 02:42:22.615000,87,14,+85.384,+72.088
0 days 02:42:27.440000,87,14,+83.372,+70.303
0 days 02:42:31.873000,87,14,+80.702,+67.578
0 days 02:42:38.776000,87,14,+78.259,+63.804
0 days 02:42:45.268000,87,14,+76.120,+62.756
0 days 02:42:49.447000,87,14,+74.941,+62.063
0 days 02:42:55.934000,87,14,+72.851,+58.717
0 days 02:42:58.543000,87,14,+71.835,+58.411
0 days 02:43:05.089000,87,14,+69.840,+51.731
0 days 02:43:08.006000,87,14,+68.730,+51.447
0 days 02:43:09.587000,87,14,+68.199,+50.669
0 days 02:43:15.724000,87,14,+65.848,+50.238
0 days 02:43:19.416000,87,14,+64.544,+49.985
0 days 02:43:22.939000,87,14,+62.833,+47.992
0 days 02:43:27.366000,87,14,+61.982,+47.211
0 days 02:43:32.852000,87,14,+59.621,+46.541
0 days 02:43:36.192000,87,14,+57.403,+44.700
0 days 02:43:38.334000,87,14,+56.823,+41.635
0 days 02:43:42.834000,87,14,+55.010,+39.822
0 days 02:43:46.423000,87,14,+53.082,+39.272
0 days 02:43:50.508000,87,14,+50.067,+38.679
0 days 02:43:54.725000,87,14,+49.147,+36.756
0 days 02:43:58.306000,87,14,+46.882,+35.509
0 days 02:44:03.103000,87,14,+44.906,+32.862
0 days 02:44:07.435000,87,14,+42.632,+31.869
0 days 02:44:14.301000,87,14,+32.749,+24.246
0 days 02:44:20.614000,87,14,+31.189,+23.953
0 days 02:44:24.517000,87,14,+30.989,+23.409
0 days 02:44:31.015000,87,14,+30.599,+22.666
0 days 02:44:33.601000,87,14,+30.662,+21.885
0 days 02:44:40.036000,87,14,+30.599,+21.591
0 days 02:44:42.959000,87,14,+30.671,+21.547
0 days 02:44:44.515000,87,14,+30.623,+21.231
0 days 02:44:50.408000,87,14,+30.502,+21.944
0 days 02:44:54.074000,87,14,+30.410,+21.892
0 days 02:44:57.610000,87,14,+30.304,+21.186
0 days 02:45:01.836000,87,14,+30.198,+19.704
0 days 02:45:07.353000,87,14,+30.049,+18.792
0 days 02:45:10.574000,87,14,+29.979,+18.446
0 days 02:45:12.652000,87,14,+29.984,+18.415
0 days 02:45:16.897000,87,14,+30.040,+17.873
0 days 02:45:20.427000,87,14,+29.954,+18.215
0 days 02:45:24.520000,87,14,+29.978,+18.197
0 days 02:45:28.698000,87,14,+30.011,+18.231
0 days 02:45:32.298000,87,14,+30.076,+18.353
0 days 02:45:36.918000,87,14,+30.231,+17.652
0 days 02:45:41.147000,87,14,+30.398,+17.385
0 days 02:45:47.940000,87,14,+30.529,+17.147
0 days 02:45:54.242000,87,14,+30.738,+16.902
0 days 02:45:57.952000,87,14,+30.533,+16.477
0 days 02:46:04.335000,87,14,+30.348,+16.088
0 days 02:46:06.832000,87,14,+30.455,+16.024
0 days 02:46:13.339000,87,14,+30.659,+16.102
0 days 02:46:16.231000,87,14,+30.693,+16.102
0 days 02:46:17.663000,87,14,+30.679,+15.832
0 days 02:46:23.475000,87,14,+30.869,+15.373
0 days 02:46:27.179000,87,14,+30.882,+15.307
0 days 02:46:30.569000,87,14,+30.796,+14.831
0 days 02:46:34.660000,87,14,+30.770,+14.493
0 days 02:46:39.960000,87,14,+30.640,+14.262
0 days 02:46:42.913000,87,14,+30.630,+14.027
0 days 02:46:44.975000,87,14,+30.629,+13.972
0 days 02:46:49.025000,87,14,+30.576,+13.804
0 days 02:46:52.518000,87,14,+30.614,+13.795
0 days 02:46:56.605000,87,14,+30.685,+13.810
0 days 02:47:00.770000,87,14,+30.701,+13.853
0 days 02:47:04.298000,87,14,+30.700,+13.904
0 days 02:47:08.736000,87,14,+30.686,+13.631
0 days 02:47:12.913000,87,14,+30.926,+13.544
0 days 02:47:19.567000,87,14,+31.086,+13.402
0 days 02:47:25.917000,87,14,+31.373,+13.400
0 days 02:47:29.676000,87,14,+31.398,+13.227
0 days 02:47:36.152000,87,14,+31.424,+13.004
0 days 02:47:38.491000,87,14,+31.500,+12.963
0 days 02:47:44.676000,87,14,+31.543,+12.886
0 days 02:47:47.488000,87,14,+31.585,+12.891
0 days 02:47:48.918000,87,14,+31.559,+12.758
0 days 02:47:54.693000,87,14,+31.601,+12.342
0 days 02:47:58.393000,87,14,+31.605,+12.263
0 days 02:48:01.719000,87,14,+31.420,+11.791
0 days 02:48:05.619000,87,14,+31.202,+11.532
0 days 02:48:10.781000,87,14,+31.120,+11.490
0 days 02:48:13.736000,87,14,+31.235,+11.429
0 days 02:48:15.789000,87,14,+31.259,+11.394
0 days 02:48:19.764000,87,14,+31.319,+11.179
0 days 02:48:23.236000,87,14,+31.376,+11.102
0 days 02:48:27.271000,87,14,+31.450,+11.095
0 days 02:48:31.422000,87,14,+31.471,+11.138
0 days 02:48:34.976000,87,14,+31.504,+11.187
0 days 02:48:39.350000,87,14,+31.548,+10.964
0 days 02:48:43.600000,87,14,+31.843,+10.853
0 days 02:48:50.238000,87,14,+31.943,+10.672
0 days 02:48:56.492000,87,14,+32.343,+10.757
0 days 02:49:00.226000,87,14,+32.394,+10.570
0 days 02:49:06.494000,87,14,+32.374,+10.233
0 days 02:49:08.934000,87,14,+32.507,+10.290
0 days 02:49:15.161000,87,14,+32.605,+10.224
0 days 02:49:18.032000,87,14,+32.661,+10.243
0 days 02:49:19.467000,87,14,+32.718,+10.134
0 days 02:49:25.412000,87,14,+33.015,+9.901
0 days 02:49:28.967000,87,14,+33.088,+9.846
0 days 02:49:32.338000,87,14,+32.936,+9.344
0 days 02:49:36.177000,87,14,+32.855,+9.058
0 days 02:49:41.271000,87,14,+32.848,+9.099
0 days 02:49:44.295000,87,14,+33.065,+9.085
0 days 02:49:46.396000,87,14,+33.141,+9.079
0 days 02:49:50.464000,87,14,+33.223,+9.010
0 days 02:49:54.066000,87,14,+33.062,+9.135
0 days 02:49:58.231000,87,14,+33.073,+9.176
0 days 02:50:02.336000,87,14,+33.093,+9.228
0 days 02:50:05.933000,87,14,+33.159,+9.293
0 days 02:50:10.433000,87,14,+33.486,+9.241
0 days 02:50:14.667000,87,14,+33.774,+9.236
0 days 02:50:21.195000,87,14,+33.889,+9.116
0 days 02:50:27.680000,87,14,+34.257,+9.318
0 days 02:50:31.490000,87,14,+34.387,+9.307
0 days 02:50:37.796000,87,14,+34.481,+9.103
0 days 02:50:40.236000,87,14,+34.589,+9.146
0 days 02:50:46.469000,87,14,+34.694,+9.248
0 days 02:50:49.284000,87,14,+34.742,+9.263
0 days 02:50:50.796000,87,14,+34.778,+9.235
0 days 02:50:56.525000,87,14,+34.997,+8.975
0 days 02:51:00.204000,87,14,+35.041,+8.886
0 days 02:51:03.615000,87,14,+35.170,+8.641
0 days 02:51:07.512000,87,14,+35.086,+8.456
0 days 02:51:12.452000,87,14,+35.023,+8.244
0 days 02:51:15.410000,87,14,+35.169,+8.178
0 days 02:51:17.573000,87,14,+35.232,+8.156
0 days 02:51:21.519000,87,14,+35.467,+8.120
0 days 02:51:25.035000,87,14,+35.567,+8.124
0 days 02:51:29.040000,87,14,+35.638,+8.130
0 days 02:51:33.193000,87,14,+35.679,+8.166
0 days 02:51:36.715000,87,14,+35.729,+8.191
0 days 02:51:41.154000,87,14,+35.923,+8.045
0 days 02:51:45.245000,87,14,+36.236,+8.039
0 days 02:51:51.721000,87,14,+36.404,+7.822
0 days 02:51:58.053000,87,14,+36.565,+7.769
0 days 02:52:01.715000,87,14,+36.658,+7.706
0 days 02:52:08.110000,87,14,+36.695,+7.556
0 days 02:52:10.478000,87,14,+36.796,+7.637
0 days 02:52:16.678000,87,14,+36.924,+7.561
0 days 02:52:19.636000,87,14,+36.964,+7.560
0 days 02:52:21.056000,87,14,+37.092,+7.538
0 days 02:52:26.807000,87,14,+37.441,+7.501
0 days 02:52:30.472000,87,14,+37.524,+7.500
0 days 02:52:33.794000,87,14,+37.510,+7.241
0 days 02:52:37.657000,87,14,+37.519,+6.944
0 days 02:52:42.639000,87,14,+37.556,+6.855
0 days 02:52:45.672000,87,14,+37.793,+6.843
0 days 02:52:47.751000,87,14,+37.898,+6.867
0 days 02:52:51.791000,87,14,+38.144,+6.919
0 days 02:52:55.220000,87,14,+38.194,+6.930
0 days 02:52:59.263000,87,14,+38.274,+6.935
0 days 02:53:03.366000,87,14,+38.338,+6.958
0 days 02:53:06.992000,87,14,+38.409,+7.015
0 days 02:53:11.473000,87,14,+38.788,+7.037
0 days 02:53:15.567000,87,14,+39.168,+7.022
0 days 02:53:22.055000,87,14,+39.399,+6.950
0 days 02:53:28.267000,87,14,+39.499,+6.898
0 days 02:53:31.853000,87,14,+39.437,+6.801
0 days 02:53:38.793000,87,14,+40.153,+7.239
0 days 02:53:41.140000,87,14,+40.282,+7.261
0 days 02:53:47.223000,87,14,+40.351,+7.190
