Time,Driver,Position,GapToLeader,IntervalToPositionAhead
0 days 00:00:09.326000,44,1,LAP 1,LAP 1
0 days 00:46:50.385000,44,1,LAP 2,LAP 2
0 days 00:48:25.788000,44,1,LAP 3,LAP 3
0 days 00:50:01.890000,44,1,LAP 4,LAP 4
0 days 00:51:37.960000,44,1,LAP 5,LAP 5
0 days 00:53:14.661000,44,1,LAP 6,LAP 6
0 days 00:54:51.020000,44,1,LAP 7,LAP 7
0 days 00:56:27.636000,44,1,LAP 8,LAP 8
0 days 00:58:03.637000,44,1,LAP 9,LAP 9
0 days 00:59:40.564000,44,1,LAP 10,LAP 10
0 days 01:01:17.438000,44,1,LAP 11,LAP 11
0 days 01:02:54.119000,44,1,LAP 12,LAP 12
0 days 01:04:31.059000,44,1,LAP 13,LAP 13
0 days 01:04:31.064000,44,1,LAP 12,LAP 12
0 days 01:04:31.064000,44,1,LAP 13,LAP 13
0 days 01:06:08.449000,44,1,LAP 14,LAP 14
0 days 01:07:45.967000,44,1,LAP 15,LAP 15
0 days 01:09:23.986000,44,1,LAP 16,LAP 16
0 days 01:11:01.638000,44,1,LAP 17,LAP 17
0 days 01:12:39.370000,44,1,LAP 18,LAP 18
0 days 01:14:16.573000,44,1,LAP 19,LAP 19
0 days 00:00:09.326000,1,2,,
0 days 00:45:19.659000,1,2,+0.124,+0.124
0 days 00:45:20.911000,1,2,+0.102,+0.102
0 days 00:45:23.388000,1,2,+0.241,+0.241
0 days 00:45:28.438000,1,2,+0.485,+0.485
0 days 00:45:33.933000,1,2,+0.530,+0.530
0 days 00:45:38.019000,1,2,+0.572,+0.572
0 days 00:45:41.013000,1,2,+0.555,+0.555
0 days 00:45:47.988000,1,2,+0.695,+0.695
0 days 00:45:51.636000,1,2,+0.694,+0.694
0 days 00:45:55.631000,1,2,+0.671,+0.671
0 days 00:46:01.247000,1,2,+0.808,+0.808
0 days 00:46:05.758000,1,2,+0.787,+0.787
0 days 00:46:09.670000,1,2,+0.769,+0.769
0 days 00:46:15.761000,1,2,+0.849,+0.849
0 days 00:46:20.864000,1,2,+0.900,+0.900
0 days 00:46:25.058000,1,2,+0.894,+0.894
0 days 00:46:29.825000,1,2,+0.871,+0.871
0 days 00:46:33.652000,1,2,+0.839,+0.839
0 days 00:46:42.058000,1,2,+0.940,+0.940
0 days 00:46:45.907000,1,2,+0.949,+0.949
0 days 00:46:46.774000,1,2,+0.901,+0.901
0 days 00:46:51.091000,1,2,+0.771,+0.771
0 days 00:46:55.547000,1,2,+0.722,+0.722
0 days 00:46:56.709000,1,2,+0.697,+0.697
0 days 00:46:59.003000,1,2,+0.664,+0.664
0 days 00:47:04.011000,1,2,+0.830,+0.830
0 days 00:47:09.318000,1,2,+0.793,+0.793
0 days 00:47:13.478000,1,2,+0.845,+0.845
0 days 00:47:16.437000,1,2,+0.834,+0.834
0 days 00:47:23.393000,1,2,+0.946,+0.946
0 days 00:47:27.147000,1,2,+0.934,+0.934
0 days 00:47:31.129000,1,2,+0.830,+0.830
0 days 00:47:36.806000,1,2,+0.824,+0.824
0 days 00:47:41.358000,1,2,+0.950,+0.950
0 days 00:47:45.332000,1,2,+0.988,+0.988
0 days 00:47:51.358000,1,2,+1.035,+1.035
0 days 00:47:56.520000,1,2,+1.014,+1.014
0 days 00:48:00.758000,1,2,+1.013,+1.013
0 days 00:48:05.564000,1,2,+0.984,+0.984
0 days 00:48:09.306000,1,2,+0.932,+0.932
0 days 00:48:17.763000,1,2,+1.141,+1.141
0 days 00:48:21.599000,1,2,+1.169,+1.169
0 days 00:48:22.475000,1,2,+1.149,+1.149
0 days 00:48:26.863000,1,2,+1.117,+1.117
0 days 00:48:31.249000,1,2,+1.099,+1.099
0 days 00:48:32.456000,1,2,+1.060,+1.060
0 days 00:48:34.837000,1,2,+1.028,+1.028
0 days 00:48:39.920000,1,2,+1.224,+1.224
0 days 00:48:45.226000,1,2,+1.116,+1.116
0 days 00:48:49.385000,1,2,+1.126,+1.126
0 days 00:48:52.358000,1,2,+1.110,+1.110
0 days 00:48:59.405000,1,2,+1.135,+1.135
0 days 00:49:03.079000,1,2,+1.132,+1.132
0 days 00:49:07.118000,1,2,+1.016,+1.016
0 days 00:49:12.848000,1,2,+0.970,+0.970
0 days 00:49:17.360000,1,2,+1.018,+1.018
0 days 00:49:21.312000,1,2,+1.030,+1.030
0 days 00:49:27.350000,1,2,+1.044,+1.044
0 days 00:49:32.640000,1,2,+1.090,+1.090
0 days 00:49:36.959000,1,2,+1.056,+1.056
0 days 00:49:41.704000,1,2,+1.029,+1.029
0 days 00:49:45.515000,1,2,+0.991,+0.991
0 days 00:49:53.814000,1,2,+1.046,+1.046
0 days 00:49:57.648000,1,2,+1.017,+1.017
0 days 00:49:58.535000,1,2,+0.992,+0.992
0 days 00:50:02.911000,1,2,+0.963,+0.963
0 days 00:50:07.308000,1,2,+0.936,+0.936
0 days 00:50:08.441000,1,2,+0.903,+0.903
0 days 00:50:10.744000,1,2,+0.864,+0.864
0 days 00:50:15.824000,1,2,+0.971,+0.971
0 days 00:50:21.261000,1,2,+1.076,+1.076
0 days 00:50:25.431000,1,2,+1.056,+1.056
0 days 00:50:28.385000,1,2,+1.046,+1.046
0 days 00:50:35.386000,1,2,+1.133,+1.133
0 days 00:50:39.118000,1,2,+1.138,+1.138
0 days 00:50:43.153000,1,2,+0.904,+0.904
0 days 00:50:48.907000,1,2,+0.931,+0.931
0 days 00:50:53.499000,1,2,+1.019,+1.019
0 days 00:50:57.460000,1,2,+1.054,+1.054
0 days 00:51:03.616000,1,2,+1.134,+1.134
0 days 00:51:08.760000,1,2,+1.035,+1.035
0 days 00:51:13.056000,1,2,+0.999,+0.999
0 days 00:51:17.787000,1,2,+0.990,+0.990
0 days 00:51:21.562000,1,2,+0.966,+0.966
0 days 00:51:29.861000,1,2,+1.002,+1.002
0 days 00:51:33.733000,1,2,+1.017,+1.017
0 days 00:51:34.645000,1,2,+1.030,+1.030
0 days 00:51:38.959000,1,2,+0.982,+0.982
0 days 00:51:43.311000,1,2,+0.949,+0.949
0 days 00:51:44.529000,1,2,+0.918,+0.918
0 days 00:51:46.961000,1,2,+1.019,+1.019
0 days 00:51:52.150000,1,2,+1.174,+1.174
0 days 00:51:57.449000,1,2,+1.020,+1.020
0 days 00:52:01.621000,1,2,+1.019,+1.019
0 days 00:52:04.600000,1,2,+1.008,+1.008
0 days 00:52:11.638000,1,2,+1.100,+1.100
0 days 00:52:15.387000,1,2,+1.104,+1.104
0 days 00:52:19.551000,1,2,+1.050,+1.050
0 days 00:52:25.453000,1,2,+1.076,+1.076
0 days 00:52:29.982000,1,2,+1.111,+1.111
0 days 00:52:33.967000,1,2,+1.120,+1.120
0 days 00:52:40.188000,1,2,+1.220,+1.220
0 days 00:52:45.430000,1,2,+1.120,+1.120
0 days 00:52:49.711000,1,2,+1.066,+1.066
0 days 00:52:54.461000,1,2,+1.053,+1.053
0 days 00:52:58.234000,1,2,+1.026,+1.026
0 days 00:53:06.588000,1,2,+1.073,+1.073
0 days 00:53:10.461000,1,2,+1.089,+1.089
0 days 00:53:11.303000,1,2,+1.076,+1.076
0 days 00:53:15.654000,1,2,+1.026,+1.026
0 days 00:53:20.041000,1,2,+1.008,+1.008
0 days 00:53:21.251000,1,2,+0.996,+0.996
0 days 00:53:23.661000,1,2,+1.101,+1.101
0 days 00:53:28.887000,1,2,+1.269,+1.269
0 days 00:53:34.326000,1,2,+1.224,+1.224
0 days 00:53:38.535000,1,2,+1.285,+1.285
0 days 00:53:41.487000,1,2,+1.290,+1.290
0 days 00:53:48.584000,1,2,+1.405,+1.405
0 days 00:53:52.262000,1,2,+1.422,+1.422
0 days 00:53:56.330000,1,2,+1.382,+1.382
0 days 00:54:02.084000,1,2,+1.392,+1.392
0 days 00:54:06.641000,1,2,+1.450,+1.450
0 days 00:54:10.641000,1,2,+1.493,+1.493
0 days 00:54:16.887000,1,2,+1.576,+1.576
0 days 00:54:22.062000,1,2,+1.349,+1.349
0 days 00:54:26.307000,1,2,+1.269,+1.269
0 days 00:54:31.091000,1,2,+1.241,+1.241
0 days 00:54:34.835000,1,2,+1.207,+1.207
0 days 00:54:43.207000,1,2,+1.304,+1.304
0 days 00:54:47.138000,1,2,+1.381,+1.381
0 days 00:54:47.988000,1,2,+1.402,+1.402
0 days 00:54:52.369000,1,2,+1.340,+1.340
0 days 00:54:56.709000,1,2,+1.325,+1.325
0 days 00:54:57.866000,1,2,+1.300,+1.300
0 days 00:55:00.321000,1,2,+1.218,+1.218
0 days 00:55:05.398000,1,2,+1.358,+1.358
0 days 00:55:10.771000,1,2,+1.305,+1.305
0 days 00:55:14.988000,1,2,+1.340,+1.340
0 days 00:55:17.975000,1,2,+1.343,+1.343
0 days 00:55:25.012000,1,2,+1.439,+1.439
0 days 00:55:32.758000,1,2,+1.239,+1.239
0 days 00:55:38.451000,1,2,+1.010,+1.010
0 days 00:55:43.052000,1,2,+1.038,+1.038
0 days 00:55:47.040000,1,2,+1.072,+1.072
0 days 00:55:53.071000,1,2,+0.981,+0.981
0 days 00:55:58.357000,1,2,+0.973,+0.973
0 days 00:56:02.636000,1,2,+0.932,+0.932
0 days 00:56:07.309000,1,2,+0.865,+0.865
0 days 00:56:11.025000,1,2,+0.660,+0.660
0 days 00:56:19.188000,1,2,+0.670,+0.670
0 days 00:56:23.063000,1,2,+0.696,+0.696
0 days 00:56:23.946000,1,2,+0.676,+0.676
0 days 00:56:28.263000,1,2,+0.666,+0.666
0 days 00:56:32.464000,1,2,+0.480,+0.480
0 days 00:56:33.580000,1,2,+0.402,+0.402
0 days 00:56:35.792000,1,2,+0.328,+0.328
0 days 00:56:40.941000,1,2,+0.536,+0.536
0 days 00:56:46.386000,1,2,+0.543,+0.543
0 days 00:56:50.620000,1,2,+0.647,+0.647
0 days 00:56:53.617000,1,2,+0.650,+0.650
0 days 00:57:00.678000,1,2,+0.699,+0.699
0 days 00:57:04.425000,1,2,+0.705,+0.705
0 days 00:57:08.391000,1,2,+0.689,+0.689
0 days 00:57:14.082000,1,2,+0.608,+0.608
0 days 00:57:18.758000,1,2,+0.690,+0.690
0 days 00:57:22.702000,1,2,+0.725,+0.725
0 days 00:57:28.840000,1,2,+0.773,+0.773
0 days 00:57:34.081000,1,2,+0.842,+0.842
0 days 00:57:38.406000,1,2,+0.852,+0.852
0 days 00:57:43.102000,1,2,+0.787,+0.787
0 days 00:57:46.709000,1,2,+0.566,+0.566
0 days 00:57:55.163000,1,2,+0.620,+0.620
0 days 00:57:59.038000,1,2,+0.675,+0.675
0 days 00:57:59.918000,1,2,+0.669,+0.669
0 days 00:58:04.209000,1,2,+0.618,+0.618
0 days 00:58:08.414000,1,2,+0.427,+0.427
0 days 00:58:09.537000,1,2,+0.354,+0.354
0 days 00:58:12.059000,1,2,+0.438,+0.438
0 days 00:58:17.289000,1,2,+0.391,+0.391
0 days 00:58:22.955000,1,2,+0.657,+0.657
0 days 00:58:27.183000,1,2,+0.666,+0.666
0 days 00:58:30.116000,1,2,+0.670,+0.670
0 days 00:58:37.262000,1,2,+0.696,+0.696
0 days 00:58:41.001000,1,2,+0.694,+0.694
0 days 00:58:45.014000,1,2,+0.632,+0.632
0 days 00:58:50.789000,1,2,+0.757,+0.757
0 days 00:58:55.542000,1,2,+0.914,+0.914
0 days 00:58:59.551000,1,2,+0.979,+0.979
0 days 00:59:05.726000,1,2,+1.038,+1.038
0 days 00:59:11.122000,1,2,+1.053,+1.053
0 days 00:59:15.443000,1,2,+1.064,+1.064
0 days 00:59:20.267000,1,2,+1.073,+1.073
0 days 00:59:24.110000,1,2,+1.067,+1.067
0 days 00:59:32.544000,1,2,+1.135,+1.135
0 days 00:59:36.411000,1,2,+1.160,+1.160
0 days 00:59:37.315000,1,2,+1.132,+1.132
0 days 00:59:41.664000,1,2,+1.121,+1.121
0 days 00:59:46.110000,1,2,+1.125,+1.125
0 days 00:59:47.249000,1,2,+1.114,+1.114
0 days 00:59:49.680000,1,2,+1.173,+1.173
0 days 00:59:54.901000,1,2,+1.278,+1.278
0 days 01:00:00.259000,1,2,+1.253,+1.253
0 days 01:00:04.557000,1,2,+1.356,+1.356
0 days 01:00:07.496000,1,2,+1.358,+1.358
0 days 01:00:14.588000,1,2,+1.434,+1.434
0 days 01:00:18.324000,1,2,+1.454,+1.454
0 days 01:00:22.420000,1,2,+1.475,+1.475
0 days 01:00:28.181000,1,2,+1.415,+1.415
0 days 01:00:32.893000,1,2,+1.521,+1.521
0 days 01:00:36.912000,1,2,+1.580,+1.580
0 days 01:00:43.060000,1,2,+1.535,+1.535
0 days 01:00:48.338000,1,2,+1.362,+1.362
0 days 01:00:52.653000,1,2,+1.344,+1.344
0 days 01:00:57.448000,1,2,+1.348,+1.348
0 days 01:01:01.267000,1,2,+1.337,+1.337
0 days 01:01:09.615000,1,2,+1.267,+1.267
0 days 01:01:13.484000,1,2,+1.277,+1.277
0 days 01:01:14.391000,1,2,+1.267,+1.267
0 days 01:01:18.764000,1,2,+1.299,+1.299
0 days 01:01:23.102000,1,2,+1.301,+1.301
0 days 01:01:24.253000,1,2,+1.292,+1.292
0 days 01:01:26.526000,1,2,+1.202,+1.202
0 days 01:01:31.621000,1,2,+1.122,+1.122
0 days 01:01:37.091000,1,2,+1.145,+1.145
0 days 01:01:41.361000,1,2,+1.199,+1.199
0 days 01:01:44.316000,1,2,+1.200,+1.200
0 days 01:01:51.710000,1,2,+1.542,+1.542
0 days 01:01:55.414000,1,2,+1.539,+1.539
0 days 01:01:59.350000,1,2,+1.454,+1.454
0 days 01:02:04.984000,1,2,+1.364,+1.364
0 days 01:02:09.693000,1,2,+1.471,+1.471
0 days 01:02:13.665000,1,2,+1.517,+1.517
0 days 01:02:19.838000,1,2,+1.476,+1.476
0 days 01:02:25.165000,1,2,+1.425,+1.425
0 days 01:02:29.447000,1,2,+1.419,+1.419
0 days 01:02:34.265000,1,2,+1.430,+1.430
0 days 01:02:38.040000,1,2,+1.436,+1.436
0 days 01:02:46.491000,1,2,+1.441,+1.441
0 days 01:02:50.384000,1,2,+1.464,+1.464
0 days 01:02:51.255000,1,2,+1.439,+1.439
0 days 01:02:55.606000,1,2,+1.456,+1.456
0 days 01:03:01.095000,1,2,+1.440,+1.440
0 days 01:03:03.364000,1,2,+1.330,+1.330
0 days 01:03:13.982000,1,2,+1.329,+1.329
0 days 01:03:18.360000,1,2,+1.415,+1.415
0 days 01:03:21.210000,1,2,+1.419,+1.419
0 days 01:03:28.335000,1,2,+1.377,+1.377
0 days 01:03:32.092000,1,2,+1.378,+1.378
0 days 01:03:36.124000,1,2,+1.415,+1.415
0 days 01:03:41.960000,1,2,+1.515,+1.515
0 days 01:03:46.701000,1,2,+1.645,+1.645
0 days 01:03:50.693000,1,2,+1.694,+1.694
0 days 01:03:56.892000,1,2,+1.677,+1.677
0 days 01:04:02.317000,1,2,+1.641,+1.641
0 days 01:04:06.591000,1,2,+1.633,+1.633
0 days 01:04:11.405000,1,2,+1.628,+1.628
0 days 01:04:15.220000,1,2,+1.634,+1.634
0 days 01:04:23.679000,1,2,+1.641,+1.641
0 days 01:04:27.512000,1,2,+1.691,+1.691
0 days 01:04:28.411000,1,2,+1.704,+1.704
0 days 01:04:32.810000,1,2,+1.769,+1.769
0 days 01:04:37.210000,1,2,+1.791,+1.791
0 days 01:04:38.388000,1,2,+1.792,+1.792
0 days 01:04:40.663000,1,2,+1.772,+1.772
0 days 01:04:45.928000,1,2,+1.872,+1.872
0 days 01:04:51.366000,1,2,+1.704,+1.704
0 days 01:04:55.666000,1,2,+1.784,+1.784
0 days 01:04:58.620000,1,2,+1.789,+1.789
0 days 01:05:05.835000,1,2,+1.718,+1.718
0 days 01:05:09.596000,1,2,+1.747,+1.747
0 days 01:05:13.627000,1,2,+1.770,+1.770
0 days 01:05:19.468000,1,2,+1.722,+1.722
0 days 01:05:24.208000,1,2,+1.877,+1.877
0 days 01:05:28.240000,1,2,+1.930,+1.930
0 days 01:05:34.442000,1,2,+2.032,+2.032
0 days 01:05:39.855000,1,2,+1.947,+1.947
0 days 01:05:44.129000,1,2,+1.927,+1.927
0 days 01:05:48.965000,1,2,+1.922,+1.922
0 days 01:05:52.884000,1,2,+1.921,+1.921
0 days 01:06:01.210000,1,2,+1.819,+1.819
0 days 01:06:05.093000,1,2,+1.856,+1.856
0 days 01:06:05.968000,1,2,+1.857,+1.857
0 days 01:06:10.293000,1,2,+1.884,+1.884
0 days 01:06:14.719000,1,2,+1.898,+1.898
0 days 01:06:15.867000,1,2,+1.894,+1.894
0 days 01:06:18.193000,1,2,+1.818,+1.818
0 days 01:06:23.262000,1,2,+1.822,+1.822
0 days 01:06:28.796000,1,2,+1.816,+1.816
0 days 01:06:33.125000,1,2,+1.884,+1.884
0 days 01:06:36.089000,1,2,+1.892,+1.892
0 days 01:06:43.360000,1,2,+1.736,+1.736
0 days 01:06:47.095000,1,2,+1.754,+1.754
0 days 01:06:51.128000,1,2,+1.792,+1.792
0 days 01:06:56.995000,1,2,+1.864,+1.864
0 days 01:07:01.806000,1,2,+2.046,+2.046
0 days 01:07:05.833000,1,2,+2.107,+2.107
0 days 01:07:12.141000,1,2,+2.146,+2.146
0 days 01:07:17.594000,1,2,+2.056,+2.056
0 days 01:07:21.834000,1,2,+2.047,+2.047
0 days 01:07:26.620000,1,2,+2.065,+2.065
0 days 01:07:30.468000,1,2,+2.074,+2.074
0 days 01:07:38.941000,1,2,+2.073,+2.073
0 days 01:07:42.812000,1,2,+2.108,+2.108
0 days 01:07:43.685000,1,2,+2.109,+2.109
0 days 01:07:48.020000,1,2,+2.100,+2.100
0 days 01:07:52.387000,1,2,+2.105,+2.105
0 days 01:07:53.568000,1,2,+2.098,+2.098
0 days 01:07:55.845000,1,2,+2.049,+2.049
0 days 01:08:01.179000,1,2,+2.142,+2.142
0 days 01:08:06.714000,1,2,+2.103,+2.103
0 days 01:08:11.093000,1,2,+2.198,+2.198
0 days 01:08:14.067000,1,2,+2.211,+2.211
0 days 01:08:21.399000,1,2,+2.202,+2.202
0 days 01:08:25.122000,1,2,+2.250,+2.250
0 days 01:08:29.162000,1,2,+2.249,+2.249
0 days 01:08:35.070000,1,2,+2.299,+2.299
0 days 01:08:39.893000,1,2,+2.423,+2.423
0 days 01:08:43.949000,1,2,+2.484,+2.484
0 days 01:08:50.256000,1,2,+2.463,+2.463
0 days 01:08:55.835000,1,2,+2.521,+2.521
0 days 01:09:00.164000,1,2,+2.518,+2.518
0 days 01:09:04.944000,1,2,+2.524,+2.524
0 days 01:09:08.819000,1,2,+2.528,+2.528
0 days 01:09:17.446000,1,3,+2.528,+2.528
0 days 01:09:17.937000,1,3,+3.044,+0.345
0 days 01:09:21.812000,1,3,+3.105,+0.359
0 days 01:09:22.745000,1,3,+3.199,+0.434
0 days 01:09:27.168000,1,3,+3.242,+0.569
0 days 01:09:31.368000,1,3,+3.056,+0.353
0 days 01:09:32.494000,1,3,+2.969,+0.234
0 days 01:09:34.781000,1,3,+2.900,+0.322
0 days 01:09:40.343000,1,3,+3.294,+0.612
0 days 01:09:46.057000,1,3,+3.313,+0.660
0 days 01:09:50.457000,1,3,+3.442,+0.772
0 days 01:09:53.425000,1,3,+3.442,+0.714
0 days 01:10:00.880000,1,3,+3.498,+0.593
0 days 01:10:04.649000,1,3,+3.525,+0.513
0 days 01:10:08.720000,1,3,+3.715,+0.633
0 days 01:10:15.004000,1,3,+4.180,+1.021
0 days 01:10:19.980000,1,3,+4.428,+1.075
0 days 01:10:23.999000,1,3,+4.499,+1.112
0 days 01:10:30.395000,1,3,+4.551,+1.154
0 days 01:10:35.964000,1,3,+4.733,+1.313
0 days 01:10:40.264000,1,3,+4.729,+1.300
0 days 01:10:45.088000,1,3,+4.742,+1.286
0 days 01:10:48.898000,1,3,+4.744,+1.265
0 days 01:10:57.495000,1,3,+4.940,+1.271
0 days 01:11:01.395000,1,3,+5.021,+1.287
0 days 01:11:02.295000,1,3,+5.069,+1.313
0 days 01:11:06.812000,1,3,+5.238,+1.453
0 days 01:11:11.215000,1,3,+5.255,+1.430
0 days 01:11:12.416000,1,3,+5.250,+1.401
0 days 01:11:14.645000,1,3,+5.233,+1.455
0 days 01:11:19.843000,1,3,+5.326,+1.357
0 days 01:11:25.621000,1,3,+5.458,+1.329
0 days 01:11:30.013000,1,3,+5.620,+1.413
0 days 01:11:33.006000,1,3,+5.626,+1.370
0 days 01:11:40.330000,1,3,+5.744,+1.331
0 days 01:11:44.105000,1,3,+5.758,+1.332
0 days 01:11:48.231000,1,3,+5.966,+1.378
0 days 01:11:54.290000,1,3,+6.201,+1.489
0 days 01:11:59.289000,1,3,+6.383,+1.497
0 days 01:12:03.315000,1,3,+6.425,+1.524
0 days 01:12:09.715000,1,3,+6.565,+1.579
0 days 01:12:15.213000,1,3,+6.488,+1.677
0 days 01:12:19.546000,1,3,+6.481,+1.673
0 days 01:12:24.315000,1,3,+6.500,+1.660
0 days 01:12:28.144000,1,3,+6.526,+1.655
0 days 01:12:36.620000,1,3,+6.556,+1.648
0 days 01:12:40.534000,1,3,+6.619,+1.695
0 days 01:12:41.455000,1,3,+6.646,+1.733
0 days 01:12:46.002000,1,3,+6.790,+1.868
0 days 01:12:50.410000,1,3,+6.814,+1.852
0 days 01:12:51.569000,1,3,+6.815,+1.841
0 days 01:12:53.792000,1,3,+6.725,+1.854
0 days 01:12:58.812000,1,3,+6.819,+1.663
0 days 01:13:04.670000,1,3,+6.920,+1.699
0 days 01:13:09.213000,1,3,+7.185,+1.902
0 days 01:13:12.225000,1,3,+7.208,+1.877
0 days 01:13:19.554000,1,3,+7.351,+1.861
0 days 01:13:23.343000,1,3,+7.391,+1.857
0 days 01:13:27.294000,1,3,+7.485,+1.800
0 days 01:13:33.233000,1,3,+7.632,+1.843
0 days 01:13:38.274000,1,3,+7.887,+1.947
0 days 01:13:42.344000,1,3,+7.949,+1.996
0 days 01:13:48.788000,1,3,+8.121,+1.994
0 days 01:13:54.207000,1,3,+8.106,+2.090
0 days 01:13:58.556000,1,3,+8.123,+2.090
0 days 01:14:03.370000,1,3,+8.158,+2.076
0 days 01:14:07.162000,1,3,+8.185,+2.068
0 days 01:14:15.797000,1,3,+8.329,+2.100
0 days 01:14:19.689000,1,3,+8.386,+2.165
0 days 01:14:20.599000,1,3,+8.417,+2.215
0 days 01:14:25.090000,1,3,+8.543,+2.358
0 days 01:14:29.466000,1,3,+8.562,+2.343
0 days 01:14:30.698000,1,3,+8.560,+2.323
0 days 01:14:32.766000,1,3,+8.271,+2.230
0 days 01:14:37.815000,1,3,+8.303,+2.099
0 days 01:14:43.746000,1,3,+8.507,+2.167
0 days 01:14:48.215000,1,3,+8.669,+2.321
0 days 01:14:51.222000,1,3,+8.677,+2.293
0 days 01:14:58.641000,1,3,+8.928,+2.265
0 days 01:15:02.344000,1,3,+8.957,+2.259
0 days 01:15:06.285000,1,3,+8.999,+2.257
0 days 01:15:12.171000,1,3,+9.100,+2.322
0 days 01:15:16.971000,1,3,+9.290,+2.358
0 days 01:15:21.013000,1,3,+9.328,+2.380
0 days 01:15:27.324000,1,3,+9.352,+2.406
0 days 01:15:32.718000,1,3,+9.495,+2.551
0 days 01:15:37.045000,1,3,+9.524,+2.584
0 days 01:15:41.845000,1,3,+9.558,+2.575
0 days 01:15:45.632000,1,3,+9.581,+2.568
0 days 01:15:54.197000,1,3,+9.570,+2.636
0 days 01:15:58.071000,1,3,+9.618,+2.678
0 days 01:15:58.998000,1,3,+9.650,+2.725
0 days 01:16:03.487000,1,3,+9.804,+2.915
0 days 00:00:09.326000,81,3,,
0 days 00:45:19.870000,81,3,+0.244,+0.120
0 days 00:45:21.083000,81,3,+0.231,+0.129
0 days 00:45:23.667000,81,3,+0.479,+0.238
0 days 00:45:28.973000,81,3,+0.928,+0.443
0 days 00:45:34.784000,81,3,+1.341,+0.811
0 days 00:45:38.848000,81,3,+1.301,+0.729
0 days 00:45:41.714000,81,3,+1.273,+0.718
0 days 00:45:49.031000,81,3,+1.697,+1.002
0 days 00:45:52.698000,81,3,+1.717,+1.023
0 days 00:45:56.658000,81,3,+1.673,+1.002
0 days 00:46:02.423000,81,3,+2.034,+1.226
0 days 00:46:06.955000,81,3,+1.958,+1.171
0 days 00:46:10.878000,81,3,+1.953,+1.184
0 days 00:46:16.905000,81,3,+2.021,+1.172
0 days 00:46:21.984000,81,3,+2.052,+1.152
0 days 00:46:26.285000,81,3,+2.075,+1.181
0 days 00:46:31.178000,81,3,+2.090,+1.219
0 days 00:46:34.883000,81,3,+2.083,+1.244
0 days 00:46:43.350000,81,3,+2.239,+1.299
0 days 00:46:47.213000,81,3,+2.241,+1.292
0 days 00:46:48.132000,81,3,+2.232,+1.331
0 days 00:46:52.402000,81,3,+2.090,+1.319
0 days 00:46:56.826000,81,3,+2.055,+1.333
0 days 00:46:58.054000,81,3,+2.032,+1.335
0 days 00:47:00.386000,81,3,+1.832,+1.168
0 days 00:47:05.178000,81,3,+2.035,+1.205
0 days 00:47:10.479000,81,3,+1.960,+1.167
0 days 00:47:14.648000,81,3,+1.984,+1.139
0 days 00:47:17.609000,81,3,+2.000,+1.166
0 days 00:47:24.722000,81,3,+2.224,+1.278
0 days 00:47:28.437000,81,3,+2.247,+1.313
0 days 00:47:32.703000,81,3,+2.384,+1.554
0 days 00:47:38.423000,81,3,+2.485,+1.661
0 days 00:47:42.937000,81,3,+2.485,+1.535
0 days 00:47:46.871000,81,3,+2.494,+1.506
0 days 00:47:52.860000,81,3,+2.534,+1.499
0 days 00:47:58.137000,81,3,+2.622,+1.608
0 days 00:48:02.450000,81,3,+2.673,+1.660
0 days 00:48:07.220000,81,3,+2.669,+1.685
0 days 00:48:11.040000,81,3,+2.652,+1.720
0 days 00:48:19.414000,81,3,+2.838,+1.697
0 days 00:48:23.359000,81,3,+2.855,+1.686
0 days 00:48:24.125000,81,3,+2.851,+1.702
0 days 00:48:28.517000,81,3,+2.777,+1.660
0 days 00:48:33.048000,81,3,+2.761,+1.662
0 days 00:48:34.089000,81,3,+2.723,+1.663
0 days 00:48:36.295000,81,3,+2.475,+1.447
0 days 00:48:41.439000,81,3,+2.691,+1.467
0 days 00:48:46.687000,81,3,+2.574,+1.458
0 days 00:48:50.912000,81,3,+2.599,+1.473
0 days 00:48:53.862000,81,3,+2.631,+1.521
0 days 00:49:00.997000,81,3,+2.636,+1.501
0 days 00:49:04.598000,81,3,+2.661,+1.529
0 days 00:49:08.687000,81,3,+2.597,+1.581
0 days 00:49:14.485000,81,3,+2.674,+1.704
0 days 00:49:19.166000,81,3,+2.748,+1.730
0 days 00:49:23.155000,81,3,+2.800,+1.770
0 days 00:49:29.204000,81,3,+2.852,+1.808
0 days 00:49:34.485000,81,3,+2.888,+1.798
0 days 00:49:38.785000,81,3,+2.888,+1.832
0 days 00:49:43.586000,81,3,+2.892,+1.863
0 days 00:49:47.455000,81,3,+2.878,+1.887
0 days 00:49:55.659000,81,3,+2.949,+1.903
0 days 00:49:59.561000,81,3,+2.895,+1.878
0 days 00:50:00.305000,81,3,+2.853,+1.861
0 days 00:50:04.616000,81,3,+2.742,+1.779
0 days 00:50:09.033000,81,3,+2.725,+1.789
0 days 00:50:10.252000,81,3,+2.692,+1.789
0 days 00:50:12.386000,81,3,+2.431,+1.567
0 days 00:50:17.457000,81,3,+2.554,+1.583
0 days 00:50:22.661000,81,3,+2.468,+1.392
0 days 00:50:26.864000,81,3,+2.461,+1.405
0 days 00:50:29.834000,81,3,+2.498,+1.452
0 days 00:50:36.835000,81,3,+2.517,+1.384
0 days 00:50:40.530000,81,3,+2.532,+1.394
0 days 00:50:44.661000,81,3,+2.437,+1.533
0 days 00:50:50.414000,81,3,+2.500,+1.569
0 days 00:50:55.060000,81,3,+2.565,+1.546
0 days 00:50:59.034000,81,3,+2.605,+1.551
0 days 00:51:05.079000,81,3,+2.627,+1.493
0 days 00:51:10.350000,81,3,+2.608,+1.573
0 days 00:51:14.706000,81,3,+2.625,+1.626
0 days 00:51:19.478000,81,3,+2.647,+1.657
0 days 00:51:23.242000,81,3,+2.637,+1.671
0 days 00:51:31.462000,81,3,+2.646,+1.644
0 days 00:51:35.391000,81,3,+2.647,+1.630
0 days 00:51:36.182000,81,3,+2.652,+1.622
0 days 00:51:40.522000,81,3,+2.571,+1.589
0 days 00:51:44.911000,81,3,+2.545,+1.596
0 days 00:51:46.191000,81,3,+2.507,+1.589
0 days 00:51:48.236000,81,3,+2.327,+1.308
0 days 00:51:53.350000,81,3,+2.460,+1.286
0 days 00:51:58.782000,81,3,+2.279,+1.259
0 days 00:52:02.905000,81,3,+2.272,+1.253
0 days 00:52:05.888000,81,3,+2.294,+1.286
0 days 00:52:12.934000,81,3,+2.353,+1.253
0 days 00:52:16.678000,81,3,+2.378,+1.274
0 days 00:52:20.860000,81,3,+2.328,+1.278
0 days 00:52:26.756000,81,3,+2.425,+1.349
0 days 00:52:31.400000,81,3,+2.445,+1.334
0 days 00:52:35.287000,81,3,+2.438,+1.318
0 days 00:52:41.387000,81,3,+2.353,+1.133
0 days 00:52:46.679000,81,3,+2.356,+1.236
0 days 00:52:50.961000,81,3,+2.312,+1.246
0 days 00:52:55.735000,81,3,+2.312,+1.259
0 days 00:52:59.538000,81,3,+2.292,+1.266
0 days 00:53:07.912000,81,3,+2.418,+1.345
0 days 00:53:11.783000,81,3,+2.409,+1.320
0 days 00:53:12.525000,81,3,+2.379,+1.303
0 days 00:53:16.882000,81,3,+2.236,+1.210
0 days 00:53:21.288000,81,3,+2.217,+1.209
0 days 00:53:22.512000,81,3,+2.199,+1.203
0 days 00:53:24.735000,81,3,+2.084,+0.983
0 days 00:53:30.008000,81,3,+2.335,+1.066
0 days 00:53:35.390000,81,3,+2.240,+1.016
0 days 00:53:39.535000,81,3,+2.219,+0.934
0 days 00:53:42.518000,81,3,+2.260,+0.970
0 days 00:53:49.492000,81,3,+2.316,+0.911
0 days 00:53:53.214000,81,3,+2.331,+0.909
0 days 00:53:57.335000,81,3,+2.343,+0.961
0 days 00:54:03.133000,81,3,+2.514,+1.122
0 days 00:54:07.762000,81,3,+2.530,+1.080
0 days 00:54:11.710000,81,3,+2.549,+1.056
0 days 00:54:17.788000,81,3,+2.483,+0.907
0 days 00:54:23.168000,81,3,+2.412,+1.063
0 days 00:54:27.440000,81,3,+2.357,+1.088
0 days 00:54:32.145000,81,3,+2.290,+1.049
0 days 00:54:35.750000,81,3,+2.104,+0.897
0 days 00:54:44.127000,81,3,+2.215,+0.911
0 days 00:54:48.038000,81,3,+2.244,+0.863
0 days 00:54:48.935000,81,3,+2.284,+0.882
0 days 00:54:53.210000,81,3,+2.203,+0.863
0 days 00:54:57.392000,81,3,+2.027,+0.702
0 days 00:54:58.603000,81,3,+1.940,+0.640
0 days 00:55:00.762000,81,3,+1.733,+0.515
0 days 00:55:06.118000,81,3,+1.917,+0.559
0 days 00:55:11.506000,81,3,+1.993,+0.688
0 days 00:55:15.675000,81,3,+1.985,+0.645
0 days 00:55:18.636000,81,3,+2.011,+0.668
0 days 00:55:25.829000,81,3,+2.165,+0.726
0 days 00:55:29.488000,81,3,+2.161,+0.722
0 days 00:55:33.467000,81,3,+1.971,+0.732
0 days 00:55:39.251000,81,3,+1.832,+0.822
0 days 00:55:43.886000,81,3,+1.829,+0.791
0 days 00:55:47.865000,81,3,+1.856,+0.784
0 days 00:55:53.912000,81,3,+1.823,+0.842
0 days 00:55:59.162000,81,3,+1.802,+0.829
0 days 00:56:03.493000,81,3,+1.762,+0.830
0 days 00:56:08.152000,81,3,+1.688,+0.823
0 days 00:56:11.805000,81,3,+1.470,+0.810
0 days 00:56:19.998000,81,3,+1.473,+0.803
0 days 00:56:23.892000,81,3,+1.490,+0.794
0 days 00:56:24.690000,81,3,+1.502,+0.826
0 days 00:56:29.063000,81,3,+1.440,+0.774
0 days 00:56:33.236000,81,3,+1.227,+0.747
0 days 00:56:34.351000,81,3,+1.141,+0.739
0 days 00:56:36.462000,81,3,+1.011,+0.683
0 days 00:56:41.736000,81,3,+1.317,+0.781
0 days 00:56:47.216000,81,3,+1.345,+0.802
0 days 00:56:51.442000,81,3,+1.393,+0.746
0 days 00:56:54.389000,81,3,+1.437,+0.787
0 days 00:57:01.620000,81,3,+1.603,+0.904
0 days 00:57:05.358000,81,3,+1.634,+0.929
0 days 00:57:09.541000,81,3,+1.829,+1.140
0 days 00:57:15.412000,81,3,+1.964,+1.356
0 days 00:57:20.028000,81,3,+1.955,+1.265
0 days 00:57:23.952000,81,3,+1.960,+1.235
0 days 00:57:30.035000,81,3,+1.991,+1.218
0 days 00:57:35.411000,81,3,+2.155,+1.313
0 days 00:57:39.784000,81,3,+2.189,+1.337
0 days 00:57:44.509000,81,3,+2.191,+1.404
0 days 00:57:48.332000,81,3,+2.173,+1.607
0 days 00:57:56.589000,81,3,+2.113,+1.493
0 days 00:58:00.513000,81,3,+2.136,+1.461
0 days 00:58:01.290000,81,3,+2.131,+1.462
0 days 00:58:05.743000,81,3,+2.103,+1.485
0 days 00:58:10.080000,81,3,+2.066,+1.639
0 days 00:58:11.217000,81,3,+2.041,+1.687
0 days 00:58:13.394000,81,3,+1.844,+1.406
0 days 00:58:18.686000,81,3,+1.771,+1.380
0 days 00:58:24.189000,81,3,+1.898,+1.241
0 days 00:58:28.389000,81,3,+1.899,+1.233
0 days 00:58:31.381000,81,3,+1.950,+1.280
0 days 00:58:38.558000,81,3,+1.952,+1.256
0 days 00:58:42.294000,81,3,+1.970,+1.276
0 days 00:58:46.338000,81,3,+1.932,+1.300
0 days 00:58:52.085000,81,3,+2.081,+1.324
0 days 00:58:57,81,3,+2.359,+1.445
0 days 00:59:01.046000,81,3,+2.459,+1.480
0 days 00:59:07.126000,81,3,+2.412,+1.374
0 days 00:59:12.506000,81,3,+2.430,+1.377
0 days 00:59:16.890000,81,3,+2.439,+1.375
0 days 00:59:21.689000,81,3,+2.454,+1.381
0 days 00:59:25.481000,81,3,+2.456,+1.389
0 days 00:59:33.864000,81,3,+2.465,+1.330
0 days 00:59:37.750000,81,3,+2.460,+1.300
0 days 00:59:38.564000,81,3,+2.428,+1.296
0 days 00:59:42.862000,81,3,+2.319,+1.198
0 days 00:59:47.219000,81,3,+2.300,+1.175
0 days 00:59:48.401000,81,3,+2.285,+1.171
0 days 00:59:50.570000,81,3,+2.163,+0.990
0 days 00:59:55.892000,81,3,+2.300,+1.022
0 days 01:00:01.390000,81,3,+2.363,+1.110
0 days 01:00:05.576000,81,3,+2.348,+0.992
0 days 01:00:08.538000,81,3,+2.388,+1.030
0 days 01:00:15.639000,81,3,+2.442,+1.008
0 days 01:00:19.381000,81,3,+2.479,+1.025
0 days 01:00:23.311000,81,3,+2.393,+0.918
0 days 01:00:28.988000,81,3,+2.260,+0.845
0 days 01:00:33.753000,81,3,+2.342,+0.821
0 days 01:00:37.692000,81,3,+2.370,+0.790
0 days 01:00:43.765000,81,3,+2.276,+0.741
0 days 01:00:49.172000,81,3,+2.180,+0.818
0 days 01:00:53.482000,81,3,+2.145,+0.801
0 days 01:00:58.197000,81,3,+2.072,+0.724
0 days 01:01:01.768000,81,3,+1.869,+0.532
0 days 01:01:10.292000,81,3,+1.934,+0.667
0 days 01:01:14.185000,81,3,+1.932,+0.655
0 days 01:01:14.941000,81,3,+1.926,+0.659
0 days 01:01:19.366000,81,3,+1.846,+0.547
0 days 01:01:23.440000,81,3,+1.663,+0.362
0 days 01:01:24.554000,81,3,+1.586,+0.294
0 days 01:01:26.876000,81,3,+1.510,+0.308
0 days 01:01:32.191000,81,3,+1.644,+0.522
0 days 01:01:37.701000,81,3,+1.757,+0.612
0 days 01:01:41.991000,81,3,+1.787,+0.588
0 days 01:01:45.044000,81,3,+1.839,+0.639
0 days 01:01:52.153000,81,3,+1.954,+0.412
0 days 01:01:55.894000,81,3,+1.982,+0.443
0 days 01:01:59.846000,81,3,+1.945,+0.491
0 days 01:02:05.603000,81,3,+2.025,+0.661
0 days 01:02:10.438000,81,3,+2.189,+0.718
0 days 01:02:14.368000,81,3,+2.208,+0.691
0 days 01:02:20.654000,81,3,+2.289,+0.813
0 days 01:02:25.965000,81,3,+2.210,+0.785
0 days 01:02:30.238000,81,3,+2.194,+0.775
0 days 01:02:34.942000,81,3,+2.123,+0.693
0 days 01:02:38.579000,81,3,+1.953,+0.517
0 days 01:02:46.967000,81,3,+1.978,+0.537
0 days 01:02:50.966000,81,3,+2.052,+0.588
0 days 01:02:51.745000,81,3,+2.074,+0.635
0 days 01:02:56.165000,81,3,+1.995,+0.539
0 days 01:03:00.365000,81,3,+1.816,+0.360
0 days 01:03:01.445000,81,3,+1.750,+0.310
0 days 01:03:03.787000,81,3,+1.748,+0.418
0 days 01:03:09.294000,81,3,+2.053,+0.723
0 days 01:03:14.784000,81,3,+2.103,+0.774
0 days 01:03:19.109000,81,3,+2.103,+0.688
0 days 01:03:21.959000,81,3,+2.154,+0.735
0 days 01:03:29.256000,81,3,+2.245,+0.868
0 days 01:03:32.996000,81,3,+2.253,+0.875
0 days 01:03:36.973000,81,3,+2.246,+0.831
0 days 01:03:42.842000,81,3,+2.475,+0.960
0 days 01:03:47.654000,81,3,+2.581,+0.936
0 days 01:03:51.639000,81,3,+2.581,+0.887
0 days 01:03:57.810000,81,3,+2.608,+0.931
0 days 01:04:03.291000,81,3,+2.620,+0.979
0 days 01:04:07.592000,81,3,+2.602,+0.969
0 days 01:04:12.346000,81,3,+2.545,+0.917
0 days 01:04:15.966000,81,3,+2.379,+0.745
0 days 01:04:24.391000,81,3,+2.427,+0.786
0 days 01:04:28.293000,81,3,+2.458,+0.767
0 days 01:04:29.076000,81,3,+2.467,+0.763
0 days 01:04:33.497000,81,3,+2.395,+0.626
0 days 01:04:37.655000,81,3,+2.226,+0.435
0 days 01:04:38.793000,81,3,+2.175,+0.383
0 days 01:04:41.012000,81,3,+2.105,+0.333
0 days 01:04:46.492000,81,3,+2.389,+0.517
0 days 01:04:52.086000,81,3,+2.409,+0.705
0 days 01:04:56.349000,81,3,+2.408,+0.624
0 days 01:04:59.544000,81,3,+2.434,+0.645
0 days 01:05:06.651000,81,3,+2.516,+0.798
0 days 01:05:10.458000,81,3,+2.585,+0.838
0 days 01:05:14.466000,81,3,+2.603,+0.833
0 days 01:05:20.320000,81,3,+2.646,+0.924
0 days 01:05:25.147000,81,3,+2.733,+0.856
0 days 01:05:29.027000,81,3,+2.741,+0.811
0 days 01:05:35.224000,81,3,+2.820,+0.788
0 days 01:05:40.640000,81,3,+2.725,+0.778
0 days 01:05:44.947000,81,3,+2.681,+0.754
0 days 01:05:49.619000,81,3,+2.576,+0.654
0 days 01:05:53.262000,81,3,+2.370,+0.449
0 days 01:06:01.666000,81,3,+2.296,+0.477
0 days 01:06:05.553000,81,3,+2.293,+0.437
0 days 01:06:06.313000,81,3,+2.277,+0.420
0 days 01:06:10.658000,81,3,+2.241,+0.357
0 days 01:06:14.810000,81,3,+2.059,+0.161
0 days 01:06:15.984000,81,3,+1.983,+0.089
0 days 01:06:18.411000,81,3,+2.028,+0.210
0 days 01:06:23.742000,81,3,+2.299,+0.477
0 days 01:06:29.538000,81,3,+2.530,+0.714
0 days 01:06:33.767000,81,3,+2.482,+0.598
0 days 01:06:36.793000,81,3,+2.531,+0.639
0 days 01:06:44.193000,81,3,+2.440,+0.704
0 days 01:06:47.855000,81,3,+2.441,+0.687
0 days 01:06:51.834000,81,3,+2.436,+0.644
0 days 01:06:57.589000,81,3,+2.491,+0.627
0 days 01:07:02.462000,81,3,+2.655,+0.609
0 days 01:07:06.414000,81,3,+2.667,+0.560
0 days 01:07:12.794000,81,3,+2.792,+0.646
0 days 01:07:18.293000,81,3,+2.762,+0.706
0 days 01:07:22.541000,81,3,+2.747,+0.700
0 days 01:07:27.267000,81,3,+2.683,+0.618
0 days 01:07:30.897000,81,3,+2.508,+0.434
0 days 01:07:39.497000,81,3,+2.633,+0.560
0 days 01:07:43.386000,81,3,+2.652,+0.544
0 days 01:07:44.141000,81,3,+2.652,+0.543
0 days 01:07:48.513000,81,3,+2.586,+0.486
0 days 01:07:52.717000,81,3,+2.412,+0.307
0 days 01:07:53.881000,81,3,+2.349,+0.251
0 days 01:07:56.133000,81,3,+2.333,+0.284
0 days 01:08:01.582000,81,3,+2.546,+0.404
0 days 01:08:07.427000,81,3,+2.710,+0.607
0 days 01:08:11.663000,81,3,+2.714,+0.516
0 days 01:08:14.608000,81,3,+2.744,+0.533
0 days 01:08:22.011000,81,3,+2.836,+0.634
0 days 01:08:25.807000,81,3,+2.897,+0.647
0 days 01:08:29.859000,81,3,+2.895,+0.646
0 days 01:08:35.645000,81,3,+2.912,+0.613
0 days 01:08:40.646000,81,3,+3.118,+0.695
0 days 01:08:44.608000,81,3,+3.161,+0.677
0 days 01:08:50.968000,81,3,+3.179,+0.716
0 days 01:08:56.353000,81,3,+3.026,+0.505
0 days 01:09:00.629000,81,3,+2.982,+0.464
0 days 01:09:05.310000,81,3,+2.868,+0.344
0 days 01:09:08.943000,81,3,+2.649,+0.121
0 days 01:09:17.446000,81,2,+2.649,+0.121
0 days 01:09:17.525000,81,2,+2.699,+2.699
0 days 01:09:21.464000,81,2,+2.746,+2.746
0 days 01:09:22.387000,81,2,+2.765,+2.765
0 days 01:09:26.663000,81,2,+2.673,+2.673
0 days 01:09:31.042000,81,2,+2.703,+2.703
0 days 01:09:32.308000,81,2,+2.735,+2.735
0 days 01:09:34.489000,81,2,+2.578,+2.578
0 days 01:09:39.719000,81,2,+2.682,+2.682
0 days 01:09:45.464000,81,2,+2.653,+2.653
0 days 01:09:49.716000,81,2,+2.670,+2.670
0 days 01:09:52.736000,81,2,+2.728,+2.728
0 days 01:10:00.368000,81,2,+2.905,+2.905
0 days 01:10:04.168000,81,2,+3.012,+3.012
0 days 01:10:08.134000,81,2,+3.082,+3.082
0 days 01:10:13.957000,81,2,+3.159,+3.159
0 days 01:10:18.930000,81,2,+3.353,+3.353
0 days 01:10:22.916000,81,2,+3.387,+3.387
0 days 01:10:29.264000,81,2,+3.397,+3.397
0 days 01:10:34.671000,81,2,+3.420,+3.420
0 days 01:10:38.995000,81,2,+3.429,+3.429
0 days 01:10:43.813000,81,2,+3.456,+3.456
0 days 01:10:47.607000,81,2,+3.479,+3.479
0 days 01:10:56.210000,81,2,+3.669,+3.669
0 days 01:11:00.161000,81,2,+3.734,+3.734
0 days 01:11:00.929000,81,2,+3.756,+3.756
0 days 01:11:05.395000,81,2,+3.785,+3.785
0 days 01:11:09.788000,81,2,+3.825,+3.825
0 days 01:11:11.022000,81,2,+3.849,+3.849
0 days 01:11:13.244000,81,2,+3.778,+3.778
0 days 01:11:18.515000,81,2,+3.969,+3.969
0 days 01:11:24.354000,81,2,+4.129,+4.129
0 days 01:11:28.611000,81,2,+4.207,+4.207
0 days 01:11:31.600000,81,2,+4.256,+4.256
0 days 01:11:39.091000,81,2,+4.413,+4.413
0 days 01:11:42.838000,81,2,+4.426,+4.426
0 days 01:11:46.867000,81,2,+4.588,+4.588
0 days 01:11:52.761000,81,2,+4.712,+4.712
0 days 01:11:57.776000,81,2,+4.886,+4.886
0 days 01:12:01.751000,81,2,+4.901,+4.901
0 days 01:12:08.151000,81,2,+4.986,+4.986
0 days 01:12:13.587000,81,2,+4.811,+4.811
0 days 01:12:18.020000,81,2,+4.808,+4.808
0 days 01:12:22.723000,81,2,+4.840,+4.840
0 days 01:12:26.495000,81,2,+4.871,+4.871
0 days 01:12:34.969000,81,2,+4.908,+4.908
0 days 01:12:38.869000,81,2,+4.924,+4.924
0 days 01:12:39.836000,81,2,+4.913,+4.913
0 days 01:12:44.146000,81,2,+4.922,+4.922
0 days 01:12:48.515000,81,2,+4.962,+4.962
0 days 01:12:49.717000,81,2,+4.974,+4.974
0 days 01:12:51.917000,81,2,+4.871,+4.871
0 days 01:12:57.158000,81,2,+5.156,+5.156
0 days 01:13:03.043000,81,2,+5.221,+5.221
0 days 01:13:07.324000,81,2,+5.283,+5.283
0 days 01:13:10.317000,81,2,+5.331,+5.331
0 days 01:13:17.845000,81,2,+5.490,+5.490
0 days 01:13:21.470000,81,2,+5.534,+5.534
0 days 01:13:25.544000,81,2,+5.685,+5.685
0 days 01:13:31.371000,81,2,+5.789,+5.789
0 days 01:13:36.400000,81,2,+5.940,+5.940
0 days 01:13:40.320000,81,2,+5.953,+5.953
0 days 01:13:46.764000,81,2,+6.127,+6.127
0 days 01:13:52.160000,81,2,+6.016,+6.016
0 days 01:13:56.470000,81,2,+6.033,+6.033
0 days 01:14:01.297000,81,2,+6.082,+6.082
0 days 01:14:05.113000,81,2,+6.117,+6.117
0 days 01:14:13.670000,81,2,+6.229,+6.229
0 days 01:14:17.515000,81,2,+6.221,+6.221
0 days 01:14:18.332000,81,2,+6.202,+6.202
0 days 01:14:22.737000,81,2,+6.185,+6.185
0 days 01:14:27.123000,81,2,+6.219,+6.219
0 days 01:14:28.371000,81,2,+6.237,+6.237
0 days 01:14:30.622000,81,2,+6.041,+6.041
0 days 01:14:35.764000,81,2,+6.204,+6.204
0 days 01:14:41.645000,81,2,+6.340,+6.340
0 days 01:14:45.922000,81,2,+6.348,+6.348
0 days 01:14:48.901000,81,2,+6.384,+6.384
0 days 01:14:56.316000,81,2,+6.663,+6.663
0 days 01:15:00.164000,81,2,+6.698,+6.698
0 days 01:15:04.144000,81,2,+6.742,+6.742
0 days 01:15:09.691000,81,2,+6.778,+6.778
0 days 01:15:14.690000,81,2,+6.932,+6.932
0 days 01:15:18.611000,81,2,+6.948,+6.948
0 days 01:15:25.045000,81,2,+6.946,+6.946
0 days 01:15:30.197000,81,2,+6.944,+6.944
0 days 01:15:34.497000,81,2,+6.940,+6.940
0 days 01:15:39.287000,81,2,+6.983,+6.983
0 days 01:15:43.089000,81,2,+7.013,+7.013
0 days 01:15:51.545000,81,2,+6.934,+6.934
0 days 01:15:55.414000,81,2,+6.940,+6.940
0 days 01:15:56.228000,81,2,+6.925,+6.925
0 days 01:16:00.563000,81,2,+6.889,+6.889
0 days 00:00:09.326000,16,4,,
0 days 00:45:20.157000,16,4,+0.409,+0.165
0 days 00:45:21.205000,16,4,+0.345,+0.114
0 days 00:45:23.818000,16,4,+0.655,+0.176
0 days 00:45:29.063000,16,4,+1.006,+0.078
0 days 00:45:34.877000,16,4,+1.441,+0.100
0 days 00:45:38.906000,16,4,+1.435,+0.134
0 days 00:45:41.768000,16,4,+1.356,+0.083
0 days 00:45:49.131000,16,4,+1.792,+0.095
0 days 00:45:52.759000,16,4,+1.773,+0.056
0 days 00:45:56.958000,16,4,+2.025,+0.352
0 days 00:46:02.798000,16,4,+2.447,+0.413
0 days 00:46:07.537000,16,4,+2.510,+0.552
0 days 00:46:11.435000,16,4,+2.529,+0.576
0 days 00:46:17.686000,16,4,+2.717,+0.696
0 days 00:46:22.747000,16,4,+2.806,+0.754
0 days 00:46:27.059000,16,4,+2.806,+0.731
0 days 00:46:31.718000,16,4,+2.741,+0.651
0 days 00:46:35.481000,16,4,+2.667,+0.584
0 days 00:46:44.252000,16,5,+2.667,+0.584
0 days 00:46:44.658000,16,5,+3.591,+0.382
0 days 00:46:48.679000,16,5,+3.673,+0.429
0 days 00:46:49.600000,16,5,+3.732,+0.438
0 days 00:46:53.988000,16,5,+3.660,+0.347
0 days 00:46:58.340000,16,5,+3.538,+0.264
0 days 00:46:59.547000,16,5,+3.483,+0.239
0 days 00:47:01.854000,16,5,+3.465,+0.184
0 days 00:47:07.332000,16,5,+4.155,+0.349
0 days 00:47:12.840000,16,5,+4.272,+0.571
0 days 00:47:17.004000,16,5,+4.331,+0.584
0 days 00:47:19.925000,16,5,+4.300,+0.554
0 days 00:47:27.194000,16,5,+4.684,+0.696
0 days 00:47:30.884000,16,5,+4.683,+0.698
0 days 00:47:34.996000,16,5,+4.711,+0.679
0 days 00:47:40.785000,16,5,+4.845,+0.594
0 days 00:47:45.437000,16,5,+4.977,+0.727
0 days 00:47:49.325000,16,5,+4.979,+0.739
0 days 00:47:55.574000,16,5,+5.144,+0.846
0 days 00:48:00.525000,16,5,+5.026,+0.900
0 days 00:48:04.822000,16,5,+5.050,+0.909
0 days 00:48:09.533000,16,5,+4.940,+0.828
0 days 00:48:13.076000,16,5,+4.701,+0.642
0 days 00:48:21.633000,16,5,+5.101,+0.815
0 days 00:48:25.648000,16,5,+5.181,+0.871
0 days 00:48:26.534000,16,5,+5.201,+0.825
0 days 00:48:30.907000,16,5,+5.156,+0.810
0 days 00:48:35.087000,16,5,+4.939,+0.621
0 days 00:48:36.262000,16,5,+4.847,+0.550
0 days 00:48:38.617000,16,5,+4.716,+0.442
0 days 00:48:43.885000,16,5,+5.186,+0.625
0 days 00:48:49.427000,16,5,+5.293,+0.811
0 days 00:48:53.685000,16,5,+5.403,+0.879
0 days 00:48:56.613000,16,5,+5.378,+0.876
0 days 00:49:03.848000,16,5,+5.567,+1.057
0 days 00:49:07.512000,16,5,+5.578,+1.064
0 days 00:49:11.551000,16,5,+5.468,+1.039
0 days 00:49:17.160000,16,5,+5.363,+1.097
0 days 00:49:21.815000,16,5,+5.425,+1.212
0 days 00:49:25.723000,16,5,+5.422,+1.217
0 days 00:49:31.885000,16,5,+5.548,+1.305
0 days 00:49:36.980000,16,5,+5.372,+1.188
0 days 00:49:41.241000,16,5,+5.305,+1.147
0 days 00:49:45.923000,16,5,+5.238,+1.116
0 days 00:49:49.660000,16,5,+5.189,+1.113
0 days 00:49:58.089000,16,5,+5.388,+1.075
0 days 00:50:02.079000,16,5,+5.381,+1.091
0 days 00:50:02.916000,16,5,+5.341,+1.019
0 days 00:50:07.260000,16,5,+5.297,+1.057
0 days 00:50:11.563000,16,5,+5.246,+1.061
0 days 00:50:12.733000,16,5,+5.229,+1.089
0 days 00:50:14.946000,16,5,+5.034,+0.950
0 days 00:50:20.145000,16,5,+5.146,+0.870
0 days 00:50:25.568000,16,5,+5.333,+1.088
0 days 00:50:29.850000,16,5,+5.406,+1.147
0 days 00:50:32.752000,16,5,+5.413,+1.147
0 days 00:50:39.834000,16,5,+5.537,+1.144
0 days 00:50:43.535000,16,5,+5.546,+1.150
0 days 00:50:47.476000,16,5,+5.226,+1.128
0 days 00:50:53.134000,16,5,+5.168,+1.098
0 days 00:50:57.862000,16,5,+5.315,+1.154
0 days 00:51:01.799000,16,5,+5.359,+1.184
0 days 00:51:07.961000,16,5,+5.529,+1.293
0 days 00:51:13.086000,16,5,+5.337,+1.221
0 days 00:51:17.378000,16,5,+5.300,+1.181
0 days 00:51:22.071000,16,5,+5.263,+1.151
0 days 00:51:25.865000,16,5,+5.266,+1.189
0 days 00:51:34.380000,16,5,+5.551,+1.434
0 days 00:51:38.328000,16,5,+5.597,+1.460
0 days 00:51:39.156000,16,5,+5.578,+1.383
0 days 00:51:43.462000,16,5,+5.488,+1.421
0 days 00:51:47.803000,16,5,+5.423,+1.428
0 days 00:51:48.963000,16,5,+5.403,+1.460
0 days 00:51:51.189000,16,5,+5.271,+1.374
0 days 00:51:56.487000,16,5,+5.560,+1.462
0 days 00:52:02.061000,16,5,+5.585,+1.591
0 days 00:52:06.334000,16,5,+5.634,+1.659
0 days 00:52:09.178000,16,5,+5.617,+1.647
0 days 00:52:16.315000,16,5,+5.687,+1.704
0 days 00:52:20.010000,16,5,+5.712,+1.701
0 days 00:52:24.061000,16,5,+5.563,+1.589
0 days 00:52:29.761000,16,5,+5.425,+1.483
0 days 00:52:34.407000,16,5,+5.512,+1.537
0 days 00:52:38.330000,16,5,+5.499,+1.531
0 days 00:52:44.509000,16,5,+5.545,+1.590
0 days 00:52:49.689000,16,5,+5.381,+1.591
0 days 00:52:54.038000,16,5,+5.325,+1.527
0 days 00:52:58.737000,16,5,+5.291,+1.500
0 days 00:53:02.510000,16,5,+5.279,+1.522
0 days 00:53:10.934000,16,5,+5.482,+1.644
0 days 00:53:14.863000,16,5,+5.495,+1.645
0 days 00:53:15.619000,16,5,+5.447,+1.588
0 days 00:53:19.991000,16,5,+5.328,+1.551
0 days 00:53:24.307000,16,5,+5.273,+1.538
0 days 00:53:25.488000,16,5,+5.266,+1.558
0 days 00:53:27.751000,16,5,+5.118,+1.421
0 days 00:53:32.914000,16,5,+5.256,+1.411
0 days 00:53:38.504000,16,5,+5.314,+1.505
0 days 00:53:42.693000,16,5,+5.406,+1.521
0 days 00:53:45.607000,16,5,+5.396,+1.498
0 days 00:53:52.620000,16,5,+5.461,+1.460
0 days 00:53:56.362000,16,5,+5.462,+1.442
0 days 00:54:00.342000,16,5,+5.400,+1.306
0 days 00:54:05.988000,16,5,+5.389,+1.235
0 days 00:54:10.761000,16,5,+5.520,+1.344
0 days 00:54:14.689000,16,5,+5.538,+1.344
0 days 00:54:20.891000,16,5,+5.567,+1.411
0 days 00:54:26.140000,16,5,+5.406,+1.466
0 days 00:54:30.425000,16,5,+5.323,+1.469
0 days 00:54:35.188000,16,5,+5.271,+1.474
0 days 00:54:38.863000,16,5,+5.235,+1.513
0 days 00:54:47.254000,16,5,+5.375,+1.626
0 days 00:54:51.199000,16,5,+5.409,+1.621
0 days 00:54:51.950000,16,5,+5.393,+1.536
0 days 00:54:56.288000,16,5,+5.323,+1.534
0 days 00:55:00.627000,16,5,+5.254,+1.514
0 days 00:55:01.817000,16,5,+5.233,+1.512
0 days 00:55:04.062000,16,5,+4.987,+1.368
0 days 00:55:09.329000,16,5,+5.208,+1.290
0 days 00:55:14.829000,16,5,+5.237,+1.274
0 days 00:55:19.052000,16,5,+5.356,+1.315
0 days 00:55:21.985000,16,5,+5.348,+1.304
0 days 00:55:29.088000,16,5,+5.476,+1.400
0 days 00:55:32.840000,16,5,+5.491,+1.401
0 days 00:55:36.818000,16,5,+5.291,+1.225
0 days 00:55:42.468000,16,5,+5.095,+1.169
0 days 00:55:47.317000,16,5,+5.232,+1.341
0 days 00:55:51.240000,16,5,+5.269,+1.374
0 days 00:55:57.499000,16,5,+5.406,+1.524
0 days 00:56:02.813000,16,5,+5.414,+1.522
0 days 00:56:07.062000,16,5,+5.375,+1.499
0 days 00:56:11.823000,16,5,+5.332,+1.470
0 days 00:56:15.554000,16,5,+5.308,+1.484
0 days 00:56:23.909000,16,5,+5.397,+1.540
0 days 00:56:27.880000,16,5,+5.448,+1.585
0 days 00:56:28.663000,16,5,+5.409,+1.540
0 days 00:56:32.965000,16,5,+5.349,+1.524
0 days 00:56:37.296000,16,5,+5.293,+1.515
0 days 00:56:38.484000,16,5,+5.283,+1.509
0 days 00:56:40.663000,16,5,+5.152,+1.347
0 days 00:56:45.849000,16,5,+5.417,+1.395
0 days 00:56:51.436000,16,5,+5.571,+1.561
0 days 00:56:55.760000,16,5,+5.709,+1.624
0 days 00:56:58.636000,16,5,+5.706,+1.614
0 days 00:57:05.842000,16,5,+5.819,+1.691
0 days 00:57:09.571000,16,5,+5.845,+1.703
0 days 00:57:13.540000,16,5,+5.788,+1.539
0 days 00:57:19.289000,16,5,+5.881,+1.574
0 days 00:57:24.063000,16,5,+5.976,+1.611
0 days 00:57:28.013000,16,5,+5.997,+1.625
0 days 00:57:34.315000,16,5,+6.259,+1.868
0 days 00:57:39.708000,16,5,+6.353,+1.870
0 days 00:57:43.889000,16,5,+6.362,+1.844
0 days 00:57:48.663000,16,5,+6.340,+1.823
0 days 00:57:52.491000,16,5,+6.327,+1.834
0 days 00:58:00.868000,16,5,+6.410,+1.883
0 days 00:58:04.841000,16,5,+6.465,+1.886
0 days 00:58:05.694000,16,5,+6.444,+1.834
0 days 00:58:09.989000,16,5,+6.360,+1.819
0 days 00:58:14.355000,16,5,+6.310,+1.803
0 days 00:58:15.470000,16,5,+6.304,+1.800
0 days 00:58:17.731000,16,5,+6.139,+1.648
0 days 00:58:22.914000,16,5,+5.988,+1.523
0 days 00:58:28.429000,16,5,+6.142,+1.690
0 days 00:58:32.693000,16,5,+6.174,+1.676
0 days 00:58:35.601000,16,5,+6.168,+1.671
0 days 00:58:42.880000,16,5,+6.248,+1.861
0 days 00:58:46.589000,16,5,+6.260,+1.839
0 days 00:58:50.480000,16,5,+6.113,+1.658
0 days 00:58:56.253000,16,5,+6.261,+1.662
0 days 00:59:01.185000,16,5,+6.480,+1.829
0 days 00:59:05.113000,16,5,+6.525,+1.859
0 days 00:59:11.375000,16,5,+6.627,+1.926
0 days 00:59:16.858000,16,5,+6.720,+2.064
0 days 00:59:21.126000,16,5,+6.720,+2.048
0 days 00:59:25.913000,16,5,+6.706,+2.033
0 days 00:59:29.720000,16,5,+6.699,+2.041
0 days 00:59:38.152000,16,5,+6.785,+2.119
0 days 00:59:42.115000,16,5,+6.829,+2.162
0 days 00:59:43.001000,16,5,+6.797,+2.148
0 days 00:59:47.264000,16,5,+6.707,+2.158
0 days 00:59:51.654000,16,5,+6.660,+2.144
0 days 00:59:52.790000,16,5,+6.657,+2.144
0 days 00:59:55.019000,16,5,+6.559,+1.961
0 days 01:00:00.308000,16,5,+6.678,+1.955
0 days 01:00:05.747000,16,5,+6.702,+1.824
0 days 01:00:09.981000,16,5,+6.775,+1.829
0 days 01:00:12.903000,16,5,+6.765,+1.818
0 days 01:00:20.254000,16,5,+7.056,+2.080
0 days 01:00:23.990000,16,5,+7.102,+2.098
0 days 01:00:27.896000,16,5,+6.986,+1.861
0 days 01:00:33.794000,16,5,+7.071,+1.980
0 days 01:00:38.564000,16,5,+7.149,+2.085
0 days 01:00:42.511000,16,5,+7.171,+2.098
0 days 01:00:48.818000,16,5,+7.274,+2.290
0 days 01:00:54.325000,16,5,+7.321,+2.342
0 days 01:00:58.622000,16,5,+7.298,+2.305
0 days 01:01:03.365000,16,5,+7.291,+2.289
0 days 01:01:07.190000,16,5,+7.279,+2.315
0 days 01:01:15.744000,16,5,+7.452,+2.523
0 days 01:01:19.731000,16,5,+7.511,+2.568
0 days 01:01:20.605000,16,5,+7.501,+2.533
0 days 01:01:24.884000,16,5,+7.465,+2.465
0 days 01:01:29.191000,16,5,+7.421,+2.432
0 days 01:01:30.390000,16,5,+7.403,+2.414
0 days 01:01:32.560000,16,5,+7.237,+2.263
0 days 01:01:37.880000,16,5,+7.304,+2.169
0 days 01:01:43.484000,16,5,+7.485,+2.231
0 days 01:01:47.750000,16,5,+7.583,+2.294
0 days 01:01:50.709000,16,5,+7.571,+2.273
0 days 01:01:58.165000,16,5,+7.903,+2.560
0 days 01:02:01.875000,16,5,+7.943,+2.580
0 days 01:02:05.785000,16,5,+7.834,+2.280
0 days 01:02:11.717000,16,5,+8.130,+2.337
0 days 01:02:16.516000,16,5,+8.286,+2.487
0 days 01:02:20.467000,16,5,+8.315,+2.499
0 days 01:02:26.839000,16,5,+8.507,+2.644
0 days 01:02:32.440000,16,5,+8.685,+2.668
0 days 01:02:36.757000,16,5,+8.690,+2.638
0 days 01:02:41.493000,16,5,+8.684,+2.603
0 days 01:02:45.310000,16,5,+8.680,+2.595
0 days 01:02:53.807000,16,5,+8.837,+2.738
0 days 01:02:57.783000,16,5,+8.880,+2.777
0 days 01:02:58.626000,16,5,+8.837,+2.743
0 days 01:03:02.896000,16,5,+8.784,+2.733
0 days 01:03:07.283000,16,5,+8.755,+2.721
0 days 01:03:08.422000,16,5,+8.746,+2.719
0 days 01:03:10.608000,16,5,+8.569,+2.457
0 days 01:03:15.919000,16,5,+8.693,+2.459
0 days 01:03:21.621000,16,5,+8.894,+2.484
0 days 01:03:25.912000,16,5,+9.015,+2.573
0 days 01:03:28.829000,16,5,+9.009,+2.566
0 days 01:03:36.155000,16,5,+9.156,+2.844
0 days 01:03:39.917000,16,5,+9.163,+2.866
0 days 01:03:44.079000,16,5,+9.344,+2.789
0 days 01:03:49.931000,16,5,+9.580,+2.794
0 days 01:03:54.686000,16,5,+9.635,+2.873
0 days 01:03:58.638000,16,5,+9.642,+2.885
0 days 01:04:05.032000,16,5,+9.804,+3.020
0 days 01:04:10.540000,16,5,+9.885,+3.094
0 days 01:04:14.853000,16,5,+9.867,+3.086
0 days 01:04:19.655000,16,5,+9.857,+3.069
0 days 01:04:23.462000,16,5,+9.869,+3.083
0 days 01:04:31.996000,16,5,+10.065,+3.289
0 days 01:04:35.966000,16,5,+10.095,+3.304
0 days 01:04:36.768000,16,5,+10.087,+3.275
0 days 01:04:41.113000,16,5,+10.084,+3.271
0 days 01:04:45.492000,16,5,+10.052,+3.255
0 days 01:04:46.667000,16,5,+10.058,+3.252
0 days 01:04:48.943000,16,5,+10.027,+3.199
0 days 01:04:54.383000,16,5,+10.218,+3.286
0 days 01:04:59.915000,16,5,+10.141,+3.271
0 days 01:05:04.271000,16,5,+10.217,+3.277
0 days 01:05:07.107000,16,5,+10.211,+3.267
0 days 01:05:14.328000,16,5,+10.201,+3.400
0 days 01:05:18.122000,16,5,+10.242,+3.426
0 days 01:05:22.019000,16,5,+10.178,+3.151
0 days 01:05:27.900000,16,5,+10.230,+3.160
0 days 01:05:32.624000,16,5,+10.255,+3.227
0 days 01:05:36.566000,16,5,+10.279,+3.218
0 days 01:05:43.031000,16,5,+10.573,+3.441
0 days 01:05:48.462000,16,5,+10.523,+3.569
0 days 01:05:52.840000,16,5,+10.492,+3.565
0 days 01:05:57.540000,16,5,+10.465,+3.545
0 days 01:06:01.427000,16,5,+10.460,+3.551
0 days 01:06:09.884000,16,5,+10.533,+3.713
0 days 01:06:13.835000,16,5,+10.575,+3.723
0 days 01:06:14.784000,16,5,+10.577,+3.692
0 days 01:06:18.967000,16,5,+10.543,+3.654
0 days 01:06:23.351000,16,5,+10.518,+3.641
0 days 01:06:24.503000,16,5,+10.523,+3.643
0 days 01:06:26.666000,16,5,+10.325,+3.409
0 days 01:06:31.841000,16,5,+10.403,+3.177
0 days 01:06:37.429000,16,5,+10.390,+3.119
0 days 01:06:41.728000,16,5,+10.432,+3.152
0 days 01:06:44.667000,16,5,+10.427,+3.144
0 days 01:06:51.955000,16,5,+10.283,+3.267
0 days 01:06:55.655000,16,5,+10.289,+3.287
0 days 01:06:59.608000,16,5,+10.177,+2.880
0 days 01:07:05.313000,16,5,+10.222,+2.740
0 days 01:07:10.135000,16,5,+10.304,+2.856
0 days 01:07:14.030000,16,5,+10.314,+2.859
0 days 01:07:20.399000,16,5,+10.353,+2.821
0 days 01:07:25.826000,16,5,+10.313,+2.887
0 days 01:07:30.104000,16,5,+10.283,+2.848
0 days 01:07:34.871000,16,5,+10.271,+2.827
0 days 01:07:38.685000,16,5,+10.280,+2.842
0 days 01:07:47.142000,16,5,+10.303,+2.925
0 days 01:07:51.035000,16,5,+10.336,+2.912
0 days 01:07:51.960000,16,5,+10.343,+2.905
0 days 01:07:56.212000,16,5,+10.303,+2.880
0 days 01:08:00.568000,16,5,+10.267,+2.850
0 days 01:08:01.741000,16,5,+10.261,+2.839
0 days 01:08:03.878000,16,5,+10.082,+2.524
0 days 01:08:08.967000,16,5,+9.907,+2.254
0 days 01:08:14.628000,16,5,+9.953,+2.282
0 days 01:08:18.897000,16,5,+9.963,+2.274
0 days 01:08:21.810000,16,5,+9.947,+2.248
0 days 01:08:29.059000,16,5,+9.813,+2.207
0 days 01:08:32.713000,16,5,+9.817,+2.215
0 days 01:08:36.585000,16,5,+9.676,+1.875
0 days 01:08:42.368000,16,5,+9.667,+1.801
0 days 01:08:47.291000,16,5,+9.800,+1.934
0 days 01:08:51.245000,16,5,+9.815,+1.912
0 days 01:08:57.763000,16,5,+9.866,+1.967
0 days 01:09:03.094000,16,5,+9.748,+1.962
0 days 01:09:07.342000,16,5,+9.701,+1.932
0 days 01:09:12.112000,16,5,+9.658,+1.884
0 days 01:09:15.913000,16,5,+9.625,+1.856
0 days 01:09:24.368000,16,5,+9.602,+1.950
0 days 01:09:28.342000,16,5,+9.642,+1.953
0 days 01:09:29.200000,16,5,+9.637,+1.910
0 days 01:09:33.537000,16,5,+9.568,+1.871
0 days 01:09:37.857000,16,5,+9.531,+1.842
0 days 01:09:39.034000,16,5,+9.516,+1.826
0 days 01:09:41.188000,16,5,+9.303,+1.690
0 days 01:09:46.357000,16,5,+9.351,+1.502
0 days 01:09:52.150000,16,5,+9.284,+1.552
0 days 01:09:56.395000,16,5,+9.324,+1.566
0 days 01:09:59.270000,16,5,+9.309,+1.542
0 days 01:10:06.543000,16,5,+9.144,+1.483
0 days 01:10:10.264000,16,5,+9.123,+1.469
0 days 01:10:14.104000,16,5,+9.092,+1.194
0 days 01:10:19.980000,16,5,+9.197,+1.144
0 days 01:10:24.884000,16,5,+9.333,+1.230
0 days 01:10:28.836000,16,5,+9.329,+1.195
0 days 01:10:35.127000,16,5,+9.248,+1.242
0 days 01:10:40.744000,16,5,+9.495,+1.432
0 days 01:10:45.028000,16,5,+9.469,+1.451
0 days 01:10:49.836000,16,5,+9.448,+1.428
0 days 01:10:53.549000,16,5,+9.430,+1.410
0 days 01:11:02.043000,16,5,+9.514,+1.402
0 days 01:11:05.999000,16,5,+9.556,+1.429
0 days 01:11:06.812000,16,5,+9.564,+1.402
0 days 01:11:11.179000,16,5,+9.572,+1.421
0 days 01:11:15.470000,16,5,+9.524,+1.376
0 days 01:11:16.659000,16,5,+9.519,+1.360
0 days 01:11:18.849000,16,5,+9.370,+1.219
0 days 01:11:23.917000,16,5,+9.329,+0.931
0 days 01:11:29.708000,16,5,+9.484,+1.026
0 days 01:11:33.958000,16,5,+9.537,+1.037
0 days 01:11:37.016000,16,5,+9.523,+1.006
0 days 01:11:44.191000,16,5,+9.485,+1.004
0 days 01:11:47.894000,16,5,+9.490,+1.010
0 days 01:11:51.745000,16,5,+9.469,+0.775
0 days 01:11:57.572000,16,5,+9.518,+0.736
0 days 01:12:02.469000,16,5,+9.576,+0.795
0 days 01:12:06.401000,16,5,+9.538,+0.774
0 days 01:12:12.916000,16,5,+9.698,+0.998
0 days 01:12:18.333000,16,5,+9.571,+1.063
0 days 01:12:22.643000,16,5,+9.567,+1.036
0 days 01:12:27.326000,16,5,+9.481,+0.932
0 days 01:12:30.918000,16,5,+9.298,+0.739
0 days 01:12:39.645000,16,5,+9.312,+0.722
0 days 01:12:43.282000,16,5,+9.338,+0.709
0 days 01:12:44.150000,16,5,+9.346,+0.642
0 days 01:12:48.496000,16,5,+9.301,+0.575
0 days 01:12:52.643000,16,5,+9.073,+0.357
0 days 01:12:53.743000,16,5,+8.997,+0.291
0 days 01:12:56.065000,16,5,+8.998,+0.294
0 days 01:13:01.517000,16,5,+9.430,+0.440
0 days 01:13:07.290000,16,5,+9.482,+0.416
0 days 01:13:11.615000,16,5,+9.480,+0.386
0 days 01:13:14.412000,16,5,+9.452,+0.346
0 days 01:13:21.912000,16,5,+9.570,+0.454
0 days 01:13:25.533000,16,5,+9.549,+0.401
0 days 01:13:29.412000,16,5,+9.610,+0.339
0 days 01:13:35.396000,16,5,+9.783,+0.367
0 days 01:13:40.391000,16,5,+9.957,+0.540
0 days 01:13:44.307000,16,5,+9.940,+0.511
0 days 01:13:50.845000,16,5,+10.218,+0.700
0 days 01:13:56.533000,16,5,+10.397,+0.968
0 days 01:14:00.886000,16,5,+10.407,+0.956
0 days 01:14:05.611000,16,5,+10.341,+0.884
0 days 01:14:09.138000,16,5,+10.152,+0.696
0 days 01:14:17.597000,16,5,+10.176,+0.574
0 days 01:14:21.520000,16,5,+10.212,+0.601
0 days 01:14:22.496000,16,5,+10.262,+0.603
0 days 01:14:26.830000,16,5,+10.236,+0.546
0 days 01:14:30.960000,16,5,+10.026,+0.349
0 days 01:14:32.047000,16,5,+9.942,+0.283
0 days 01:14:34.286000,16,5,+9.794,+0.255
0 days 01:14:39.718000,16,5,+10.117,+0.253
0 days 01:14:45.660000,16,5,+10.353,+0.329
0 days 01:14:49.882000,16,5,+10.295,+0.209
0 days 01:14:52.717000,16,5,+10.200,+0.116
0 days 01:15:00.728000,16,5,+11.055,+0.307
0 days 01:15:04.428000,16,5,+11.067,+0.281
0 days 01:15:08.390000,16,5,+11.147,+0.272
0 days 01:15:14.297000,16,5,+11.382,+0.358
0 days 01:15:19.410000,16,5,+11.617,+0.530
0 days 01:15:23.299000,16,5,+11.620,+0.519
0 days 01:15:29.858000,16,5,+11.879,+0.731
0 days 01:15:35.266000,16,5,+11.978,+0.828
0 days 01:15:39.548000,16,5,+12.005,+0.857
0 days 01:15:44.239000,16,5,+11.923,+0.790
0 days 01:15:47.816000,16,5,+11.750,+0.633
0 days 01:15:56.498000,16,5,+11.945,+0.556
0 days 01:16:00.537000,16,5,+12.034,+0.588
0 days 01:16:01.460000,16,5,+12.106,+0.564
0 days 01:16:05.845000,16,5,+12.190,+0.598
0 days 00:00:09.326000,63,5,,
0 days 00:45:20.200000,63,5,+0.479,+0.070
0 days 00:45:21.353000,63,5,+0.431,+0.086
0 days 00:45:23.987000,63,5,+0.790,+0.135
0 days 00:45:29.353000,63,5,+1.310,+0.304
0 days 00:45:35.503000,63,5,+2.017,+0.576
0 days 00:45:39.473000,63,5,+1.955,+0.520
0 days 00:45:42.384000,63,5,+1.916,+0.560
0 days 00:45:49.686000,63,5,+2.399,+0.607
0 days 00:45:53.410000,63,5,+2.434,+0.661
0 days 00:45:57.602000,63,5,+2.594,+0.569
0 days 00:46:03.505000,63,5,+3.055,+0.608
0 days 00:46:08.022000,63,5,+3.081,+0.571
0 days 00:46:11.988000,63,5,+3.082,+0.553
0 days 00:46:18.237000,63,5,+3.249,+0.532
0 days 00:46:23.159000,63,5,+3.252,+0.446
0 days 00:46:27.433000,63,5,+3.256,+0.450
0 days 00:46:32.107000,63,5,+3.142,+0.401
0 days 00:46:35.822000,63,5,+2.988,+0.321
0 days 00:46:44.252000,63,4,+2.988,+0.321
0 days 00:46:44.326000,63,4,+3.209,+0.970
0 days 00:46:48.236000,63,4,+3.244,+1.003
0 days 00:46:49.178000,63,4,+3.294,+1.062
0 days 00:46:53.632000,63,4,+3.313,+1.223
0 days 00:46:58.058000,63,4,+3.274,+1.219
0 days 00:46:59.334000,63,4,+3.244,+1.212
0 days 00:47:01.636000,63,4,+3.281,+1.449
0 days 00:47:06.984000,63,4,+3.806,+1.771
0 days 00:47:12.208000,63,4,+3.701,+1.741
0 days 00:47:16.376000,63,4,+3.747,+1.763
0 days 00:47:19.425000,63,4,+3.746,+1.746
0 days 00:47:26.484000,63,4,+3.988,+1.764
0 days 00:47:30.158000,63,4,+3.985,+1.738
0 days 00:47:34.330000,63,4,+4.032,+1.648
0 days 00:47:40.231000,63,4,+4.251,+1.766
0 days 00:47:44.647000,63,4,+4.250,+1.765
0 days 00:47:48.585000,63,4,+4.240,+1.746
0 days 00:47:54.687000,63,4,+4.298,+1.764
0 days 00:47:59.599000,63,4,+4.126,+1.504
0 days 00:48:03.912000,63,4,+4.141,+1.468
0 days 00:48:08.703000,63,4,+4.112,+1.443
0 days 00:48:12.426000,63,4,+4.059,+1.407
0 days 00:48:20.878000,63,4,+4.286,+1.448
0 days 00:48:24.735000,63,4,+4.310,+1.455
0 days 00:48:25.687000,63,4,+4.376,+1.525
0 days 00:48:30.110000,63,4,+4.346,+1.569
0 days 00:48:34.478000,63,4,+4.318,+1.557
0 days 00:48:35.675000,63,4,+4.297,+1.574
0 days 00:48:38.054000,63,4,+4.274,+1.799
0 days 00:48:43.288000,63,4,+4.561,+1.870
0 days 00:48:48.579000,63,4,+4.482,+1.908
0 days 00:48:52.801000,63,4,+4.524,+1.925
0 days 00:48:55.747000,63,4,+4.502,+1.871
0 days 00:49:02.706000,63,4,+4.510,+1.874
0 days 00:49:06.406000,63,4,+4.514,+1.853
0 days 00:49:10.497000,63,4,+4.429,+1.832
0 days 00:49:16.167000,63,4,+4.266,+1.592
0 days 00:49:20.554000,63,4,+4.213,+1.465
0 days 00:49:24.485000,63,4,+4.205,+1.405
0 days 00:49:30.585000,63,4,+4.243,+1.391
0 days 00:49:35.743000,63,4,+4.184,+1.296
0 days 00:49:40.096000,63,4,+4.158,+1.270
0 days 00:49:44.833000,63,4,+4.122,+1.230
0 days 00:49:48.555000,63,4,+4.076,+1.198
0 days 00:49:57.060000,63,4,+4.313,+1.364
0 days 00:50:00.915000,63,4,+4.290,+1.395
0 days 00:50:01.863000,63,4,+4.322,+1.469
0 days 00:50:06.141000,63,4,+4.240,+1.498
0 days 00:50:10.505000,63,4,+4.185,+1.460
0 days 00:50:11.643000,63,4,+4.140,+1.448
0 days 00:50:13.986000,63,4,+4.084,+1.653
0 days 00:50:19.146000,63,4,+4.276,+1.722
0 days 00:50:24.429000,63,4,+4.245,+1.777
0 days 00:50:28.633000,63,4,+4.259,+1.798
0 days 00:50:31.586000,63,4,+4.266,+1.768
0 days 00:50:38.641000,63,4,+4.393,+1.876
0 days 00:50:42.401000,63,4,+4.396,+1.864
0 days 00:50:46.334000,63,4,+4.098,+1.661
0 days 00:50:52.070000,63,4,+4.070,+1.570
0 days 00:50:56.644000,63,4,+4.161,+1.596
0 days 00:51:00.586000,63,4,+4.175,+1.570
0 days 00:51:06.709000,63,4,+4.236,+1.609
0 days 00:51:11.860000,63,4,+4.116,+1.508
0 days 00:51:16.178000,63,4,+4.119,+1.494
0 days 00:51:20.961000,63,4,+4.112,+1.465
0 days 00:51:24.715000,63,4,+4.077,+1.440
0 days 00:51:33.002000,63,4,+4.117,+1.471
0 days 00:51:36.859000,63,4,+4.137,+1.490
0 days 00:51:37.774000,63,4,+4.195,+1.543
0 days 00:51:42.037000,63,4,+4.067,+1.496
0 days 00:51:46.364000,63,4,+3.995,+1.450
0 days 00:51:47.506000,63,4,+3.943,+1.436
0 days 00:51:49.816000,63,4,+3.897,+1.570
0 days 00:51:55.017000,63,4,+4.098,+1.638
0 days 00:52:00.430000,63,4,+3.994,+1.715
0 days 00:52:04.600000,63,4,+3.975,+1.703
0 days 00:52:07.653000,63,4,+3.970,+1.676
0 days 00:52:14.509000,63,4,+3.983,+1.630
0 days 00:52:18.287000,63,4,+4.011,+1.633
0 days 00:52:22.461000,63,4,+3.974,+1.646
0 days 00:52:28.308000,63,4,+3.942,+1.517
0 days 00:52:32.850000,63,4,+3.975,+1.530
0 days 00:52:36.820000,63,4,+3.968,+1.530
0 days 00:52:42.936000,63,4,+3.955,+1.602
0 days 00:52:48.096000,63,4,+3.790,+1.434
0 days 00:52:52.475000,63,4,+3.798,+1.486
0 days 00:52:57.199000,63,4,+3.791,+1.479
0 days 00:53:00.982000,63,4,+3.757,+1.465
0 days 00:53:09.356000,63,4,+3.838,+1.420
0 days 00:53:13.237000,63,4,+3.850,+1.441
0 days 00:53:14.135000,63,4,+3.859,+1.480
0 days 00:53:18.428000,63,4,+3.777,+1.541
0 days 00:53:22.781000,63,4,+3.735,+1.518
0 days 00:53:23.909000,63,4,+3.708,+1.509
0 days 00:53:26.298000,63,4,+3.697,+1.613
0 days 00:53:31.519000,63,4,+3.845,+1.510
0 days 00:53:36.887000,63,4,+3.809,+1.569
0 days 00:53:41.127000,63,4,+3.885,+1.666
0 days 00:53:44.097000,63,4,+3.898,+1.638
0 days 00:53:51.157000,63,4,+4.001,+1.685
0 days 00:53:54.921000,63,4,+4.020,+1.689
0 days 00:53:59.040000,63,4,+4.094,+1.751
0 days 00:54:04.805000,63,4,+4.154,+1.640
0 days 00:54:09.392000,63,4,+4.176,+1.646
0 days 00:54:13.335000,63,4,+4.194,+1.645
0 days 00:54:19.587000,63,4,+4.156,+1.673
0 days 00:54:24.656000,63,4,+3.940,+1.528
0 days 00:54:28.906000,63,4,+3.854,+1.497
0 days 00:54:33.690000,63,4,+3.797,+1.507
0 days 00:54:37.361000,63,4,+3.722,+1.618
0 days 00:54:45.584000,63,4,+3.749,+1.534
0 days 00:54:49.570000,63,4,+3.788,+1.544
0 days 00:54:50.536000,63,4,+3.857,+1.573
0 days 00:54:54.784000,63,4,+3.789,+1.586
0 days 00:54:59.128000,63,4,+3.740,+1.713
0 days 00:55:00.372000,63,4,+3.721,+1.781
0 days 00:55:02.697000,63,4,+3.619,+1.886
0 days 00:55:07.995000,63,4,+3.918,+2.001
0 days 00:55:13.436000,63,4,+3.963,+1.970
0 days 00:55:17.687000,63,4,+4.041,+2.056
0 days 00:55:20.663000,63,4,+4.044,+2.033
0 days 00:55:27.638000,63,4,+4.076,+1.911
0 days 00:55:31.393000,63,4,+4.090,+1.929
0 days 00:55:35.604000,63,4,+4.066,+2.095
0 days 00:55:41.341000,63,4,+3.926,+2.094
0 days 00:55:45.951000,63,4,+3.891,+2.062
0 days 00:55:49.862000,63,4,+3.895,+2.039
0 days 00:55:55.983000,63,4,+3.882,+2.059
0 days 00:56:01.263000,63,4,+3.892,+2.090
0 days 00:56:05.551000,63,4,+3.876,+2.114
0 days 00:56:10.299000,63,4,+3.862,+2.174
0 days 00:56:14.062000,63,4,+3.824,+2.354
0 days 00:56:22.453000,63,4,+3.857,+2.384
0 days 00:56:26.239000,63,4,+3.863,+2.373
0 days 00:56:27.142000,63,4,+3.869,+2.367
0 days 00:56:31.413000,63,4,+3.825,+2.385
0 days 00:56:35.761000,63,4,+3.778,+2.551
0 days 00:56:36.920000,63,4,+3.774,+2.633
0 days 00:56:39.288000,63,4,+3.805,+2.794
0 days 00:56:44.440000,63,4,+4.022,+2.705
0 days 00:56:49.849000,63,4,+4.010,+2.665
0 days 00:56:54.081000,63,4,+4.085,+2.692
0 days 00:56:57.029000,63,4,+4.092,+2.655
0 days 00:57:04.133000,63,4,+4.128,+2.525
0 days 00:57:07.873000,63,4,+4.142,+2.508
0 days 00:57:11.963000,63,4,+4.249,+2.420
0 days 00:57:17.756000,63,4,+4.307,+2.343
0 days 00:57:22.436000,63,4,+4.365,+2.410
0 days 00:57:26.389000,63,4,+4.372,+2.412
0 days 00:57:32.463000,63,4,+4.391,+2.400
0 days 00:57:37.758000,63,4,+4.483,+2.328
0 days 00:57:42.089000,63,4,+4.518,+2.329
0 days 00:57:46.802000,63,4,+4.517,+2.326
0 days 00:57:50.630000,63,4,+4.493,+2.320
0 days 00:57:59.063000,63,4,+4.527,+2.414
0 days 00:58:02.907000,63,4,+4.579,+2.443
0 days 00:58:03.891000,63,4,+4.610,+2.479
0 days 00:58:08.178000,63,4,+4.541,+2.438
0 days 00:58:12.542000,63,4,+4.507,+2.441
0 days 00:58:13.689000,63,4,+4.504,+2.463
0 days 00:58:16.040000,63,4,+4.491,+2.647
0 days 00:58:21.363000,63,4,+4.465,+2.694
0 days 00:58:26.853000,63,4,+4.452,+2.554
0 days 00:58:30.973000,63,4,+4.498,+2.599
0 days 00:58:33.925000,63,4,+4.497,+2.547
0 days 00:58:40.981000,63,4,+4.387,+2.435
0 days 00:58:44.763000,63,4,+4.421,+2.451
0 days 00:58:48.834000,63,4,+4.455,+2.523
0 days 00:58:54.637000,63,4,+4.599,+2.518
0 days 00:58:59.309000,63,4,+4.651,+2.292
0 days 00:59:03.218000,63,4,+4.666,+2.207
0 days 00:59:09.394000,63,4,+4.701,+2.289
0 days 00:59:14.752000,63,4,+4.656,+2.226
0 days 00:59:19.092000,63,4,+4.672,+2.233
0 days 00:59:23.873000,63,4,+4.673,+2.219
0 days 00:59:27.709000,63,4,+4.658,+2.202
0 days 00:59:36.138000,63,4,+4.666,+2.201
0 days 00:59:39.996000,63,4,+4.667,+2.207
0 days 00:59:40.850000,63,4,+4.649,+2.221
0 days 00:59:45.112000,63,4,+4.549,+2.230
0 days 00:59:49.604000,63,4,+4.516,+2.216
0 days 00:59:50.620000,63,4,+4.513,+2.228
0 days 00:59:52.982000,63,4,+4.598,+2.435
0 days 00:59:58.364000,63,4,+4.723,+2.423
0 days 01:00:03.937000,63,4,+4.878,+2.515
0 days 01:00:08.159000,63,4,+4.946,+2.598
0 days 01:00:11.090000,63,4,+4.947,+2.559
0 days 01:00:18.153000,63,4,+4.976,+2.534
0 days 01:00:21.895000,63,4,+5.004,+2.525
0 days 01:00:26.025000,63,4,+5.125,+2.732
0 days 01:00:31.870000,63,4,+5.091,+2.831
0 days 01:00:36.484000,63,4,+5.064,+2.722
0 days 01:00:40.410000,63,4,+5.073,+2.703
0 days 01:00:46.493000,63,4,+4.984,+2.708
0 days 01:00:51.964000,63,4,+4.979,+2.799
0 days 01:00:56.291000,63,4,+4.993,+2.848
0 days 01:01:01.091000,63,4,+5.002,+2.930
0 days 01:01:04.864000,63,4,+4.964,+3.095
0 days 01:01:13.291000,63,4,+4.929,+2.995
0 days 01:01:17.164000,63,4,+4.943,+3.011
0 days 01:01:18.077000,63,4,+4.968,+3.042
0 days 01:01:22.411000,63,4,+5.000,+3.154
0 days 01:01:26.809000,63,4,+4.989,+3.326
0 days 01:01:27.964000,63,4,+4.989,+3.403
0 days 01:01:30.292000,63,4,+4.974,+3.464
0 days 01:01:35.605000,63,4,+5.135,+3.491
0 days 01:01:41.209000,63,4,+5.254,+3.497
0 days 01:01:45.425000,63,4,+5.289,+3.502
0 days 01:01:48.365000,63,4,+5.298,+3.459
0 days 01:01:55.519000,63,4,+5.343,+3.389
0 days 01:01:59.253000,63,4,+5.363,+3.381
0 days 01:02:03.438000,63,4,+5.554,+3.609
0 days 01:02:09.385000,63,4,+5.793,+3.768
0 days 01:02:13.993000,63,4,+5.799,+3.610
0 days 01:02:17.985000,63,4,+5.816,+3.608
0 days 01:02:24.307000,63,4,+5.863,+3.574
0 days 01:02:29.739000,63,4,+6.017,+3.807
0 days 01:02:34.112000,63,4,+6.052,+3.858
0 days 01:02:38.875000,63,4,+6.081,+3.958
0 days 01:02:42.726000,63,4,+6.085,+4.132
0 days 01:02:51.132000,63,4,+6.099,+4.121
0 days 01:02:54.985000,63,4,+6.103,+4.051
0 days 01:02:55.903000,63,4,+6.094,+4.020
0 days 01:03:00.191000,63,4,+6.051,+4.056
0 days 01:03:04.514000,63,4,+6.034,+4.218
0 days 01:03:05.751000,63,4,+6.027,+4.277
0 days 01:03:08.166000,63,4,+6.112,+4.364
0 days 01:03:13.443000,63,4,+6.234,+4.181
0 days 01:03:19.122000,63,4,+6.410,+4.307
0 days 01:03:23.365000,63,4,+6.442,+4.339
0 days 01:03:26.246000,63,4,+6.443,+4.289
0 days 01:03:33.266000,63,4,+6.312,+4.067
0 days 01:03:37.015000,63,4,+6.297,+4.044
0 days 01:03:41.298000,63,4,+6.555,+4.309
0 days 01:03:47.192000,63,4,+6.786,+4.311
0 days 01:03:51.805000,63,4,+6.762,+4.181
0 days 01:03:55.755000,63,4,+6.757,+4.176
0 days 01:04:01.992000,63,4,+6.784,+4.176
0 days 01:04:07.439000,63,4,+6.791,+4.171
0 days 01:04:11.754000,63,4,+6.781,+4.179
0 days 01:04:16.566000,63,4,+6.788,+4.243
0 days 01:04:20.392000,63,4,+6.786,+4.407
0 days 01:04:28.761000,63,4,+6.776,+4.349
0 days 01:04:32.625000,63,4,+6.791,+4.333
0 days 01:04:33.493000,63,4,+6.812,+4.345
0 days 01:04:37.866000,63,4,+6.813,+4.418
0 days 01:04:42.212000,63,4,+6.797,+4.571
0 days 01:04:43.521000,63,4,+6.806,+4.631
0 days 01:04:45.713000,63,4,+6.828,+4.723
0 days 01:04:50.975000,63,4,+6.932,+4.543
0 days 01:04:56.566000,63,4,+6.870,+4.461
0 days 01:05:00.884000,63,4,+6.940,+4.532
0 days 01:05:03.798000,63,4,+6.944,+4.510
0 days 01:05:10.911000,63,4,+6.801,+4.285
0 days 01:05:14.664000,63,4,+6.816,+4.231
0 days 01:05:18.865000,63,4,+7.027,+4.424
0 days 01:05:24.743000,63,4,+7.070,+4.424
0 days 01:05:29.386000,63,4,+7.028,+4.295
0 days 01:05:33.340000,63,4,+7.061,+4.320
0 days 01:05:39.555000,63,4,+7.132,+4.312
0 days 01:05:44.897000,63,4,+6.954,+4.229
0 days 01:05:49.143000,63,4,+6.927,+4.246
0 days 01:05:53.940000,63,4,+6.920,+4.344
0 days 01:05:57.762000,63,4,+6.909,+4.539
0 days 01:06:06.255000,63,4,+6.820,+4.524
0 days 01:06:10.086000,63,4,+6.852,+4.559
0 days 01:06:10.967000,63,4,+6.885,+4.608
0 days 01:06:15.341000,63,4,+6.889,+4.648
0 days 01:06:19.682000,63,4,+6.877,+4.818
0 days 01:06:20.840000,63,4,+6.880,+4.897
0 days 01:06:23.204000,63,4,+6.916,+4.888
0 days 01:06:28.640000,63,4,+7.226,+4.927
0 days 01:06:34.249000,63,4,+7.271,+4.741
0 days 01:06:38.534000,63,4,+7.280,+4.798
0 days 01:06:41.486000,63,4,+7.283,+4.752
0 days 01:06:48.608000,63,4,+7.016,+4.576
0 days 01:06:52.330000,63,4,+7.002,+4.561
0 days 01:06:56.663000,63,4,+7.297,+4.861
0 days 01:07:02.622000,63,4,+7.482,+4.991
0 days 01:07:07.226000,63,4,+7.448,+4.793
0 days 01:07:11.161000,63,4,+7.455,+4.788
0 days 01:07:17.529000,63,4,+7.532,+4.740
0 days 01:07:22.903000,63,4,+7.426,+4.664
0 days 01:07:27.241000,63,4,+7.435,+4.688
0 days 01:07:32.040000,63,4,+7.444,+4.761
0 days 01:07:35.835000,63,4,+7.438,+4.930
0 days 01:07:44.243000,63,4,+7.378,+4.745
0 days 01:07:48.162000,63,4,+7.424,+4.772
0 days 01:07:49.029000,63,4,+7.438,+4.786
0 days 01:07:53.367000,63,4,+7.423,+4.837
0 days 01:07:57.695000,63,4,+7.417,+5.005
0 days 01:07:58.919000,63,4,+7.422,+5.073
0 days 01:08:01.371000,63,4,+7.558,+5.225
0 days 01:08:06.656000,63,4,+7.653,+5.107
0 days 01:08:12.311000,63,4,+7.671,+4.961
0 days 01:08:16.612000,63,4,+7.689,+4.975
0 days 01:08:19.562000,63,4,+7.699,+4.955
0 days 01:08:26.814000,63,4,+7.606,+4.770
0 days 01:08:30.485000,63,4,+7.602,+4.705
0 days 01:08:34.700000,63,4,+7.801,+4.906
0 days 01:08:40.668000,63,4,+7.866,+4.954
0 days 01:08:45.316000,63,4,+7.866,+4.748
0 days 01:08:49.328000,63,4,+7.903,+4.742
0 days 01:08:55.696000,63,4,+7.899,+4.720
0 days 01:09:01.135000,63,4,+7.786,+4.760
0 days 01:09:05.390000,63,4,+7.769,+4.787
0 days 01:09:10.217000,63,4,+7.774,+4.906
0 days 01:09:14.005000,63,4,+7.769,+5.120
0 days 01:09:22.535000,63,4,+7.652,+4.608
0 days 01:09:26.357000,63,4,+7.689,+4.584
0 days 01:09:27.440000,63,4,+7.727,+4.528
0 days 01:09:31.657000,63,4,+7.697,+4.455
0 days 01:09:36.003000,63,4,+7.689,+4.633
0 days 01:09:37.217000,63,4,+7.690,+4.721
0 days 01:09:39.495000,63,4,+7.613,+4.713
0 days 01:09:44.794000,63,4,+7.849,+4.555
0 days 01:09:50.546000,63,4,+7.732,+4.419
0 days 01:09:54.776000,63,4,+7.758,+4.316
0 days 01:09:57.768000,63,4,+7.767,+4.325
0 days 01:10:05.072000,63,4,+7.661,+4.163
0 days 01:10:08.786000,63,4,+7.654,+4.129
0 days 01:10:12.973000,63,4,+7.898,+4.183
0 days 01:10:18.895000,63,4,+8.053,+3.873
0 days 01:10:23.611000,63,4,+8.103,+3.675
0 days 01:10:27.661000,63,4,+8.134,+3.635
0 days 01:10:33.836000,63,4,+8.006,+3.455
0 days 01:10:39.369000,63,4,+8.063,+3.330
0 days 01:10:43.542000,63,4,+8.018,+3.289
0 days 01:10:48.341000,63,4,+8.020,+3.278
0 days 01:10:52.142000,63,4,+8.020,+3.276
0 days 01:11:00.745000,63,4,+8.112,+3.172
0 days 01:11:04.495000,63,4,+8.127,+3.106
0 days 01:11:05.395000,63,4,+8.162,+3.093
0 days 01:11:09.757000,63,4,+8.151,+2.913
0 days 01:11:14.190000,63,4,+8.148,+2.893
0 days 01:11:15.324000,63,4,+8.159,+2.909
0 days 01:11:17.550000,63,4,+8.151,+2.918
0 days 01:11:22.935000,63,4,+8.398,+3.072
0 days 01:11:28.681000,63,4,+8.458,+3.000
0 days 01:11:32.928000,63,4,+8.500,+2.880
0 days 01:11:35.876000,63,4,+8.517,+2.891
0 days 01:11:43.069000,63,4,+8.481,+2.737
0 days 01:11:46.830000,63,4,+8.480,+2.722
0 days 01:11:50.933000,63,4,+8.694,+2.728
0 days 01:11:56.989000,63,4,+8.782,+2.581
0 days 01:12:01.629000,63,4,+8.781,+2.398
0 days 01:12:05.611000,63,4,+8.764,+2.339
0 days 01:12:11.931000,63,4,+8.700,+2.135
0 days 01:12:17.271000,63,4,+8.508,+2.020
0 days 01:12:21.568000,63,4,+8.531,+2.050
0 days 01:12:26.368000,63,4,+8.549,+2.049
0 days 01:12:30.189000,63,4,+8.559,+2.033
0 days 01:12:38.697000,63,4,+8.590,+2.034
0 days 01:12:42.543000,63,4,+8.629,+2.010
0 days 01:12:43.496000,63,4,+8.704,+2.058
0 days 01:12:47.925000,63,4,+8.726,+1.936
0 days 01:12:52.290000,63,4,+8.716,+1.902
0 days 01:12:53.434000,63,4,+8.706,+1.891
0 days 01:12:55.750000,63,4,+8.704,+1.979
0 days 01:13:00.987000,63,4,+8.990,+2.171
0 days 01:13:06.870000,63,4,+9.066,+2.146
0 days 01:13:11.106000,63,4,+9.094,+1.909
0 days 01:13:14.089000,63,4,+9.106,+1.898
0 days 01:13:21.322000,63,4,+9.116,+1.765
0 days 01:13:25.059000,63,4,+9.148,+1.757
0 days 01:13:29.058000,63,4,+9.271,+1.786
0 days 01:13:35.023000,63,4,+9.416,+1.784
0 days 01:13:39.796000,63,4,+9.417,+1.530
0 days 01:13:43.796000,63,4,+9.429,+1.480
0 days 01:13:50.143000,63,4,+9.518,+1.397
0 days 01:13:55.547000,63,4,+9.429,+1.323
0 days 01:13:59.863000,63,4,+9.451,+1.328
0 days 01:14:04.690000,63,4,+9.457,+1.299
0 days 01:14:08.443000,63,4,+9.456,+1.271
0 days 01:14:17.091000,63,4,+9.602,+1.273
0 days 01:14:20.875000,63,4,+9.611,+1.225
0 days 01:14:21.869000,63,4,+9.659,+1.242
0 days 01:14:26.197000,63,4,+9.690,+1.147
0 days 01:14:30.692000,63,4,+9.677,+1.115
0 days 01:14:31.770000,63,4,+9.659,+1.099
0 days 01:14:33.999000,63,4,+9.539,+1.268
0 days 01:14:39.486000,63,4,+9.864,+1.561
0 days 01:14:45.327000,63,4,+10.024,+1.517
0 days 01:14:49.654000,63,4,+10.086,+1.417
0 days 01:14:52.623000,63,4,+10.084,+1.407
0 days 01:15:00.402000,63,4,+10.748,+1.820
0 days 01:15:04.218000,63,4,+10.786,+1.829
0 days 01:15:08.144000,63,4,+10.875,+1.876
0 days 01:15:13.971000,63,4,+11.024,+1.924
0 days 01:15:18.771000,63,4,+11.087,+1.797
0 days 01:15:22.812000,63,4,+11.101,+1.773
0 days 01:15:29.138000,63,4,+11.148,+1.796
0 days 01:15:34.390000,63,4,+11.150,+1.655
0 days 01:15:38.674000,63,4,+11.148,+1.624
0 days 01:15:43.422000,63,4,+11.133,+1.575
0 days 01:15:47.192000,63,4,+11.117,+1.536
0 days 01:15:56.014000,63,4,+11.389,+1.819
0 days 01:15:59.901000,63,4,+11.446,+1.828
0 days 01:16:00.881000,63,4,+11.542,+1.892
0 days 01:16:05.271000,63,4,+11.592,+1.788
0 days 00:00:09.326000,4,6,,
0 days 00:45:20.378000,4,6,+0.593,+0.114
0 days 00:45:21.384000,4,6,+0.488,+0.057
0 days 00:45:24.142000,4,6,+0.926,+0.136
0 days 00:45:29.558000,4,6,+1.478,+0.168
0 days 00:45:35.503000,4,6,+2.040,+0.023
0 days 00:45:39.690000,4,6,+2.151,+0.196
0 days 00:45:42.677000,4,6,+2.149,+0.233
0 days 00:45:49.997000,4,7,+2.149,+0.233
0 days 00:45:50.204000,4,8,+2.149,+0.233
0 days 00:45:50.532000,4,9,+2.149,+0.233
0 days 00:45:50.832000,4,9,+3.367,+0.129
0 days 00:45:54.421000,4,9,+3.424,+0.176
0 days 00:45:58.727000,4,9,+3.789,+0.283
0 days 00:46:05.019000,4,9,+4.441,+0.265
0 days 00:46:09.692000,4,9,+4.723,+0.258
0 days 00:46:13.636000,4,9,+4.751,+0.214
0 days 00:46:20.373000,4,9,+5.332,+0.318
0 days 00:46:25.484000,4,9,+5.547,+0.515
0 days 00:46:29.801000,4,9,+5.594,+0.454
0 days 00:46:34.508000,4,9,+5.536,+0.459
0 days 00:46:38.277000,4,9,+5.425,+0.452
0 days 00:46:47.002000,4,9,+5.978,+0.578
0 days 00:46:51.057000,4,9,+6.077,+0.651
0 days 00:46:52.009000,4,9,+6.126,+0.643
0 days 00:46:56.458000,4,9,+6.103,+0.633
0 days 00:47:00.850000,4,9,+6.034,+0.625
0 days 00:47:02.067000,4,9,+6.023,+0.644
0 days 00:47:04.378000,4,9,+6.049,+0.674
0 days 00:47:09.387000,4,9,+6.235,+0.417
0 days 00:47:14.855000,4,9,+6.269,+0.468
0 days 00:47:18.825000,4,9,+6.196,+0.362
0 days 00:47:21.803000,4,9,+6.186,+0.368
0 days 00:47:29.129000,4,9,+6.640,+0.416
0 days 00:47:32.817000,4,9,+6.622,+0.398
0 days 00:47:37.007000,4,9,+6.709,+0.265
0 days 00:47:42.958000,4,9,+7.027,+0.506
0 days 00:47:47.478000,4,9,+7.056,+0.307
0 days 00:47:51.339000,4,9,+7.018,+0.231
0 days 00:47:57.800000,4,9,+7.432,+0.393
0 days 00:48:03.099000,4,9,+7.619,+0.648
0 days 00:48:07.447000,4,9,+7.689,+0.675
0 days 00:48:12.154000,4,9,+7.592,+0.688
0 days 00:48:15.690000,4,9,+7.310,+0.707
0 days 00:48:24.179000,4,9,+7.683,+0.725
0 days 00:48:28.228000,4,9,+7.722,+0.755
0 days 00:48:29.089000,4,9,+7.731,+0.699
0 days 00:48:33.320000,4,9,+7.582,+0.537
0 days 00:48:37.502000,4,9,+7.335,+0.512
0 days 00:48:38.679000,4,9,+7.246,+0.535
0 days 00:48:41.003000,4,9,+7.144,+0.528
0 days 00:48:46.079000,4,9,+7.331,+0.414
0 days 00:48:51.597000,4,9,+7.453,+0.533
0 days 00:48:55.706000,4,9,+7.422,+0.453
0 days 00:48:58.649000,4,9,+7.409,+0.460
0 days 00:49:05.887000,4,9,+7.691,+0.534
0 days 00:49:09.659000,4,9,+7.686,+0.525
0 days 00:49:13.921000,4,9,+7.840,+0.423
0 days 00:49:19.981000,4,9,+8.092,+0.615
0 days 00:49:24.500000,4,9,+8.123,+0.434
0 days 00:49:28.359000,4,9,+8.086,+0.317
0 days 00:49:34.870000,4,9,+8.497,+0.445
0 days 00:49:40.111000,4,9,+8.512,+0.688
0 days 00:49:44.459000,4,9,+8.552,+0.736
0 days 00:49:49.178000,4,9,+8.499,+0.739
0 days 00:49:52.800000,4,9,+8.310,+0.665
0 days 00:50:01.359000,4,9,+8.696,+0.886
0 days 00:50:05.320000,4,9,+8.682,+0.919
0 days 00:50:06.307000,4,9,+8.661,+0.881
0 days 00:50:10.464000,4,9,+8.532,+0.724
0 days 00:50:14.580000,4,9,+8.301,+0.563
0 days 00:50:15.741000,4,9,+8.207,+0.519
0 days 00:50:18.019000,4,9,+8.094,+0.603
0 days 00:50:23.186000,4,9,+8.316,+0.728
0 days 00:50:28.763000,4,9,+8.491,+0.762
0 days 00:50:32.760000,4,9,+8.373,+0.667
0 days 00:50:35.741000,4,9,+8.394,+0.685
0 days 00:50:43.122000,4,9,+8.850,+0.937
0 days 00:50:46.853000,4,9,+8.847,+0.922
0 days 00:50:51.043000,4,9,+8.788,+0.840
0 days 00:50:57.053000,4,9,+9.048,+1.039
0 days 00:51:01.563000,4,9,+9.035,+0.916
0 days 00:51:05.440000,4,9,+9.042,+0.880
0 days 00:51:11.734000,4,9,+9.224,+0.895
0 days 00:51:17.012000,4,9,+9.292,+1.050
0 days 00:51:21.386000,4,9,+9.340,+1.074
0 days 00:51:26.134000,4,9,+9.292,+1.081
0 days 00:51:29.734000,4,9,+9.094,+1.122
0 days 00:51:38.087000,4,9,+9.260,+1.191
0 days 00:51:42.009000,4,9,+9.267,+1.202
0 days 00:51:42.860000,4,9,+9.286,+1.156
0 days 00:51:47.162000,4,9,+9.176,+0.997
0 days 00:51:51.449000,4,9,+9.067,+1.095
0 days 00:51:52.599000,4,9,+9.009,+1.141
0 days 00:51:54.915000,4,9,+8.994,+1.229
0 days 00:52:00.229000,4,9,+9.230,+1.271
0 days 00:52:05.710000,4,9,+9.222,+1.305
0 days 00:52:05.710000,4,9,+9.230,+1.271
0 days 00:52:05.710000,4,9,+9.222,+1.305
0 days 00:52:09.782000,4,9,+9.127,+1.226
0 days 00:52:12.714000,4,9,+9.145,+1.240
0 days 00:52:19.987000,4,9,+9.428,+1.349
0 days 00:52:23.718000,4,9,+9.443,+1.355
0 days 00:52:27.906000,4,9,+9.398,+1.221
0 days 00:52:33.926000,4,9,+9.554,+1.485
0 days 00:52:38.461000,4,9,+9.562,+1.379
0 days 00:52:42.380000,4,9,+9.533,+1.333
0 days 00:52:48.601000,4,9,+9.640,+1.342
0 days 00:52:54.072000,4,9,+9.735,+1.564
0 days 00:52:58.457000,4,9,+9.788,+1.616
0 days 00:53:03.277000,4,9,+9.807,+1.655
0 days 00:53:07.017000,4,9,+9.790,+1.720
0 days 00:53:15.561000,4,9,+10.130,+1.901
0 days 00:53:19.535000,4,9,+10.146,+1.916
0 days 00:53:20.393000,4,9,+10.152,+1.893
0 days 00:53:24.735000,4,9,+10.029,+1.631
0 days 00:53:29.026000,4,9,+9.989,+1.548
0 days 00:53:30.207000,4,9,+9.968,+1.547
0 days 00:53:32.473000,4,9,+9.865,+1.525
0 days 00:53:37.635000,4,9,+9.977,+1.551
0 days 00:53:43.150000,4,9,+10.044,+1.598
0 days 00:53:47.238000,4,9,+9.984,+1.502
0 days 00:53:50.250000,4,9,+10.029,+1.536
0 days 00:53:57.483000,4,9,+10.332,+1.669
0 days 00:54:01.210000,4,9,+10.346,+1.676
0 days 00:54:05.207000,4,9,+10.256,+1.457
0 days 00:54:11.188000,4,9,+10.542,+1.618
0 days 00:54:15.792000,4,9,+10.545,+1.537
0 days 00:54:19.714000,4,9,+10.541,+1.462
0 days 00:54:25.848000,4,9,+10.512,+1.332
0 days 00:54:31.257000,4,9,+10.540,+1.564
0 days 00:54:35.662000,4,9,+10.572,+1.633
0 days 00:54:40.419000,4,9,+10.577,+1.657
0 days 00:54:44.193000,4,9,+10.551,+1.684
0 days 00:54:52.801000,4,9,+10.875,+1.852
0 days 00:54:56.693000,4,9,+10.901,+1.890
0 days 00:54:57.540000,4,9,+10.900,+1.859
0 days 00:55:01.812000,4,9,+10.759,+1.635
0 days 00:55:06.191000,4,9,+10.699,+1.584
0 days 00:55:07.289000,4,9,+10.660,+1.574
0 days 00:55:09.483000,4,9,+10.428,+1.480
0 days 00:55:14.754000,4,9,+10.556,+1.504
0 days 00:55:20.318000,4,9,+10.802,+1.648
0 days 00:55:24.457000,4,9,+10.760,+1.530
0 days 00:55:27.395000,4,9,+10.789,+1.540
0 days 00:55:34.692000,4,9,+11.122,+1.724
0 days 00:55:38.469000,4,9,+11.145,+1.739
0 days 00:55:42.436000,4,9,+10.943,+1.588
0 days 00:55:48.416000,4,9,+10.968,+1.829
0 days 00:55:52.967000,4,9,+10.911,+1.703
0 days 00:55:56.867000,4,9,+10.914,+1.663
0 days 00:56:03.183000,4,9,+11.005,+1.653
0 days 00:56:08.530000,4,9,+11.159,+1.887
0 days 00:56:12.923000,4,9,+11.219,+1.939
0 days 00:56:17.729000,4,9,+11.238,+1.960
0 days 00:56:21.482000,4,9,+11.234,+1.993
0 days 00:56:29.848000,4,9,+11.357,+2.022
0 days 00:56:33.762000,4,9,+11.364,+2.026
0 days 00:56:34.593000,4,9,+11.335,+1.987
0 days 00:56:38.873000,4,9,+11.240,+1.838
0 days 00:56:43.251000,4,9,+11.206,+1.817
0 days 00:56:44.370000,4,9,+11.186,+1.799
0 days 00:56:46.523000,4,9,+11.039,+1.685
0 days 00:56:51.847000,4,9,+11.443,+1.867
0 days 00:56:57.478000,4,9,+11.559,+1.960
0 days 00:57:01.601000,4,9,+11.551,+1.884
0 days 00:57:04.540000,4,9,+11.594,+1.908
0 days 00:57:11.830000,4,9,+11.835,+2.081
0 days 00:57:15.589000,4,9,+11.852,+2.104
0 days 00:57:19.635000,4,9,+11.862,+1.910
0 days 00:57:25.458000,4,9,+12.002,+1.921
0 days 00:57:30.077000,4,9,+12.013,+1.879
0 days 00:57:33.990000,4,9,+12.006,+1.834
0 days 00:57:40.354000,4,9,+12.226,+1.932
0 days 00:57:45.621000,4,9,+12.357,+2.083
0 days 00:57:49.989000,4,9,+12.450,+2.118
0 days 00:57:54.789000,4,9,+12.484,+2.132
0 days 00:57:58.617000,4,9,+12.485,+2.148
0 days 00:58:07.089000,4,9,+12.607,+2.118
0 days 00:58:11.011000,4,9,+12.646,+2.154
0 days 00:58:11.889000,4,9,+12.630,+2.112
0 days 00:58:16.089000,4,9,+12.499,+1.964
0 days 00:58:20.467000,4,9,+12.452,+1.939
0 days 00:58:21.608000,4,9,+12.426,+1.922
0 days 00:58:23.830000,4,9,+12.230,+1.818
0 days 00:58:28.946000,4,9,+12.036,+1.808
0 days 00:58:34.641000,4,9,+12.322,+1.948
0 days 00:58:38.739000,4,9,+12.270,+1.892
0 days 00:58:41.715000,4,9,+12.316,+1.921
0 days 00:58:49.041000,4,9,+12.467,+2.122
0 days 00:58:52.787000,4,9,+12.462,+2.120
0 days 00:58:56.763000,4,9,+12.408,+1.920
0 days 00:59:02.602000,4,9,+12.665,+2.092
0 days 00:59:07.414000,4,9,+12.728,+2.053
0 days 00:59:11.313000,4,9,+12.733,+1.992
0 days 00:59:17.645000,4,9,+12.926,+2.125
0 days 00:59:23.190000,4,9,+13.123,+2.310
0 days 00:59:27.659000,4,9,+13.219,+2.364
0 days 00:59:32.459000,4,9,+13.249,+2.373
0 days 00:59:36.264000,4,9,+13.246,+2.377
0 days 00:59:44.931000,4,9,+13.488,+2.584
0 days 00:59:48.816000,4,9,+13.543,+2.640
0 days 00:59:49.664000,4,9,+13.504,+2.579
0 days 00:59:54.021000,4,9,+13.440,+2.526
0 days 00:59:58.425000,4,9,+13.411,+2.520
0 days 00:59:59.562000,4,9,+13.390,+2.514
0 days 01:00:01.754000,4,9,+13.325,+2.484
0 days 01:00:07.253000,4,9,+13.632,+2.782
0 days 01:00:12.664000,4,9,+13.651,+2.764
0 days 01:00:16.868000,4,9,+13.654,+2.756
0 days 01:00:19.841000,4,9,+13.696,+2.785
0 days 01:00:27.263000,4,9,+14.025,+3.001
0 days 01:00:30.992000,4,9,+14.097,+3.055
0 days 01:00:34.986000,4,9,+14.067,+3.056
0 days 01:00:40.842000,4,9,+14.069,+3.113
0 days 01:00:45.556000,4,9,+14.158,+3.048
0 days 01:00:49.538000,4,9,+14.195,+3.037
0 days 01:00:55.807000,4,9,+14.271,+3.019
0 days 01:01:01.293000,4,9,+14.261,+3.094
0 days 01:01:05.623000,4,9,+14.296,+3.094
0 days 01:01:10.410000,4,9,+14.323,+3.119
0 days 01:01:14.241000,4,9,+14.322,+3.183
0 days 01:01:22.764000,4,9,+14.478,+3.329
0 days 01:01:26.738000,4,9,+14.498,+3.329
0 days 01:01:27.637000,4,9,+14.481,+3.278
0 days 01:01:31.891000,4,9,+14.437,+3.165
0 days 01:01:36.205000,4,9,+14.414,+3.144
0 days 01:01:37.391000,4,9,+14.399,+3.138
0 days 01:01:39.639000,4,9,+14.293,+3.174
0 days 01:01:44.874000,4,9,+14.267,+3.204
0 days 01:01:50.714000,4,9,+14.690,+3.485
0 days 01:01:54.805000,4,9,+14.646,+3.418
0 days 01:01:57.791000,4,9,+14.691,+3.452
0 days 01:02:05.193000,4,9,+14.995,+3.558
0 days 01:02:08.940000,4,9,+15.030,+3.581
0 days 01:02:12.945000,4,9,+15.047,+3.289
0 days 01:02:18.942000,4,9,+15.321,+3.301
0 days 01:02:23.717000,4,9,+15.452,+3.252
0 days 01:02:27.606000,4,9,+15.454,+3.201
0 days 01:02:33.998000,4,9,+15.566,+3.182
0 days 01:02:39.565000,4,9,+15.771,+3.381
0 days 01:02:43.897000,4,9,+15.833,+3.395
0 days 01:02:48.684000,4,9,+15.871,+3.460
0 days 01:02:52.508000,4,9,+15.881,+3.546
0 days 01:03:01.039000,4,9,+16.065,+3.501
0 days 01:03:04.942000,4,9,+16.059,+3.501
0 days 01:03:05.685000,4,9,+15.995,+3.425
0 days 01:03:10.119000,4,9,+15.962,+3.330
0 days 01:03:14.414000,4,9,+15.943,+3.357
0 days 01:03:15.593000,4,9,+15.916,+3.366
0 days 01:03:17.769000,4,9,+15.738,+3.281
0 days 01:03:22.985000,4,9,+15.686,+3.136
0 days 01:03:28.681000,4,9,+15.964,+3.277
0 days 01:03:32.833000,4,9,+15.956,+3.221
0 days 01:03:35.786000,4,9,+16.008,+3.256
0 days 01:03:43.210000,4,9,+16.203,+3.381
0 days 01:03:46.911000,4,9,+16.195,+3.373
0 days 01:03:50.896000,4,9,+16.163,+3.096
0 days 01:03:56.695000,4,9,+16.370,+3.104
0 days 01:04:01.392000,4,9,+16.337,+2.895
0 days 01:04:05.312000,4,9,+16.311,+2.825
0 days 01:04:11.656000,4,9,+16.387,+2.759
0 days 01:04:17.140000,4,9,+16.444,+2.743
0 days 01:04:21.437000,4,9,+16.462,+2.726
0 days 01:04:26.261000,4,9,+16.485,+2.768
0 days 01:04:30.092000,4,9,+16.494,+2.851
0 days 01:04:38.659000,4,9,+16.633,+2.836
0 days 01:04:42.514000,4,9,+16.668,+2.845
0 days 01:04:43.392000,4,9,+16.680,+2.798
0 days 01:04:47.694000,4,9,+16.656,+2.730
0 days 01:04:52.047000,4,9,+16.637,+2.766
0 days 01:04:53.292000,4,9,+16.644,+2.795
0 days 01:04:55.403000,4,9,+16.506,+2.759
0 days 01:05:00.871000,4,9,+16.738,+2.890
0 days 01:05:06.392000,4,9,+16.724,+2.797
0 days 01:05:10.669000,4,9,+16.742,+2.800
0 days 01:05:13.627000,4,9,+16.776,+2.832
0 days 01:05:21.017000,4,9,+16.921,+3.004
0 days 01:05:24.826000,4,9,+16.965,+3.051
0 days 01:05:28.792000,4,9,+16.901,+2.893
0 days 01:05:34.566000,4,9,+16.980,+2.627
0 days 01:05:39.368000,4,9,+16.969,+2.454
0 days 01:05:43.244000,4,9,+16.954,+2.365
0 days 01:05:49.493000,4,9,+17.087,+2.129
0 days 01:05:55.005000,4,9,+17.124,+2.116
0 days 01:05:59.404000,4,9,+17.141,+2.081
0 days 01:06:04.185000,4,9,+17.138,+2.135
0 days 01:06:08.002000,4,9,+17.124,+2.336
0 days 01:06:16.486000,4,9,+17.158,+2.386
0 days 01:06:20.455000,4,9,+17.205,+2.418
0 days 01:06:21.341000,4,9,+17.229,+2.388
0 days 01:06:25.656000,4,9,+17.227,+2.226
0 days 01:06:29.957000,4,9,+17.193,+2.361
0 days 01:06:31.210000,4,9,+17.179,+2.428
0 days 01:06:33.291000,4,9,+16.929,+2.341
0 days 01:06:38.442000,4,9,+16.984,+2.132
0 days 01:06:44.293000,4,9,+17.286,+2.133
0 days 01:06:48.587000,4,9,+17.292,+2.140
0 days 01:06:51.514000,4,9,+17.327,+2.149
0 days 01:06:58.946000,4,9,+17.301,+2.143
0 days 01:07:02.659000,4,9,+17.307,+2.147
0 days 01:07:06.603000,4,9,+17.238,+1.982
0 days 01:07:12.467000,4,9,+17.315,+1.625
0 days 01:07:17.214000,4,9,+17.423,+1.498
0 days 01:07:21.150000,4,9,+17.417,+1.410
0 days 01:07:27.619000,4,9,+17.594,+1.396
0 days 01:07:32.995000,4,9,+17.471,+1.307
0 days 01:07:37.263000,4,9,+17.467,+1.260
0 days 01:07:42.042000,4,9,+17.465,+1.284
0 days 01:07:45.850000,4,9,+17.451,+1.346
0 days 01:07:54.500000,4,9,+17.601,+1.322
0 days 01:07:58.366000,4,9,+17.644,+1.324
0 days 01:07:59.230000,4,9,+17.643,+1.243
0 days 01:08:03.552000,4,9,+17.633,+1.163
0 days 01:08:07.867000,4,9,+17.603,+1.157
0 days 01:08:09.060000,4,9,+17.592,+1.162
0 days 01:08:11.199000,4,9,+17.412,+1.092
0 days 01:08:16.402000,4,9,+17.338,+1.022
0 days 01:08:22.394000,4,9,+17.699,+1.144
0 days 01:08:26.541000,4,9,+17.632,+1.082
0 days 01:08:29.644000,4,9,+17.668,+1.105
0 days 01:08:36.994000,4,9,+17.822,+1.149
0 days 01:08:40.741000,4,9,+17.838,+1.150
0 days 01:08:44.643000,4,9,+17.752,+1.015
0 days 01:08:50.577000,4,9,+17.814,+0.801
0 days 01:08:55.449000,4,9,+17.971,+0.731
0 days 01:08:59.632000,4,9,+17.946,+0.629
0 days 01:09:05.964000,4,9,+18.131,+0.596
0 days 01:09:11.443000,4,9,+18.098,+0.614
0 days 01:09:15.763000,4,9,+18.081,+0.543
0 days 01:09:20.415000,4,9,+17.979,+0.440
0 days 01:09:24.011000,4,9,+17.737,+0.246
0 days 01:09:33.099000,4,9,+18.230,+0.430
0 days 01:09:37.042000,4,9,+18.322,+0.472
0 days 01:09:37.946000,4,9,+18.401,+0.463
0 days 01:09:42.563000,4,9,+18.587,+0.642
0 days 01:09:46.771000,4,9,+18.451,+0.525
0 days 01:09:47.896000,4,9,+18.368,+0.461
0 days 01:09:50.168000,4,9,+18.290,+0.560
0 days 01:09:55.442000,4,9,+18.388,+0.553
0 days 01:10:01.487000,4,9,+18.658,+0.826
0 days 01:10:05.668000,4,9,+18.563,+0.722
0 days 01:10:08.545000,4,9,+18.587,+0.732
0 days 01:10:16.191000,4,9,+18.820,+0.924
0 days 01:10:19.980000,4,9,+18.801,+0.920
0 days 01:10:23.893000,4,9,+18.836,+0.886
0 days 01:10:29.795000,4,9,+18.998,+0.839
0 days 01:10:34.742000,4,9,+19.198,+0.911
0 days 01:10:38.706000,4,9,+19.196,+0.889
0 days 01:10:45.215000,4,9,+19.362,+0.933
0 days 01:10:50.773000,4,9,+19.535,+0.952
0 days 01:10:55.095000,4,9,+19.544,+0.933
0 days 01:10:59.813000,4,9,+19.511,+0.895
0 days 01:11:03.495000,4,9,+19.346,+0.768
0 days 01:11:12.043000,4,9,+19.560,+0.816
0 days 01:11:16.015000,4,9,+19.625,+0.844
0 days 01:11:16.939000,4,9,+19.705,+0.816
0 days 01:11:21.314000,4,9,+19.720,+0.726
0 days 01:11:25.469000,4,9,+19.522,+0.540
0 days 01:11:26.595000,4,9,+19.440,+0.466
0 days 01:11:28.769000,4,9,+19.330,+0.451
0 days 01:11:34.169000,4,9,+19.578,+0.535
0 days 01:11:40.188000,4,9,+19.934,+0.759
0 days 01:11:44.369000,4,9,+19.935,+0.761
0 days 01:11:47.314000,4,9,+19.962,+0.784
0 days 01:11:54.855000,4,9,+20.206,+0.869
0 days 01:11:58.610000,4,9,+20.205,+0.878
0 days 01:12:02.527000,4,9,+20.284,+0.864
0 days 01:12:08.591000,4,9,+20.458,+0.708
0 days 01:12:13.465000,4,9,+20.582,+0.686
0 days 01:12:17.395000,4,9,+20.544,+0.644
0 days 01:12:23.945000,4,9,+20.764,+0.601
0 days 01:12:29.470000,4,9,+20.719,+0.611
0 days 01:12:33.768000,4,9,+20.673,+0.499
0 days 01:12:38.420000,4,9,+20.584,+0.376
0 days 01:12:42.070000,4,9,+20.380,+0.150
0 days 01:12:50.672000,4,8,+20.380,+0.150
0 days 01:12:50.762000,4,8,+20.726,+1.750
0 days 01:12:54.744000,4,8,+20.804,+1.742
0 days 01:12:55.699000,4,8,+20.860,+1.755
0 days 01:13:00.059000,4,8,+20.831,+1.644
0 days 01:13:04.368000,4,8,+20.791,+1.736
0 days 01:13:05.563000,4,8,+20.797,+1.787
0 days 01:13:07.698000,4,8,+20.660,+1.617
0 days 01:13:12.689000,4,8,+20.641,+1.146
0 days 01:13:18.789000,4,8,+20.910,+1.374
0 days 01:13:22.920000,4,8,+20.884,+1.303
0 days 01:13:25.908000,4,8,+20.932,+1.324
0 days 01:13:33.538000,4,8,+21.257,+1.451
0 days 01:13:37.274000,4,8,+21.295,+1.433
0 days 01:13:41.146000,4,8,+21.339,+1.272
0 days 01:13:47.051000,4,8,+21.418,+0.989
0 days 01:13:52.046000,4,8,+21.613,+1.100
0 days 01:13:55.971000,4,8,+21.606,+1.097
0 days 01:14:02.407000,4,8,+21.764,+1.027
0 days 01:14:07.849000,4,8,+21.710,+1.036
0 days 01:14:12.189000,4,8,+21.701,+0.972
0 days 01:14:16.917000,4,8,+21.696,+1.004
0 days 01:14:20.671000,4,8,+21.674,+1.136
0 days 01:14:29.317000,4,8,+21.919,+1.172
0 days 01:14:33.241000,4,8,+21.922,+1.112
0 days 01:14:34.159000,4,8,+21.935,+1.081
0 days 01:14:38.471000,4,8,+21.906,+0.985
0 days 01:14:42.773000,4,8,+21.832,+1.062
0 days 01:14:43.903000,4,8,+21.795,+1.080
0 days 01:14:46.048000,4,8,+21.524,+0.813
0 days 01:14:51.037000,4,8,+21.483,+0.402
0 days 01:14:57.186000,4,8,+21.853,+0.415
0 days 01:15:01.291000,4,8,+21.725,+0.282
0 days 01:15:04.266000,4,8,+21.709,+0.246
0 days 01:15:12.171000,4,8,+22.348,+0.331
0 days 01:15:15.699000,4,8,+22.347,+0.274
0 days 01:15:19.715000,4,8,+22.470,+0.244
0 days 01:15:25.971000,4,8,+23.016,+0.443
0 days 01:15:30.884000,4,8,+23.164,+0.447
0 days 01:15:34.827000,4,8,+23.151,+0.401
0 days 01:15:41.400000,4,8,+23.421,+0.521
0 days 01:15:46.815000,4,8,+23.585,+0.715
0 days 01:15:51.147000,4,8,+23.570,+0.625
0 days 01:15:55.811000,4,8,+23.488,+0.568
0 days 01:15:59.445000,4,8,+23.281,+0.525
0 days 01:16:07.945000,4,8,+23.389,+0.557
0 days 01:16:11.897000,4,8,+23.413,+0.513
0 days 01:16:12.832000,4,8,+23.448,+0.516
0 days 01:16:17.151000,4,8,+23.471,+0.433
0 days 00:00:09.326000,12,7,,
0 days 00:45:20.503000,12,7,+0.822,+0.229
0 days 00:45:21.336000,12,8,+0.822,+0.229
0 days 00:45:21.586000,12,8,+0.753,+0.171
0 days 00:45:24.583000,12,8,+1.263,+0.184
0 days 00:45:29.859000,12,9,+1.263,+0.184
0 days 00:45:30.047000,12,9,+1.976,+0.089
0 days 00:45:35.986000,12,8,+1.976,+0.089
0 days 00:45:36.078000,12,8,+2.500,+0.089
0 days 00:45:40.119000,12,8,+2.551,+0.108
0 days 00:45:42.967000,12,8,+2.535,+0.148
0 days 00:45:50.204000,12,7,+2.535,+0.148
0 days 00:45:50.219000,12,7,+2.886,+0.116
0 days 00:45:53.984000,12,7,+2.982,+0.201
0 days 00:45:58.124000,12,7,+3.187,+0.223
0 days 00:46:04.231000,12,7,+3.822,+0.349
0 days 00:46:09.031000,12,7,+4.086,+0.514
0 days 00:46:13.090000,12,7,+4.140,+0.586
0 days 00:46:19.329000,12,7,+4.366,+0.461
0 days 00:46:24.402000,12,7,+4.462,+0.591
0 days 00:46:28.733000,12,7,+4.525,+0.611
0 days 00:46:33.458000,12,7,+4.473,+0.615
0 days 00:46:37.200000,12,7,+4.403,+0.610
0 days 00:46:45.776000,12,7,+4.733,+0.361
0 days 00:46:49.785000,12,7,+4.807,+0.287
0 days 00:46:50.758000,12,7,+4.867,+0.296
0 days 00:46:55.187000,12,7,+4.862,+0.348
0 days 00:46:59.585000,12,7,+4.772,+0.305
0 days 00:47:00.799000,12,7,+4.730,+0.285
0 days 00:47:03.133000,12,7,+4.770,+0.367
0 days 00:47:08.300000,12,7,+5.117,+0.457
0 days 00:47:13.658000,12,7,+5.112,+0.411
0 days 00:47:17.825000,12,7,+5.204,+0.295
0 days 00:47:20.799000,12,7,+5.190,+0.289
0 days 00:47:28.123000,12,7,+5.622,+0.456
0 days 00:47:31.802000,12,7,+5.626,+0.479
0 days 00:47:35.837000,12,7,+5.540,+0.267
0 days 00:47:41.798000,12,7,+5.829,+0.413
0 days 00:47:46.458000,12,7,+6.049,+0.516
0 days 00:47:50.426000,12,7,+6.093,+0.520
0 days 00:47:56.687000,12,7,+6.341,+0.508
0 days 00:48:01.826000,12,7,+6.307,+0.550
0 days 00:48:06.128000,12,7,+6.347,+0.517
0 days 00:48:10.785000,12,7,+6.230,+0.465
0 days 00:48:14.303000,12,7,+5.919,+0.402
0 days 00:48:22.826000,12,7,+6.219,+0.439
0 days 00:48:26.707000,12,7,+6.278,+0.375
0 days 00:48:27.659000,12,7,+6.314,+0.367
0 days 00:48:32.067000,12,7,+6.317,+0.412
0 days 00:48:36.241000,12,7,+6.073,+0.391
0 days 00:48:37.385000,12,7,+5.949,+0.358
0 days 00:48:39.656000,12,7,+5.776,+0.330
0 days 00:48:44.836000,12,7,+6.095,+0.383
0 days 00:48:50.310000,12,7,+6.176,+0.390
0 days 00:48:54.437000,12,7,+6.191,+0.319
0 days 00:48:57.434000,12,7,+6.199,+0.341
0 days 00:49:04.712000,12,7,+6.500,+0.366
0 days 00:49:08.434000,12,7,+6.493,+0.345
0 days 00:49:12.459000,12,7,+6.403,+0.269
0 days 00:49:18.485000,12,7,+6.647,+0.520
0 days 00:49:23.159000,12,7,+6.765,+0.607
0 days 00:49:27.086000,12,7,+6.811,+0.651
0 days 00:49:33.318000,12,7,+6.956,+0.608
0 days 00:49:38.380000,12,7,+6.826,+0.599
0 days 00:49:42.687000,12,7,+6.811,+0.596
0 days 00:49:47.455000,12,7,+6.704,+0.559
0 days 00:49:50.924000,12,7,+6.435,+0.509
0 days 00:49:59.438000,12,7,+6.703,+0.476
0 days 00:50:03.345000,12,7,+6.719,+0.443
0 days 00:50:04.250000,12,7,+6.722,+0.438
0 days 00:50:08.735000,12,7,+6.825,+0.583
0 days 00:50:12.983000,12,7,+6.660,+0.610
0 days 00:50:14.060000,12,7,+6.551,+0.590
0 days 00:50:16.307000,12,7,+6.387,+0.534
0 days 00:50:21.539000,12,7,+6.696,+0.664
0 days 00:50:27.045000,12,7,+6.837,+0.783
0 days 00:50:31.159000,12,7,+6.803,+0.696
0 days 00:50:34.157000,12,7,+6.818,+0.711
0 days 00:50:41.355000,12,7,+7.085,+0.784
0 days 00:50:45.109000,12,7,+7.108,+0.781
0 days 00:50:49.062000,12,7,+6.850,+0.697
0 days 00:50:54.925000,12,7,+6.988,+0.869
0 days 00:50:59.617000,12,7,+7.115,+0.927
0 days 00:51:03.601000,12,7,+7.151,+0.943
0 days 00:51:09.850000,12,7,+7.382,+0.930
0 days 00:51:15.056000,12,7,+7.328,+0.884
0 days 00:51:19.436000,12,7,+7.360,+0.877
0 days 00:51:24.128000,12,7,+7.313,+0.861
0 days 00:51:27.689000,12,7,+7.088,+0.824
0 days 00:51:36.091000,12,7,+7.191,+0.734
0 days 00:51:39.941000,12,7,+7.201,+0.629
0 days 00:51:40.814000,12,7,+7.220,+0.581
0 days 00:51:45.256000,12,7,+7.279,+0.713
0 days 00:51:49.460000,12,7,+7.075,+0.713
0 days 00:51:50.522000,12,7,+6.962,+0.692
0 days 00:51:52.727000,12,7,+6.830,+0.549
0 days 00:51:57.760000,12,7,+6.860,+0.473
0 days 00:52:03.403000,12,7,+6.976,+0.597
0 days 00:52:07.712000,12,7,+6.984,+0.561
0 days 00:52:10.580000,12,7,+6.981,+0.563
0 days 00:52:17.749000,12,7,+7.198,+0.636
0 days 00:52:21.483000,12,7,+7.222,+0.635
0 days 00:52:25.505000,12,7,+6.988,+0.504
0 days 00:52:31.384000,12,7,+7.000,+0.656
0 days 00:52:36.032000,12,7,+7.142,+0.717
0 days 00:52:39.996000,12,7,+7.131,+0.702
0 days 00:52:46.248000,12,7,+7.273,+0.755
0 days 00:52:51.479000,12,7,+7.162,+0.731
0 days 00:52:55.816000,12,7,+7.157,+0.730
0 days 00:53:00.500000,12,7,+7.076,+0.687
0 days 00:53:04.057000,12,7,+6.817,+0.615
0 days 00:53:12.407000,12,7,+6.886,+0.513
0 days 00:53:16.251000,12,7,+6.918,+0.481
0 days 00:53:17.181000,12,7,+6.940,+0.477
0 days 00:53:21.553000,12,7,+6.906,+0.497
0 days 00:53:25.711000,12,7,+6.688,+0.456
0 days 00:53:26.809000,12,7,+6.589,+0.414
0 days 00:53:29.257000,12,7,+6.619,+0.428
0 days 00:53:34.358000,12,7,+6.664,+0.378
0 days 00:53:39.956000,12,7,+6.840,+0.597
0 days 00:53:44.117000,12,7,+6.842,+0.545
0 days 00:53:47.131000,12,7,+6.863,+0.549
0 days 00:53:54.236000,12,7,+7.097,+0.609
0 days 00:53:58.028000,12,7,+7.131,+0.630
0 days 00:54:02.112000,12,7,+7.156,+0.583
0 days 00:54:08.037000,12,7,+7.393,+0.777
0 days 00:54:12.687000,12,7,+7.481,+0.798
0 days 00:54:16.666000,12,7,+7.516,+0.780
0 days 00:54:22.933000,12,7,+7.578,+0.744
0 days 00:54:28.135000,12,7,+7.427,+0.774
0 days 00:54:32.459000,12,7,+7.403,+0.791
0 days 00:54:37.182000,12,7,+7.315,+0.711
0 days 00:54:40.737000,12,7,+7.097,+0.520
0 days 00:54:49.225000,12,7,+7.288,+0.496
0 days 00:54:53.122000,12,7,+7.348,+0.456
0 days 00:54:54.018000,12,7,+7.411,+0.443
0 days 00:54:58.412000,12,7,+7.416,+0.506
0 days 00:55:02.694000,12,7,+7.241,+0.364
0 days 00:55:03.728000,12,7,+7.148,+0.295
0 days 00:55:06.207000,12,7,+7.086,+0.316
0 days 00:55:11.336000,12,7,+7.122,+0.337
0 days 00:55:16.851000,12,7,+7.339,+0.585
0 days 00:55:21.044000,12,7,+7.366,+0.511
0 days 00:55:23.983000,12,7,+7.370,+0.505
0 days 00:55:31.207000,12,7,+7.608,+0.603
0 days 00:55:34.944000,12,7,+7.645,+0.626
0 days 00:55:38.988000,12,7,+7.492,+0.523
0 days 00:55:44.801000,12,7,+7.375,+0.611
0 days 00:55:49.508000,12,7,+7.455,+0.687
0 days 00:55:53.430000,12,7,+7.470,+0.670
0 days 00:55:59.787000,12,7,+7.589,+0.775
0 days 00:56:04.913000,12,7,+7.551,+0.717
0 days 00:56:09.242000,12,7,+7.567,+0.733
0 days 00:56:13.947000,12,7,+7.507,+0.665
0 days 00:56:17.563000,12,7,+7.302,+0.471
0 days 00:56:25.914000,12,7,+7.383,+0.373
0 days 00:56:29.788000,12,7,+7.408,+0.315
0 days 00:56:30.713000,12,7,+7.440,+0.321
0 days 00:56:35.108000,12,7,+7.510,+0.417
0 days 00:56:39.353000,12,7,+7.339,+0.256
0 days 00:56:40.458000,12,7,+7.263,+0.190
0 days 00:56:42.853000,12,7,+7.392,+0.305
0 days 00:56:48.067000,12,7,+7.658,+0.425
0 days 00:56:53.739000,12,7,+7.836,+0.572
0 days 00:56:57.920000,12,7,+7.920,+0.525
0 days 00:57:00.885000,12,7,+7.938,+0.527
0 days 00:57:08.063000,12,7,+8.088,+0.561
0 days 00:57:11.847000,12,7,+8.121,+0.575
0 days 00:57:15.899000,12,7,+8.212,+0.490
0 days 00:57:21.774000,12,7,+8.338,+0.535
0 days 00:57:26.510000,12,7,+8.481,+0.707
0 days 00:57:30.483000,12,7,+8.507,+0.721
0 days 00:57:36.805000,12,7,+8.728,+0.777
0 days 00:57:42.063000,12,7,+8.772,+0.774
0 days 00:57:46.363000,12,7,+8.854,+0.788
0 days 00:57:51.138000,12,7,+8.845,+0.754
0 days 00:57:54.849000,12,7,+8.697,+0.616
0 days 00:58:03.237000,12,7,+8.715,+0.545
0 days 00:58:07.142000,12,7,+8.786,+0.510
0 days 00:58:08.108000,12,7,+8.813,+0.520
0 days 00:58:12.389000,12,7,+8.766,+0.500
0 days 00:58:16.563000,12,7,+8.586,+0.326
0 days 00:58:17.687000,12,7,+8.502,+0.252
0 days 00:58:20.037000,12,7,+8.494,+0.311
0 days 00:58:25.105000,12,7,+8.185,+0.287
0 days 00:58:30.858000,12,7,+8.549,+0.605
0 days 00:58:35.012000,12,7,+8.548,+0.517
0 days 00:58:37.983000,12,7,+8.559,+0.521
0 days 00:58:45.138000,12,7,+8.560,+0.486
0 days 00:58:48.865000,12,7,+8.577,+0.500
0 days 00:58:52.920000,12,7,+8.569,+0.383
0 days 00:58:58.841000,12,7,+8.815,+0.444
0 days 00:59:03.624000,12,7,+8.968,+0.587
0 days 00:59:07.563000,12,7,+8.999,+0.595
0 days 00:59:13.892000,12,7,+9.162,+0.654
0 days 00:59:19.340000,12,7,+9.199,+0.670
0 days 00:59:23.684000,12,7,+9.269,+0.689
0 days 00:59:28.422000,12,7,+9.224,+0.613
0 days 00:59:32.055000,12,7,+9.022,+0.409
0 days 00:59:40.506000,12,7,+9.052,+0.385
0 days 00:59:44.332000,12,7,+9.092,+0.334
0 days 00:59:45.381000,12,7,+9.112,+0.317
0 days 00:59:49.653000,12,7,+9.143,+0.374
0 days 00:59:53.890000,12,7,+8.965,+0.200
0 days 00:59:55.019000,12,7,+8.892,+0.142
0 days 00:59:57.468000,12,7,+9.048,+0.314
0 days 01:00:02.665000,12,7,+9.048,+0.409
0 days 01:00:08.359000,12,7,+9.319,+0.637
0 days 01:00:12.581000,12,7,+9.390,+0.611
0 days 01:00:15.511000,12,7,+9.385,+0.600
0 days 01:00:22.740000,12,7,+9.540,+0.572
0 days 01:00:26.460000,12,7,+9.583,+0.591
0 days 01:00:30.567000,12,7,+9.615,+0.525
0 days 01:00:36.475000,12,7,+9.662,+0.450
0 days 01:00:41.264000,12,7,+9.881,+0.632
0 days 01:00:45.285000,12,7,+9.958,+0.691
0 days 01:00:51.603000,12,7,+10.063,+0.679
0 days 01:00:57.010000,12,7,+9.997,+0.721
0 days 01:01:01.343000,12,7,+10.047,+0.746
0 days 01:01:06.138000,12,7,+10.006,+0.676
0 days 01:01:09.716000,12,7,+9.802,+0.471
0 days 01:01:18.244000,12,7,+9.898,+0.511
0 days 01:01:22.141000,12,7,+9.935,+0.447
0 days 01:01:23.091000,12,7,+9.944,+0.409
0 days 01:01:27.464000,12,7,+10.016,+0.477
0 days 01:01:31.664000,12,7,+9.858,+0.322
0 days 01:01:32.791000,12,7,+9.795,+0.266
0 days 01:01:35.194000,12,7,+9.884,+0.289
0 days 01:01:40.465000,12,7,+9.914,+0.370
0 days 01:01:46.184000,12,7,+10.247,+0.616
0 days 01:01:50.438000,12,7,+10.262,+0.561
0 days 01:01:53.364000,12,7,+10.271,+0.555
0 days 01:02:00.660000,12,7,+10.492,+0.644
0 days 01:02:04.422000,12,7,+10.542,+0.661
0 days 01:02:08.560000,12,7,+10.665,+0.616
0 days 01:02:14.542000,12,7,+10.935,+0.618
0 days 01:02:19.387000,12,7,+11.151,+0.720
0 days 01:02:23.354000,12,7,+11.193,+0.724
0 days 01:02:29.697000,12,7,+11.298,+0.746
0 days 01:02:35.085000,12,7,+11.344,+0.770
0 days 01:02:39.504000,12,7,+11.393,+0.793
0 days 01:02:44.140000,12,7,+11.340,+0.707
0 days 01:02:47.758000,12,7,+11.145,+0.498
0 days 01:02:56.390000,12,7,+11.341,+0.507
0 days 01:03:00.365000,12,7,+11.430,+0.488
0 days 01:03:01.239000,12,7,+11.466,+0.499
0 days 01:03:05.751000,12,7,+11.580,+0.558
0 days 01:03:09.958000,12,7,+11.438,+0.398
0 days 01:03:11.092000,12,7,+11.371,+0.348
0 days 01:03:11.092000,12,7,+11.438,+0.398
0 days 01:03:11.092000,12,7,+11.371,+0.348
0 days 01:03:13.420000,12,7,+11.388,+0.367
0 days 01:03:18.667000,12,7,+11.425,+0.506
0 days 01:03:24.321000,12,7,+11.676,+0.648
0 days 01:03:28.639000,12,7,+11.730,+0.653
0 days 01:03:31.592000,12,7,+11.739,+0.644
0 days 01:03:38.846000,12,7,+11.881,+0.658
0 days 01:03:42.612000,12,7,+11.881,+0.661
0 days 01:03:46.743000,12,7,+11.987,+0.643
0 days 01:03:52.693000,12,7,+12.306,+0.617
0 days 01:03:57.466000,12,7,+12.443,+0.693
0 days 01:04:01.439000,12,7,+12.464,+0.706
0 days 01:04:07.811000,12,7,+12.593,+0.771
0 days 01:04:13.422000,12,7,+12.668,+0.853
0 days 01:04:17.667000,12,7,+12.704,+0.876
0 days 01:04:22.428000,12,7,+12.660,+0.800
0 days 01:04:26.117000,12,7,+12.490,+0.610
0 days 01:04:34.645000,12,7,+12.643,+0.570
0 days 01:04:38.536000,12,7,+12.714,+0.534
0 days 01:04:39.514000,12,7,+12.782,+0.523
0 days 01:04:44.012000,12,7,+12.960,+0.690
0 days 01:04:48.292000,12,7,+12.865,+0.597
0 days 01:04:49.438000,12,7,+12.821,+0.554
0 days 01:04:51.694000,12,7,+12.832,+0.507
0 days 01:04:56.871000,12,7,+12.836,+0.533
0 days 01:05:02.656000,12,7,+12.993,+0.741
0 days 01:05:06.952000,12,7,+13.021,+0.715
0 days 01:05:09.871000,12,7,+13.025,+0.715
0 days 01:05:17.186000,12,7,+13.091,+0.804
0 days 01:05:20.995000,12,7,+13.133,+0.825
0 days 01:05:25.113000,12,7,+13.228,+0.768
0 days 01:05:31.168000,12,7,+13.491,+0.731
0 days 01:05:36.017000,12,7,+13.659,+0.762
0 days 01:05:40.027000,12,7,+13.717,+0.777
0 days 01:05:46.411000,12,7,+13.988,+0.833
0 days 01:05:51.984000,12,7,+14.077,+0.968
0 days 01:05:56.324000,12,7,+14.100,+0.968
0 days 01:06:01.089000,12,7,+14.042,+0.889
0 days 01:06:04.726000,12,7,+13.848,+0.689
0 days 01:06:13.362000,12,7,+13.965,+0.716
0 days 01:06:17.294000,12,7,+14.020,+0.670
0 days 01:06:18.222000,12,7,+14.066,+0.636
0 days 01:06:22.562000,12,7,+14.154,+0.642
0 days 01:06:26.786000,12,7,+14.008,+0.477
0 days 01:06:27.896000,12,7,+13.952,+0.423
0 days 01:06:30.268000,12,7,+13.944,+0.408
0 days 01:06:35.650000,12,7,+14.213,+0.613
0 days 01:06:41.429000,12,7,+14.405,+0.749
0 days 01:06:45.684000,12,7,+14.411,+0.760
0 days 01:06:48.624000,12,7,+14.424,+0.762
0 days 01:06:56.037000,12,7,+14.433,+0.835
0 days 01:06:59.793000,12,7,+14.462,+0.866
0 days 01:07:03.866000,12,7,+14.524,+0.826
0 days 01:07:09.929000,12,7,+14.785,+0.824
0 days 01:07:14.741000,12,7,+14.974,+0.930
0 days 01:07:18.717000,12,7,+15.014,+0.930
0 days 01:07:25.167000,12,7,+15.182,+0.938
0 days 01:07:30.672000,12,7,+15.187,+1.064
0 days 01:07:35.033000,12,7,+15.234,+1.086
0 days 01:07:39.793000,12,7,+15.204,+1.015
0 days 01:07:43.417000,12,7,+15.035,+0.824
0 days 01:07:51.994000,12,7,+15.095,+0.687
0 days 01:07:55.872000,12,7,+15.161,+0.652
0 days 01:07:56.761000,12,7,+15.197,+0.598
0 days 01:08:01.179000,12,7,+15.243,+0.599
0 days 01:08:05.395000,12,7,+15.097,+0.432
0 days 01:08:06.522000,12,7,+15.042,+0.376
0 days 01:08:08.868000,12,7,+15.109,+0.343
0 days 01:08:14.296000,12,7,+15.247,+0.475
0 days 01:08:20.232000,12,7,+15.571,+0.726
0 days 01:08:24.515000,12,7,+15.599,+0.734
0 days 01:08:27.482000,12,7,+15.608,+0.722
0 days 01:08:34.835000,12,7,+15.667,+0.714
0 days 01:08:38.595000,12,7,+15.707,+0.730
0 days 01:08:42.696000,12,7,+15.773,+0.683
0 days 01:08:48.809000,12,7,+16.012,+0.628
0 days 01:08:53.689000,12,7,+16.223,+0.699
0 days 01:08:57.763000,12,7,+16.269,+0.682
0 days 01:09:04.214000,12,7,+16.423,+0.821
0 days 01:09:09.737000,12,7,+16.383,+0.931
0 days 01:09:14.037000,12,7,+16.397,+0.919
0 days 01:09:18.778000,12,7,+16.333,+0.834
0 days 01:09:22.421000,12,7,+16.138,+0.626
0 days 01:09:31.069000,12,7,+16.186,+0.636
0 days 01:09:34.960000,12,7,+16.239,+0.572
0 days 01:09:35.842000,12,7,+16.254,+0.525
0 days 01:09:40.192000,12,7,+16.208,+0.501
0 days 01:09:44.368000,12,7,+16.053,+0.321
0 days 01:09:45.503000,12,7,+15.989,+0.263
0 days 01:09:47.856000,12,7,+16.001,+0.250
0 days 01:09:53.275000,12,7,+16.265,+0.383
0 days 01:09:59.112000,12,7,+16.308,+0.595
0 days 01:10:03.439000,12,7,+16.364,+0.614
0 days 01:10:06.378000,12,7,+16.379,+0.606
0 days 01:10:13.918000,12,7,+16.527,+0.718
0 days 01:10:17.698000,12,7,+16.541,+0.736
0 days 01:10:21.749000,12,7,+16.731,+0.705
0 days 01:10:27.914000,12,7,+17.090,+0.698
0 days 01:10:32.753000,12,7,+17.220,+0.738
0 days 01:10:36.721000,12,7,+17.235,+0.730
0 days 01:10:43.088000,12,7,+17.243,+0.781
0 days 01:10:48.714000,12,7,+17.484,+1.064
0 days 01:10:53.032000,12,7,+17.498,+1.069
0 days 01:10:57.789000,12,7,+17.463,+0.986
0 days 01:11:01.442000,12,7,+17.294,+0.794
0 days 01:11:09.998000,12,7,+17.407,+0.761
0 days 01:11:13.836000,12,7,+17.467,+0.699
0 days 01:11:14.749000,12,7,+17.519,+0.617
0 days 01:11:19.108000,12,7,+17.520,+0.516
0 days 01:11:23.312000,12,7,+17.366,+0.322
0 days 01:11:24.464000,12,7,+17.311,+0.248
0 days 01:11:26.910000,12,7,+17.502,+0.211
0 days 01:11:32.495000,12,7,+17.879,+0.475
0 days 01:11:38.229000,12,7,+18.041,+0.547
0 days 01:11:42.569000,12,7,+18.126,+0.497
0 days 01:11:45.511000,12,7,+18.135,+0.469
0 days 01:11:53.048000,12,7,+18.434,+0.600
0 days 01:11:56.874000,12,7,+18.484,+0.658
0 days 01:12:00.958000,12,7,+18.708,+0.640
0 days 01:12:07.019000,12,7,+18.917,+0.624
0 days 01:12:11.900000,12,7,+19.034,+0.751
0 days 01:12:15.907000,12,7,+19.042,+0.761
0 days 01:12:22.358000,12,7,+19.143,+0.835
0 days 01:12:27.763000,12,7,+19.016,+0.966
0 days 01:12:32.113000,12,7,+19.066,+0.966
0 days 01:12:36.867000,12,7,+19.039,+0.891
0 days 01:12:40.518000,12,7,+18.894,+0.709
0 days 01:12:49.087000,12,7,+18.976,+0.734
0 days 01:12:53.046000,12,7,+19.062,+0.733
0 days 01:12:53.944000,12,7,+19.105,+0.724
0 days 01:12:58.381000,12,7,+19.187,+0.756
0 days 01:13:02.670000,12,7,+19.055,+0.593
0 days 01:13:03.741000,12,7,+19.010,+0.535
0 days 01:13:06.089000,12,7,+19.043,+0.402
0 days 01:13:11.496000,12,7,+19.495,+0.516
0 days 01:13:17.343000,12,7,+19.536,+0.597
0 days 01:13:21.607000,12,7,+19.581,+0.547
0 days 01:13:24.570000,12,7,+19.608,+0.531
0 days 01:13:31.997000,12,7,+19.806,+0.549
0 days 01:13:35.796000,12,7,+19.862,+0.575
0 days 01:13:39.869000,12,7,+20.067,+0.521
0 days 01:13:46.059000,12,7,+20.429,+0.492
0 days 01:13:50.913000,12,7,+20.513,+0.581
0 days 01:13:54.875000,12,7,+20.509,+0.570
0 days 01:14:01.377000,12,7,+20.737,+0.698
0 days 01:14:06.801000,12,7,+20.674,+0.834
0 days 01:14:11.144000,12,7,+20.729,+0.816
0 days 01:14:15.900000,12,7,+20.692,+0.714
0 days 01:14:19.596000,12,7,+20.538,+0.516
0 days 01:14:28.206000,12,7,+20.747,+0.505
0 days 01:14:32.092000,12,7,+20.810,+0.482
0 days 01:14:33.049000,12,7,+20.854,+0.469
0 days 01:14:37.501000,12,7,+20.921,+0.495
0 days 01:14:41.687000,12,7,+20.770,+0.318
0 days 01:14:42.814000,12,7,+20.715,+0.261
0 days 01:14:45.180000,12,7,+20.711,+0.239
0 days 01:14:50.691000,12,7,+21.081,+0.299
0 days 01:14:56.741000,12,7,+21.438,+0.531
0 days 01:15:00.992000,12,7,+21.443,+0.475
0 days 01:15:04.097000,12,7,+21.463,+0.464
0 days 01:15:11.650000,12,7,+22.017,+0.795
0 days 01:15:15.418000,12,7,+22.073,+0.832
0 days 01:15:19.471000,12,7,+22.226,+0.746
0 days 01:15:25.497000,12,7,+22.573,+0.592
0 days 01:15:30.423000,12,7,+22.717,+0.750
0 days 01:15:34.446000,12,7,+22.750,+0.783
0 days 01:15:40.926000,12,7,+22.900,+0.892
0 days 01:15:46.171000,12,7,+22.870,+0.823
0 days 01:15:50.471000,12,7,+22.945,+0.864
0 days 01:15:55.222000,12,7,+22.920,+0.798
0 days 01:15:58.873000,12,7,+22.756,+0.601
0 days 01:16:07.491000,12,7,+22.832,+0.778
0 days 01:16:11.331000,12,7,+22.900,+0.732
0 days 01:16:12.290000,12,7,+22.932,+0.688
0 days 01:16:16.720000,12,7,+23.038,+0.750
0 days 00:00:09.326000,22,8,,
0 days 00:45:20.425000,22,8,+0.731,
0 days 00:45:21.336000,22,7,+0.731,
0 days 00:45:21.411000,22,7,+0.582,+0.094
0 days 00:45:24.284000,22,7,+1.079,+0.153
0 days 00:45:29.712000,22,7,+1.635,+0.157
0 days 00:45:35.904000,22,7,+2.411,+0.371
0 days 00:45:39.942000,22,7,+2.443,+0.292
0 days 00:45:42.846000,22,7,+2.387,+0.238
0 days 00:45:49.997000,22,6,+2.387,+0.238
0 days 00:45:50.081000,22,6,+2.770,+0.371
0 days 00:45:53.847000,22,6,+2.781,+0.347
0 days 00:45:57.905000,22,6,+2.964,+0.370
0 days 00:46:04.021000,22,6,+3.473,+0.418
0 days 00:46:08.489000,22,6,+3.572,+0.491
0 days 00:46:12.472000,22,6,+3.554,+0.472
0 days 00:46:18.844000,22,6,+3.905,+0.656
0 days 00:46:23.784000,22,6,+3.871,+0.619
0 days 00:46:28.512000,22,6,+3.914,+0.658
0 days 00:46:32.816000,22,6,+3.858,+0.716
0 days 00:46:36.596000,22,6,+3.793,+0.805
0 days 00:46:45.484000,22,6,+4.372,+0.781
0 days 00:46:49.475000,22,6,+4.520,+0.847
0 days 00:46:50.519000,22,6,+4.571,+0.839
0 days 00:46:54.837000,22,6,+4.514,+0.854
0 days 00:46:59.385000,22,6,+4.467,+0.929
0 days 00:47:00.459000,22,6,+4.445,+0.962
0 days 00:47:02.747000,22,6,+4.403,+0.938
0 days 00:47:07.832000,22,6,+4.660,+0.505
0 days 00:47:13.206000,22,6,+4.701,+0.429
0 days 00:47:17.558000,22,6,+4.909,+0.578
0 days 00:47:20.494000,22,6,+4.901,+0.601
0 days 00:47:27.636000,22,6,+5.166,+0.482
0 days 00:47:31.301000,22,6,+5.147,+0.464
0 days 00:47:35.552000,22,6,+5.273,+0.562
0 days 00:47:41.388000,22,6,+5.416,+0.571
0 days 00:47:45.989000,22,6,+5.533,+0.556
0 days 00:47:49.915000,22,6,+5.573,+0.594
0 days 00:47:56.232000,22,6,+5.833,+0.689
0 days 00:48:01.259000,22,6,+5.757,+0.731
0 days 00:48:05.604000,22,6,+5.830,+0.780
0 days 00:48:10.313000,22,6,+5.765,+0.825
0 days 00:48:13.897000,22,6,+5.517,+0.816
0 days 00:48:22.280000,22,6,+5.780,+0.679
0 days 00:48:26.341000,22,6,+5.903,+0.722
0 days 00:48:27.286000,22,6,+5.947,+0.746
0 days 00:48:31.633000,22,6,+5.905,+0.749
0 days 00:48:35.861000,22,6,+5.682,+0.743
0 days 00:48:36.947000,22,6,+5.591,+0.744
0 days 00:48:39.332000,22,6,+5.446,+0.730
0 days 00:48:44.419000,22,6,+5.712,+0.526
0 days 00:48:49.885000,22,6,+5.786,+0.493
0 days 00:48:54.108000,22,6,+5.872,+0.469
0 days 00:48:57.138000,22,6,+5.858,+0.480
0 days 00:49:04.379000,22,6,+6.134,+0.567
0 days 00:49:08.077000,22,6,+6.148,+0.570
0 days 00:49:12.206000,22,6,+6.134,+0.666
0 days 00:49:18.014000,22,6,+6.127,+0.764
0 days 00:49:22.517000,22,6,+6.158,+0.733
0 days 00:49:26.453000,22,6,+6.160,+0.738
0 days 00:49:32.689000,22,6,+6.348,+0.800
0 days 00:49:37.788000,22,6,+6.227,+0.855
0 days 00:49:42.093000,22,6,+6.215,+0.910
0 days 00:49:46.803000,22,6,+6.145,+0.907
0 days 00:49:50.409000,22,6,+5.926,+0.737
0 days 00:49:58.886000,22,6,+6.227,+0.839
0 days 00:50:02.964000,22,6,+6.276,+0.895
0 days 00:50:03.799000,22,6,+6.284,+0.943
0 days 00:50:08.211000,22,6,+6.242,+0.945
0 days 00:50:12.360000,22,6,+6.050,+0.804
0 days 00:50:13.461000,22,6,+5.961,+0.732
0 days 00:50:15.786000,22,6,+5.853,+0.819
0 days 00:50:20.865000,22,6,+6.032,+0.886
0 days 00:50:26.219000,22,6,+6.054,+0.721
0 days 00:50:30.479000,22,6,+6.107,+0.701
0 days 00:50:33.455000,22,6,+6.107,+0.694
0 days 00:50:40.560000,22,6,+6.301,+0.764
0 days 00:50:44.349000,22,6,+6.327,+0.781
0 days 00:50:48.386000,22,6,+6.153,+0.927
0 days 00:50:54.086000,22,6,+6.119,+0.951
0 days 00:50:58.688000,22,6,+6.188,+0.873
0 days 00:51:02.637000,22,6,+6.208,+0.849
0 days 00:51:08.905000,22,6,+6.452,+0.923
0 days 00:51:14.186000,22,6,+6.444,+1.107
0 days 00:51:18.507000,22,6,+6.483,+1.183
0 days 00:51:23.260000,22,6,+6.452,+1.189
0 days 00:51:26.861000,22,6,+6.264,+0.998
0 days 00:51:35.357000,22,6,+6.457,+0.906
0 days 00:51:39.286000,22,6,+6.572,+0.975
0 days 00:51:40.218000,22,6,+6.639,+1.061
0 days 00:51:44.509000,22,6,+6.566,+1.078
0 days 00:51:48.709000,22,6,+6.362,+0.939
0 days 00:51:49.834000,22,6,+6.270,+0.867
0 days 00:51:52.206000,22,6,+6.281,+1.010
0 days 00:51:57.286000,22,6,+6.387,+0.827
0 days 00:52:02.803000,22,6,+6.379,+0.794
0 days 00:52:07.038000,22,6,+6.423,+0.789
0 days 00:52:10.020000,22,6,+6.418,+0.801
0 days 00:52:17.108000,22,6,+6.562,+0.875
0 days 00:52:20.887000,22,6,+6.587,+0.875
0 days 00:52:25.007000,22,6,+6.484,+0.921
0 days 00:52:30.757000,22,6,+6.344,+0.919
0 days 00:52:35.300000,22,6,+6.425,+0.913
0 days 00:52:39.314000,22,6,+6.429,+0.930
0 days 00:52:45.459000,22,6,+6.518,+0.973
0 days 00:52:50.734000,22,6,+6.431,+1.050
0 days 00:52:55.080000,22,6,+6.427,+1.102
0 days 00:52:59.841000,22,6,+6.389,+1.098
0 days 00:53:03.436000,22,6,+6.202,+0.923
0 days 00:53:11.820000,22,6,+6.373,+0.891
0 days 00:53:15.840000,22,6,+6.437,+0.942
0 days 00:53:16.690000,22,6,+6.463,+1.016
0 days 00:53:21.035000,22,6,+6.409,+1.081
0 days 00:53:25.271000,22,6,+6.232,+0.959
0 days 00:53:26.383000,22,6,+6.175,+0.909
0 days 00:53:28.752000,22,6,+6.191,+1.073
0 days 00:53:33.931000,22,6,+6.286,+1.030
0 days 00:53:39.467000,22,6,+6.243,+0.929
0 days 00:53:43.579000,22,6,+6.297,+0.891
0 days 00:53:46.551000,22,6,+6.314,+0.918
0 days 00:53:53.670000,22,6,+6.488,+1.027
0 days 00:53:57.364000,22,6,+6.501,+1.039
0 days 00:54:01.488000,22,6,+6.573,+1.173
0 days 00:54:07.287000,22,6,+6.616,+1.227
0 days 00:54:11.892000,22,6,+6.683,+1.163
0 days 00:54:15.892000,22,6,+6.736,+1.198
0 days 00:54:22.181000,22,6,+6.834,+1.267
0 days 00:54:27.383000,22,6,+6.653,+1.247
0 days 00:54:31.661000,22,6,+6.612,+1.289
0 days 00:54:36.436000,22,6,+6.604,+1.333
0 days 00:54:40.215000,22,6,+6.577,+1.342
0 days 00:54:48.639000,22,6,+6.792,+1.417
0 days 00:54:52.651000,22,6,+6.892,+1.483
0 days 00:54:53.579000,22,6,+6.968,+1.575
0 days 00:54:57.902000,22,6,+6.910,+1.587
0 days 00:55:02.251000,22,6,+6.877,+1.623
0 days 00:55:03.420000,22,6,+6.853,+1.620
0 days 00:55:05.829000,22,6,+6.770,+1.783
0 days 00:55:10.829000,22,6,+6.785,+1.577
0 days 00:55:16.235000,22,6,+6.754,+1.517
0 days 00:55:20.510000,22,6,+6.855,+1.499
0 days 00:55:23.482000,22,6,+6.865,+1.517
0 days 00:55:30.626000,22,6,+7.005,+1.529
0 days 00:55:34.311000,22,6,+7.019,+1.528
0 days 00:55:38.511000,22,6,+6.969,+1.678
0 days 00:55:44.162000,22,6,+6.764,+1.669
0 days 00:55:48.792000,22,6,+6.768,+1.536
0 days 00:55:52.785000,22,6,+6.800,+1.531
0 days 00:55:58.957000,22,6,+6.814,+1.408
0 days 00:56:04.188000,22,6,+6.834,+1.420
0 days 00:56:08.488000,22,6,+6.834,+1.459
0 days 00:56:13.288000,22,6,+6.842,+1.510
0 days 00:56:17.083000,22,6,+6.831,+1.523
0 days 00:56:25.544000,22,6,+7.010,+1.613
0 days 00:56:29.480000,22,6,+7.093,+1.645
0 days 00:56:30.380000,22,6,+7.119,+1.710
0 days 00:56:34.766000,22,6,+7.093,+1.744
0 days 00:56:39.163000,22,6,+7.083,+1.790
0 days 00:56:40.262000,22,6,+7.073,+1.790
0 days 00:56:42.619000,22,6,+7.087,+1.935
0 days 00:56:47.663000,22,6,+7.233,+1.816
0 days 00:56:53.088000,22,6,+7.264,+1.693
0 days 00:56:57.382000,22,6,+7.395,+1.686
0 days 00:57:00.362000,22,6,+7.411,+1.705
0 days 00:57:07.503000,22,6,+7.527,+1.708
0 days 00:57:11.263000,22,6,+7.546,+1.701
0 days 00:57:15.441000,22,6,+7.722,+1.934
0 days 00:57:21.277000,22,6,+7.803,+1.922
0 days 00:57:25.824000,22,6,+7.774,+1.798
0 days 00:57:29.766000,22,6,+7.786,+1.789
0 days 00:57:36.038000,22,6,+7.951,+1.692
0 days 00:57:41.260000,22,6,+7.998,+1.645
0 days 00:57:45.589000,22,6,+8.066,+1.704
0 days 00:57:50.389000,22,6,+8.091,+1.751
0 days 00:57:54.209000,22,6,+8.081,+1.754
0 days 00:58:02.691000,22,6,+8.170,+1.760
0 days 00:58:06.652000,22,6,+8.276,+1.811
0 days 00:58:07.531000,22,6,+8.293,+1.849
0 days 00:58:11.863000,22,6,+8.266,+1.906
0 days 00:58:16.290000,22,6,+8.260,+1.950
0 days 00:58:17.408000,22,6,+8.250,+1.946
0 days 00:58:19.738000,22,6,+8.183,+2.044
0 days 00:58:24.845000,22,6,+7.898,+1.910
0 days 00:58:30.214000,22,6,+7.944,+1.802
0 days 00:58:34.491000,22,6,+8.031,+1.857
0 days 00:58:37.459000,22,6,+8.038,+1.870
0 days 00:58:44.659000,22,6,+8.074,+1.826
0 days 00:58:48.391000,22,6,+8.077,+1.817
0 days 00:58:52.564000,22,6,+8.186,+2.073
0 days 00:58:58.437000,22,6,+8.371,+2.110
0 days 00:59:03.037000,22,6,+8.381,+1.901
0 days 00:59:06.993000,22,6,+8.404,+1.879
0 days 00:59:13.203000,22,6,+8.508,+1.881
0 days 00:59:18.618000,22,6,+8.529,+1.809
0 days 00:59:22.975000,22,6,+8.580,+1.860
0 days 00:59:27.825000,22,6,+8.611,+1.905
0 days 00:59:31.606000,22,6,+8.613,+1.914
0 days 00:59:40.132000,22,6,+8.667,+1.882
0 days 00:59:44.049000,22,6,+8.758,+1.929
0 days 00:59:44.990000,22,6,+8.795,+1.998
0 days 00:59:49.383000,22,6,+8.769,+2.062
0 days 00:59:53.697000,22,6,+8.765,+2.105
0 days 00:59:54.864000,22,6,+8.750,+2.093
0 days 00:59:57.130000,22,6,+8.734,+2.175
0 days 01:00:02.253000,22,6,+8.639,+1.961
0 days 01:00:07.659000,22,6,+8.682,+1.980
0 days 01:00:11.955000,22,6,+8.779,+2.004
0 days 01:00:14.938000,22,6,+8.785,+2.020
0 days 01:00:22.153000,22,6,+8.968,+1.912
0 days 01:00:25.902000,22,6,+8.992,+1.890
0 days 01:00:29.993000,22,6,+9.090,+2.104
0 days 01:00:35.991000,22,6,+9.212,+2.141
0 days 01:00:40.639000,22,6,+9.249,+2.100
0 days 01:00:44.601000,22,6,+9.267,+2.096
0 days 01:00:50.891000,22,6,+9.384,+2.110
0 days 01:00:56.260000,22,6,+9.276,+1.955
0 days 01:01:00.605000,22,6,+9.301,+2.003
0 days 01:01:05.409000,22,6,+9.330,+2.039
0 days 01:01:09.284000,22,6,+9.331,+2.052
0 days 01:01:17.786000,22,6,+9.387,+1.935
0 days 01:01:21.723000,22,6,+9.488,+1.977
0 days 01:01:22.653000,22,6,+9.535,+2.034
0 days 01:01:26.953000,22,6,+9.539,+2.074
0 days 01:01:31.308000,22,6,+9.536,+2.115
0 days 01:01:32.491000,22,6,+9.529,+2.126
0 days 01:01:34.911000,22,6,+9.595,+2.358
0 days 01:01:40.291000,22,6,+9.544,+2.240
0 days 01:01:45.603000,22,6,+9.631,+2.146
0 days 01:01:49.894000,22,6,+9.701,+2.118
0 days 01:01:52.832000,22,6,+9.716,+2.145
0 days 01:02:00.012000,22,6,+9.848,+1.945
0 days 01:02:03.765000,22,6,+9.881,+1.938
0 days 01:02:07.953000,22,6,+10.049,+2.215
0 days 01:02:13.955000,22,6,+10.317,+2.187
0 days 01:02:18.624000,22,6,+10.431,+2.145
0 days 01:02:22.630000,22,6,+10.469,+2.154
0 days 01:02:28.929000,22,6,+10.552,+2.045
0 days 01:02:34.291000,22,6,+10.574,+1.889
0 days 01:02:38.625000,22,6,+10.600,+1.910
0 days 01:02:43.442000,22,6,+10.633,+1.949
0 days 01:02:47.265000,22,6,+10.647,+1.967
0 days 01:02:55.945000,22,6,+10.834,+1.997
0 days 01:02:59.876000,22,6,+10.942,+2.062
0 days 01:03:00.722000,22,6,+10.967,+2.130
0 days 01:03:05.149000,22,6,+11.022,+2.238
0 days 01:03:09.537000,22,6,+11.040,+2.285
0 days 01:03:10.741000,22,6,+11.023,+2.277
0 days 01:03:13.091000,22,6,+11.021,+2.452
0 days 01:03:18.165000,22,6,+10.919,+2.226
0 days 01:03:23.694000,22,6,+11.028,+2.134
0 days 01:03:27.963000,22,6,+11.077,+2.062
0 days 01:03:30.920000,22,6,+11.095,+2.086
0 days 01:03:38.221000,22,6,+11.223,+2.067
0 days 01:03:41.991000,22,6,+11.220,+2.057
0 days 01:03:46.104000,22,6,+11.344,+2.000
0 days 01:03:52.096000,22,6,+11.689,+2.109
0 days 01:03:56.796000,22,6,+11.750,+2.115
0 days 01:04:00.755000,22,6,+11.758,+2.116
0 days 01:04:07.028000,22,6,+11.822,+2.018
0 days 01:04:12.466000,22,6,+11.815,+1.930
0 days 01:04:16.821000,22,6,+11.828,+1.961
0 days 01:04:21.653000,22,6,+11.860,+2.003
0 days 01:04:25.484000,22,6,+11.880,+2.011
0 days 01:04:34.113000,22,6,+12.073,+2.008
0 days 01:04:38.055000,22,6,+12.180,+2.085
0 days 01:04:38.962000,22,6,+12.259,+2.172
0 days 01:04:43.386000,22,6,+12.270,+2.186
0 days 01:04:47.692000,22,6,+12.268,+2.216
0 days 01:04:48.879000,22,6,+12.267,+2.209
0 days 01:04:51.192000,22,6,+12.325,+2.298
0 days 01:04:56.403000,22,6,+12.303,+2.085
0 days 01:05:01.929000,22,6,+12.252,+2.111
0 days 01:05:06.196000,22,6,+12.306,+2.089
0 days 01:05:09.192000,22,6,+12.310,+2.099
0 days 01:05:16.392000,22,6,+12.287,+2.086
0 days 01:05:20.269000,22,6,+12.308,+2.066
0 days 01:05:24.312000,22,6,+12.460,+2.282
0 days 01:05:30.440000,22,6,+12.760,+2.530
0 days 01:05:35.271000,22,6,+12.897,+2.642
0 days 01:05:39.240000,22,6,+12.940,+2.661
0 days 01:05:45.592000,22,6,+13.155,+2.582
0 days 01:05:51.003000,22,6,+13.109,+2.586
0 days 01:05:55.342000,22,6,+13.132,+2.640
0 days 01:06:00.189000,22,6,+13.153,+2.688
0 days 01:06:04.084000,22,6,+13.159,+2.699
0 days 01:06:12.661000,22,6,+13.249,+2.716
0 days 01:06:16.566000,22,6,+13.350,+2.775
0 days 01:06:17.556000,22,6,+13.430,+2.853
0 days 01:06:21.956000,22,6,+13.512,+2.969
0 days 01:06:26.345000,22,6,+13.531,+3.013
0 days 01:06:27.486000,22,6,+13.529,+3.006
0 days 01:06:29.869000,22,6,+13.536,+3.211
0 days 01:06:35.093000,22,6,+13.600,+3.197
0 days 01:06:40.643000,22,6,+13.656,+3.266
0 days 01:06:44.941000,22,6,+13.651,+3.219
0 days 01:06:47.895000,22,6,+13.662,+3.235
0 days 01:06:55.210000,22,6,+13.598,+3.315
0 days 01:06:59.148000,22,6,+13.596,+3.307
0 days 01:07:03.036000,22,6,+13.698,+3.521
0 days 01:07:09.109000,22,6,+13.961,+3.739
0 days 01:07:13.810000,22,6,+14.044,+3.740
0 days 01:07:17.813000,22,6,+14.084,+3.770
0 days 01:07:24.231000,22,6,+14.244,+3.891
0 days 01:07:29.622000,22,6,+14.123,+3.810
0 days 01:07:33.924000,22,6,+14.148,+3.865
0 days 01:07:38.767000,22,6,+14.189,+3.918
0 days 01:07:42.665000,22,6,+14.211,+3.931
0 days 01:07:51.313000,22,6,+14.408,+4.105
0 days 01:07:55.211000,22,6,+14.509,+4.173
0 days 01:07:56.163000,22,6,+14.599,+4.256
0 days 01:08:00.568000,22,6,+14.644,+4.341
0 days 01:08:04.941000,22,6,+14.665,+4.398
0 days 01:08:06.141000,22,6,+14.666,+4.405
0 days 01:08:08.543000,22,6,+14.766,+4.684
0 days 01:08:13.770000,22,6,+14.772,+4.865
0 days 01:08:19.514000,22,6,+14.845,+4.892
0 days 01:08:23.748000,22,6,+14.865,+4.902
0 days 01:08:26.804000,22,6,+14.886,+4.939
0 days 01:08:34.094000,22,6,+14.953,+5.140
0 days 01:08:37.866000,22,6,+14.977,+5.160
0 days 01:08:42,22,6,+15.090,+5.414
0 days 01:08:48.158000,22,6,+15.384,+5.717
0 days 01:08:52.962000,22,6,+15.524,+5.724
0 days 01:08:57.014000,22,6,+15.587,+5.772
0 days 01:09:03.368000,22,6,+15.602,+5.736
0 days 01:09:08.757000,22,6,+15.452,+5.704
0 days 01:09:13.114000,22,6,+15.478,+5.777
0 days 01:09:17.983000,22,6,+15.499,+5.841
0 days 01:09:21.862000,22,6,+15.512,+5.887
0 days 01:09:30.298000,22,6,+15.550,+5.948
0 days 01:09:34.360000,22,6,+15.667,+6.025
0 days 01:09:35.288000,22,6,+15.729,+6.092
0 days 01:09:39.719000,22,6,+15.707,+6.139
0 days 01:09:44.053000,22,6,+15.732,+6.201
0 days 01:09:45.215000,22,6,+15.726,+6.210
0 days 01:09:47.609000,22,6,+15.751,+6.448
0 days 01:09:52.856000,22,6,+15.882,+6.531
0 days 01:09:58.468000,22,6,+15.713,+6.429
0 days 01:10:02.776000,22,6,+15.750,+6.426
0 days 01:10:05.745000,22,6,+15.773,+6.464
0 days 01:10:13.186000,22,6,+15.809,+6.665
0 days 01:10:16.917000,22,6,+15.805,+6.682
0 days 01:10:21.069000,22,6,+16.026,+6.934
0 days 01:10:27.212000,22,6,+16.392,+7.195
0 days 01:10:32.015000,22,6,+16.482,+7.149
0 days 01:10:36.015000,22,6,+16.505,+7.176
0 days 01:10:42.290000,22,6,+16.462,+7.214
0 days 01:10:47.645000,22,6,+16.420,+6.925
0 days 01:10:51.972000,22,6,+16.429,+6.960
0 days 01:10:56.797000,22,6,+16.477,+7.029
0 days 01:11:00.706000,22,6,+16.500,+7.070
0 days 01:11:09.130000,22,6,+16.646,+7.132
0 days 01:11:13.208000,22,6,+16.768,+7.212
0 days 01:11:14.215000,22,6,+16.902,+7.338
0 days 01:11:18.586000,22,6,+17.004,+7.432
0 days 01:11:22.988000,22,6,+17.044,+7.520
0 days 01:11:24.200000,22,6,+17.063,+7.544
0 days 01:11:26.758000,22,6,+17.291,+7.921
0 days 01:11:31.995000,22,6,+17.404,+8.075
0 days 01:11:37.690000,22,6,+17.494,+8.010
0 days 01:11:42.044000,22,6,+17.629,+8.092
0 days 01:11:45.048000,22,6,+17.666,+8.143
0 days 01:11:52.483000,22,6,+17.834,+8.349
0 days 01:11:56.187000,22,6,+17.826,+8.336
0 days 01:12:00.343000,22,6,+18.068,+8.599
0 days 01:12:06.401000,22,6,+18.293,+8.775
0 days 01:12:11.143000,22,6,+18.283,+8.707
0 days 01:12:15.134000,22,6,+18.281,+8.743
0 days 01:12:21.495000,22,6,+18.308,+8.610
0 days 01:12:26.802000,22,6,+18.050,+8.479
0 days 01:12:31.143000,22,6,+18.100,+8.533
0 days 01:12:35.958000,22,6,+18.148,+8.667
0 days 01:12:39.965000,22,6,+18.185,+8.887
0 days 01:12:48.287000,22,6,+18.242,+8.930
0 days 01:12:52.256000,22,6,+18.329,+8.991
0 days 01:12:53.219000,22,6,+18.381,+9.035
0 days 01:12:57.613000,22,6,+18.431,+9.130
0 days 01:13:02.083000,22,6,+18.462,+9.389
0 days 01:13:03.211000,22,6,+18.475,+9.478
0 days 01:13:05.716000,22,6,+18.641,+9.643
0 days 01:13:10.970000,22,6,+18.979,+9.549
0 days 01:13:16.745000,22,6,+18.939,+9.457
0 days 01:13:21.052000,22,6,+19.034,+9.554
0 days 01:13:24.051000,22,6,+19.077,+9.625
0 days 01:13:31.490000,22,6,+19.257,+9.687
0 days 01:13:35.201000,22,6,+19.287,+9.738
0 days 01:13:39.370000,22,6,+19.546,+9.936
0 days 01:13:45.572000,22,6,+19.937,+10.154
0 days 01:13:50.305000,22,6,+19.932,+9.975
0 days 01:13:54.307000,22,6,+19.939,+9.999
0 days 01:14:00.688000,22,6,+20.039,+9.821
0 days 01:14:05.959000,22,6,+19.840,+9.443
0 days 01:14:10.346000,22,6,+19.913,+9.506
0 days 01:14:15.179000,22,6,+19.978,+9.637
0 days 01:14:19.002000,22,6,+20.022,+9.870
0 days 01:14:27.597000,22,6,+20.242,+10.066
0 days 01:14:31.612000,22,6,+20.328,+10.116
0 days 01:14:32.586000,22,6,+20.385,+10.123
0 days 01:14:36.973000,22,6,+20.426,+10.190
0 days 01:14:41.416000,22,6,+20.452,+10.426
0 days 01:14:42.571000,22,6,+20.454,+10.512
0 days 01:14:44.944000,22,6,+20.472,+10.678
0 days 01:14:50.330000,22,6,+20.782,+10.665
0 days 01:14:56.195000,22,6,+20.907,+10.554
0 days 01:15:00.519000,22,6,+20.968,+10.673
0 days 01:15:03.596000,22,6,+20.999,+10.799
0 days 01:15:10.849000,22,6,+21.222,+10.167
0 days 01:15:14.614000,22,6,+21.241,+10.174
0 days 01:15:18.720000,22,6,+21.480,+10.333
0 days 01:15:25.120000,22,6,+21.981,+10.599
0 days 01:15:29.654000,22,6,+21.967,+10.350
0 days 01:15:33.666000,22,6,+21.967,+10.347
0 days 01:15:40.005000,22,6,+22.008,+10.129
0 days 01:15:45.273000,22,6,+22.047,+10.069
0 days 01:15:49.646000,22,6,+22.081,+10.076
0 days 01:15:54.417000,22,6,+22.122,+10.199
0 days 01:15:58.214000,22,6,+22.155,+10.405
0 days 01:16:06.590000,22,6,+22.054,+10.109
0 days 01:16:10.597000,22,6,+22.168,+10.134
0 days 01:16:11.649000,22,6,+22.244,+10.138
0 days 01:16:15.958000,22,6,+22.288,+10.098
0 days 00:00:09.326000,23,9,,
0 days 00:45:20.957000,23,9,+0.990,+0.259
0 days 00:45:21.933000,23,10,+0.990,+0.259
0 days 00:45:22.031000,23,10,+0.894,+0.026
0 days 00:45:24.710000,23,10,+1.433,+0.134
0 days 00:45:30.233000,23,11,+1.433,+0.134
0 days 00:45:30.358000,23,11,+2.317,+0.029
0 days 00:45:36.458000,23,10,+2.317,+0.029
0 days 00:45:36.549000,23,10,+2.881,+0.207
0 days 00:45:40.584000,23,10,+2.930,+0.180
0 days 00:45:43.357000,23,10,+2.890,+0.202
0 days 00:45:50.929000,23,10,+3.552,+0.185
0 days 00:45:54.596000,23,10,+3.550,+0.126
0 days 00:45:58.932000,23,11,+3.550,+0.126
0 days 00:45:59.111000,23,11,+4.053,+0.008
0 days 00:46:05.184000,23,11,+4.692,+0.178
0 days 00:46:10.274000,23,11,+5.268,+0.293
0 days 00:46:14.253000,23,11,+5.341,+0.324
0 days 00:46:21.258000,23,11,+6.157,+0.453
0 days 00:46:26.123000,23,11,+6.204,+0.369
0 days 00:46:30.467000,23,11,+6.275,+0.388
0 days 00:46:35.148000,23,11,+6.187,+0.408
0 days 00:46:38.833000,23,11,+6.052,+0.424
0 days 00:46:47.596000,23,11,+6.550,+0.264
0 days 00:46:51.683000,23,11,+6.687,+0.268
0 days 00:46:52.735000,23,11,+6.870,+0.281
0 days 00:46:57.276000,23,11,+6.925,+0.269
0 days 00:47:01.621000,23,11,+6.843,+0.233
0 days 00:47:02.805000,23,11,+6.817,+0.243
0 days 00:47:05.332000,23,11,+7.019,+0.341
0 days 00:47:10.695000,23,11,+7.552,+0.605
0 days 00:47:16.203000,23,11,+7.599,+0.539
0 days 00:47:20.241000,23,11,+7.607,+0.477
0 days 00:47:23.226000,23,11,+7.586,+0.469
0 days 00:47:30.376000,23,11,+7.896,+0.443
0 days 00:47:34.090000,23,11,+7.903,+0.438
0 days 00:47:38.288000,23,11,+7.999,+0.460
0 days 00:47:44.279000,23,11,+8.315,+0.585
0 days 00:47:48.961000,23,11,+8.519,+0.671
0 days 00:47:52.926000,23,11,+8.583,+0.721
0 days 00:47:59.285000,23,11,+8.918,+0.873
0 days 00:48:04.488000,23,11,+9.032,+0.749
0 days 00:48:08.872000,23,11,+9.102,+0.731
0 days 00:48:13.532000,23,11,+9.003,+0.691
0 days 00:48:17.087000,23,11,+8.690,+0.654
0 days 00:48:25.529000,23,11,+8.944,+0.480
0 days 00:48:29.533000,23,11,+9.060,+0.509
0 days 00:48:30.470000,23,11,+9.156,+0.558
0 days 00:48:34.837000,23,11,+9.069,+0.516
0 days 00:48:39.063000,23,11,+8.813,+0.478
0 days 00:48:40.055000,23,11,+8.702,+0.486
0 days 00:48:42.509000,23,11,+8.715,+0.594
0 days 00:48:47.703000,23,11,+9.035,+0.764
0 days 00:48:53.263000,23,11,+9.153,+0.743
0 days 00:48:57.450000,23,11,+9.162,+0.758
0 days 00:49:00.402000,23,11,+9.150,+0.776
0 days 00:49:07.666000,23,11,+9.424,+0.780
0 days 00:49:11.377000,23,11,+9.424,+0.747
0 days 00:49:15.606000,23,11,+9.509,+0.810
0 days 00:49:21.724000,23,11,+9.847,+0.952
0 days 00:49:26.353000,23,11,+9.967,+0.957
0 days 00:49:30.312000,23,11,+9.978,+0.971
0 days 00:49:36.542000,23,11,+10.175,+0.904
0 days 00:49:41.733000,23,11,+10.182,+0.648
0 days 00:49:46.116000,23,11,+10.221,+0.628
0 days 00:49:50.837000,23,11,+10.118,+0.541
0 days 00:49:54.355000,23,11,+9.855,+0.494
0 days 00:50:02.893000,23,11,+10.116,+0.478
0 days 00:50:06.785000,23,11,+10.166,+0.521
0 days 00:50:07.763000,23,11,+10.240,+0.567
0 days 00:50:12.181000,23,11,+10.265,+0.358
0 days 00:50:16.269000,23,11,+9.990,+0.167
0 days 00:50:17.423000,23,11,+9.876,+0.143
0 days 00:50:19.921000,23,11,+9.982,+0.363
0 days 00:50:25.336000,23,11,+10.481,+0.751
0 days 00:50:30.830000,23,11,+10.564,+0.627
0 days 00:50:34.938000,23,11,+10.570,+0.676
0 days 00:50:37.923000,23,11,+10.581,+0.674
0 days 00:50:45.140000,23,11,+10.883,+0.640
0 days 00:50:48.857000,23,11,+10.901,+0.604
0 days 00:50:53.111000,23,11,+10.864,+0.665
0 days 00:50:59.234000,23,11,+11.263,+0.805
0 days 00:51:03.900000,23,11,+11.401,+0.841
0 days 00:51:07.838000,23,11,+11.431,+0.836
0 days 00:51:14.112000,23,11,+11.641,+0.777
0 days 00:51:19.460000,23,11,+11.656,+0.849
0 days 00:51:23.755000,23,11,+11.713,+0.893
0 days 00:51:28.460000,23,11,+11.671,+0.822
0 days 00:51:32.060000,23,11,+11.457,+0.625
0 days 00:51:40.709000,23,11,+11.793,+0.771
0 days 00:51:44.560000,23,11,+11.848,+0.763
0 days 00:51:45.481000,23,11,+11.922,+0.792
0 days 00:51:49.854000,23,11,+11.896,+0.580
0 days 00:51:54.061000,23,11,+11.679,+0.293
0 days 00:51:55.186000,23,11,+11.596,+0.243
0 days 00:51:57.637000,23,11,+11.705,+0.456
0 days 00:52:02.865000,23,11,+12.029,+0.820
0 days 00:52:08.456000,23,11,+12.006,+0.759
0 days 00:52:12.608000,23,11,+11.999,+0.778
0 days 00:52:15.579000,23,11,+12.001,+0.775
0 days 00:52:22.778000,23,11,+12.216,+0.747
0 days 00:52:26.495000,23,11,+12.244,+0.712
0 days 00:52:30.816000,23,11,+12.301,+0.804
0 days 00:52:36.857000,23,11,+12.469,+0.858
0 days 00:52:41.497000,23,11,+12.587,+0.849
0 days 00:52:45.408000,23,11,+12.577,+0.821
0 days 00:52:51.714000,23,11,+12.723,+0.799
0 days 00:52:57.005000,23,11,+12.661,+0.791
0 days 00:53:01.325000,23,11,+12.658,+0.750
0 days 00:53:06.061000,23,11,+12.602,+0.643
0 days 00:53:09.649000,23,11,+12.392,+0.420
0 days 00:53:18.254000,23,11,+12.727,+0.562
0 days 00:53:22.161000,23,11,+12.806,+0.563
0 days 00:53:23.122000,23,11,+12.870,+0.589
0 days 00:53:27.478000,23,11,+12.782,+0.547
0 days 00:53:31.599000,23,11,+12.573,+0.352
0 days 00:53:32.779000,23,11,+12.525,+0.305
0 days 00:53:35.198000,23,11,+12.599,+0.443
0 days 00:53:40.561000,23,11,+12.953,+0.766
0 days 00:53:46.057000,23,11,+12.914,+0.576
0 days 00:53:50.237000,23,11,+12.954,+0.561
0 days 00:53:53.203000,23,11,+12.970,+0.555
0 days 00:54:00.391000,23,11,+13.251,+0.473
0 days 00:54:04.157000,23,11,+13.271,+0.457
0 days 00:54:08.487000,23,11,+13.525,+0.597
0 days 00:54:14.500000,23,11,+13.851,+0.691
0 days 00:54:19.187000,23,11,+13.929,+0.703
0 days 00:54:23.081000,23,11,+13.919,+0.659
0 days 00:54:29.421000,23,11,+14.083,+0.749
0 days 00:54:34.588000,23,11,+13.871,+0.697
0 days 00:54:38.894000,23,11,+13.810,+0.677
0 days 00:54:43.524000,23,11,+13.677,+0.524
0 days 00:54:47.088000,23,11,+13.431,+0.269
0 days 00:54:55.508000,23,11,+13.667,+0.320
0 days 00:54:59.512000,23,11,+13.727,+0.258
0 days 00:55:00.449000,23,11,+13.836,+0.310
0 days 00:55:05.061000,23,11,+14.033,+0.524
0 days 00:55:09.257000,23,11,+13.866,+0.375
0 days 00:55:10.411000,23,11,+13.812,+0.347
0 days 00:55:12.829000,23,11,+13.781,+0.546
0 days 00:55:18.108000,23,11,+14.023,+0.925
0 days 00:55:23.504000,23,11,+13.996,+0.777
0 days 00:55:27.712000,23,11,+14.030,+0.831
0 days 00:55:30.700000,23,11,+14.059,+0.853
0 days 00:55:37.892000,23,11,+14.327,+0.844
0 days 00:55:41.651000,23,11,+14.339,+0.823
0 days 00:55:45.849000,23,11,+14.361,+0.878
0 days 00:55:51.826000,23,11,+14.403,+0.976
0 days 00:55:56.465000,23,11,+14.412,+0.940
0 days 00:56:00.380000,23,11,+14.403,+0.907
0 days 00:56:06.707000,23,11,+14.567,+0.879
0 days 00:56:11.961000,23,11,+14.604,+0.847
0 days 00:56:16.310000,23,11,+14.628,+0.838
0 days 00:56:21.012000,23,11,+14.553,+0.721
0 days 00:56:24.588000,23,11,+14.323,+0.471
0 days 00:56:33.007000,23,11,+14.552,+0.472
0 days 00:56:36.967000,23,11,+14.603,+0.451
0 days 00:56:37.943000,23,11,+14.677,+0.508
0 days 00:56:42.390000,23,11,+14.760,+0.599
0 days 00:56:46.690000,23,11,+14.605,+0.441
0 days 00:56:47.826000,23,11,+14.533,+0.378
0 days 00:56:50.089000,23,11,+14.560,+0.508
0 days 00:56:55.380000,23,11,+14.977,+0.917
0 days 00:57:00.937000,23,11,+15.053,+0.833
0 days 00:57:05.125000,23,11,+15.092,+0.855
0 days 00:57:08.052000,23,11,+15.117,+0.868
0 days 00:57:15.352000,23,11,+15.319,+0.934
0 days 00:57:19.054000,23,11,+15.334,+0.917
0 days 00:57:23.263000,23,11,+15.516,+0.968
0 days 00:57:29.236000,23,11,+15.795,+1.242
0 days 00:57:33.951000,23,11,+15.862,+1.284
0 days 00:57:37.853000,23,11,+15.853,+1.265
0 days 00:57:44.094000,23,11,+15.993,+1.135
0 days 00:57:49.561000,23,11,+16.249,+1.193
0 days 00:57:53.873000,23,11,+16.350,+1.235
0 days 00:57:58.659000,23,11,+16.366,+1.203
0 days 00:58:02.484000,23,11,+16.342,+1.163
0 days 00:58:10.966000,23,11,+16.517,+1.278
0 days 00:58:14.963000,23,11,+16.597,+1.323
0 days 00:58:15.937000,23,11,+16.674,+1.402
0 days 00:58:20.265000,23,11,+16.644,+1.428
0 days 00:58:24.619000,23,11,+16.616,+1.409
0 days 00:58:25.803000,23,11,+16.612,+1.407
0 days 00:58:28.238000,23,11,+16.663,+1.581
0 days 00:58:33.563000,23,11,+16.729,+2.033
0 days 00:58:39.134000,23,11,+16.831,+1.871
0 days 00:58:43.430000,23,11,+16.919,+1.967
0 days 00:58:46.391000,23,11,+16.936,+1.978
0 days 00:58:53.542000,23,11,+16.963,+1.884
0 days 00:58:57.263000,23,11,+16.975,+1.877
0 days 00:59:01.501000,23,11,+17.153,+2.027
0 days 00:59:07.648000,23,11,+17.587,+2.296
0 days 00:59:12.359000,23,11,+17.690,+2.329
0 days 00:59:16.290000,23,11,+17.709,+2.327
0 days 00:59:22.516000,23,11,+17.812,+2.164
0 days 00:59:28.018000,23,11,+17.935,+2.228
0 days 00:59:32.405000,23,11,+18.000,+2.238
0 days 00:59:37.225000,23,11,+18.031,+2.224
0 days 00:59:41.064000,23,11,+18.029,+2.208
0 days 00:59:49.604000,23,11,+18.134,+2.160
0 days 00:59:53.492000,23,11,+18.205,+2.198
0 days 00:59:54.462000,23,11,+18.271,+2.271
0 days 00:59:58.767000,23,11,+18.215,+2.294
0 days 01:00:03.164000,23,11,+18.181,+2.284
0 days 01:00:04.353000,23,11,+18.180,+2.304
0 days 01:00:06.698000,23,11,+18.294,+2.450
0 days 01:00:12.184000,23,11,+18.601,+2.878
0 days 01:00:17.664000,23,11,+18.645,+2.748
0 days 01:00:21.899000,23,11,+18.697,+2.777
0 days 01:00:24.864000,23,11,+18.707,+2.794
0 days 01:00:32.062000,23,11,+18.880,+2.719
0 days 01:00:35.794000,23,11,+18.899,+2.681
0 days 01:00:39.908000,23,11,+18.996,+2.712
0 days 01:00:45.920000,23,11,+19.151,+2.867
0 days 01:00:50.621000,23,11,+19.231,+2.826
0 days 01:00:54.550000,23,11,+19.230,+2.833
0 days 01:01:00.966000,23,11,+19.395,+2.718
0 days 01:01:06.338000,23,11,+19.330,+2.648
0 days 01:01:10.693000,23,11,+19.381,+2.669
0 days 01:01:15.508000,23,11,+19.418,+2.663
0 days 01:01:19.538000,23,11,+19.418,+2.651
0 days 01:01:27.825000,23,11,+19.535,+2.531
0 days 01:01:31.825000,23,11,+19.585,+2.540
0 days 01:01:32.738000,23,11,+19.641,+2.586
0 days 01:01:37.072000,23,11,+19.635,+2.545
0 days 01:01:41.411000,23,11,+19.614,+2.531
0 days 01:01:42.692000,23,11,+19.621,+2.555
0 days 01:01:45.081000,23,11,+19.756,+2.821
0 days 01:01:50.410000,23,11,+19.874,+3.137
0 days 01:01:55.873000,23,11,+19.901,+2.843
0 days 01:02:00.091000,23,11,+19.940,+2.876
0 days 01:02:03.065000,23,11,+19.946,+2.876
0 days 01:02:10.176000,23,11,+20.022,+2.690
0 days 01:02:13.930000,23,11,+20.035,+2.644
0 days 01:02:18.101000,23,11,+20.204,+2.739
0 days 01:02:24.338000,23,11,+20.640,+2.996
0 days 01:02:28.968000,23,11,+20.718,+2.928
0 days 01:02:32.880000,23,11,+20.709,+2.921
0 days 01:02:39.262000,23,11,+20.851,+2.800
0 days 01:02:44.666000,23,11,+20.934,+2.622
0 days 01:02:49.041000,23,11,+20.983,+2.620
0 days 01:02:53.839000,23,11,+21.011,+2.604
0 days 01:02:57.628000,23,11,+21.016,+2.586
0 days 01:03:06.115000,23,11,+21.143,+2.531
0 days 01:03:10.119000,23,11,+21.213,+2.550
0 days 01:03:11.092000,23,11,+21.257,+2.598
0 days 01:03:11.092000,23,11,+21.213,+2.550
0 days 01:03:11.092000,23,11,+21.257,+2.598
0 days 01:03:15.311000,23,11,+21.197,+2.425
0 days 01:03:19.824000,23,11,+21.171,+2.392
0 days 01:03:20.842000,23,11,+21.164,+2.399
0 days 01:03:23.221000,23,11,+21.210,+2.588
0 days 01:03:28.622000,23,11,+21.362,+2.897
0 days 01:03:34.092000,23,11,+21.384,+2.519
0 days 01:03:38.252000,23,11,+21.399,+2.493
0 days 01:03:41.278000,23,11,+21.397,+2.473
0 days 01:03:48.447000,23,11,+21.446,+2.303
0 days 01:03:52.141000,23,11,+21.419,+2.240
0 days 01:03:56.339000,23,11,+21.601,+2.325
0 days 01:04:02.513000,23,11,+22.078,+2.537
0 days 01:04:07.228000,23,11,+22.128,+2.468
0 days 01:04:11.121000,23,11,+22.098,+2.428
0 days 01:04:17.516000,23,11,+22.270,+2.421
0 days 01:04:22.987000,23,11,+22.339,+2.191
0 days 01:04:27.339000,23,11,+22.350,+2.147
0 days 01:04:32.139000,23,11,+22.373,+2.120
0 days 01:04:36.003000,23,11,+22.376,+2.092
0 days 01:04:44.411000,23,11,+22.517,+1.952
0 days 01:04:48.395000,23,11,+22.582,+1.980
0 days 01:04:49.340000,23,11,+22.662,+2.010
0 days 01:04:53.666000,23,11,+22.597,+1.865
0 days 01:04:57.993000,23,11,+22.559,+1.812
0 days 01:04:59.243000,23,11,+22.567,+1.807
0 days 01:05:01.641000,23,11,+22.730,+2.062
0 days 01:05:06.973000,23,11,+22.882,+2.305
0 days 01:05:12.612000,23,11,+22.910,+2.027
0 days 01:05:16.792000,23,11,+22.901,+2.028
0 days 01:05:19.766000,23,11,+22.898,+2.031
0 days 01:05:27.036000,23,11,+22.923,+1.932
0 days 01:05:30.777000,23,11,+22.928,+1.895
0 days 01:05:34.949000,23,11,+23.102,+1.977
0 days 01:05:41.255000,23,11,+23.526,+2.233
0 days 01:05:45.930000,23,11,+23.565,+2.105
0 days 01:05:49.850000,23,11,+23.553,+2.083
0 days 01:05:56.365000,23,11,+23.934,+2.087
0 days 01:06:02.113000,23,11,+24.176,+2.070
0 days 01:06:06.450000,23,11,+24.217,+2.062
0 days 01:06:11.293000,23,11,+24.229,+2.029
0 days 01:06:15.084000,23,11,+24.220,+1.987
0 days 01:06:23.630000,23,11,+24.303,+1.906
0 days 01:06:27.631000,23,11,+24.359,+1.911
0 days 01:06:28.520000,23,11,+24.428,+1.903
0 days 01:06:32.858000,23,11,+24.453,+1.858
0 days 01:06:37.267000,23,11,+24.444,+1.839
0 days 01:06:38.393000,23,11,+24.452,+1.845
0 days 01:06:40.888000,23,11,+24.559,+2.055
0 days 01:06:46.267000,23,11,+24.812,+2.347
0 days 01:06:52.002000,23,11,+24.983,+2.136
0 days 01:06:56.241000,23,11,+24.973,+2.160
0 days 01:06:59.193000,23,11,+24.973,+2.151
0 days 01:07:06.567000,23,11,+24.984,+2.145
0 days 01:07:10.314000,23,11,+24.977,+2.104
0 days 01:07:14.591000,23,11,+25.237,+2.335
0 days 01:07:20.806000,23,11,+25.671,+2.592
0 days 01:07:25.594000,23,11,+25.792,+2.194
0 days 01:07:29.511000,23,11,+25.798,+2.148
0 days 01:07:36.012000,23,11,+25.987,+2.033
0 days 01:07:41.567000,23,11,+26.044,+1.954
0 days 01:07:45.867000,23,11,+26.054,+1.916
0 days 01:07:50.639000,23,11,+26.068,+1.875
0 days 01:07:54.467000,23,11,+26.067,+1.843
0 days 01:08:03.068000,23,11,+26.268,+1.808
0 days 01:08:07.041000,23,11,+26.325,+1.844
0 days 01:08:07.987000,23,11,+26.404,+1.847
0 days 01:08:12.293000,23,11,+26.390,+1.700
0 days 01:08:16.696000,23,11,+26.376,+1.649
0 days 01:08:17.841000,23,11,+26.376,+1.645
0 days 01:08:20.290000,23,11,+26.492,+1.825
0 days 01:08:25.657000,23,11,+26.638,+2.133
0 days 01:08:31.604000,23,11,+26.891,+1.945
0 days 01:08:35.779000,23,11,+26.868,+1.874
0 days 01:08:38.732000,23,11,+26.885,+1.870
0 days 01:08:46.171000,23,11,+26.988,+1.728
0 days 01:08:49.919000,23,11,+27.009,+1.692
0 days 01:08:54.194000,23,11,+27.299,+1.964
0 days 01:09:00.322000,23,11,+27.539,+1.994
0 days 01:09:05.197000,23,11,+27.735,+1.685
0 days 01:09:09.185000,23,11,+27.754,+1.602
0 days 01:09:15.730000,23,11,+27.888,+1.512
0 days 01:09:21.294000,23,11,+27.923,+1.438
0 days 01:09:25.551000,23,11,+27.921,+1.416
0 days 01:09:30.373000,23,11,+27.912,+1.372
0 days 01:09:34.188000,23,11,+27.872,+1.317
0 days 01:09:42.794000,23,11,+27.944,+1.318
0 days 01:09:46.676000,23,11,+27.988,+1.264
0 days 01:09:47.645000,23,11,+28.095,+1.284
0 days 01:09:52.142000,23,11,+28.201,+1.165
0 days 01:09:56.499000,23,11,+28.196,+1.111
0 days 01:09:57.709000,23,11,+28.198,+1.101
0 days 01:10:00.210000,23,11,+28.302,+1.326
0 days 01:10:05.610000,23,11,+28.553,+1.513
0 days 01:10:11.515000,23,11,+28.689,+1.395
0 days 01:10:15.625000,23,11,+28.603,+1.279
0 days 01:10:18.571000,23,11,+28.610,+1.254
0 days 01:10:26.021000,23,11,+28.665,+1.234
0 days 01:10:29.768000,23,11,+28.643,+1.191
0 days 01:10:33.930000,23,11,+28.911,+1.307
0 days 01:10:40.220000,23,11,+29.438,+1.567
0 days 01:10:45.129000,23,11,+29.545,+1.231
0 days 01:10:49.023000,23,11,+29.542,+1.156
0 days 01:10:55.530000,23,11,+29.711,+1.159
0 days 01:11:01.338000,23,11,+30.026,+1.289
0 days 01:11:05.595000,23,11,+30.030,+1.282
0 days 01:11:10.320000,23,11,+30.026,+1.233
0 days 01:11:14.215000,23,11,+30.004,+1.194
0 days 01:11:22.859000,23,11,+30.353,+1.344
0 days 01:11:26.821000,23,11,+30.440,+1.328
0 days 01:11:27.813000,23,11,+30.576,+1.317
0 days 01:11:32.332000,23,11,+30.681,+1.215
0 days 01:11:36.610000,23,11,+30.667,+1.161
0 days 01:11:37.809000,23,11,+30.674,+1.146
0 days 01:11:40.169000,23,11,+30.733,+1.258
0 days 01:11:45.511000,23,11,+30.922,+1.502
0 days 01:11:51.523000,23,11,+31.239,+1.252
0 days 01:11:55.695000,23,11,+31.239,+1.169
0 days 01:11:58.596000,23,11,+31.238,+1.151
0 days 01:12:06.063000,23,11,+31.426,+1.180
0 days 01:12:09.772000,23,11,+31.434,+1.147
0 days 01:12:13.921000,23,11,+31.690,+1.304
0 days 01:12:20.215000,23,11,+32.187,+1.521
0 days 01:12:25.271000,23,11,+32.415,+1.331
0 days 01:12:29.270000,23,11,+32.429,+1.338
0 days 01:12:35.836000,23,11,+32.642,+1.337
0 days 01:12:41.424000,23,11,+32.667,+1.329
0 days 01:12:45.746000,23,11,+32.673,+1.294
0 days 01:12:50.558000,23,11,+32.686,+1.257
0 days 01:12:54.296000,23,11,+32.690,+1.223
0 days 01:13:02.930000,23,11,+32.900,+1.261
0 days 01:13:06.965000,23,11,+32.980,+1.239
0 days 01:13:07.896000,23,11,+33.092,+1.249
0 days 01:13:12.396000,23,11,+33.142,+1.215
0 days 01:13:16.675000,23,11,+33.125,+1.176
0 days 01:13:17.884000,23,11,+33.131,+1.168
0 days 01:13:20.196000,23,11,+33.121,+1.254
0 days 01:13:25.496000,23,11,+33.473,+1.631
0 days 01:13:31.522000,23,11,+33.672,+1.539
0 days 01:13:35.759000,23,11,+33.739,+1.543
0 days 01:13:38.725000,23,11,+33.759,+1.527
0 days 01:13:46.207000,23,11,+33.998,+1.489
0 days 01:13:49.944000,23,11,+34.017,+1.456
0 days 01:13:54,23,11,+34.193,+1.535
0 days 01:14:00.244000,23,11,+34.618,+1.751
0 days 01:14:05.648000,23,11,+35.228,+2.128
0 days 01:14:09.699000,23,11,+35.323,+2.192
0 days 01:14:16.296000,23,11,+35.619,+2.170
0 days 01:14:21.834000,23,11,+35.700,+2.237
0 days 01:14:26.167000,23,11,+35.741,+2.235
0 days 01:14:30.997000,23,11,+35.785,+2.226
0 days 01:14:34.812000,23,11,+35.813,+2.215
0 days 01:14:43.471000,23,11,+36.101,+2.051
0 days 01:14:47.453000,23,11,+36.143,+1.969
0 days 01:14:48.446000,23,11,+36.225,+1.930
0 days 01:14:52.980000,23,11,+36.358,+1.875
0 days 01:14:57.345000,23,11,+36.365,+1.856
0 days 01:14:58.502000,23,11,+36.374,+1.857
0 days 01:15:00.862000,23,11,+36.350,+1.948
0 days 01:15:06.190000,23,11,+36.661,+2.387
0 days 01:15:12.338000,23,11,+37.012,+2.348
0 days 01:15:16.554000,23,11,+37.018,+2.340
0 days 01:15:19.545000,23,11,+37.017,+2.305
0 days 01:15:26.902000,23,11,+37.278,+2.029
0 days 01:15:30.610000,23,11,+37.279,+2.013
0 days 01:15:34.847000,23,11,+37.592,+2.247
0 days 01:15:41.044000,23,11,+38.065,+2.373
0 days 01:15:46.097000,23,11,+38.380,+2.509
0 days 01:15:50.051000,23,11,+38.379,+2.499
0 days 01:15:56.716000,23,11,+38.643,+2.408
0 days 01:16:02.002000,23,11,+38.759,+2.240
0 days 01:16:06.305000,23,11,+38.768,+2.237
0 days 01:16:11.064000,23,11,+38.778,+2.199
0 days 01:16:14.851000,23,11,+38.774,+2.131
0 days 01:16:23.522000,23,11,+38.949,+1.828
0 days 01:16:27.466000,23,11,+39.011,+1.164
0 days 01:16:28.471000,23,11,+39.122,+1.118
0 days 01:16:32.967000,23,11,+39.292,+1.074
0 days 00:00:09.326000,18,10,,
0 days 00:45:20.947000,18,10,+1.001,
0 days 00:45:21.933000,18,9,+1.001,
0 days 00:45:22.019000,18,9,+0.868,+0.115
0 days 00:45:24.599000,18,9,+1.299,+0.036
0 days 00:45:29.859000,18,8,+1.299,+0.036
0 days 00:45:29.946000,18,8,+1.887,+0.252
0 days 00:45:35.986000,18,9,+1.887,+0.252
0 days 00:45:36.284000,18,9,+2.674,+0.174
0 days 00:45:40.358000,18,9,+2.750,+0.199
0 days 00:45:43.159000,18,9,+2.688,+0.153
0 days 00:45:50.532000,18,8,+2.688,+0.153
0 days 00:45:50.607000,18,8,+3.238,+0.352
0 days 00:45:54.219000,18,8,+3.248,+0.266
0 days 00:45:58.560000,18,8,+3.506,+0.319
0 days 00:46:04.686000,18,8,+4.176,+0.354
0 days 00:46:09.431000,18,8,+4.465,+0.379
0 days 00:46:13.414000,18,8,+4.537,+0.397
0 days 00:46:19.984000,18,8,+5.014,+0.648
0 days 00:46:25.005000,18,8,+5.032,+0.570
0 days 00:46:29.401000,18,8,+5.140,+0.615
0 days 00:46:34.032000,18,8,+5.077,+0.604
0 days 00:46:37.784000,18,8,+4.973,+0.570
0 days 00:46:46.447000,18,8,+5.400,+0.667
0 days 00:46:50.458000,18,8,+5.426,+0.619
0 days 00:46:51.379000,18,8,+5.483,+0.616
0 days 00:46:55.838000,18,8,+5.470,+0.608
0 days 00:47:00.437000,18,8,+5.409,+0.637
0 days 00:47:01.384000,18,8,+5.379,+0.649
0 days 00:47:03.709000,18,8,+5.375,+0.605
0 days 00:47:08.991000,18,8,+5.818,+0.701
0 days 00:47:14.384000,18,8,+5.801,+0.689
0 days 00:47:18.488000,18,8,+5.834,+0.630
0 days 00:47:21.432000,18,8,+5.818,+0.628
0 days 00:47:28.733000,18,8,+6.224,+0.602
0 days 00:47:32.414000,18,8,+6.224,+0.598
0 days 00:47:36.712000,18,8,+6.444,+0.904
0 days 00:47:42.460000,18,8,+6.521,+0.692
0 days 00:47:47.186000,18,8,+6.749,+0.700
0 days 00:47:51.178000,18,8,+6.787,+0.694
0 days 00:47:57.377000,18,8,+7.039,+0.698
0 days 00:48:02.478000,18,8,+6.971,+0.664
0 days 00:48:06.802000,18,8,+7.014,+0.667
0 days 00:48:11.463000,18,8,+6.904,+0.674
0 days 00:48:14.980000,18,8,+6.603,+0.684
0 days 00:48:23.505000,18,8,+6.958,+0.739
0 days 00:48:27.410000,18,8,+6.967,+0.689
0 days 00:48:28.359000,18,8,+7.032,+0.718
0 days 00:48:32.885000,18,8,+7.045,+0.728
0 days 00:48:36.978000,18,8,+6.823,+0.750
0 days 00:48:38.092000,18,8,+6.711,+0.762
0 days 00:48:40.449000,18,8,+6.616,+0.840
0 days 00:48:45.625000,18,8,+6.917,+0.822
0 days 00:48:51.111000,18,8,+6.920,+0.744
0 days 00:48:55.252000,18,8,+6.969,+0.778
0 days 00:48:58.191000,18,8,+6.949,+0.750
0 days 00:49:05.386000,18,8,+7.157,+0.657
0 days 00:49:09.096000,18,8,+7.161,+0.668
0 days 00:49:13.489000,18,8,+7.417,+1.014
0 days 00:49:19.358000,18,8,+7.477,+0.830
0 days 00:49:24.062000,18,8,+7.689,+0.924
0 days 00:49:28.055000,18,8,+7.769,+0.958
0 days 00:49:34.399000,18,8,+8.052,+1.096
0 days 00:49:39.437000,18,8,+7.824,+0.998
0 days 00:49:43.706000,18,8,+7.816,+1.005
0 days 00:49:48.463000,18,8,+7.760,+1.056
0 days 00:49:52.177000,18,8,+7.645,+1.210
0 days 00:50:00.476000,18,8,+7.810,+1.107
0 days 00:50:04.406000,18,8,+7.763,+1.044
0 days 00:50:05.349000,18,8,+7.780,+1.058
0 days 00:50:09.696000,18,8,+7.808,+0.983
0 days 00:50:14.034000,18,8,+7.738,+1.078
0 days 00:50:15.181000,18,8,+7.688,+1.137
0 days 00:50:17.433000,18,8,+7.491,+1.104
0 days 00:50:22.475000,18,8,+7.588,+0.892
0 days 00:50:27.990000,18,8,+7.729,+0.892
0 days 00:50:32.110000,18,8,+7.706,+0.903
0 days 00:50:35.032000,18,8,+7.709,+0.891
0 days 00:50:42.287000,18,8,+7.913,+0.828
0 days 00:50:45.886000,18,8,+7.925,+0.817
0 days 00:50:50.164000,18,8,+7.948,+1.098
0 days 00:50:55.902000,18,8,+8.009,+1.021
0 days 00:51:00.619000,18,8,+8.119,+1.004
0 days 00:51:04.583000,18,8,+8.162,+1.011
0 days 00:51:10.786000,18,8,+8.329,+0.947
0 days 00:51:15.986000,18,8,+8.242,+0.914
0 days 00:51:20.308000,18,8,+8.266,+0.906
0 days 00:51:25.060000,18,8,+8.211,+0.898
0 days 00:51:28.587000,18,8,+7.972,+0.884
0 days 00:51:36.884000,18,8,+8.069,+0.878
0 days 00:51:40.850000,18,8,+8.065,+0.864
0 days 00:51:41.618000,18,8,+8.130,+0.910
0 days 00:51:46.191000,18,8,+8.179,+0.900
0 days 00:51:50.320000,18,8,+7.972,+0.897
0 days 00:51:51.504000,18,8,+7.868,+0.906
0 days 00:51:53.688000,18,8,+7.765,+0.935
0 days 00:51:58.900000,18,8,+7.959,+1.099
0 days 00:52:04.391000,18,8,+7.917,+0.941
0 days 00:52:08.531000,18,8,+7.901,+0.917
0 days 00:52:11.482000,18,8,+7.905,+0.924
0 days 00:52:18.660000,18,8,+8.079,+0.881
0 days 00:52:22.361000,18,8,+8.088,+0.866
0 days 00:52:26.704000,18,8,+8.177,+1.189
0 days 00:52:32.381000,18,8,+8.069,+1.069
0 days 00:52:37.081000,18,8,+8.183,+1.041
0 days 00:52:40.999000,18,8,+8.200,+1.069
0 days 00:52:47.280000,18,8,+8.298,+1.025
0 days 00:52:52.503000,18,8,+8.171,+1.009
0 days 00:52:56.855000,18,8,+8.172,+1.015
0 days 00:53:01.587000,18,8,+8.152,+1.076
0 days 00:53:05.293000,18,8,+8.070,+1.253
0 days 00:53:13.678000,18,8,+8.229,+1.343
0 days 00:53:17.602000,18,8,+8.230,+1.312
0 days 00:53:18.599000,18,8,+8.259,+1.319
0 days 00:53:23.107000,18,8,+8.398,+1.492
0 days 00:53:27.502000,18,8,+8.441,+1.753
0 days 00:53:28.691000,18,8,+8.421,+1.832
0 days 00:53:30.978000,18,8,+8.340,+1.721
0 days 00:53:36.107000,18,8,+8.426,+1.762
0 days 00:53:41.587000,18,8,+8.446,+1.606
0 days 00:53:45.757000,18,8,+8.482,+1.640
0 days 00:53:48.689000,18,8,+8.493,+1.630
0 days 00:53:55.882000,18,8,+8.663,+1.566
0 days 00:53:59.597000,18,8,+8.670,+1.539
0 days 00:54:03.736000,18,8,+8.799,+1.643
0 days 00:54:09.578000,18,8,+8.924,+1.531
0 days 00:54:14.250000,18,8,+9.008,+1.527
0 days 00:54:18.218000,18,8,+9.079,+1.563
0 days 00:54:24.489000,18,8,+9.180,+1.602
0 days 00:54:29.718000,18,8,+8.976,+1.549
0 days 00:54:34.007000,18,8,+8.939,+1.536
0 days 00:54:38.769000,18,8,+8.920,+1.605
0 days 00:54:42.513000,18,8,+8.867,+1.770
0 days 00:54:50.905000,18,8,+9.023,+1.735
0 days 00:54:54.788000,18,8,+9.011,+1.663
0 days 00:54:55.558000,18,8,+9.041,+1.630
0 days 00:55:00.164000,18,8,+9.124,+1.708
0 days 00:55:04.488000,18,8,+9.115,+1.874
0 days 00:55:05.662000,18,8,+9.086,+1.938
0 days 00:55:07.962000,18,8,+8.948,+1.862
0 days 00:55:13.128000,18,8,+9.052,+1.930
0 days 00:55:18.654000,18,8,+9.154,+1.815
0 days 00:55:22.911000,18,8,+9.230,+1.864
0 days 00:55:25.866000,18,8,+9.249,+1.879
0 days 00:55:33.008000,18,8,+9.398,+1.790
0 days 00:55:36.789000,18,8,+9.406,+1.761
0 days 00:55:40.851000,18,8,+9.355,+1.863
0 days 00:55:46.535000,18,8,+9.139,+1.764
0 days 00:55:51.262000,18,8,+9.208,+1.753
0 days 00:55:55.207000,18,8,+9.251,+1.781
0 days 00:56:01.488000,18,8,+9.352,+1.763
0 days 00:56:06.662000,18,8,+9.272,+1.721
0 days 00:56:11.039000,18,8,+9.280,+1.713
0 days 00:56:15.742000,18,8,+9.278,+1.771
0 days 00:56:19.517000,18,8,+9.241,+1.939
0 days 00:56:27.871000,18,8,+9.335,+1.952
0 days 00:56:31.717000,18,8,+9.338,+1.930
0 days 00:56:32.536000,18,8,+9.348,+1.908
0 days 00:56:36.998000,18,8,+9.402,+1.892
0 days 00:56:41.363000,18,8,+9.389,+2.050
0 days 00:56:42.635000,18,8,+9.387,+2.124
0 days 00:56:44.850000,18,8,+9.354,+1.962
0 days 00:56:50.089000,18,8,+9.576,+1.918
0 days 00:56:55.463000,18,8,+9.599,+1.763
0 days 00:56:59.718000,18,8,+9.667,+1.747
0 days 00:57:02.617000,18,8,+9.686,+1.748
0 days 00:57:09.763000,18,8,+9.754,+1.666
0 days 00:57:13.481000,18,8,+9.748,+1.627
0 days 00:57:17.652000,18,8,+9.952,+1.740
0 days 00:57:23.489000,18,8,+10.081,+1.743
0 days 00:57:28.194000,18,8,+10.134,+1.653
0 days 00:57:32.173000,18,8,+10.172,+1.665
0 days 00:57:38.339000,18,8,+10.294,+1.566
0 days 00:57:43.541000,18,8,+10.274,+1.502
0 days 00:57:47.877000,18,8,+10.332,+1.478
0 days 00:57:52.663000,18,8,+10.352,+1.507
0 days 00:57:56.464000,18,8,+10.337,+1.640
0 days 00:58:04.964000,18,8,+10.489,+1.774
0 days 00:58:08.863000,18,8,+10.492,+1.706
0 days 00:58:09.789000,18,8,+10.518,+1.705
0 days 00:58:14.163000,18,8,+10.535,+1.769
0 days 00:58:18.509000,18,8,+10.513,+1.927
0 days 00:58:19.691000,18,8,+10.504,+2.002
0 days 00:58:21.963000,18,8,+10.412,+1.918
0 days 00:58:27.203000,18,8,+10.228,+2.043
0 days 00:58:32.753000,18,8,+10.374,+1.825
0 days 00:58:36.863000,18,8,+10.378,+1.830
0 days 00:58:39.856000,18,8,+10.395,+1.836
0 days 00:58:46.922000,18,8,+10.345,+1.785
0 days 00:58:50.679000,18,8,+10.342,+1.765
0 days 00:58:54.837000,18,8,+10.488,+1.919
0 days 00:59:00.563000,18,8,+10.573,+1.758
0 days 00:59:05.395000,18,8,+10.675,+1.707
0 days 00:59:09.322000,18,8,+10.741,+1.742
0 days 00:59:15.509000,18,8,+10.801,+1.639
0 days 00:59:20.923000,18,8,+10.813,+1.614
0 days 00:59:25.264000,18,8,+10.855,+1.586
0 days 00:59:30.083000,18,8,+10.876,+1.652
0 days 00:59:33.904000,18,8,+10.869,+1.847
0 days 00:59:42.313000,18,8,+10.904,+1.852
0 days 00:59:46.214000,18,8,+10.903,+1.811
0 days 00:59:47.040000,18,8,+10.925,+1.813
0 days 00:59:51.466000,18,8,+10.914,+1.771
0 days 00:59:55.825000,18,8,+10.891,+1.926
0 days 00:59:57.012000,18,8,+10.876,+1.984
0 days 00:59:59.299000,18,8,+10.841,+1.793
0 days 01:00:04.557000,18,8,+10.850,+1.802
0 days 01:00:09.923000,18,8,+10.887,+1.568
0 days 01:00:14.106000,18,8,+10.898,+1.508
0 days 01:00:17.046000,18,8,+10.911,+1.526
0 days 01:00:24.211000,18,8,+11.024,+1.484
0 days 01:00:27.938000,18,8,+11.042,+1.459
0 days 01:00:31.969000,18,8,+11.011,+1.396
0 days 01:00:37.716000,18,8,+10.956,+1.294
0 days 01:00:42.525000,18,8,+11.110,+1.229
0 days 01:00:46.487000,18,8,+11.158,+1.200
0 days 01:00:52.738000,18,8,+11.252,+1.189
0 days 01:00:58.160000,18,8,+11.167,+1.170
0 days 01:01:02.539000,18,8,+11.202,+1.155
0 days 01:01:07.308000,18,8,+11.204,+1.198
0 days 01:01:11.057000,18,8,+11.139,+1.337
0 days 01:01:19.538000,18,8,+11.149,+1.251
0 days 01:01:23.391000,18,8,+11.169,+1.234
0 days 01:01:24.322000,18,8,+11.203,+1.259
0 days 01:01:28.685000,18,8,+11.272,+1.256
0 days 01:01:33.064000,18,8,+11.270,+1.412
0 days 01:01:34.265000,18,8,+11.261,+1.466
0 days 01:01:36.490000,18,8,+11.119,+1.235
0 days 01:01:41.665000,18,8,+11.063,+1.149
0 days 01:01:47.191000,18,8,+11.205,+0.958
0 days 01:01:51.384000,18,8,+11.228,+0.966
0 days 01:01:54.365000,18,8,+11.239,+0.968
0 days 01:02:01.691000,18,8,+11.437,+0.945
0 days 01:02:05.360000,18,8,+11.449,+0.907
0 days 01:02:09.693000,18,8,+11.758,+1.093
0 days 01:02:15.545000,18,8,+12.020,+1.085
0 days 01:02:20.428000,18,8,+12.200,+1.049
0 days 01:02:24.440000,18,8,+12.253,+1.060
0 days 01:02:30.730000,18,8,+12.384,+1.086
0 days 01:02:36.141000,18,8,+12.390,+1.046
0 days 01:02:40.492000,18,8,+12.438,+1.045
0 days 01:02:45.254000,18,8,+12.411,+1.071
0 days 01:02:48.958000,18,8,+12.335,+1.190
0 days 01:02:57.539000,18,8,+12.564,+1.223
0 days 01:03:01.465000,18,8,+12.558,+1.128
0 days 01:03:02.360000,18,8,+12.570,+1.104
0 days 01:03:06.740000,18,8,+12.632,+1.052
0 days 01:03:11.092000,18,8,+12.586,+1.148
0 days 01:03:11.092000,18,8,+12.632,+1.052
0 days 01:03:11.092000,18,8,+12.586,+1.148
0 days 01:03:12.247000,18,8,+12.550,+1.179
0 days 01:03:14.509000,18,8,+12.457,+1.069
0 days 01:03:20.050000,18,8,+12.550,+1.125
0 days 01:03:25.348000,18,8,+12.687,+1.011
0 days 01:03:29.665000,18,8,+12.735,+1.005
0 days 01:03:32.554000,18,8,+12.752,+1.013
0 days 01:03:39.839000,18,8,+12.822,+0.941
0 days 01:03:47.821000,18,8,+13.067,+1.080
0 days 01:03:53.607000,18,8,+13.266,+0.960
0 days 01:03:58.548000,18,8,+13.442,+0.999
0 days 01:04:02.493000,18,8,+13.486,+1.022
0 days 01:04:08.896000,18,8,+13.628,+1.035
0 days 01:04:14.381000,18,8,+13.701,+1.033
0 days 01:04:18.713000,18,8,+13.736,+1.032
0 days 01:04:23.521000,18,8,+13.717,+1.057
0 days 01:04:27.246000,18,8,+13.643,+1.153
0 days 01:04:35.727000,18,8,+13.797,+1.154
0 days 01:04:39.666000,18,8,+13.823,+1.109
0 days 01:04:40.571000,18,8,+13.882,+1.100
0 days 01:04:44.983000,18,8,+13.926,+0.966
0 days 01:04:49.288000,18,8,+13.871,+1.006
0 days 01:04:50.440000,18,8,+13.849,+1.028
0 days 01:04:52.645000,18,8,+13.747,+0.915
0 days 01:04:57.966000,18,8,+13.848,+1.012
0 days 01:05:03.643000,18,8,+13.927,+0.934
0 days 01:05:07.880000,18,8,+13.942,+0.921
0 days 01:05:10.808000,18,8,+13.944,+0.919
0 days 01:05:18.098000,18,8,+13.917,+0.826
0 days 01:05:21.776000,18,8,+13.914,+0.781
0 days 01:05:25.839000,18,8,+14.008,+0.780
0 days 01:05:32.035000,18,8,+14.353,+0.862
0 days 01:05:36.894000,18,8,+14.515,+0.856
0 days 01:05:40.897000,18,8,+14.589,+0.872
0 days 01:05:47.392000,18,8,+14.958,+0.970
0 days 01:05:52.922000,18,8,+15.008,+0.931
0 days 01:05:57.290000,18,8,+15.060,+0.960
0 days 01:06:02.061000,18,8,+15.003,+0.961
0 days 01:06:05.670000,18,8,+14.788,+0.940
0 days 01:06:14.113000,18,8,+14.772,+0.807
0 days 01:06:18.041000,18,8,+14.787,+0.767
0 days 01:06:18.940000,18,8,+14.841,+0.775
0 days 01:06:23.425000,18,8,+15.001,+0.847
0 days 01:06:27.609000,18,8,+14.832,+0.824
0 days 01:06:28.713000,18,8,+14.751,+0.799
0 days 01:06:30.919000,18,8,+14.588,+0.644
0 days 01:06:36.371000,18,8,+14.852,+0.639
0 days 01:06:42.240000,18,8,+15.153,+0.748
0 days 01:06:46.428000,18,8,+15.152,+0.741
0 days 01:06:49.384000,18,8,+15.178,+0.754
0 days 01:06:56.834000,18,8,+15.158,+0.725
0 days 01:07:00.519000,18,8,+15.160,+0.698
0 days 01:07:04.609000,18,8,+15.256,+0.732
0 days 01:07:10.796000,18,8,+15.690,+0.905
0 days 01:07:15.717000,18,8,+15.925,+0.951
0 days 01:07:19.789000,18,8,+16.007,+0.993
0 days 01:07:26.267000,18,8,+16.198,+1.016
0 days 01:07:31.695000,18,8,+16.164,+0.977
0 days 01:07:36.021000,18,8,+16.207,+0.973
0 days 01:07:40.760000,18,8,+16.181,+0.977
0 days 01:07:44.525000,18,8,+16.105,+1.070
0 days 01:07:53.115000,18,8,+16.279,+1.184
0 days 01:07:57.056000,18,8,+16.320,+1.159
0 days 01:07:57.993000,18,8,+16.400,+1.203
0 days 01:08:02.387000,18,8,+16.470,+1.227
0 days 01:08:06.741000,18,8,+16.446,+1.349
0 days 01:08:07.894000,18,8,+16.430,+1.388
0 days 01:08:10.103000,18,8,+16.320,+1.211
0 days 01:08:15.416000,18,8,+16.316,+1.069
0 days 01:08:21.244000,18,8,+16.555,+0.984
0 days 01:08:25.470000,18,8,+16.550,+0.951
0 days 01:08:28.446000,18,8,+16.563,+0.955
0 days 01:08:35.887000,18,8,+16.673,+1.006
0 days 01:08:39.591000,18,8,+16.688,+0.981
0 days 01:08:43.656000,18,8,+16.737,+0.964
0 days 01:08:49.794000,18,8,+17.013,+1.001
0 days 01:08:54.739000,18,8,+17.240,+1.017
0 days 01:08:58.715000,18,8,+17.317,+1.048
0 days 01:09:05.268000,18,8,+17.535,+1.112
0 days 01:09:10.842000,18,8,+17.484,+1.101
0 days 01:09:15.180000,18,8,+17.538,+1.141
0 days 01:09:19.968000,18,8,+17.539,+1.206
0 days 01:09:23.766000,18,8,+17.491,+1.353
0 days 01:09:32.589000,18,8,+17.800,+1.614
0 days 01:09:36.542000,18,8,+17.850,+1.611
0 days 01:09:37.496000,18,8,+17.938,+1.684
0 days 01:09:41.930000,18,8,+17.945,+1.737
0 days 01:09:46.294000,18,8,+17.926,+1.873
0 days 01:09:47.464000,18,8,+17.907,+1.918
0 days 01:09:49.599000,18,8,+17.730,+1.729
0 days 01:09:54.866000,18,8,+17.835,+1.570
0 days 01:10:00.662000,18,8,+17.832,+1.524
0 days 01:10:04.958000,18,8,+17.841,+1.477
0 days 01:10:07.829000,18,8,+17.855,+1.476
0 days 01:10:15.294000,18,8,+17.896,+1.369
0 days 01:10:19.049000,18,8,+17.881,+1.340
0 days 01:10:22.969000,18,8,+17.950,+1.219
0 days 01:10:28.917000,18,8,+18.159,+1.069
0 days 01:10:33.872000,18,8,+18.287,+1.067
0 days 01:10:37.786000,18,8,+18.307,+1.072
0 days 01:10:44.223000,18,8,+18.429,+1.186
0 days 01:10:49.873000,18,8,+18.583,+1.099
0 days 01:10:54.169000,18,8,+18.611,+1.113
0 days 01:10:58.942000,18,8,+18.616,+1.153
0 days 01:11:02.703000,18,8,+18.578,+1.284
0 days 01:11:11.324000,18,8,+18.744,+1.337
0 days 01:11:15.195000,18,8,+18.781,+1.314
0 days 01:11:16.144000,18,8,+18.889,+1.370
0 days 01:11:20.558000,18,8,+18.994,+1.474
0 days 01:11:24.918000,18,8,+18.982,+1.616
0 days 01:11:26.123000,18,8,+18.974,+1.663
0 days 01:11:28.303000,18,8,+18.879,+1.377
0 days 01:11:33.649000,18,8,+19.043,+1.164
0 days 01:11:39.425000,18,8,+19.175,+1.134
0 days 01:11:43.608000,18,8,+19.174,+1.048
0 days 01:11:46.536000,18,8,+19.178,+1.043
0 days 01:11:53.989000,18,8,+19.337,+0.903
0 days 01:11:57.743000,18,8,+19.327,+0.843
0 days 01:12:01.669000,18,8,+19.420,+0.712
0 days 01:12:07.796000,18,8,+19.750,+0.833
0 days 01:12:12.791000,18,8,+19.896,+0.862
0 days 01:12:16.758000,18,8,+19.900,+0.858
0 days 01:12:23.422000,18,8,+20.163,+1.020
0 days 01:12:28.901000,18,8,+20.108,+1.092
0 days 01:12:33.259000,18,8,+20.174,+1.108
0 days 01:12:38.065000,18,8,+20.208,+1.169
0 days 01:12:41.889000,18,8,+20.230,+1.336
0 days 01:12:50.672000,18,9,+20.230,+1.336
0 days 01:12:50.962000,18,9,+20.850,+0.124
0 days 01:12:54.958000,18,9,+21.031,+0.227
0 days 01:12:55.971000,18,9,+21.158,+0.298
0 days 01:13:00.659000,18,9,+21.446,+0.615
0 days 01:13:04.837000,18,9,+21.290,+0.499
0 days 01:13:06.020000,18,9,+21.229,+0.432
0 days 01:13:08.244000,18,9,+21.201,+0.541
0 days 01:13:13.568000,18,9,+21.496,+0.855
0 days 01:13:19.465000,18,9,+21.567,+0.657
0 days 01:13:23.698000,18,9,+21.584,+0.700
0 days 01:13:26.596000,18,9,+21.623,+0.691
0 days 01:13:34.119000,18,9,+21.836,+0.579
0 days 01:13:37.812000,18,9,+21.872,+0.577
0 days 01:13:41.797000,18,9,+22.004,+0.665
0 days 01:13:47.748000,18,9,+22.159,+0.741
0 days 01:13:52.766000,18,9,+22.313,+0.700
0 days 01:13:56.748000,18,9,+22.369,+0.763
0 days 01:14:03.236000,18,9,+22.616,+0.852
0 days 01:14:08.789000,18,9,+22.660,+0.950
0 days 01:14:13.214000,18,9,+22.788,+1.087
0 days 01:14:17.997000,18,9,+22.771,+1.075
0 days 01:14:21.671000,18,9,+22.619,+0.945
0 days 01:14:30.297000,18,9,+22.868,+0.949
0 days 01:14:34.246000,18,9,+22.932,+1.010
0 days 01:14:35.197000,18,9,+23.012,+1.077
0 days 01:14:39.730000,18,9,+23.163,+1.257
0 days 01:14:44.071000,18,9,+23.169,+1.337
0 days 01:14:45.290000,18,9,+23.182,+1.387
0 days 01:14:47.491000,18,9,+22.961,+1.437
0 days 01:14:52.655000,18,9,+23.018,+1.535
0 days 01:14:58.625000,18,9,+23.174,+1.321
0 days 01:15:02.722000,18,9,+23.159,+1.434
0 days 01:15:05.690000,18,9,+23.165,+1.456
0 days 01:15:13.097000,18,9,+23.386,+1.038
0 days 01:15:16.771000,18,9,+23.395,+1.048
0 days 01:15:20.733000,18,9,+23.484,+1.014
0 days 01:15:26.660000,18,9,+23.718,+0.702
0 days 01:15:31.688000,18,9,+23.957,+0.793
0 days 01:15:35.675000,18,9,+23.998,+0.847
0 days 01:15:42.271000,18,9,+24.306,+0.885
0 days 01:15:47.810000,18,9,+24.494,+0.909
0 days 01:15:52.187000,18,9,+24.612,+1.042
0 days 01:15:56.914000,18,9,+24.610,+1.122
0 days 01:16:00.591000,18,9,+24.491,+1.210
0 days 01:16:09.187000,18,9,+24.595,+1.206
0 days 01:16:13.125000,18,9,+24.638,+1.225
0 days 01:16:14.147000,18,9,+24.759,+1.311
0 days 01:16:18.581000,18,9,+24.916,+1.445
0 days 00:00:09.326000,14,11,,
0 days 00:45:21.031000,14,11,+1.102,+0.101
0 days 00:45:22.208000,14,11,+0.959,+0.065
0 days 00:45:24.857000,14,11,+1.530,+0.097
0 days 00:45:30.233000,14,10,+1.530,+0.097
0 days 00:45:30.331000,14,10,+2.288,+0.312
0 days 00:45:36.458000,14,11,+2.288,+0.312
0 days 00:45:36.653000,14,11,+2.959,+0.078
0 days 00:45:40.886000,14,11,+3.100,+0.170
0 days 00:45:43.531000,14,11,+3.012,+0.122
0 days 00:45:51.136000,14,11,+3.687,+0.135
0 days 00:45:54.658000,14,11,+3.674,+0.124
0 days 00:45:58.932000,14,10,+3.674,+0.124
0 days 00:45:59.010000,14,10,+4.045,+0.256
0 days 00:46:05.019000,14,10,+4.514,+0.073
0 days 00:46:09.958000,14,10,+4.975,+0.252
0 days 00:46:13.987000,14,10,+5.017,+0.266
0 days 00:46:20.722000,14,10,+5.704,+0.372
0 days 00:46:25.780000,14,10,+5.835,+0.288
0 days 00:46:30.058000,14,10,+5.887,+0.293
0 days 00:46:34.759000,14,10,+5.779,+0.243
0 days 00:46:38.403000,14,10,+5.628,+0.203
0 days 00:46:47.367000,14,10,+6.286,+0.308
0 days 00:46:51.405000,14,10,+6.419,+0.342
0 days 00:46:52.402000,14,10,+6.589,+0.463
0 days 00:46:57.005000,14,10,+6.656,+0.553
0 days 00:47:01.406000,14,10,+6.610,+0.576
0 days 00:47:02.600000,14,10,+6.574,+0.551
0 days 00:47:05.038000,14,10,+6.678,+0.629
0 days 00:47:10.107000,14,10,+6.947,+0.712
0 days 00:47:15.584000,14,10,+7.060,+0.791
0 days 00:47:19.804000,14,10,+7.130,+0.934
0 days 00:47:22.761000,14,10,+7.117,+0.931
0 days 00:47:29.959000,14,10,+7.453,+0.813
0 days 00:47:33.646000,14,10,+7.465,+0.843
0 days 00:47:37.837000,14,10,+7.539,+0.830
0 days 00:47:43.689000,14,10,+7.730,+0.703
0 days 00:47:48.305000,14,10,+7.848,+0.792
0 days 00:47:52.171000,14,10,+7.862,+0.844
0 days 00:47:58.406000,14,10,+8.045,+0.613
0 days 00:48:03.787000,14,10,+8.283,+0.664
0 days 00:48:08.150000,14,10,+8.371,+0.682
0 days 00:48:12.836000,14,10,+8.312,+0.720
0 days 00:48:16.437000,14,10,+8.036,+0.726
0 days 00:48:25.016000,14,10,+8.464,+0.781
0 days 00:48:29.089000,14,10,+8.551,+0.829
0 days 00:48:29.848000,14,10,+8.598,+0.867
0 days 00:48:34.285000,14,10,+8.553,+0.971
0 days 00:48:38.581000,14,10,+8.335,+1.000
0 days 00:48:39.759000,14,10,+8.216,+0.970
0 days 00:48:41.966000,14,10,+8.121,+0.977
0 days 00:48:47.048000,14,10,+8.271,+0.940
0 days 00:48:52.509000,14,10,+8.410,+0.957
0 days 00:48:56.703000,14,10,+8.404,+0.982
0 days 00:48:59.659000,14,10,+8.374,+0.965
0 days 00:49:06.898000,14,10,+8.644,+0.953
0 days 00:49:10.619000,14,10,+8.677,+0.991
0 days 00:49:14.786000,14,10,+8.699,+0.859
0 days 00:49:20.757000,14,10,+8.895,+0.803
0 days 00:49:25.390000,14,10,+9.010,+0.887
0 days 00:49:29.333000,14,10,+9.007,+0.921
0 days 00:49:35.616000,14,10,+9.271,+0.774
0 days 00:49:41.161000,14,10,+9.534,+1.022
0 days 00:49:45.515000,14,10,+9.593,+1.041
0 days 00:49:50.261000,14,10,+9.577,+1.078
0 days 00:49:53.877000,14,10,+9.361,+1.051
0 days 00:50:02.337000,14,10,+9.638,+0.942
0 days 00:50:06.324000,14,10,+9.645,+0.963
0 days 00:50:07.248000,14,10,+9.673,+1.012
0 days 00:50:11.819000,14,10,+9.907,+1.375
0 days 00:50:16.113000,14,10,+9.823,+1.522
0 days 00:50:17.240000,14,10,+9.733,+1.526
0 days 00:50:19.586000,14,10,+9.619,+1.525
0 days 00:50:24.586000,14,10,+9.730,+1.414
0 days 00:50:30.166000,14,10,+9.937,+1.446
0 days 00:50:34.282000,14,10,+9.894,+1.521
0 days 00:50:37.260000,14,10,+9.907,+1.513
0 days 00:50:44.533000,14,10,+10.243,+1.393
0 days 00:50:48.313000,14,10,+10.297,+1.450
0 days 00:50:52.435000,14,10,+10.199,+1.411
0 days 00:50:58.376000,14,10,+10.458,+1.410
0 days 00:51:03.077000,14,10,+10.560,+1.525
0 days 00:51:07.003000,14,10,+10.595,+1.553
0 days 00:51:13.315000,14,10,+10.864,+1.640
0 days 00:51:18.549000,14,10,+10.807,+1.515
0 days 00:51:22.902000,14,10,+10.820,+1.480
0 days 00:51:27.636000,14,10,+10.849,+1.557
0 days 00:51:31.455000,14,10,+10.832,+1.738
0 days 00:51:39.850000,14,10,+11.022,+1.762
0 days 00:51:43.801000,14,10,+11.085,+1.818
0 days 00:51:44.682000,14,10,+11.130,+1.844
0 days 00:51:49.304000,14,10,+11.316,+2.140
0 days 00:51:53.760000,14,10,+11.386,+2.319
0 days 00:51:55.007000,14,10,+11.353,+2.344
0 days 00:51:57.187000,14,10,+11.249,+2.255
0 days 00:52:02.086000,14,10,+11.209,+1.979
0 days 00:52:07.759000,14,10,+11.247,+2.025
0 days 00:52:11.860000,14,10,+11.221,+2.094
0 days 00:52:14.791000,14,10,+11.226,+2.081
0 days 00:52:22.087000,14,10,+11.469,+2.041
0 days 00:52:25.786000,14,10,+11.532,+2.089
0 days 00:52:30.004000,14,10,+11.497,+2.099
0 days 00:52:35.940000,14,10,+11.611,+2.057
0 days 00:52:40.656000,14,10,+11.738,+2.176
0 days 00:52:44.587000,14,10,+11.756,+2.223
0 days 00:52:50.887000,14,10,+11.924,+2.284
0 days 00:52:56.207000,14,10,+11.870,+2.135
0 days 00:53:00.588000,14,10,+11.908,+2.120
0 days 00:53:05.381000,14,10,+11.959,+2.152
0 days 00:53:09.206000,14,10,+11.972,+2.182
0 days 00:53:17.636000,14,10,+12.165,+2.035
0 days 00:53:21.745000,14,10,+12.243,+2.097
0 days 00:53:22.546000,14,10,+12.281,+2.129
0 days 00:53:26.903000,14,10,+12.235,+2.206
0 days 00:53:31.236000,14,10,+12.221,+2.232
0 days 00:53:32.442000,14,10,+12.220,+2.252
0 days 00:53:34.742000,14,10,+12.156,+2.291
0 days 00:53:39.818000,14,10,+12.187,+2.210
0 days 00:53:45.457000,14,10,+12.338,+2.294
0 days 00:53:49.661000,14,10,+12.393,+2.409
0 days 00:53:52.665000,14,10,+12.415,+2.386
0 days 00:53:59.979000,14,10,+12.778,+2.446
0 days 00:54:03.678000,14,10,+12.814,+2.468
0 days 00:54:07.862000,14,10,+12.928,+2.672
0 days 00:54:13.788000,14,10,+13.160,+2.618
0 days 00:54:18.475000,14,10,+13.226,+2.681
0 days 00:54:22.361000,14,10,+13.260,+2.719
0 days 00:54:28.661000,14,10,+13.334,+2.822
0 days 00:54:33.902000,14,10,+13.174,+2.634
0 days 00:54:38.198000,14,10,+13.133,+2.561
0 days 00:54:43.056000,14,10,+13.153,+2.576
0 days 00:54:46.788000,14,10,+13.162,+2.611
0 days 00:54:55.234000,14,10,+13.347,+2.472
0 days 00:54:59.262000,14,10,+13.469,+2.568
0 days 00:55:00.164000,14,10,+13.526,+2.626
0 days 00:55:04.537000,14,10,+13.509,+2.750
0 days 00:55:08.992000,14,10,+13.491,+2.792
0 days 00:55:10.054000,14,10,+13.465,+2.805
0 days 00:55:12.277000,14,10,+13.235,+2.807
0 days 00:55:17.208000,14,10,+13.098,+2.542
0 days 00:55:22.691000,14,10,+13.219,+2.417
0 days 00:55:26.898000,14,10,+13.199,+2.439
0 days 00:55:29.825000,14,10,+13.206,+2.417
0 days 00:55:37.088000,14,10,+13.483,+2.361
0 days 00:55:40.821000,14,10,+13.516,+2.371
0 days 00:55:44.998000,14,10,+13.483,+2.540
0 days 00:55:50.824000,14,10,+13.427,+2.459
0 days 00:55:55.533000,14,10,+13.472,+2.561
0 days 00:55:59.585000,14,10,+13.496,+2.582
0 days 00:56:05.803000,14,10,+13.688,+2.683
0 days 00:56:11.206000,14,10,+13.757,+2.598
0 days 00:56:15.462000,14,10,+13.790,+2.571
0 days 00:56:20.284000,14,10,+13.832,+2.594
0 days 00:56:24.132000,14,10,+13.852,+2.618
0 days 00:56:32.588000,14,10,+14.080,+2.723
0 days 00:56:36.539000,14,10,+14.152,+2.788
0 days 00:56:37.355000,14,10,+14.169,+2.834
0 days 00:56:41.782000,14,10,+14.161,+2.921
0 days 00:56:46.167000,14,10,+14.164,+2.958
0 days 00:56:47.362000,14,10,+14.155,+2.969
0 days 00:56:49.552000,14,10,+14.052,+3.013
0 days 00:56:54.463000,14,10,+14.060,+2.617
0 days 00:57:00.113000,14,10,+14.220,+2.661
0 days 00:57:04.280000,14,10,+14.237,+2.686
0 days 00:57:07.183000,14,10,+14.249,+2.655
0 days 00:57:14.436000,14,10,+14.385,+2.550
0 days 00:57:18.128000,14,10,+14.417,+2.565
0 days 00:57:22.243000,14,10,+14.548,+2.686
0 days 00:57:27.989000,14,10,+14.553,+2.551
0 days 00:57:32.686000,14,10,+14.578,+2.565
0 days 00:57:36.552000,14,10,+14.588,+2.582
0 days 00:57:42.939000,14,10,+14.858,+2.632
0 days 00:57:48.351000,14,10,+15.056,+2.699
0 days 00:57:52.620000,14,10,+15.115,+2.665
0 days 00:57:57.463000,14,10,+15.163,+2.679
0 days 00:58:01.352000,14,10,+15.179,+2.694
0 days 00:58:09.746000,14,10,+15.239,+2.632
0 days 00:58:13.645000,14,10,+15.274,+2.628
0 days 00:58:14.463000,14,10,+15.272,+2.642
0 days 00:58:18.824000,14,10,+15.216,+2.717
0 days 00:58:23.193000,14,10,+15.207,+2.755
0 days 00:58:24.439000,14,10,+15.205,+2.779
0 days 00:58:26.820000,14,10,+15.082,+2.852
0 days 00:58:31.589000,14,10,+14.696,+2.660
0 days 00:58:37.305000,14,10,+14.960,+2.638
0 days 00:58:41.444000,14,10,+14.952,+2.682
0 days 00:58:44.389000,14,10,+14.958,+2.642
0 days 00:58:51.689000,14,10,+15.079,+2.612
0 days 00:58:55.437000,14,10,+15.098,+2.636
0 days 00:58:59.509000,14,10,+15.126,+2.718
0 days 00:59:05.361000,14,10,+15.291,+2.626
0 days 00:59:10.037000,14,10,+15.361,+2.633
0 days 00:59:13.959000,14,10,+15.382,+2.649
0 days 00:59:20.353000,14,10,+15.648,+2.722
0 days 00:59:25.827000,14,10,+15.707,+2.584
0 days 00:59:30.186000,14,10,+15.762,+2.543
0 days 00:59:34.993000,14,10,+15.807,+2.558
0 days 00:59:38.854000,14,10,+15.821,+2.575
0 days 00:59:47.390000,14,10,+15.974,+2.486
0 days 00:59:51.293000,14,10,+16.007,+2.464
0 days 00:59:52.088000,14,10,+16.000,+2.496
0 days 00:59:56.474000,14,10,+15.921,+2.481
0 days 01:00:00.851000,14,10,+15.897,+2.486
0 days 01:00:02.026000,14,10,+15.876,+2.486
0 days 01:00:04.337000,14,10,+15.844,+2.519
0 days 01:00:09.327000,14,10,+15.723,+2.091
0 days 01:00:14.908000,14,10,+15.897,+2.246
0 days 01:00:19.153000,14,10,+15.920,+2.266
0 days 01:00:22.053000,14,10,+15.913,+2.217
0 days 01:00:29.364000,14,10,+16.161,+2.136
0 days 01:00:33.091000,14,10,+16.218,+2.121
0 days 01:00:37.296000,14,10,+16.284,+2.217
0 days 01:00:43.081000,14,10,+16.284,+2.215
0 days 01:00:47.807000,14,10,+16.405,+2.247
0 days 01:00:51.738000,14,10,+16.397,+2.202
0 days 01:00:58.212000,14,10,+16.677,+2.406
0 days 01:01:03.683000,14,10,+16.682,+2.421
0 days 01:01:08.039000,14,10,+16.712,+2.416
0 days 01:01:12.858000,14,10,+16.755,+2.432
0 days 01:01:16.683000,14,10,+16.767,+2.445
0 days 01:01:25.338000,14,10,+17.004,+2.526
0 days 01:01:29.265000,14,10,+17.045,+2.547
0 days 01:01:30.110000,14,10,+17.055,+2.574
0 days 01:01:34.491000,14,10,+17.090,+2.653
0 days 01:01:38.869000,14,10,+17.083,+2.669
0 days 01:01:40.227000,14,10,+17.066,+2.667
0 days 01:01:42.265000,14,10,+16.935,+2.642
0 days 01:01:47.260000,14,10,+16.737,+2.470
0 days 01:01:53.012000,14,10,+17.058,+2.368
0 days 01:01:57.239000,14,10,+17.064,+2.418
0 days 01:02:00.164000,14,10,+17.070,+2.379
0 days 01:02:07.539000,14,10,+17.332,+2.337
0 days 01:02:11.286000,14,10,+17.391,+2.361
0 days 01:02:15.385000,14,10,+17.465,+2.418
0 days 01:02:21.204000,14,10,+17.644,+2.323
0 days 01:02:26.018000,14,10,+17.790,+2.338
0 days 01:02:29.930000,14,10,+17.788,+2.334
0 days 01:02:36.476000,14,10,+18.051,+2.485
0 days 01:02:42.084000,14,10,+18.312,+2.541
0 days 01:02:46.401000,14,10,+18.363,+2.530
0 days 01:02:51.296000,14,10,+18.407,+2.536
0 days 01:02:55.040000,14,10,+18.430,+2.549
0 days 01:03:03.623000,14,10,+18.612,+2.547
0 days 01:03:07.565000,14,10,+18.663,+2.604
0 days 01:03:08.466000,14,10,+18.659,+2.664
0 days 01:03:12.884000,14,10,+18.772,+2.810
0 days 01:03:17.260000,14,10,+18.779,+2.836
0 days 01:03:18.492000,14,10,+18.765,+2.849
0 days 01:03:20.726000,14,10,+18.622,+2.884
0 days 01:03:25.715000,14,10,+18.465,+2.779
0 days 01:03:31.616000,14,10,+18.865,+2.901
0 days 01:03:35.817000,14,10,+18.906,+2.950
0 days 01:03:38.709000,14,10,+18.924,+2.916
0 days 01:03:46.136000,14,10,+19.143,+2.940
0 days 01:03:49.875000,14,10,+19.179,+2.984
0 days 01:03:53.985000,14,10,+19.276,+3.113
0 days 01:03:59.921000,14,10,+19.541,+3.171
0 days 01:04:04.714000,14,10,+19.660,+3.323
0 days 01:04:08.655000,14,10,+19.670,+3.359
0 days 01:04:15.086000,14,10,+19.849,+3.462
0 days 01:04:20.827000,14,10,+20.148,+3.704
0 days 01:04:25.212000,14,10,+20.203,+3.741
0 days 01:04:30.040000,14,10,+20.253,+3.768
0 days 01:04:33.881000,14,10,+20.284,+3.790
0 days 01:04:42.540000,14,10,+20.565,+3.932
0 days 01:04:46.466000,14,10,+20.602,+3.934
0 days 01:04:47.312000,14,10,+20.652,+3.972
0 days 01:04:51.792000,14,10,+20.732,+4.076
0 days 01:04:56.162000,14,10,+20.747,+4.110
0 days 01:04:57.366000,14,10,+20.760,+4.116
0 days 01:04:59.683000,14,10,+20.668,+4.162
0 days 01:05:04.655000,14,10,+20.577,+3.839
0 days 01:05:10.568000,14,10,+20.883,+4.159
0 days 01:05:14.787000,14,10,+20.873,+4.131
0 days 01:05:17.718000,14,10,+20.867,+4.091
0 days 01:05:25.156000,14,10,+20.991,+4.070
0 days 01:05:28.860000,14,10,+21.033,+4.068
0 days 01:05:32.966000,14,10,+21.125,+4.224
0 days 01:05:38.935000,14,10,+21.293,+4.313
0 days 01:05:43.840000,14,10,+21.460,+4.491
0 days 01:05:47.727000,14,10,+21.470,+4.516
0 days 01:05:54.244000,14,10,+21.847,+4.760
0 days 01:06:00.057000,14,10,+22.106,+4.982
0 days 01:06:04.388000,14,10,+22.155,+5.014
0 days 01:06:09.227000,14,10,+22.200,+5.062
0 days 01:06:13.111000,14,10,+22.233,+5.109
0 days 01:06:21.767000,14,10,+22.397,+5.239
0 days 01:06:25.693000,14,10,+22.448,+5.243
0 days 01:06:26.567000,14,10,+22.525,+5.296
0 days 01:06:31.004000,14,10,+22.595,+5.368
0 days 01:06:35.403000,14,10,+22.605,+5.412
0 days 01:06:36.556000,14,10,+22.607,+5.428
0 days 01:06:38.846000,14,10,+22.504,+5.575
0 days 01:06:43.925000,14,10,+22.465,+5.481
0 days 01:06:49.934000,14,10,+22.847,+5.561
0 days 01:06:54.113000,14,10,+22.813,+5.521
0 days 01:06:57.046000,14,10,+22.822,+5.495
0 days 01:07:04.493000,14,10,+22.839,+5.538
0 days 01:07:08.200000,14,10,+22.873,+5.566
0 days 01:07:12.241000,14,10,+22.902,+5.664
0 days 01:07:18.193000,14,10,+23.079,+5.764
0 days 01:07:23.397000,14,10,+23.598,+6.175
0 days 01:07:27.367000,14,10,+23.650,+6.233
0 days 01:07:33.963000,14,10,+23.954,+6.360
0 days 01:07:39.618000,14,10,+24.090,+6.619
0 days 01:07:43.960000,14,10,+24.138,+6.671
0 days 01:07:48.794000,14,10,+24.193,+6.728
0 days 01:07:52.623000,14,10,+24.224,+6.773
0 days 01:08:01.371000,14,10,+24.460,+6.859
0 days 01:08:05.193000,14,10,+24.481,+6.837
0 days 01:08:06.067000,14,10,+24.557,+6.914
0 days 01:08:10.593000,14,10,+24.690,+7.057
0 days 01:08:15.015000,14,10,+24.727,+7.124
0 days 01:08:16.198000,14,10,+24.731,+7.139
0 days 01:08:18.494000,14,10,+24.667,+7.255
0 days 01:08:23.532000,14,10,+24.505,+7.167
0 days 01:08:29.763000,14,10,+24.946,+7.247
0 days 01:08:33.914000,14,10,+24.994,+7.362
0 days 01:08:36.873000,14,10,+25.015,+7.347
0 days 01:08:44.489000,14,10,+25.260,+7.438
0 days 01:08:48.194000,14,10,+25.317,+7.479
0 days 01:08:52.225000,14,10,+25.335,+7.583
0 days 01:08:58.268000,14,10,+25.545,+7.731
0 days 01:09:03.517000,14,10,+26.050,+8.079
0 days 01:09:07.568000,14,10,+26.152,+8.206
0 days 01:09:14.168000,14,10,+26.376,+8.245
0 days 01:09:19.852000,14,10,+26.485,+8.387
0 days 01:09:24.264000,14,10,+26.505,+8.424
0 days 01:09:28.999000,14,10,+26.540,+8.561
0 days 01:09:32.835000,14,10,+26.555,+8.818
0 days 01:09:41.490000,14,10,+26.626,+8.396
0 days 01:09:45.422000,14,10,+26.724,+8.402
0 days 01:09:46.313000,14,10,+26.811,+8.410
0 days 01:09:50.995000,14,10,+27.036,+8.449
0 days 01:09:55.410000,14,10,+27.085,+8.634
0 days 01:09:56.608000,14,10,+27.097,+8.729
0 days 01:09:58.909000,14,10,+26.976,+8.686
0 days 01:10:04.016000,14,10,+27.040,+8.652
0 days 01:10:10.137000,14,10,+27.294,+8.636
0 days 01:10:14.395000,14,10,+27.324,+8.761
0 days 01:10:17.314000,14,10,+27.356,+8.769
0 days 01:10:24.812000,14,10,+27.431,+8.611
0 days 01:10:28.568000,14,10,+27.452,+8.651
0 days 01:10:32.625000,14,10,+27.604,+8.768
0 days 01:10:38.652000,14,10,+27.871,+8.873
0 days 01:10:43.866000,14,10,+28.314,+9.116
0 days 01:10:47.873000,14,10,+28.386,+9.190
0 days 01:10:54.416000,14,10,+28.552,+9.190
0 days 01:10:59.985000,14,10,+28.737,+9.202
0 days 01:11:04.316000,14,10,+28.748,+9.204
0 days 01:11:09.097000,14,10,+28.793,+9.282
0 days 01:11:12.902000,14,10,+28.810,+9.464
0 days 01:11:21.570000,14,10,+29.009,+9.449
0 days 01:11:25.527000,14,10,+29.112,+9.487
0 days 01:11:26.469000,14,10,+29.259,+9.554
0 days 01:11:31.055000,14,10,+29.466,+9.746
0 days 01:11:35.442000,14,10,+29.506,+9.984
0 days 01:11:36.680000,14,10,+29.528,+10.088
0 days 01:11:38.950000,14,10,+29.475,+10.145
0 days 01:11:43.996000,14,10,+29.420,+9.842
0 days 01:11:50.195000,14,10,+29.987,+10.053
0 days 01:11:54.495000,14,10,+30.070,+10.135
0 days 01:11:57.444000,14,10,+30.087,+10.125
0 days 01:12:04.898000,14,10,+30.246,+10.040
0 days 01:12:08.692000,14,10,+30.287,+10.082
0 days 01:12:12.678000,14,10,+30.386,+10.102
0 days 01:12:18.716000,14,10,+30.666,+10.208
0 days 01:12:23.983000,14,10,+31.084,+10.502
0 days 01:12:27.971000,14,10,+31.091,+10.547
0 days 01:12:34.517000,14,10,+31.305,+10.541
0 days 01:12:40.143000,14,10,+31.338,+10.619
0 days 01:12:44.443000,14,10,+31.379,+10.706
0 days 01:12:49.296000,14,10,+31.429,+10.845
0 days 01:12:53.100000,14,10,+31.467,+11.237
0 days 01:13:01.765000,14,10,+31.639,+10.789
0 days 01:13:05.671000,14,10,+31.741,+10.710
0 days 01:13:06.587000,14,10,+31.843,+10.685
0 days 01:13:11.144000,14,10,+31.927,+10.481
0 days 01:13:15.491000,14,10,+31.949,+10.659
0 days 01:13:16.715000,14,10,+31.963,+10.734
0 days 01:13:18.922000,14,10,+31.867,+10.666
0 days 01:13:23.906000,14,10,+31.842,+10.346
0 days 01:13:29.994000,14,10,+32.133,+10.566
0 days 01:13:34.266000,14,10,+32.196,+10.612
0 days 01:13:37.218000,14,10,+32.232,+10.609
0 days 01:13:44.817000,14,10,+32.509,+10.673
0 days 01:13:48.519000,14,10,+32.561,+10.689
0 days 01:13:52.466000,14,10,+32.658,+10.654
0 days 01:13:58.419000,14,10,+32.867,+10.708
0 days 01:14:03.521000,14,10,+33.100,+10.787
0 days 01:14:07.531000,14,10,+33.131,+10.762
0 days 01:14:14.079000,14,10,+33.449,+10.833
0 days 01:14:19.644000,14,10,+33.463,+10.803
0 days 01:14:23.993000,14,10,+33.506,+10.718
0 days 01:14:28.825000,14,10,+33.559,+10.788
0 days 01:14:32.666000,14,10,+33.598,+10.979
0 days 01:14:41.519000,14,10,+34.050,+11.182
0 days 01:14:45.488000,14,10,+34.174,+11.242
0 days 01:14:46.491000,14,10,+34.295,+11.283
0 days 01:14:51.066000,14,10,+34.483,+11.320
0 days 01:14:55.418000,14,10,+34.509,+11.340
0 days 01:14:56.625000,14,10,+34.517,+11.335
0 days 01:14:58.938000,14,10,+34.402,+11.441
0 days 01:15:03.911000,14,10,+34.274,+11.256
0 days 01:15:10.044000,14,10,+34.664,+11.490
0 days 01:15:14.259000,14,10,+34.678,+11.519
0 days 01:15:17.220000,14,10,+34.712,+11.547
0 days 01:15:24.997000,14,10,+35.249,+11.863
0 days 01:15:28.645000,14,10,+35.266,+11.871
0 days 01:15:32.601000,14,10,+35.345,+11.861
0 days 01:15:38.612000,14,10,+35.692,+11.974
0 days 01:15:43.590000,14,10,+35.871,+11.914
0 days 01:15:47.497000,14,10,+35.880,+11.882
0 days 01:15:54.233000,14,10,+36.235,+11.929
0 days 01:15:59.813000,14,10,+36.519,+12.025
0 days 01:16:04.072000,14,10,+36.531,+11.919
0 days 01:16:08.891000,14,10,+36.579,+11.969
0 days 01:16:12.736000,14,10,+36.643,+12.152
0 days 01:16:21.739000,14,10,+37.121,+12.526
0 days 01:16:26.338000,14,10,+37.847,+13.209
0 days 01:16:27.371000,14,10,+38.004,+13.245
0 days 01:16:31.902000,14,10,+38.218,+13.302
0 days 00:00:09.326000,87,12,,
0 days 00:45:21.059000,87,12,+1.304,+0.202
0 days 00:45:22.405000,87,12,+1.134,+0.175
0 days 00:45:24.915000,87,13,+1.134,+0.175
0 days 00:45:25.084000,87,13,+1.766,+0.055
0 days 00:45:30.501000,87,12,+1.766,+0.055
0 days 00:45:30.595000,87,12,+2.579,+0.262
0 days 00:45:36.928000,87,12,+3.220,+0.261
0 days 00:45:40.890000,87,12,+3.226,+0.126
0 days 00:45:43.871000,87,12,+3.142,+0.130
0 days 00:45:51.396000,87,12,+3.890,+0.203
0 days 00:45:54.859000,87,12,+3.865,+0.191
0 days 00:45:59.354000,87,12,+4.370,+0.317
0 days 00:46:05.686000,87,12,+5.236,+0.544
0 days 00:46:10.627000,87,12,+5.616,+0.348
0 days 00:46:14.678000,87,12,+5.711,+0.370
0 days 00:46:21.660000,87,12,+6.498,+0.341
0 days 00:46:26.632000,87,12,+6.634,+0.430
0 days 00:46:30.888000,87,12,+6.698,+0.423
0 days 00:46:35.625000,87,12,+6.656,+0.469
0 days 00:46:39.398000,87,12,+6.578,+0.526
0 days 00:46:48.321000,87,12,+7.253,+0.703
0 days 00:46:52.310000,87,12,+7.337,+0.650
0 days 00:46:53.355000,87,12,+7.459,+0.589
0 days 00:46:57.781000,87,12,+7.451,+0.526
0 days 00:47:02.171000,87,12,+7.371,+0.528
0 days 00:47:03.332000,87,12,+7.336,+0.519
0 days 00:47:05.686000,87,12,+7.358,+0.339
0 days 00:47:11.063000,87,12,+7.892,+0.340
0 days 00:47:16.582000,87,12,+8.039,+0.440
0 days 00:47:20.816000,87,12,+8.149,+0.542
0 days 00:47:23.776000,87,12,+8.127,+0.541
0 days 00:47:31.151000,87,12,+8.615,+0.719
0 days 00:47:34.865000,87,12,+8.668,+0.765
0 days 00:47:39.107000,87,12,+8.808,+0.809
0 days 00:47:45.005000,87,12,+9.062,+0.747
0 days 00:47:49.767000,87,12,+9.326,+0.807
0 days 00:47:53.700000,87,12,+9.386,+0.803
0 days 00:47:59.985000,87,12,+9.582,+0.664
0 days 00:48:05.215000,87,12,+9.726,+0.694
0 days 00:48:09.559000,87,12,+9.766,+0.664
0 days 00:48:14.224000,87,12,+9.664,+0.661
0 days 00:48:17.798000,87,12,+9.384,+0.694
0 days 00:48:26.271000,87,12,+9.672,+0.728
0 days 00:48:30.282000,87,12,+9.790,+0.730
0 days 00:48:31.207000,87,12,+9.917,+0.761
0 days 00:48:35.631000,87,12,+9.888,+0.819
0 days 00:48:39.836000,87,12,+9.664,+0.851
0 days 00:48:40.986000,87,12,+9.554,+0.852
0 days 00:48:43.259000,87,12,+9.439,+0.724
0 days 00:48:48.550000,87,12,+9.809,+0.774
0 days 00:48:54.116000,87,12,+9.959,+0.806
0 days 00:48:58.307000,87,12,+10.007,+0.845
0 days 00:49:01.234000,87,12,+9.964,+0.814
0 days 00:49:08.404000,87,12,+10.183,+0.759
0 days 00:49:12.159000,87,12,+10.209,+0.785
0 days 00:49:16.286000,87,12,+10.211,+0.702
0 days 00:49:22.309000,87,12,+10.414,+0.567
0 days 00:49:27.027000,87,12,+10.641,+0.674
0 days 00:49:30.986000,87,12,+10.682,+0.704
0 days 00:49:37.189000,87,12,+10.847,+0.672
0 days 00:49:42.363000,87,12,+10.774,+0.592
0 days 00:49:46.601000,87,12,+10.712,+0.491
0 days 00:49:51.288000,87,12,+10.596,+0.478
0 days 00:49:54.805000,87,12,+10.316,+0.461
0 days 00:50:03.389000,87,12,+10.690,+0.574
0 days 00:50:07.450000,87,12,+10.723,+0.557
0 days 00:50:08.407000,87,12,+10.814,+0.574
0 days 00:50:12.764000,87,12,+10.872,+0.607
0 days 00:50:16.914000,87,12,+10.643,+0.653
0 days 00:50:18.060000,87,12,+10.540,+0.664
0 days 00:50:20.351000,87,12,+10.445,+0.463
0 days 00:50:25.758000,87,12,+10.913,+0.432
0 days 00:50:31.380000,87,12,+11.202,+0.638
0 days 00:50:35.618000,87,12,+11.203,+0.633
0 days 00:50:38.560000,87,12,+11.201,+0.620
0 days 00:50:45.786000,87,12,+11.484,+0.601
0 days 00:50:49.515000,87,12,+11.525,+0.624
0 days 00:50:53.596000,87,12,+11.354,+0.490
0 days 00:50:59.752000,87,12,+11.847,+0.584
0 days 00:51:04.599000,87,12,+12.091,+0.690
0 days 00:51:08.551000,87,12,+12.134,+0.703
0 days 00:51:14.935000,87,12,+12.438,+0.797
0 days 00:51:20.137000,87,12,+12.391,+0.735
0 days 00:51:24.420000,87,12,+12.372,+0.659
0 days 00:51:29.119000,87,12,+12.304,+0.633
0 days 00:51:32.756000,87,12,+12.094,+0.637
0 days 00:51:41.299000,87,12,+12.474,+0.681
0 days 00:51:45.307000,87,12,+12.572,+0.724
0 days 00:51:46.311000,87,12,+12.718,+0.796
0 days 00:51:50.753000,87,12,+12.767,+0.871
0 days 00:51:54.968000,87,12,+12.565,+0.886
0 days 00:51:56.060000,87,12,+12.472,+0.876
0 days 00:51:58.308000,87,12,+12.391,+0.686
0 days 00:52:03.634000,87,12,+12.765,+0.736
0 days 00:52:09.256000,87,12,+12.828,+0.822
0 days 00:52:13.523000,87,12,+12.879,+0.880
0 days 00:52:16.450000,87,12,+12.866,+0.865
0 days 00:52:23.687000,87,12,+13.118,+0.902
0 days 00:52:27.438000,87,12,+13.152,+0.908
0 days 00:52:31.504000,87,12,+12.994,+0.693
0 days 00:52:37.630000,87,12,+13.313,+0.844
0 days 00:52:42.442000,87,12,+13.519,+0.932
0 days 00:52:46.361000,87,12,+13.530,+0.953
0 days 00:52:52.601000,87,12,+13.661,+0.938
0 days 00:52:57.882000,87,12,+13.560,+0.899
0 days 00:53:02.219000,87,12,+13.529,+0.871
0 days 00:53:06.923000,87,12,+13.488,+0.886
0 days 00:53:10.539000,87,12,+13.309,+0.917
0 days 00:53:19.121000,87,12,+13.674,+0.947
0 days 00:53:23.262000,87,12,+13.742,+0.936
0 days 00:53:23.961000,87,12,+13.789,+0.919
0 days 00:53:28.435000,87,12,+13.777,+0.995
0 days 00:53:32.749000,87,12,+13.590,+1.017
0 days 00:53:33.755000,87,12,+13.512,+0.987
0 days 00:53:36.087000,87,12,+13.457,+0.858
0 days 00:53:41.609000,87,12,+13.965,+1.012
0 days 00:53:47.219000,87,12,+14.084,+1.170
0 days 00:53:51.435000,87,12,+14.137,+1.183
0 days 00:53:54.358000,87,12,+14.132,+1.162
0 days 00:54:01.519000,87,12,+14.349,+1.098
0 days 00:54:05.235000,87,12,+14.362,+1.091
0 days 00:54:09.361000,87,12,+14.403,+0.878
0 days 00:54:15.414000,87,12,+14.810,+0.959
0 days 00:54:20.216000,87,12,+14.940,+1.011
0 days 00:54:24.061000,87,12,+14.952,+1.033
0 days 00:54:30.455000,87,12,+15.095,+1.012
0 days 00:54:35.638000,87,12,+14.905,+1.034
0 days 00:54:39.935000,87,12,+14.838,+1.028
0 days 00:54:44.690000,87,12,+14.811,+1.134
0 days 00:54:48.407000,87,12,+14.756,+1.325
0 days 00:54:56.963000,87,12,+15.077,+1.410
0 days 00:55:00.943000,87,12,+15.169,+1.442
0 days 00:55:01.817000,87,12,+15.273,+1.437
0 days 00:55:06.312000,87,12,+15.321,+1.288
0 days 00:55:10.662000,87,12,+15.284,+1.418
0 days 00:55:11.850000,87,12,+15.258,+1.446
0 days 00:55:14.136000,87,12,+15.079,+1.298
0 days 00:55:19.479000,87,12,+15.397,+1.374
0 days 00:55:25.088000,87,12,+15.563,+1.567
0 days 00:55:29.336000,87,12,+15.613,+1.583
0 days 00:55:32.237000,87,12,+15.608,+1.549
0 days 00:55:39.380000,87,12,+15.767,+1.440
0 days 00:55:43.146000,87,12,+15.778,+1.439
0 days 00:55:47.183000,87,12,+15.656,+1.295
0 days 00:55:53.187000,87,12,+15.803,+1.400
0 days 00:55:57.988000,87,12,+15.922,+1.510
0 days 00:56:01.906000,87,12,+15.954,+1.551
0 days 00:56:08.109000,87,12,+16.015,+1.448
0 days 00:56:13.489000,87,12,+16.095,+1.491
0 days 00:56:17.793000,87,12,+16.096,+1.468
0 days 00:56:22.558000,87,12,+16.100,+1.547
0 days 00:56:26.322000,87,12,+16.072,+1.749
0 days 00:56:34.801000,87,12,+16.265,+1.713
0 days 00:56:38.736000,87,12,+16.347,+1.744
0 days 00:56:39.618000,87,12,+16.398,+1.721
0 days 00:56:44.060000,87,12,+16.443,+1.683
0 days 00:56:48.380000,87,12,+16.405,+1.800
0 days 00:56:49.605000,87,12,+16.395,+1.862
0 days 00:56:51.731000,87,12,+16.216,+1.656
0 days 00:56:57.373000,87,12,+16.951,+1.974
0 days 00:57:03.082000,87,12,+17.180,+2.127
0 days 00:57:07.341000,87,12,+17.306,+2.214
0 days 00:57:10.289000,87,12,+17.323,+2.206
0 days 00:57:17.451000,87,12,+17.420,+2.101
0 days 00:57:21.172000,87,12,+17.446,+2.112
0 days 00:57:25.143000,87,12,+17.437,+1.921
0 days 00:57:31.058000,87,12,+17.649,+1.854
0 days 00:57:35.874000,87,12,+17.813,+1.951
0 days 00:57:39.886000,87,12,+17.877,+2.024
0 days 00:57:46.192000,87,12,+18.117,+2.124
0 days 00:57:51.482000,87,12,+18.214,+1.965
0 days 00:57:55.842000,87,12,+18.273,+1.923
0 days 00:58:00.623000,87,12,+18.309,+1.943
0 days 00:58:04.456000,87,12,+18.320,+1.978
0 days 00:58:12.983000,87,12,+18.501,+1.984
0 days 00:58:16.980000,87,12,+18.582,+1.985
0 days 00:58:17.790000,87,12,+18.625,+1.951
0 days 00:58:22.290000,87,12,+18.677,+2.033
0 days 00:58:26.820000,87,12,+18.654,+2.038
0 days 00:58:27.829000,87,12,+18.634,+2.022
0 days 00:58:30.008000,87,12,+18.423,+1.760
0 days 00:58:35.617000,87,12,+18.727,+1.998
0 days 00:58:41.183000,87,12,+18.897,+2.066
0 days 00:58:45.512000,87,12,+19.009,+2.090
0 days 00:58:48.423000,87,12,+19.022,+2.086
0 days 00:58:55.620000,87,12,+19.020,+2.057
0 days 00:58:59.426000,87,12,+19.033,+2.058
0 days 00:59:03.363000,87,12,+18.991,+1.838
0 days 00:59:09.293000,87,12,+19.295,+1.708
0 days 00:59:14.242000,87,12,+19.580,+1.890
0 days 00:59:18.240000,87,12,+19.651,+1.942
0 days 00:59:24.463000,87,12,+19.742,+1.930
0 days 00:59:29.895000,87,12,+19.776,+1.841
0 days 00:59:34.254000,87,12,+19.827,+1.827
0 days 00:59:39.016000,87,12,+19.850,+1.819
0 days 00:59:42.862000,87,12,+19.843,+1.814
0 days 00:59:51.344000,87,12,+19.973,+1.839
0 days 00:59:55.339000,87,12,+20.022,+1.817
0 days 00:59:56.164000,87,12,+20.064,+1.793
0 days 01:00:00.664000,87,12,+20.106,+1.891
0 days 01:00:05.012000,87,12,+20.078,+1.897
0 days 01:00:06.181000,87,12,+20.055,+1.875
0 days 01:00:08.434000,87,12,+19.986,+1.692
0 days 01:00:13.870000,87,12,+20.255,+1.654
0 days 01:00:19.692000,87,12,+20.643,+1.998
0 days 01:00:23.947000,87,12,+20.738,+2.041
0 days 01:00:26.883000,87,12,+20.738,+2.031
0 days 01:00:33.990000,87,12,+20.782,+1.902
0 days 01:00:37.742000,87,12,+20.820,+1.921
0 days 01:00:41.765000,87,12,+20.813,+1.817
0 days 01:00:47.692000,87,12,+20.944,+1.793
0 days 01:00:52.585000,87,12,+21.163,+1.932
0 days 01:00:56.511000,87,12,+21.204,+1.974
0 days 01:01:02.774000,87,12,+21.247,+1.852
0 days 01:01:08.227000,87,12,+21.170,+1.840
0 days 01:01:12.527000,87,12,+21.211,+1.830
0 days 01:01:17.343000,87,12,+21.244,+1.826
0 days 01:01:21.191000,87,12,+21.239,+1.821
0 days 01:01:29.624000,87,12,+21.344,+1.809
0 days 01:01:33.621000,87,12,+21.392,+1.807
0 days 01:01:34.527000,87,12,+21.453,+1.812
0 days 01:01:38.960000,87,12,+21.547,+1.912
0 days 01:01:43.315000,87,12,+21.530,+1.916
0 days 01:01:44.491000,87,12,+21.515,+1.894
0 days 01:01:46.772000,87,12,+21.437,+1.681
0 days 01:01:52.416000,87,12,+21.895,+2.021
0 days 01:01:58.111000,87,12,+22.134,+2.233
0 days 01:02:02.405000,87,12,+22.222,+2.282
0 days 01:02:05.339000,87,12,+22.227,+2.281
0 days 01:02:12.562000,87,12,+22.308,+2.286
0 days 01:02:16.268000,87,12,+22.346,+2.311
0 days 01:02:20.213000,87,12,+22.299,+2.095
0 days 01:02:26.154000,87,12,+22.592,+1.952
0 days 01:02:30.952000,87,12,+22.715,+1.997
0 days 01:02:34.864000,87,12,+22.721,+2.012
0 days 01:02:41.124000,87,12,+22.729,+1.878
0 days 01:02:46.543000,87,12,+22.794,+1.860
0 days 01:02:50.914000,87,12,+22.859,+1.876
0 days 01:02:55.765000,87,12,+22.897,+1.886
0 days 01:02:59.573000,87,12,+22.905,+1.889
0 days 01:03:08.192000,87,12,+23.117,+1.974
0 days 01:03:12.039000,87,12,+23.157,+1.944
0 days 01:03:12.899000,87,12,+23.188,+1.931
0 days 01:03:17.311000,87,12,+23.205,+2.008
0 days 01:03:21.661000,87,12,+23.184,+2.013
0 days 01:03:22.865000,87,12,+23.166,+2.002
0 days 01:03:25.093000,87,12,+23.020,+1.810
0 days 01:03:30.806000,87,12,+23.508,+2.146
0 days 01:03:36.441000,87,12,+23.723,+2.339
0 days 01:03:40.722000,87,12,+23.835,+2.436
0 days 01:03:43.655000,87,12,+23.846,+2.449
0 days 01:03:50.995000,87,12,+23.961,+2.515
0 days 01:03:54.713000,87,12,+23.974,+2.555
0 days 01:03:58.660000,87,12,+23.922,+2.321
0 days 01:04:04.542000,87,12,+24.187,+2.109
0 days 01:04:09.392000,87,12,+24.335,+2.207
0 days 01:04:13.392000,87,12,+24.364,+2.266
0 days 01:04:19.692000,87,12,+24.464,+2.194
0 days 01:04:25.313000,87,12,+24.645,+2.306
0 days 01:04:29.746000,87,12,+24.732,+2.382
0 days 01:04:34.566000,87,12,+24.782,+2.409
0 days 01:04:38.440000,87,12,+24.804,+2.428
0 days 01:04:47.061000,87,12,+25.095,+2.578
0 days 01:04:51.040000,87,12,+25.161,+2.579
0 days 01:04:51.956000,87,12,+25.233,+2.571
0 days 01:04:56.392000,87,12,+25.302,+2.705
0 days 01:05:00.694000,87,12,+25.293,+2.734
0 days 01:05:01.872000,87,12,+25.286,+2.719
0 days 01:05:04.112000,87,12,+25.238,+2.508
0 days 01:05:09.886000,87,12,+25.783,+2.901
0 days 01:05:15.606000,87,12,+25.918,+3.008
0 days 01:05:19.885000,87,12,+25.950,+3.049
0 days 01:05:22.797000,87,12,+25.949,+3.051
0 days 01:05:29.992000,87,12,+25.857,+2.934
0 days 01:05:33.746000,87,12,+25.880,+2.952
0 days 01:05:37.714000,87,12,+25.861,+2.759
0 days 01:05:43.809000,87,12,+26.147,+2.621
0 days 01:05:48.666000,87,12,+26.257,+2.692
0 days 01:05:52.619000,87,12,+26.283,+2.730
0 days 01:05:58.867000,87,12,+26.452,+2.518
0 days 01:06:04.462000,87,12,+26.543,+2.367
0 days 01:06:08.827000,87,12,+26.595,+2.378
0 days 01:06:13.668000,87,12,+26.609,+2.380
0 days 01:06:17.493000,87,12,+26.611,+2.391
0 days 01:06:26.140000,87,12,+26.792,+2.489
0 days 01:06:30.093000,87,12,+26.848,+2.489
0 days 01:06:30.963000,87,12,+26.893,+2.465
0 days 01:06:35.425000,87,12,+26.992,+2.539
0 days 01:06:39.767000,87,12,+26.979,+2.535
0 days 01:06:40.942000,87,12,+26.979,+2.527
0 days 01:06:43.286000,87,12,+26.942,+2.383
0 days 01:06:49.028000,87,12,+27.565,+2.753
0 days 01:06:54.869000,87,12,+27.803,+2.820
0 days 01:06:59.156000,87,12,+27.835,+2.862
0 days 01:07:02.067000,87,12,+27.850,+2.877
0 days 01:07:09.683000,87,12,+28.031,+3.047
0 days 01:07:13.432000,87,12,+28.074,+3.097
0 days 01:07:17.639000,87,12,+28.222,+2.985
0 days 01:07:23.747000,87,12,+28.654,+2.983
0 days 01:07:28.493000,87,12,+28.710,+2.918
0 days 01:07:32.420000,87,12,+28.725,+2.927
0 days 01:07:38.897000,87,12,+28.902,+2.915
0 days 01:07:44.445000,87,12,+28.937,+2.893
0 days 01:07:48.811000,87,12,+28.996,+2.942
0 days 01:07:53.686000,87,12,+29.035,+2.967
0 days 01:07:57.467000,87,12,+29.055,+2.988
0 days 01:08:06.214000,87,12,+29.351,+3.083
0 days 01:08:10.141000,87,12,+29.435,+3.110
0 days 01:08:11.011000,87,12,+29.515,+3.111
0 days 01:08:15.545000,87,12,+29.614,+3.224
0 days 01:08:19.942000,87,12,+29.622,+3.246
0 days 01:08:21.122000,87,12,+29.629,+3.253
0 days 01:08:23.488000,87,12,+29.692,+3.200
0 days 01:08:29.196000,87,12,+30.148,+3.510
0 days 01:08:35.221000,87,12,+30.545,+3.654
0 days 01:08:39.544000,87,12,+30.571,+3.703
0 days 01:08:42.468000,87,12,+30.582,+3.697
0 days 01:08:49.956000,87,12,+30.715,+3.727
0 days 01:08:53.657000,87,12,+30.750,+3.741
0 days 01:08:57.841000,87,12,+30.945,+3.646
0 days 01:09:04.010000,87,12,+31.285,+3.746
0 days 01:09:08.898000,87,12,+31.423,+3.688
0 days 01:09:12.833000,87,12,+31.446,+3.692
0 days 01:09:19.388000,87,12,+31.585,+3.697
0 days 01:09:24.995000,87,12,+31.615,+3.692
0 days 01:09:29.288000,87,12,+31.653,+3.732
0 days 01:09:34.125000,87,12,+31.669,+3.757
0 days 01:09:37.946000,87,12,+31.665,+3.793
0 days 01:09:46.664000,87,12,+31.823,+3.879
0 days 01:09:50.625000,87,12,+31.925,+3.937
0 days 01:09:51.520000,87,12,+32.053,+3.958
0 days 01:09:56.068000,87,12,+32.106,+3.905
0 days 01:10:00.429000,87,12,+32.110,+3.914
0 days 01:10:01.688000,87,12,+32.116,+3.918
0 days 01:10:04.068000,87,12,+32.170,+3.868
0 days 01:10:09.688000,87,12,+32.650,+4.097
0 days 01:10:15.595000,87,12,+32.812,+4.123
0 days 01:10:19.888000,87,12,+32.806,+4.203
0 days 01:10:22.796000,87,12,+32.815,+4.205
0 days 01:10:30.172000,87,12,+32.739,+4.074
0 days 01:10:33.898000,87,12,+32.735,+4.092
0 days 01:10:38.150000,87,12,+33.101,+4.190
0 days 01:10:44.343000,87,12,+33.570,+4.132
0 days 01:10:49.357000,87,12,+33.780,+4.235
0 days 01:10:53.242000,87,12,+33.792,+4.250
0 days 01:10:59.773000,87,12,+33.892,+4.181
0 days 01:11:05.369000,87,12,+34.103,+4.077
0 days 01:11:09.695000,87,12,+34.104,+4.074
0 days 01:11:14.496000,87,12,+34.138,+4.112
0 days 01:11:18.286000,87,12,+34.144,+4.140
0 days 01:11:26.943000,87,12,+34.398,+4.045
0 days 01:11:30.858000,87,12,+34.459,+4.019
0 days 01:11:31.743000,87,12,+34.566,+3.990
0 days 01:11:36.288000,87,12,+34.691,+4.010
0 days 01:11:40.647000,87,12,+34.694,+4.027
0 days 01:11:41.833000,87,12,+34.691,+4.017
0 days 01:11:44.277000,87,12,+34.788,+4.055
0 days 01:11:49.369000,87,13,+34.788,+4.055
0 days 01:11:49.687000,87,13,+35.134,+0.270
0 days 01:11:56.314000,87,13,+36.038,+0.533
0 days 01:12:00.511000,87,13,+36.088,+0.496
0 days 01:12:03.458000,87,13,+36.072,+0.423
0 days 01:12:11.152000,87,13,+36.484,+0.700
0 days 01:12:14.859000,87,13,+36.486,+0.656
0 days 01:12:19.037000,87,13,+36.773,+0.892
0 days 01:12:25.316000,87,13,+37.245,+1.082
0 days 01:12:30.365000,87,13,+37.413,+1.173
0 days 01:12:34.254000,87,13,+37.412,+1.148
0 days 01:12:40.790000,87,13,+37.602,+1.370
0 days 01:12:46.470000,87,13,+37.710,+1.582
0 days 01:12:50.828000,87,13,+37.764,+1.603
0 days 01:12:55.665000,87,13,+37.803,+1.569
0 days 01:12:59.444000,87,13,+37.824,+1.514
0 days 01:13:08.316000,87,13,+38.223,+1.647
0 days 01:13:12.284000,87,13,+38.299,+1.642
0 days 01:13:13.147000,87,13,+38.359,+1.662
0 days 01:13:17.606000,87,13,+38.395,+1.646
0 days 01:13:21.965000,87,13,+38.379,+1.580
0 days 01:13:23.096000,87,13,+38.371,+1.543
0 days 01:13:25.471000,87,13,+38.417,+1.725
0 days 01:13:30.842000,87,13,+38.820,+1.995
0 days 01:13:36.814000,87,13,+38.971,+2.157
0 days 01:13:41.082000,87,13,+39.027,+2.124
0 days 01:13:44.013000,87,13,+39.037,+2.086
0 days 01:13:51.432000,87,13,+39.197,+2.138
0 days 01:13:55.190000,87,13,+39.221,+2.109
0 days 01:13:59.316000,87,13,+39.481,+2.372
0 days 01:14:05.470000,87,13,+39.870,+2.646
0 days 01:14:10.397000,87,13,+39.965,+2.736
0 days 01:14:14.332000,87,13,+39.965,+2.737
0 days 01:14:20.770000,87,13,+40.129,+2.820
0 days 01:14:26.416000,87,13,+40.184,+2.979
0 days 01:14:30.774000,87,13,+40.257,+3.025
0 days 01:14:35.560000,87,13,+40.316,+2.999
0 days 01:14:39.413000,87,13,+40.345,+2.946
0 days 01:14:48.097000,87,14,+40.345,+2.946
0 days 01:14:48.270000,87,14,+40.834,+0.105
0 days 01:14:52.471000,87,14,+41.137,+0.266
0 days 01:14:53.545000,87,14,+41.334,+0.350
0 days 01:14:58.089000,87,14,+41.557,+0.501
0 days 01:15:02.371000,87,14,+41.419,+0.341
0 days 01:15:03.497000,87,14,+41.362,+0.278
0 days 01:15:05.990000,87,14,+41.424,+0.405
0 days 01:15:11.224000,87,14,+41.632,+0.491
0 days 01:15:17.450000,87,15,+41.632,+0.491
0 days 01:15:17.747000,87,15,+42.370,+0.119
0 days 01:15:22.266000,87,15,+42.669,+0.197
0 days 01:15:25.235000,87,15,+42.681,+0.191
0 days 01:15:33.045000,87,15,+43.364,+0.439
0 days 01:15:36.748000,87,15,+43.363,+0.409
0 days 01:15:40.876000,87,15,+43.643,+0.594
0 days 01:15:47.192000,87,15,+44.246,+0.886
0 days 01:15:52.171000,87,15,+44.411,+0.852
0 days 01:15:56.014000,87,15,+44.379,+0.765
0 days 01:16:02.621000,87,15,+44.616,+0.789
0 days 01:16:08.045000,87,15,+44.787,+0.701
0 days 01:16:12.371000,87,15,+44.828,+0.617
0 days 01:16:17.124000,87,15,+44.780,+0.534
0 days 01:16:20.681000,87,15,+44.612,+0.341
0 days 01:16:29.766000,87,15,+45.180,+0.457
0 days 01:16:33.774000,87,15,+45.318,+0.521
0 days 01:16:34.815000,87,15,+45.448,+0.614
0 days 01:16:39.395000,87,15,+45.649,+0.745
0 days 00:00:09.326000,55,13,,
0 days 00:45:22.237000,55,13,+1.408,+0.104
0 days 00:45:22.476000,55,13,+1.226,+0.092
0 days 00:45:24.915000,55,12,+1.226,+0.092
0 days 00:45:25.004000,55,12,+1.711,+0.181
0 days 00:45:30.501000,55,13,+1.711,+0.181
0 days 00:45:30.653000,55,13,+2.619,+0.040
0 days 00:45:37.119000,55,13,+3.371,+0.151
0 days 00:45:41.013000,55,13,+3.408,+0.182
0 days 00:45:43.902000,55,13,+3.353,+0.211
0 days 00:45:51.536000,55,13,+4.148,+0.258
0 days 00:45:55.184000,55,13,+4.206,+0.341
0 days 00:45:59.836000,55,13,+4.768,+0.398
0 days 00:46:06.070000,55,13,+5.565,+0.329
0 days 00:46:10.994000,55,13,+5.998,+0.382
0 days 00:46:14.950000,55,13,+6.044,+0.333
0 days 00:46:22.251000,55,13,+6.953,+0.455
0 days 00:46:26.960000,55,13,+6.956,+0.322
0 days 00:46:31.239000,55,13,+7.040,+0.342
0 days 00:46:35.933000,55,13,+6.950,+0.294
0 days 00:46:39.653000,55,13,+6.828,+0.250
0 days 00:46:48.826000,55,13,+7.754,+0.501
0 days 00:46:52.862000,55,13,+7.881,+0.544
0 days 00:46:53.894000,55,13,+7.989,+0.530
0 days 00:46:58.320000,55,13,+7.978,+0.527
0 days 00:47:02.719000,55,13,+7.940,+0.569
0 days 00:47:03.961000,55,13,+7.940,+0.604
0 days 00:47:06.432000,55,13,+8.118,+0.760
0 days 00:47:12.015000,55,13,+8.880,+0.988
0 days 00:47:17.512000,55,13,+8.968,+0.929
0 days 00:47:21.615000,55,13,+8.963,+0.814
0 days 00:47:24.579000,55,13,+8.971,+0.844
0 days 00:47:31.947000,55,13,+9.442,+0.827
0 days 00:47:35.659000,55,13,+9.460,+0.792
0 days 00:47:39.937000,55,13,+9.589,+0.781
0 days 00:47:45.838000,55,13,+9.869,+0.807
0 days 00:47:50.485000,55,13,+10.003,+0.677
0 days 00:47:54.389000,55,13,+10.003,+0.617
0 days 00:48:00.832000,55,13,+10.465,+0.883
0 days 00:48:05.972000,55,13,+10.431,+0.705
0 days 00:48:10.259000,55,13,+10.507,+0.741
0 days 00:48:15.012000,55,13,+10.434,+0.770
0 days 00:48:18.576000,55,13,+10.147,+0.763
0 days 00:48:27.134000,55,13,+10.550,+0.878
0 days 00:48:31.085000,55,13,+10.595,+0.805
0 days 00:48:31.959000,55,13,+10.669,+0.752
0 days 00:48:36.414000,55,13,+10.601,+0.713
0 days 00:48:40.506000,55,13,+10.347,+0.683
0 days 00:48:41.602000,55,13,+10.234,+0.680
0 days 00:48:43.971000,55,13,+10.177,+0.738
0 days 00:48:49.310000,55,13,+10.562,+0.753
0 days 00:48:54.733000,55,13,+10.614,+0.655
0 days 00:48:58.889000,55,13,+10.595,+0.588
0 days 00:49:01.878000,55,13,+10.602,+0.638
0 days 00:49:09.077000,55,13,+10.849,+0.666
0 days 00:49:12.802000,55,13,+10.843,+0.634
0 days 00:49:16.950000,55,13,+10.849,+0.638
0 days 00:49:22.859000,55,13,+11.038,+0.624
0 days 00:49:27.576000,55,13,+11.192,+0.551
0 days 00:49:31.533000,55,13,+11.196,+0.514
0 days 00:49:38.033000,55,13,+11.659,+0.812
0 days 00:49:43.104000,55,13,+11.530,+0.756
0 days 00:49:47.455000,55,13,+11.538,+0.826
0 days 00:49:52.177000,55,13,+11.454,+0.858
0 days 00:49:55.708000,55,13,+11.201,+0.885
0 days 00:50:04.386000,55,13,+11.639,+0.949
0 days 00:50:08.434000,55,13,+11.692,+0.969
0 days 00:50:09.300000,55,13,+11.756,+0.942
0 days 00:50:13.634000,55,13,+11.752,+0.880
0 days 00:50:17.799000,55,13,+11.528,+0.885
0 days 00:50:18.942000,55,13,+11.425,+0.885
0 days 00:50:21.289000,55,13,+11.358,+0.913
0 days 00:50:26.533000,55,13,+11.696,+0.783
0 days 00:50:32.060000,55,13,+11.877,+0.675
0 days 00:50:36.305000,55,13,+11.859,+0.656
0 days 00:50:39.242000,55,13,+11.887,+0.686
0 days 00:50:46.366000,55,13,+12.063,+0.579
0 days 00:50:50.107000,55,13,+12.069,+0.544
0 days 00:50:54.260000,55,13,+12.035,+0.681
0 days 00:51:00.281000,55,13,+12.363,+0.516
0 days 00:51:05.060000,55,13,+12.551,+0.460
0 days 00:51:08.983000,55,13,+12.582,+0.448
0 days 00:51:15.508000,55,13,+13.060,+0.622
0 days 00:51:20.828000,55,13,+13.095,+0.704
0 days 00:51:25.188000,55,13,+13.139,+0.767
0 days 00:51:29.900000,55,13,+13.072,+0.768
0 days 00:51:33.449000,55,13,+12.838,+0.744
0 days 00:51:42.027000,55,13,+13.196,+0.722
0 days 00:51:46.122000,55,13,+13.275,+0.703
0 days 00:51:46.908000,55,13,+13.391,+0.673
0 days 00:51:51.337000,55,13,+13.393,+0.626
0 days 00:51:55.535000,55,13,+13.158,+0.593
0 days 00:51:56.650000,55,13,+13.056,+0.584
0 days 00:51:58.981000,55,13,+13.073,+0.682
0 days 00:52:04.418000,55,13,+13.465,+0.700
0 days 00:52:09.987000,55,13,+13.517,+0.689
0 days 00:52:14.102000,55,13,+13.479,+0.600
0 days 00:52:17.104000,55,13,+13.503,+0.637
0 days 00:52:24.403000,55,13,+13.823,+0.705
0 days 00:52:28.105000,55,13,+13.826,+0.674
0 days 00:52:32.302000,55,13,+13.795,+0.801
0 days 00:52:38.249000,55,13,+13.914,+0.601
0 days 00:52:42.980000,55,13,+14.073,+0.554
0 days 00:52:46.934000,55,13,+14.068,+0.538
0 days 00:52:53.461000,55,13,+14.466,+0.805
0 days 00:52:58.709000,55,13,+14.409,+0.849
0 days 00:53:03.121000,55,13,+14.420,+0.891
0 days 00:53:07.804000,55,13,+14.374,+0.886
0 days 00:53:11.387000,55,13,+14.158,+0.849
0 days 00:53:19.865000,55,13,+14.416,+0.742
0 days 00:53:23.850000,55,13,+14.471,+0.729
0 days 00:53:24.751000,55,13,+14.533,+0.744
0 days 00:53:29.134000,55,13,+14.512,+0.735
0 days 00:53:33.381000,55,13,+14.306,+0.716
0 days 00:53:34.457000,55,13,+14.227,+0.715
0 days 00:53:36.800000,55,13,+14.220,+0.763
0 days 00:53:42.161000,55,13,+14.535,+0.570
0 days 00:53:47.770000,55,13,+14.669,+0.585
0 days 00:53:51.961000,55,13,+14.667,+0.530
0 days 00:53:54.979000,55,13,+14.684,+0.552
0 days 00:54:02.171000,55,13,+14.997,+0.648
0 days 00:54:05.907000,55,13,+15.013,+0.651
0 days 00:54:10.135000,55,13,+15.168,+0.765
0 days 00:54:16.061000,55,13,+15.461,+0.651
0 days 00:54:20.906000,55,13,+15.653,+0.713
0 days 00:54:24.817000,55,13,+15.666,+0.714
0 days 00:54:31.223000,55,13,+15.911,+0.816
0 days 00:54:36.563000,55,13,+15.842,+0.937
0 days 00:54:40.895000,55,13,+15.816,+0.978
0 days 00:54:45.615000,55,13,+15.775,+0.964
0 days 00:54:49.262000,55,13,+15.614,+0.858
0 days 00:54:57.825000,55,13,+15.923,+0.846
0 days 00:55:01.762000,55,13,+15.983,+0.814
0 days 00:55:02.617000,55,13,+16.046,+0.773
0 days 00:55:07.051000,55,13,+16.048,+0.727
0 days 00:55:11.336000,55,13,+15.862,+0.578
0 days 00:55:12.388000,55,13,+15.786,+0.528
0 days 00:55:14.787000,55,13,+15.714,+0.635
0 days 00:55:20.187000,55,13,+16.106,+0.709
0 days 00:55:25.801000,55,13,+16.273,+0.710
0 days 00:55:29.965000,55,13,+16.284,+0.671
0 days 00:55:32.912000,55,13,+16.284,+0.676
0 days 00:55:40.190000,55,13,+16.580,+0.813
0 days 00:55:43.915000,55,13,+16.598,+0.820
0 days 00:55:48.254000,55,13,+16.630,+0.974
0 days 00:55:54.088000,55,13,+16.715,+0.912
0 days 00:55:58.840000,55,13,+16.778,+0.856
0 days 00:56:02.758000,55,13,+16.787,+0.833
0 days 00:56:09.062000,55,13,+16.962,+0.947
0 days 00:56:14.482000,55,13,+17.097,+1.002
0 days 00:56:18.802000,55,13,+17.123,+1.027
0 days 00:56:23.542000,55,13,+17.094,+0.994
0 days 00:56:27.191000,55,13,+16.906,+0.834
0 days 00:56:35.714000,55,13,+17.231,+0.966
0 days 00:56:39.683000,55,13,+17.286,+0.939
0 days 00:56:40.613000,55,13,+17.316,+0.918
0 days 00:56:45.022000,55,13,+17.374,+0.931
0 days 00:56:49.182000,55,13,+17.202,+0.797
0 days 00:56:50.322000,55,13,+17.142,+0.747
0 days 00:56:52.662000,55,13,+17.168,+0.952
0 days 00:56:58.008000,55,13,+17.619,+0.668
0 days 00:57:03.711000,55,13,+17.887,+0.707
0 days 00:57:07.989000,55,13,+17.942,+0.636
0 days 00:57:10.894000,55,13,+17.957,+0.634
0 days 00:57:18.255000,55,13,+18.252,+0.832
0 days 00:57:22.008000,55,13,+18.282,+0.836
0 days 00:57:26.223000,55,13,+18.460,+1.023
0 days 00:57:32.189000,55,13,+18.795,+1.146
0 days 00:57:36.907000,55,13,+18.852,+1.039
0 days 00:57:40.853000,55,13,+18.872,+0.995
0 days 00:57:47.211000,55,13,+19.147,+1.030
0 days 00:57:52.558000,55,13,+19.296,+1.082
0 days 00:57:56.913000,55,13,+19.373,+1.100
0 days 00:58:01.691000,55,13,+19.375,+1.066
0 days 00:58:05.458000,55,13,+19.326,+1.006
0 days 00:58:14.089000,55,13,+19.625,+1.124
0 days 00:58:18.066000,55,13,+19.667,+1.085
0 days 00:58:19.043000,55,13,+19.701,+1.076
0 days 00:58:23.363000,55,13,+19.761,+1.084
0 days 00:58:27.730000,55,13,+19.745,+1.091
0 days 00:58:28.937000,55,13,+19.742,+1.108
0 days 00:58:31.230000,55,13,+19.670,+1.247
0 days 00:58:36.622000,55,13,+19.686,+0.959
0 days 00:58:42.405000,55,13,+20.086,+1.189
0 days 00:58:46.653000,55,13,+20.161,+1.152
0 days 00:58:49.661000,55,13,+20.188,+1.166
0 days 00:58:57.064000,55,13,+20.453,+1.433
0 days 00:59:00.781000,55,13,+20.449,+1.416
0 days 00:59:04.864000,55,13,+20.494,+1.503
0 days 00:59:10.921000,55,13,+20.911,+1.616
0 days 00:59:15.793000,55,13,+21.107,+1.527
0 days 00:59:19.744000,55,13,+21.137,+1.486
0 days 00:59:26.364000,55,13,+21.597,+1.855
0 days 00:59:31.732000,55,13,+21.630,+1.854
0 days 00:59:36.154000,55,13,+21.680,+1.853
0 days 00:59:40.915000,55,13,+21.697,+1.847
0 days 00:59:44.728000,55,13,+21.700,+1.857
0 days 00:59:53.466000,55,13,+22.102,+2.129
0 days 00:59:57.422000,55,13,+22.135,+2.113
0 days 00:59:58.390000,55,13,+22.148,+2.084
0 days 01:00:02.715000,55,13,+22.169,+2.063
0 days 01:00:07.111000,55,13,+22.157,+2.079
0 days 01:00:08.290000,55,13,+22.157,+2.102
0 days 01:00:10.593000,55,13,+22.160,+2.174
0 days 01:00:16.086000,55,13,+22.371,+2.116
0 days 01:00:21.764000,55,13,+22.724,+2.081
0 days 01:00:25.986000,55,13,+22.781,+2.043
0 days 01:00:28.958000,55,13,+22.806,+2.068
0 days 01:00:36.322000,55,13,+23.112,+2.330
0 days 01:00:40.064000,55,13,+23.137,+2.317
0 days 01:00:44.141000,55,13,+23.207,+2.394
0 days 01:00:50.226000,55,13,+23.499,+2.555
0 days 01:00:55.110000,55,13,+23.672,+2.509
0 days 01:00:58.996000,55,13,+23.689,+2.485
0 days 01:01:05.601000,55,13,+24.116,+2.869
0 days 01:01:11.106000,55,13,+24.106,+2.936
0 days 01:01:15.453000,55,13,+24.123,+2.912
0 days 01:01:20.245000,55,13,+24.147,+2.903
0 days 01:01:24.094000,55,13,+24.147,+2.908
0 days 01:01:32.565000,55,14,+24.147,+2.908
0 days 01:01:33.038000,55,14,+24.724,+0.357
0 days 01:01:37.029000,55,14,+24.774,+0.343
0 days 01:01:37.900000,55,14,+24.852,+0.432
0 days 01:01:42.491000,55,14,+25.048,+0.528
0 days 01:01:46.695000,55,14,+24.897,+0.322
0 days 01:01:47.832000,55,14,+24.843,+0.239
0 days 01:01:50.314000,55,14,+24.911,+0.518
0 days 01:01:55.807000,55,14,+25.213,+0.782
0 days 01:02:01.851000,55,14,+25.839,+1.049
0 days 01:02:06.065000,55,14,+25.899,+0.996
0 days 01:02:09.060000,55,14,+25.959,+1.004
0 days 01:02:16.575000,55,14,+26.363,+1.207
0 days 01:02:20.320000,55,14,+26.413,+1.183
0 days 01:02:24.408000,55,14,+26.465,+1.264
0 days 01:02:30.518000,55,14,+26.936,+1.491
0 days 01:02:35.491000,55,14,+27.258,+1.541
0 days 01:02:39.554000,55,14,+27.340,+1.542
0 days 01:02:46.056000,55,14,+27.725,+1.817
0 days 01:02:51.682000,55,14,+27.928,+2.000
0 days 01:02:56.192000,55,14,+28.101,+2.123
0 days 01:03:00.984000,55,14,+28.169,+2.110
0 days 01:03:04.514000,55,15,+28.169,+2.110
0 days 01:03:04.854000,55,15,+28.204,+0.181
0 days 01:03:14.021000,55,16,+28.204,+0.181
0 days 01:03:14.216000,55,16,+29.085,+0.269
0 days 01:03:18.207000,55,16,+29.257,+0.296
0 days 01:03:18.987000,55,16,+29.128,+0.114
0 days 01:03:23.965000,55,17,+29.128,+0.114
0 days 01:03:24.622000,55,18,+29.128,+0.114
0 days 01:03:24.895000,55,19,+29.128,+0.114
0 days 01:03:25.461000,55,20,+29.128,+0.114
0 days 01:03:52.042000,55,20,+52.279,+21.306
0 days 01:03:54.754000,55,20,+52.711,+21.845
0 days 01:03:59.864000,55,20,+52.629,+21.699
0 days 01:04:05.139000,55,20,+52.380,+20.745
0 days 01:04:09.215000,55,20,+52.349,+20.652
0 days 01:04:12.210000,55,20,+52.397,+20.717
0 days 01:04:19.183000,55,20,+52.180,+20.057
0 days 01:04:22.897000,55,20,+52.162,+20.095
0 days 01:04:27.026000,55,20,+52.310,+20.182
0 days 01:04:32.742000,55,20,+52.351,+19.499
0 days 01:04:37.194000,55,20,+52.107,+18.933
0 days 01:04:41.075000,55,20,+52.065,+18.815
0 days 01:04:47.266000,55,20,+51.997,+18.407
0 days 01:04:52.414000,55,20,+51.766,+17.994
0 days 01:04:56.765000,55,20,+51.768,+17.958
0 days 01:05:01.661000,55,20,+51.835,+18.070
0 days 01:05:05.492000,55,20,+51.875,+18.352
0 days 01:05:13.892000,55,20,+51.974,+17.950
0 days 01:05:17.823000,55,20,+51.987,+17.917
0 days 01:05:18.604000,55,20,+52.012,+17.887
0 days 01:05:23.020000,55,20,+51.977,+17.753
0 days 01:05:27.433000,55,20,+52.002,+18.006
0 days 01:05:28.647000,55,20,+52.031,+18.122
0 days 01:05:30.949000,55,20,+51.987,+18.227
0 days 01:05:35.991000,55,20,+51.897,+18.062
0 days 01:05:41.217000,55,20,+51.488,+17.318
0 days 01:05:45.286000,55,20,+51.365,+17.161
0 days 01:05:48.233000,55,20,+51.383,+17.204
0 days 01:05:55.192000,55,20,+51.052,+16.593
0 days 01:05:58.895000,55,20,+51.021,+16.570
0 days 01:06:02.886000,55,20,+51.025,+16.406
0 days 01:06:08.496000,55,20,+50.857,+15.957
0 days 01:06:12.966000,55,20,+50.590,+15.426
0 days 01:06:16.867000,55,20,+50.566,+15.349
0 days 01:06:23.055000,55,20,+50.638,+14.927
0 days 01:06:28.340000,55,20,+50.406,+14.760
0 days 01:06:32.643000,55,20,+50.411,+14.804
0 days 01:06:37.467000,55,20,+50.421,+14.896
0 days 01:06:41.332000,55,20,+50.425,+15.130
0 days 01:06:49.767000,55,20,+50.381,+14.662
0 days 01:06:53.663000,55,20,+50.385,+14.614
0 days 01:06:54.425000,55,20,+50.403,+14.534
0 days 01:06:58.915000,55,20,+50.430,+14.381
0 days 01:07:03.267000,55,20,+50.445,+14.595
0 days 01:07:04.460000,55,20,+50.460,+14.681
0 days 01:07:06.707000,55,20,+50.376,+14.567
0 days 01:07:11.857000,55,20,+50.411,+14.308
0 days 01:07:17.294000,55,20,+50.225,+13.725
0 days 01:07:21.440000,55,20,+50.119,+13.706
0 days 01:07:24.398000,55,20,+50.161,+13.787
0 days 01:07:31.427000,55,20,+49.788,+13.238
0 days 01:07:35.132000,55,20,+49.780,+13.266
0 days 01:07:39.211000,55,20,+49.839,+13.057
0 days 01:07:44.932000,55,20,+49.837,+12.825
0 days 01:07:49.468000,55,20,+49.666,+12.354
0 days 01:07:53.415000,55,20,+49.652,+12.284
0 days 01:07:59.585000,55,20,+49.573,+11.897
0 days 01:08:04.870000,55,20,+49.361,+11.776
0 days 01:08:09.213000,55,20,+49.380,+11.818
0 days 01:08:13.998000,55,20,+49.420,+11.950
0 days 01:08:17.811000,55,20,+49.440,+12.174
0 days 01:08:26.314000,55,20,+49.450,+11.559
0 days 01:08:30.243000,55,20,+49.482,+11.390
0 days 01:08:31.077000,55,20,+49.497,+11.239
0 days 01:08:35.444000,55,20,+49.525,+11.116
0 days 01:08:39.841000,55,20,+49.544,+11.520
0 days 01:08:41.041000,55,20,+49.553,+11.512
0 days 01:08:43.388000,55,20,+49.575,+11.362
0 days 01:08:48.747000,55,20,+49.647,+11.692
0 days 01:08:54.144000,55,20,+49.455,+10.828
0 days 01:08:58.343000,55,20,+49.401,+10.684
0 days 01:09:01.294000,55,20,+49.427,+10.660
0 days 01:09:08.460000,55,20,+49.269,+10.088
0 days 01:09:12.168000,55,20,+49.264,+10.032
0 days 01:09:16.282000,55,20,+49.366,+9.924
0 days 01:09:22.115000,55,20,+49.353,+9.563
0 days 01:09:26.785000,55,20,+49.226,+9.166
0 days 01:09:30.629000,55,20,+49.208,+9.079
0 days 01:09:36.901000,55,20,+49.134,+8.769
0 days 01:09:42.233000,55,20,+48.888,+8.684
0 days 01:09:46.568000,55,20,+48.878,+8.667
0 days 01:09:51.332000,55,20,+48.888,+8.659
0 days 01:09:55.142000,55,20,+48.873,+8.637
0 days 01:10:03.645000,55,20,+48.805,+8.139
0 days 01:10:07.516000,55,20,+48.833,+8.064
0 days 01:10:08.358000,55,20,+48.868,+8.052
0 days 01:10:12.795000,55,20,+48.850,+8.065
0 days 01:10:17.196000,55,20,+48.865,+8.075
0 days 01:10:18.389000,55,20,+48.873,+8.072
0 days 01:10:20.744000,55,20,+48.863,+8.095
0 days 01:10:25.970000,55,20,+49.000,+8.269
0 days 01:10:31.430000,55,20,+48.584,+7.752
0 days 01:10:35.610000,55,20,+48.570,+7.782
0 days 01:10:38.606000,55,20,+48.597,+7.775
0 days 01:10:45.746000,55,20,+48.354,+7.420
0 days 01:10:49.469000,55,20,+48.317,+7.355
0 days 01:10:53.569000,55,20,+48.537,+7.562
0 days 01:10:59.334000,55,20,+48.580,+7.486
0 days 01:11:04.015000,55,20,+48.477,+7.252
0 days 01:11:07.933000,55,20,+48.439,+7.164
0 days 01:11:14.295000,55,20,+48.382,+7.110
0 days 01:11:19.543000,55,20,+48.288,+7.014
0 days 01:11:23.877000,55,20,+48.292,+7.032
0 days 01:11:28.643000,55,20,+48.328,+7.056
0 days 01:11:32.544000,55,20,+48.332,+7.035
0 days 01:11:40.990000,55,20,+48.448,+6.870
0 days 01:11:44.939000,55,20,+48.477,+6.795
0 days 01:11:45.697000,55,20,+48.533,+6.789
0 days 01:11:50.121000,55,20,+48.530,+6.765
0 days 01:11:54.472000,55,20,+48.521,+6.775
0 days 01:11:55.726000,55,20,+48.532,+6.780
0 days 01:11:57.961000,55,20,+48.520,+6.761
0 days 01:12:03.155000,55,20,+48.596,+6.853
0 days 01:12:08.836000,55,20,+48.605,+6.604
0 days 01:12:13.043000,55,20,+48.626,+6.574
0 days 01:12:16.002000,55,20,+48.640,+6.567
0 days 01:12:23.223000,55,20,+48.568,+6.361
0 days 01:12:26.965000,55,20,+48.559,+6.325
0 days 01:12:31.070000,55,20,+48.771,+6.461
0 days 01:12:36.939000,55,20,+48.869,+6.475
0 days 01:12:41.612000,55,20,+48.718,+6.206
0 days 01:12:45.543000,55,20,+48.678,+6.149
0 days 01:12:51.874000,55,20,+48.658,+6.037
0 days 01:12:57.260000,55,20,+48.492,+5.958
0 days 01:13:01.705000,55,20,+48.513,+5.958
0 days 01:13:06.396000,55,20,+48.556,+6.030
0 days 01:13:10.196000,55,20,+48.578,+6.192
0 days 01:13:18.750000,55,20,+48.687,+5.945
0 days 01:13:22.689000,55,20,+48.731,+5.899
0 days 01:13:23.493000,55,20,+48.755,+5.887
0 days 01:13:27.982000,55,20,+48.761,+5.962
0 days 01:13:32.322000,55,20,+48.767,+6.193
0 days 01:13:33.566000,55,20,+48.780,+6.273
0 days 01:13:35.837000,55,20,+48.754,+6.103
0 days 01:13:41.082000,55,20,+48.928,+5.958
0 days 01:13:46.575000,55,20,+48.693,+5.594
0 days 01:13:50.796000,55,20,+48.737,+5.592
0 days 01:13:53.734000,55,20,+48.763,+5.602
0 days 01:14:00.952000,55,20,+48.714,+5.288
0 days 01:14:04.647000,55,20,+48.718,+5.255
0 days 01:14:08.693000,55,20,+48.834,+5.234
0 days 01:14:14.466000,55,20,+48.916,+5.138
0 days 01:14:19.373000,55,20,+48.839,+4.995
0 days 01:14:23.197000,55,20,+48.810,+4.988
0 days 01:14:29.597000,55,20,+48.956,+4.592
0 days 01:14:34.844000,55,20,+48.702,+4.244
0 days 01:14:39.188000,55,20,+48.719,+2.995
0 days 01:14:43.991000,55,20,+48.773,+2.864
0 days 01:14:47.771000,55,20,+48.790,+2.845
0 days 01:14:56.367000,55,20,+48.960,+2.318
0 days 01:15:00.280000,55,20,+48.982,+2.279
0 days 01:15:01.138000,55,20,+49.006,+2.200
0 days 01:15:05.649000,55,20,+49.087,+2.119
0 days 01:15:10.044000,55,20,+49.073,+2.127
0 days 01:15:11.186000,55,20,+49.071,+2.123
0 days 01:15:13.397000,55,20,+48.892,+2.124
0 days 01:15:18.532000,55,20,+48.936,+2.107
0 days 01:15:24.297000,55,20,+48.986,+2.017
0 days 01:15:28.442000,55,20,+48.886,+1.849
0 days 01:15:31.391000,55,20,+48.879,+1.835
0 days 01:15:38.644000,55,20,+48.978,+1.719
0 days 01:15:42.367000,55,20,+48.980,+1.701
0 days 01:15:46.371000,55,20,+49.124,+1.839
0 days 01:15:52.129000,55,20,+49.167,+1.748
0 days 01:15:56.850000,55,20,+49.131,+1.470
0 days 01:16:00.797000,55,20,+49.088,+1.426
0 days 01:16:07.130000,55,20,+49.146,+1.285
0 days 01:16:12.471000,55,20,+49.240,+1.205
0 days 01:16:16.945000,55,20,+49.246,+1.198
0 days 01:16:21.548000,55,20,+49.216,+1.135
0 days 01:16:25.267000,55,20,+49.179,+1.059
0 days 01:16:35.392000,55,17,+49.179,+1.059
0 days 01:16:35.466000,55,17,+50.895,+5.144
0 days 01:16:39.672000,55,17,+51.086,+5.232
0 days 01:16:40.516000,55,17,+51.154,+5.175
0 days 01:16:45.072000,55,17,+51.376,+5.194
0 days 00:00:09.326000,5,14,,
0 days 00:45:22.383000,5,14,+1.596,+0.188
0 days 00:45:22.527000,5,14,+1.391,+0.165
0 days 00:45:25.256000,5,14,+1.929,+0.163
0 days 00:45:30.911000,5,14,+2.870,+0.251
0 days 00:45:37.358000,5,14,+3.554,+0.183
0 days 00:45:41.293000,5,14,+3.766,+0.358
0 days 00:45:44.157000,5,14,+3.722,+0.369
0 days 00:45:51.929000,5,15,+3.722,+0.369
0 days 00:45:52.075000,5,15,+4.751,+0.039
0 days 00:45:55.704000,5,14,+4.751,+0.039
0 days 00:45:55.787000,5,14,+4.772,+0.566
0 days 00:45:59.951000,5,15,+4.772,+0.566
0 days 00:46:00.219000,5,15,+5.281,+0.175
0 days 00:46:06.586000,5,15,+5.872,+0.056
0 days 00:46:11.533000,5,15,+6.537,+0.260
0 days 00:46:15.737000,5,15,+6.697,+0.355
0 days 00:46:23.004000,5,15,+7.640,+0.407
0 days 00:46:27.658000,5,15,+7.733,+0.501
0 days 00:46:31.984000,5,15,+7.795,+0.530
0 days 00:46:36.707000,5,15,+7.745,+0.583
0 days 00:46:40.462000,5,15,+7.667,+0.645
0 days 00:46:49.460000,5,15,+8.339,+0.344
0 days 00:46:53.458000,5,15,+8.491,+0.275
0 days 00:46:54.558000,5,15,+8.702,+0.318
0 days 00:46:59.260000,5,15,+8.805,+0.396
0 days 00:47:03.503000,5,15,+8.731,+0.361
0 days 00:47:04.669000,5,15,+8.692,+0.333
0 days 00:47:07.099000,5,15,+8.763,+0.344
0 days 00:47:12.616000,5,15,+9.438,+0.261
0 days 00:47:18.354000,5,15,+9.777,+0.301
0 days 00:47:22.534000,5,15,+9.905,+0.384
0 days 00:47:25.555000,5,15,+9.898,+0.368
0 days 00:47:32.834000,5,15,+10.336,+0.528
0 days 00:47:36.501000,5,15,+10.339,+0.519
0 days 00:47:40.715000,5,15,+10.443,+0.591
0 days 00:47:46.705000,5,15,+10.721,+0.492
0 days 00:47:51.300000,5,15,+10.917,+0.450
0 days 00:47:55.268000,5,15,+10.934,+0.413
0 days 00:48:01.759000,5,15,+11.370,+0.603
0 days 00:48:06.822000,5,15,+11.330,+0.584
0 days 00:48:11.137000,5,15,+11.383,+0.587
0 days 00:48:15.858000,5,15,+11.300,+0.637
0 days 00:48:19.379000,5,15,+10.989,+0.680
0 days 00:48:27.937000,5,15,+11.322,+0.532
0 days 00:48:31.843000,5,15,+11.422,+0.487
0 days 00:48:32.924000,5,15,+11.519,+0.476
0 days 00:48:37.259000,5,15,+11.536,+0.507
0 days 00:48:41.460000,5,15,+11.260,+0.487
0 days 00:48:42.548000,5,15,+11.143,+0.480
0 days 00:48:44.820000,5,15,+11.040,+0.453
0 days 00:48:50.233000,5,15,+11.485,+0.527
0 days 00:48:55.689000,5,15,+11.619,+0.571
0 days 00:49:00.054000,5,15,+11.779,+0.648
0 days 00:49:03.032000,5,15,+11.766,+0.637
0 days 00:49:10.334000,5,15,+12.064,+0.692
0 days 00:49:13.979000,5,15,+12.070,+0.678
0 days 00:49:18.095000,5,15,+12.033,+0.667
0 days 00:49:24.005000,5,15,+12.156,+0.698
0 days 00:49:28.602000,5,15,+12.257,+0.591
0 days 00:49:32.597000,5,15,+12.253,+0.555
0 days 00:49:38.988000,5,15,+12.627,+0.632
0 days 00:49:44.049000,5,15,+12.494,+0.606
0 days 00:49:48.406000,5,15,+12.470,+0.554
0 days 00:49:53.060000,5,15,+12.382,+0.565
0 days 00:49:56.619000,5,15,+12.107,+0.589
0 days 00:50:05.203000,5,15,+12.522,+0.255
0 days 00:50:09.260000,5,15,+12.618,+0.287
0 days 00:50:10.298000,5,15,+12.756,+0.370
0 days 00:50:14.754000,5,15,+12.860,+0.501
0 days 00:50:18.893000,5,15,+12.595,+0.461
0 days 00:50:20.061000,5,15,+12.480,+0.441
0 days 00:50:22.379000,5,15,+12.432,+0.566
0 days 00:50:27.705000,5,15,+12.828,+0.610
0 days 00:50:33.164000,5,15,+12.983,+0.647
0 days 00:50:37.486000,5,15,+13.069,+0.644
0 days 00:50:40.407000,5,15,+13.062,+0.612
0 days 00:50:47.758000,5,15,+13.433,+0.664
0 days 00:50:51.434000,5,15,+13.484,+0.682
0 days 00:50:55.532000,5,15,+13.295,+0.731
0 days 00:51:01.441000,5,15,+13.458,+0.651
0 days 00:51:06.099000,5,15,+13.608,+0.531
0 days 00:51:10.064000,5,15,+13.647,+0.480
0 days 00:51:16.555000,5,15,+14.066,+0.584
0 days 00:51:21.818000,5,15,+14.064,+0.569
0 days 00:51:26.175000,5,15,+14.081,+0.561
0 days 00:51:30.791000,5,15,+14.010,+0.595
0 days 00:51:34.380000,5,15,+13.749,+0.603
0 days 00:51:42.984000,5,15,+14.101,+0.431
0 days 00:51:46.959000,5,15,+14.230,+0.448
0 days 00:51:47.956000,5,15,+14.367,+0.512
0 days 00:51:52.388000,5,15,+14.404,+0.412
0 days 00:51:56.509000,5,15,+14.120,+0.342
0 days 00:51:57.589000,5,15,+13.993,+0.313
0 days 00:51:59.939000,5,15,+13.970,+0.412
0 days 00:52:05.191000,5,15,+14.270,+0.383
0 days 00:52:10.850000,5,15,+14.423,+0.373
0 days 00:52:15.150000,5,15,+14.517,+0.406
0 days 00:52:18.175000,5,15,+14.503,+0.365
0 days 00:52:25.487000,5,15,+14.833,+0.419
0 days 00:52:29.099000,5,15,+14.851,+0.414
0 days 00:52:33.234000,5,15,+14.730,+0.525
0 days 00:52:39.252000,5,15,+14.875,+0.481
0 days 00:52:44.042000,5,15,+15.182,+0.541
0 days 00:52:48.084000,5,15,+15.222,+0.544
0 days 00:52:54.535000,5,15,+15.566,+0.682
0 days 00:52:59.809000,5,15,+15.467,+0.583
0 days 00:53:04.141000,5,15,+15.433,+0.536
0 days 00:53:08.822000,5,15,+15.357,+0.527
0 days 00:53:12.305000,5,15,+15.073,+0.481
0 days 00:53:20.957000,5,15,+15.444,+0.492
0 days 00:53:24.880000,5,15,+15.511,+0.426
0 days 00:53:25.842000,5,15,+15.601,+0.451
0 days 00:53:30.321000,5,15,+15.683,+0.537
0 days 00:53:34.426000,5,15,+15.424,+0.479
0 days 00:53:35.554000,5,15,+15.329,+0.456
0 days 00:53:37.825000,5,15,+15.227,+0.551
0 days 00:53:43.242000,5,15,+15.572,+0.433
0 days 00:53:48.878000,5,15,+15.817,+0.454
0 days 00:53:53.250000,5,15,+15.971,+0.513
0 days 00:53:56.187000,5,15,+15.972,+0.474
0 days 00:54:03.507000,5,15,+16.290,+0.574
0 days 00:54:07.183000,5,15,+16.317,+0.568
0 days 00:54:11.335000,5,15,+16.347,+0.638
0 days 00:54:17.245000,5,15,+16.603,+0.553
0 days 00:54:22,5,15,+16.793,+0.552
0 days 00:54:26.004000,5,15,+16.819,+0.510
0 days 00:54:32.518000,5,15,+17.198,+0.671
0 days 00:54:37.753000,5,15,+17.015,+0.585
0 days 00:54:42.037000,5,15,+16.945,+0.547
0 days 00:54:46.728000,5,15,+16.838,+0.527
0 days 00:54:50.236000,5,15,+16.578,+0.501
0 days 00:54:58.762000,5,15,+16.842,+0.398
0 days 00:55:02.745000,5,15,+16.987,+0.393
0 days 00:55:03.762000,5,15,+17.126,+0.431
0 days 00:55:08.195000,5,15,+17.235,+0.533
0 days 00:55:12.413000,5,15,+17.013,+0.490
0 days 00:55:13.522000,5,15,+16.920,+0.474
0 days 00:55:15.690000,5,15,+16.698,+0.572
0 days 00:55:21.112000,5,15,+16.945,+0.341
0 days 00:55:26.853000,5,15,+17.379,+0.525
0 days 00:55:31.166000,5,15,+17.494,+0.547
0 days 00:55:34.108000,5,15,+17.478,+0.500
0 days 00:55:41.540000,5,15,+17.963,+0.671
0 days 00:55:45.355000,5,15,+17.994,+0.670
0 days 00:55:49.436000,5,15,+17.909,+0.738
0 days 00:55:55.327000,5,15,+17.922,+0.747
0 days 00:56:00.062000,5,15,+18.041,+0.640
0 days 00:56:04.036000,5,15,+18.067,+0.593
0 days 00:56:10.535000,5,15,+18.380,+0.735
0 days 00:56:15.854000,5,15,+18.478,+0.759
0 days 00:56:20.139000,5,15,+18.479,+0.751
0 days 00:56:24.882000,5,15,+18.431,+0.766
0 days 00:56:28.511000,5,15,+18.221,+0.780
0 days 00:56:36.936000,5,16,+18.221,+0.780
0 days 00:56:37.205000,5,16,+18.686,+0.232
0 days 00:56:41.263000,5,16,+18.890,+0.263
0 days 00:56:42.308000,5,16,+19.054,+0.272
0 days 00:56:46.836000,5,16,+19.240,+0.340
0 days 00:56:50.964000,5,16,+18.989,+0.291
0 days 00:56:52.089000,5,16,+18.897,+0.281
0 days 00:56:54.409000,5,16,+18.909,+0.336
0 days 00:56:59.982000,5,16,+19.490,+0.492
0 days 00:57:05.663000,5,16,+19.784,+0.594
0 days 00:57:09.910000,5,16,+19.941,+0.678
0 days 00:57:12.895000,5,16,+19.967,+0.685
0 days 00:57:20.264000,5,16,+20.235,+0.827
0 days 00:57:23.968000,5,16,+20.254,+0.845
0 days 00:57:28.013000,5,16,+20.316,+0.685
0 days 00:57:33.990000,5,16,+20.548,+0.712
0 days 00:57:38.722000,5,16,+20.710,+0.736
0 days 00:57:42.727000,5,16,+20.745,+0.736
0 days 00:57:49.252000,5,16,+21.186,+0.825
0 days 00:57:54.593000,5,16,+21.334,+1.027
0 days 00:57:58.964000,5,16,+21.406,+1.050
0 days 00:58:03.826000,5,16,+21.388,+1.128
0 days 00:58:07.337000,5,16,+21.219,+1.254
0 days 00:58:15.993000,5,16,+21.425,+1.131
0 days 00:58:19.883000,5,16,+21.494,+0.933
0 days 00:58:20.783000,5,16,+21.554,+0.746
0 days 00:58:25.207000,5,16,+21.590,+0.546
0 days 00:58:29.301000,5,16,+21.344,+0.511
0 days 00:58:30.491000,5,16,+21.257,+0.497
0 days 00:58:32.721000,5,16,+21.161,+0.438
0 days 00:58:38.156000,5,16,+21.275,+0.595
0 days 00:58:43.859000,5,16,+21.579,+0.575
0 days 00:58:48.205000,5,16,+21.716,+0.787
0 days 00:58:51.133000,5,16,+21.739,+0.856
0 days 00:58:58.543000,5,16,+21.957,+0.696
0 days 00:59:02.254000,5,16,+21.976,+0.692
0 days 00:59:06.389000,5,16,+22.031,+0.529
0 days 00:59:12.437000,5,16,+22.392,+0.596
0 days 00:59:17.237000,5,16,+22.589,+0.645
0 days 00:59:21.190000,5,16,+22.618,+0.645
0 days 00:59:27.760000,5,16,+23.042,+0.677
0 days 00:59:33.225000,5,16,+23.152,+0.812
0 days 00:59:37.590000,5,16,+23.196,+0.862
0 days 00:59:42.283000,5,16,+23.062,+0.794
0 days 00:59:45.764000,5,16,+22.760,+0.654
0 days 00:59:54.553000,5,16,+23.087,+0.677
0 days 00:59:58.475000,5,16,+23.209,+0.455
0 days 00:59:59.605000,5,16,+23.357,+0.354
0 days 01:00:04.164000,5,16,+23.598,+0.422
0 days 01:00:08.325000,5,16,+23.372,+0.410
0 days 01:00:09.412000,5,16,+23.298,+0.402
0 days 01:00:11.760000,5,16,+23.350,+0.372
0 days 01:00:17.032000,5,17,+23.350,+0.372
0 days 01:00:17.181000,5,17,+23.516,+0.029
0 days 01:00:23.184000,5,17,+24.069,+0.048
0 days 01:00:27.494000,5,17,+24.237,+0.112
0 days 01:00:30.390000,5,17,+24.225,+0.126
0 days 01:00:38.022000,5,17,+24.845,+0.320
0 days 01:00:41.737000,5,17,+24.880,+0.352
0 days 01:00:45.949000,5,17,+25.042,+0.455
0 days 01:00:52.182000,5,17,+25.399,+0.461
0 days 01:00:57.116000,5,17,+25.759,+0.558
0 days 01:01:01.164000,5,17,+25.824,+0.568
0 days 01:01:07.810000,5,17,+26.280,+0.811
0 days 01:01:13.314000,5,17,+26.340,+0.869
0 days 01:01:17.713000,5,17,+26.400,+0.879
0 days 01:01:22.439000,5,17,+26.356,+0.894
0 days 01:01:26.038000,5,17,+26.120,+0.902
0 days 01:01:34.679000,5,17,+26.276,+0.705
0 days 01:01:38.620000,5,17,+26.407,+0.690
0 days 01:01:39.601000,5,17,+26.511,+0.669
0 days 01:01:44.082000,5,17,+26.643,+0.628
0 days 01:01:48.270000,5,17,+26.493,+0.622
0 days 01:01:49.394000,5,17,+26.445,+0.646
0 days 01:01:51.744000,5,17,+26.423,+0.579
0 days 01:01:57.160000,5,17,+26.608,+0.527
0 days 01:02:03.021000,5,17,+27.091,+0.651
0 days 01:02:07.367000,5,17,+27.228,+0.694
0 days 01:02:10.329000,5,17,+27.243,+0.720
0 days 01:02:17.928000,5,17,+27.797,+0.892
0 days 01:02:21.698000,5,17,+27.824,+0.914
0 days 01:02:25.832000,5,17,+27.898,+0.787
0 days 01:02:31.864000,5,17,+28.263,+0.543
0 days 01:02:36.870000,5,17,+28.635,+0.570
0 days 01:02:40.878000,5,17,+28.704,+0.564
0 days 01:02:47.644000,5,17,+29.238,+0.728
0 days 01:02:53.139000,5,17,+29.411,+0.693
0 days 01:02:57.513000,5,17,+29.465,+0.653
0 days 01:03:02.233000,5,17,+29.416,+0.687
0 days 01:03:05.799000,5,17,+29.174,+0.705
0 days 01:03:14.491000,5,17,+29.446,+0.361
0 days 01:03:18.513000,5,17,+29.592,+0.335
0 days 01:03:19.642000,5,17,+29.722,+0.594
0 days 01:03:23.965000,5,16,+29.722,+0.594
0 days 01:03:23.965000,5,16,+29.824,+0.768
0 days 01:03:28.140000,5,16,+29.652,+0.756
0 days 01:03:29.268000,5,16,+29.588,+0.752
0 days 01:03:31.638000,5,16,+29.556,+0.677
0 days 01:03:36.942000,5,16,+29.746,+0.727
0 days 01:03:42.811000,5,16,+30.182,+0.965
0 days 01:03:47.166000,5,16,+30.300,+1.007
0 days 01:03:50.119000,5,16,+30.324,+1.023
0 days 01:03:57.414000,5,16,+30.488,+1.072
0 days 01:04:01.192000,5,16,+30.483,+1.093
0 days 01:04:05.233000,5,16,+30.521,+1.106
0 days 01:04:11.321000,5,16,+30.916,+1.095
0 days 01:04:16.107000,5,16,+31.098,+1.166
0 days 01:04:20.119000,5,16,+31.112,+1.151
0 days 01:04:26.696000,5,16,+31.408,+1.259
0 days 01:04:32.066000,5,16,+31.434,+1.165
0 days 01:04:36.470000,5,16,+31.501,+1.176
0 days 01:04:41.342000,5,16,+31.510,+1.202
0 days 01:04:45.186000,5,16,+31.488,+1.341
0 days 01:04:53.830000,5,16,+31.739,+1.296
0 days 01:04:57.666000,5,16,+31.854,+1.323
0 days 01:04:58.648000,5,16,+31.960,+1.350
0 days 01:05:03.096000,5,16,+32.054,+1.417
0 days 01:05:07.465000,5,16,+32.021,+1.554
0 days 01:05:08.622000,5,16,+32.032,+1.640
0 days 01:05:10.855000,5,16,+31.955,+1.496
0 days 01:05:16.266000,5,16,+32.170,+1.710
0 days 01:05:21.902000,5,16,+32.248,+1.723
0 days 01:05:26.226000,5,16,+32.340,+1.844
0 days 01:05:29.194000,5,16,+32.362,+1.874
0 days 01:05:36.615000,5,16,+32.441,+1.885
0 days 01:05:40.295000,5,16,+32.461,+1.900
0 days 01:05:44.287000,5,16,+32.453,+1.867
0 days 01:05:50.286000,5,16,+32.623,+1.693
0 days 01:05:55.092000,5,16,+32.745,+1.686
0 days 01:05:59.066000,5,16,+32.784,+1.609
0 days 01:06:05.610000,5,16,+33.194,+1.663
0 days 01:06:11.113000,5,16,+33.205,+1.678
0 days 01:06:15.508000,5,16,+33.210,+1.650
0 days 01:06:20.257000,5,16,+33.219,+1.733
0 days 01:06:24.078000,5,16,+33.228,+1.962
0 days 01:06:32.716000,5,16,+33.308,+1.814
0 days 01:06:36.668000,5,16,+33.427,+1.853
0 days 01:06:37.603000,5,16,+33.487,+1.853
0 days 01:06:42.034000,5,16,+33.613,+1.847
0 days 01:06:46.355000,5,16,+33.580,+1.985
0 days 01:06:47.515000,5,16,+33.581,+2.063
0 days 01:06:49.740000,5,16,+33.411,+1.852
0 days 01:06:55.267000,5,16,+33.837,+2.039
0 days 01:07:00.993000,5,16,+34.011,+1.850
0 days 01:07:05.383000,5,16,+34.092,+1.894
0 days 01:07:08.341000,5,16,+34.130,+1.922
0 days 01:07:15.630000,5,16,+34.062,+1.839
0 days 01:07:19.428000,5,16,+34.074,+1.834
0 days 01:07:23.414000,5,16,+34.073,+1.717
0 days 01:07:29.441000,5,16,+34.341,+1.647
0 days 01:07:34.187000,5,16,+34.430,+1.588
0 days 01:07:38.169000,5,16,+34.444,+1.549
0 days 01:07:44.797000,5,16,+34.780,+1.667
0 days 01:07:50.114000,5,16,+34.644,+1.521
0 days 01:07:54.494000,5,16,+34.695,+1.485
0 days 01:07:59.310000,5,16,+34.720,+1.555
0 days 01:08:03.122000,5,16,+34.737,+1.754
0 days 01:08:11.946000,5,16,+35.076,+1.731
0 days 01:08:15.885000,5,16,+35.182,+1.712
0 days 01:08:16.807000,5,16,+35.243,+1.687
0 days 01:08:21.223000,5,16,+35.296,+1.636
0 days 01:08:21.223000,5,16,+35.243,+1.687
0 days 01:08:21.223000,5,16,+35.296,+1.636
0 days 01:08:25.568000,5,16,+35.290,+1.652
0 days 01:08:26.814000,5,16,+35.296,+1.689
0 days 01:08:28.968000,5,16,+35.185,+1.577
0 days 01:08:34.368000,5,16,+35.362,+1.656
0 days 01:08:40.214000,5,16,+35.607,+1.730
0 days 01:08:44.608000,5,16,+35.680,+1.778
0 days 01:08:47.544000,5,16,+35.708,+1.809
0 days 01:08:54.880000,5,16,+35.739,+1.617
0 days 01:08:58.648000,5,16,+35.753,+1.594
0 days 01:09:02.699000,5,16,+35.765,+1.552
0 days 01:09:08.679000,5,16,+35.931,+1.467
0 days 01:09:13.504000,5,16,+36.056,+1.432
0 days 01:09:17.505000,5,16,+36.083,+1.415
0 days 01:09:24.214000,5,16,+36.287,+1.575
0 days 01:09:29.580000,5,16,+36.259,+1.457
0 days 01:09:33.896000,5,16,+36.270,+1.428
0 days 01:09:38.680000,5,16,+36.274,+1.482
0 days 01:09:42.568000,5,16,+36.277,+1.703
0 days 01:09:51.421000,5,16,+36.571,+1.892
0 days 01:09:55.371000,5,16,+36.663,+1.911
0 days 01:09:56.294000,5,16,+36.717,+1.925
0 days 01:10:00.753000,5,16,+36.797,+2.026
0 days 01:10:05.121000,5,16,+36.784,+2.076
0 days 01:10:06.314000,5,16,+36.766,+2.096
0 days 01:10:08.465000,5,16,+36.573,+2.003
0 days 01:10:13.858000,5,16,+36.853,+2.043
0 days 01:10:19.697000,5,16,+36.873,+2.085
0 days 01:10:23.964000,5,16,+36.951,+2.137
0 days 01:10:26.942000,5,16,+36.965,+2.143
0 days 01:10:34.215000,5,16,+36.881,+1.994
0 days 01:10:37.973000,5,16,+36.863,+1.975
0 days 01:10:42.057000,5,16,+37.045,+1.927
0 days 01:10:48.027000,5,16,+37.242,+1.706
0 days 01:10:52.894000,5,16,+37.382,+1.665
0 days 01:10:56.878000,5,16,+37.375,+1.616
0 days 01:11:03.458000,5,16,+37.613,+1.600
0 days 01:11:08.979000,5,16,+37.743,+1.521
0 days 01:11:13.296000,5,16,+37.758,+1.467
0 days 01:11:18.088000,5,16,+37.785,+1.547
0 days 01:11:21.861000,5,16,+37.752,+1.701
0 days 01:11:30.548000,5,16,+38.000,+1.592
0 days 01:11:34.458000,5,16,+38.071,+1.575
0 days 01:11:35.369000,5,16,+38.142,+1.573
0 days 01:11:39.869000,5,16,+38.294,+1.655
0 days 01:11:44.232000,5,16,+38.245,+1.804
0 days 01:11:45.432000,5,16,+38.229,+1.868
0 days 01:11:47.590000,5,16,+38.150,+1.753
0 days 01:11:52.969000,5,16,+38.447,+1.667
0 days 01:11:59.024000,5,16,+38.817,+1.821
0 days 01:12:03.317000,5,16,+38.913,+1.891
0 days 01:12:06.300000,5,16,+38.914,+1.893
0 days 01:12:13.610000,5,16,+38.983,+1.563
0 days 01:12:17.347000,5,16,+38.995,+1.553
0 days 01:12:21.395000,5,16,+39.156,+1.449
0 days 01:12:27.545000,5,16,+39.430,+1.224
0 days 01:12:32.501000,5,16,+39.660,+1.216
0 days 01:12:36.518000,5,16,+39.660,+1.138
0 days 01:12:43.165000,5,16,+39.927,+1.111
0 days 01:12:48.718000,5,16,+39.894,+0.991
0 days 01:12:53.015000,5,16,+39.929,+0.945
0 days 01:12:57.847000,5,16,+39.951,+1.019
0 days 01:13:01.666000,5,16,+39.947,+1.235
0 days 01:13:10.270000,5,16,+40.185,+1.112
0 days 01:13:14.189000,5,16,+40.291,+1.064
0 days 01:13:15.159000,5,16,+40.363,+1.049
0 days 01:13:19.698000,5,16,+40.485,+1.158
0 days 01:13:24.008000,5,16,+40.420,+1.339
0 days 01:13:25.160000,5,16,+40.396,+1.392
0 days 01:13:27.342000,5,16,+40.329,+1.155
0 days 01:13:32.727000,5,16,+40.727,+1.102
0 days 01:13:38.659000,5,16,+40.911,+1.042
0 days 01:13:43.145000,5,16,+41.128,+1.108
0 days 01:13:46.112000,5,16,+41.142,+1.108
0 days 01:13:53.544000,5,16,+41.275,+1.018
0 days 01:13:57.220000,5,16,+41.309,+1.041
0 days 01:14:01.279000,5,16,+41.473,+1.059
0 days 01:14:07.459000,5,16,+41.793,+0.759
0 days 01:14:12.334000,5,16,+41.971,+0.796
0 days 01:14:16.345000,5,16,+41.969,+0.759
0 days 01:14:22.963000,5,16,+42.329,+0.782
0 days 01:14:28.488000,5,16,+42.377,+0.742
0 days 01:14:32.848000,5,16,+42.427,+0.719
0 days 01:14:37.648000,5,16,+42.394,+0.710
0 days 01:14:41.218000,5,16,+42.202,+0.701
0 days 01:14:49.997000,5,16,+42.501,+0.824
0 days 01:14:53.871000,5,16,+42.550,+0.794
0 days 01:14:54.837000,5,16,+42.632,+0.802
0 days 01:14:59.335000,5,16,+42.778,+0.905
0 days 01:15:03.471000,5,16,+42.558,+0.955
0 days 01:15:04.599000,5,16,+42.471,+0.985
0 days 01:15:06.791000,5,16,+42.322,+0.769
0 days 01:15:12.171000,5,16,+42.626,+0.852
0 days 01:15:18.190000,5,16,+42.908,+0.538
0 days 01:15:22.497000,5,16,+42.958,+0.289
0 days 01:15:25.413000,5,16,+42.901,+0.220
0 days 01:15:33.737000,5,17,+42.901,+0.220
0 days 01:15:34.539000,5,17,+44.848,+0.657
0 days 01:15:38.454000,5,17,+45.102,+0.883
0 days 01:15:42.519000,5,17,+45.259,+0.926
0 days 01:15:48.470000,5,17,+45.528,+0.887
0 days 01:15:53.397000,5,17,+45.723,+0.776
0 days 01:15:57.398000,5,17,+45.720,+0.771
0 days 01:16:04.020000,5,17,+46.020,+0.837
0 days 01:16:09.518000,5,17,+46.272,+0.938
0 days 01:16:13.829000,5,17,+46.305,+0.909
0 days 01:16:18.565000,5,17,+46.260,+0.925
0 days 01:16:22.156000,5,17,+46.073,+0.933
0 days 01:16:35.392000,5,18,+46.073,+0.933
0 days 01:16:37.345000,5,18,+52.720,+1.825
0 days 01:16:41.597000,5,18,+53.107,+2.021
0 days 01:16:42.612000,5,18,+53.282,+2.128
0 days 01:16:47.602000,5,18,+53.940,+2.564
0 days 00:00:09.326000,6,15,,
0 days 00:45:22.442000,6,15,+1.725,+0.129
0 days 00:45:22.578000,6,15,+1.508,+0.117
0 days 00:45:25.447000,6,15,+2.109,+0.180
0 days 00:45:30.911000,6,16,+2.109,+0.180
0 days 00:45:31.014000,6,16,+2.946,+0.039
0 days 00:45:37.758000,6,16,+3.898,+0.150
0 days 00:45:41.600000,6,16,+4.090,+0.128
0 days 00:45:44.525000,6,16,+4.059,+0.102
0 days 00:45:52.408000,6,16,+5.117,+0.366
0 days 00:45:56.032000,6,16,+5.080,+0.306
0 days 00:46:00.519000,6,16,+5.500,+0.219
0 days 00:46:00.519000,6,16,+5.080,+0.306
0 days 00:46:00.536000,6,16,+5.500,+0.219
0 days 00:46:06.853000,6,16,+6.190,+0.318
0 days 00:46:11.729000,6,16,+6.765,+0.228
0 days 00:46:15.761000,6,16,+6.831,+0.134
0 days 00:46:23.357000,6,16,+7.990,+0.350
0 days 00:46:28.432000,6,16,+8.132,+0.399
0 days 00:46:32.358000,6,16,+8.193,+0.398
0 days 00:46:37.102000,6,16,+8.132,+0.387
0 days 00:46:40.846000,6,16,+8.035,+0.368
0 days 00:46:49.914000,6,16,+8.897,+0.558
0 days 00:46:54.047000,6,16,+9.048,+0.557
0 days 00:46:55.086000,6,16,+9.230,+0.528
0 days 00:46:59.675000,6,16,+9.330,+0.525
0 days 00:47:04.040000,6,16,+9.275,+0.544
0 days 00:47:05.225000,6,16,+9.235,+0.543
0 days 00:47:07.632000,6,16,+9.318,+0.555
0 days 00:47:13.084000,6,16,+9.931,+0.493
0 days 00:47:18.691000,6,16,+10.112,+0.335
0 days 00:47:22.850000,6,16,+10.234,+0.329
0 days 00:47:25.826000,6,16,+10.229,+0.331
0 days 00:47:33.414000,6,16,+10.899,+0.563
0 days 00:47:37.104000,6,16,+10.892,+0.553
0 days 00:47:41.125000,6,16,+10.849,+0.406
0 days 00:47:47.139000,6,16,+11.175,+0.454
0 days 00:47:51.889000,6,16,+11.472,+0.555
0 days 00:47:55.885000,6,16,+11.519,+0.585
0 days 00:48:02.285000,6,16,+11.851,+0.481
0 days 00:48:07.252000,6,16,+11.775,+0.445
0 days 00:48:11.548000,6,16,+11.802,+0.419
0 days 00:48:16.235000,6,16,+11.674,+0.374
0 days 00:48:19.742000,6,16,+11.323,+0.334
0 days 00:48:28.313000,6,16,+11.723,+0.401
0 days 00:48:32.313000,6,16,+11.871,+0.449
0 days 00:48:33.333000,6,16,+11.993,+0.474
0 days 00:48:37.844000,6,16,+12.070,+0.534
0 days 00:48:42.052000,6,16,+11.866,+0.606
0 days 00:48:43.112000,6,16,+11.740,+0.597
0 days 00:48:45.429000,6,16,+11.630,+0.590
0 days 00:48:50.851000,6,16,+12.128,+0.643
0 days 00:48:56.248000,6,16,+12.132,+0.513
0 days 00:49:00.485000,6,16,+12.210,+0.431
0 days 00:49:03.407000,6,16,+12.187,+0.421
0 days 00:49:10.748000,6,16,+12.545,+0.481
0 days 00:49:14.453000,6,16,+12.553,+0.483
0 days 00:49:18.775000,6,16,+12.696,+0.663
0 days 00:49:24.783000,6,16,+12.925,+0.769
0 days 00:49:29.503000,6,16,+13.138,+0.881
0 days 00:49:33.514000,6,16,+13.213,+0.960
0 days 00:49:39.848000,6,16,+13.462,+0.835
0 days 00:49:44.877000,6,16,+13.274,+0.780
0 days 00:49:49.150000,6,16,+13.257,+0.787
0 days 00:49:53.864000,6,16,+13.177,+0.795
0 days 00:49:57.407000,6,16,+12.907,+0.800
0 days 00:50:05.905000,6,16,+13.154,+0.632
0 days 00:50:09.946000,6,16,+13.291,+0.673
0 days 00:50:10.951000,6,16,+13.393,+0.637
0 days 00:50:15.379000,6,16,+13.468,+0.608
0 days 00:50:19.562000,6,16,+13.212,+0.617
0 days 00:50:20.598000,6,16,+13.078,+0.598
0 days 00:50:22.878000,6,16,+12.972,+0.540
0 days 00:50:28.203000,6,16,+13.335,+0.507
0 days 00:50:33.708000,6,16,+13.509,+0.526
0 days 00:50:37.935000,6,16,+13.554,+0.485
0 days 00:50:40.893000,6,16,+13.549,+0.487
0 days 00:50:48.260000,6,16,+13.999,+0.566
0 days 00:50:52.050000,6,16,+14.033,+0.549
0 days 00:50:56.115000,6,16,+13.891,+0.596
0 days 00:51:02.123000,6,16,+14.139,+0.681
0 days 00:51:06.760000,6,16,+14.265,+0.657
0 days 00:51:10.715000,6,16,+14.314,+0.667
0 days 00:51:17.264000,6,16,+14.767,+0.701
0 days 00:51:22.307000,6,16,+14.593,+0.529
0 days 00:51:26.611000,6,16,+14.601,+0.520
0 days 00:51:31.291000,6,16,+14.516,+0.506
0 days 00:51:34.827000,6,16,+14.223,+0.474
0 days 00:51:43.550000,6,16,+14.666,+0.565
0 days 00:51:47.526000,6,16,+14.792,+0.562
0 days 00:51:48.488000,6,16,+14.909,+0.542
0 days 00:51:52.934000,6,16,+14.989,+0.585
0 days 00:51:57.125000,6,16,+14.732,+0.612
0 days 00:51:58.176000,6,16,+14.597,+0.604
0 days 00:52:00.453000,6,16,+14.526,+0.556
0 days 00:52:05.710000,6,16,+14.760,+0.490
0 days 00:52:05.710000,6,16,+14.526,+0.556
0 days 00:52:05.726000,6,16,+14.760,+0.490
0 days 00:52:11.324000,6,16,+14.871,+0.448
0 days 00:52:15.450000,6,16,+14.849,+0.332
0 days 00:52:18.435000,6,16,+14.818,+0.315
0 days 00:52:25.736000,6,16,+15.185,+0.352
0 days 00:52:29.411000,6,16,+15.169,+0.318
0 days 00:52:33.753000,6,16,+15.253,+0.523
0 days 00:52:39.739000,6,16,+15.374,+0.499
0 days 00:52:44.435000,6,16,+15.571,+0.389
0 days 00:52:48.420000,6,16,+15.581,+0.359
0 days 00:52:54.978000,6,16,+15.958,+0.392
0 days 00:53:00.012000,6,16,+15.694,+0.227
0 days 00:53:04.306000,6,16,+15.645,+0.212
0 days 00:53:08.887000,6,16,+15.470,+0.113
0 days 00:53:12.361000,6,16,+15.137,+0.064
0 days 00:53:21.146000,6,16,+15.624,+0.180
0 days 00:53:25.107000,6,16,+15.746,+0.235
0 days 00:53:26.135000,6,16,+15.885,+0.284
0 days 00:53:30.864000,6,16,+16.220,+0.537
0 days 00:53:35.028000,6,16,+16.005,+0.581
0 days 00:53:36.161000,6,16,+15.902,+0.573
0 days 00:53:38.513000,6,16,+15.903,+0.676
0 days 00:53:43.788000,6,16,+16.175,+0.603
0 days 00:53:49.408000,6,16,+16.299,+0.482
0 days 00:53:53.598000,6,16,+16.342,+0.371
0 days 00:53:56.588000,6,16,+16.363,+0.391
0 days 00:54:03.863000,6,16,+16.717,+0.427
0 days 00:54:07.561000,6,16,+16.718,+0.401
0 days 00:54:11.875000,6,16,+16.910,+0.563
0 days 00:54:17.905000,6,16,+17.240,+0.637
0 days 00:54:22.602000,6,16,+17.373,+0.580
0 days 00:54:26.561000,6,16,+17.400,+0.581
0 days 00:54:32.981000,6,16,+17.645,+0.447
0 days 00:54:38.083000,6,16,+17.365,+0.350
0 days 00:54:42.362000,6,16,+17.295,+0.350
0 days 00:54:47.007000,6,16,+17.154,+0.316
0 days 00:54:50.508000,6,16,+16.824,+0.246
0 days 00:54:59.331000,6,16,+17.332,+0.490
0 days 00:55:03.304000,6,16,+17.526,+0.539
0 days 00:55:04.320000,6,16,+17.705,+0.579
0 days 00:55:08.788000,6,16,+17.786,+0.551
0 days 00:55:12.980000,6,16,+17.549,+0.536
0 days 00:55:14.012000,6,16,+17.433,+0.513
0 days 00:55:16.290000,6,16,+17.263,+0.565
0 days 00:55:21.491000,6,16,+17.445,+0.500
0 days 00:55:27.190000,6,16,+17.673,+0.294
0 days 00:55:31.338000,6,16,+17.646,+0.152
0 days 00:55:34.207000,6,16,+17.574,+0.096
0 days 00:55:41.619000,6,16,+18.012,+0.049
0 days 00:55:45.357000,6,16,+18.028,+0.034
0 days 00:55:49.537000,6,16,+18.034,+0.125
0 days 00:55:55.766000,6,16,+18.327,+0.405
0 days 00:56:00.489000,6,16,+18.460,+0.419
0 days 00:56:04.466000,6,16,+18.492,+0.425
0 days 00:56:11.191000,6,16,+18.942,+0.562
0 days 00:56:16.153000,6,16,+18.773,+0.295
0 days 00:56:20.415000,6,16,+18.753,+0.274
0 days 00:56:25.062000,6,16,+18.614,+0.183
0 days 00:56:28.823000,6,16,+18.270,+0.049
0 days 00:56:36.936000,6,15,+18.270,+0.049
0 days 00:56:37.029000,6,15,+18.454,+0.680
0 days 00:56:40.982000,6,15,+18.627,+0.740
0 days 00:56:42.078000,6,15,+18.782,+0.858
0 days 00:56:46.519000,6,15,+18.900,+0.918
0 days 00:56:50.684000,6,15,+18.698,+0.910
0 days 00:56:51.807000,6,15,+18.616,+0.896
0 days 00:56:54.062000,6,15,+18.573,+1.007
0 days 00:56:59.431000,6,15,+18.998,+0.881
0 days 00:57:05.027000,6,15,+19.190,+0.870
0 days 00:57:09.258000,6,15,+19.263,+0.818
0 days 00:57:12.208000,6,15,+19.282,+0.807
0 days 00:57:19.410000,6,15,+19.408,+0.659
0 days 00:57:23.122000,6,15,+19.409,+0.611
0 days 00:57:27.337000,6,15,+19.631,+0.785
0 days 00:57:33.320000,6,15,+19.836,+0.668
0 days 00:57:37.989000,6,15,+19.974,+0.533
0 days 00:57:41.989000,6,15,+20.009,+0.490
0 days 00:57:48.454000,6,15,+20.361,+0.578
0 days 00:57:53.569000,6,15,+20.307,+0.373
0 days 00:57:57.864000,6,15,+20.356,+0.350
0 days 00:58:02.563000,6,15,+20.260,+0.295
0 days 00:58:06.105000,6,15,+19.965,+0.193
0 days 00:58:14.789000,6,15,+20.294,+0.095
0 days 00:58:19.028000,6,15,+20.561,+0.160
0 days 00:58:20.013000,6,15,+20.808,+0.258
0 days 00:58:24.653000,6,15,+21.044,+0.396
0 days 00:58:28.824000,6,15,+20.833,+0.335
0 days 00:58:29.937000,6,15,+20.760,+0.315
0 days 00:58:32.283000,6,15,+20.723,+0.483
0 days 00:58:37.619000,6,15,+20.680,+0.378
0 days 00:58:43.289000,6,15,+21.004,+0.302
0 days 00:58:47.391000,6,15,+20.929,+0.194
0 days 00:58:50.293000,6,15,+20.883,+0.129
0 days 00:58:57.827000,6,15,+21.261,+0.234
0 days 00:59:01.589000,6,15,+21.284,+0.225
0 days 00:59:05.852000,6,15,+21.502,+0.537
0 days 00:59:11.832000,6,15,+21.796,+0.543
0 days 00:59:16.566000,6,15,+21.944,+0.370
0 days 00:59:20.544000,6,15,+21.973,+0.317
0 days 00:59:27.090000,6,15,+22.365,+0.446
0 days 00:59:32.464000,6,15,+22.340,+0.125
0 days 00:59:36.750000,6,15,+22.334,+0.063
0 days 00:59:41.514000,6,15,+22.268,+0.020
0 days 00:59:45.128000,6,15,+22.106,+0.030
0 days 00:59:53.659000,6,14,+22.106,+0.030
0 days 00:59:53.740000,6,14,+22.352,+0.250
0 days 00:59:57.780000,6,14,+22.500,+0.365
0 days 00:59:58.898000,6,14,+22.706,+0.558
0 days 01:00:03.529000,6,14,+22.957,+0.788
0 days 01:00:07.753000,6,14,+22.826,+0.669
0 days 01:00:08.883000,6,14,+22.768,+0.611
0 days 01:00:11.207000,6,15,+22.768,+0.611
0 days 01:00:11.381000,6,15,+22.978,+0.084
0 days 01:00:16.652000,6,15,+23.045,+0.150
0 days 01:00:22.713000,6,15,+23.629,+0.325
0 days 01:00:26.832000,6,15,+23.642,+0.247
0 days 01:00:29.725000,6,15,+23.615,+0.213
0 days 01:00:37.296000,6,15,+23.908,+0.258
0 days 01:00:40.807000,6,15,+23.928,+0.217
0 days 01:00:45.053000,6,15,+24.155,+0.506
0 days 01:00:51.139000,6,15,+24.368,+0.503
0 days 01:00:55.918000,6,15,+24.563,+0.388
0 days 01:00:59.890000,6,15,+24.568,+0.309
0 days 01:01:06.505000,6,15,+25.000,+0.484
0 days 01:01:11.821000,6,15,+24.846,+0.373
0 days 01:01:16.154000,6,15,+24.848,+0.359
0 days 01:01:20.869000,6,15,+24.769,+0.324
0 days 01:01:24.438000,6,15,+24.527,+0.289
0 days 01:01:33.238000,6,15,+24.907,+0.183
0 days 01:01:37.265000,6,15,+25.062,+0.288
0 days 01:01:38.291000,6,15,+25.213,+0.361
0 days 01:01:42.739000,6,15,+25.330,+0.282
0 days 01:01:46.884000,6,15,+25.088,+0.191
0 days 01:01:47.969000,6,15,+25.002,+0.159
0 days 01:01:50.511000,6,15,+25.184,+0.273
0 days 01:01:56.191000,6,15,+25.620,+0.407
0 days 01:02:02.039000,6,15,+26.081,+0.242
0 days 01:02:06.398000,6,15,+26.251,+0.352
0 days 01:02:09.365000,6,15,+26.271,+0.312
0 days 01:02:16.761000,6,15,+26.571,+0.208
0 days 01:02:20.467000,6,15,+26.568,+0.155
0 days 01:02:24.693000,6,15,+26.788,+0.323
0 days 01:02:30.916000,6,15,+27.297,+0.361
0 days 01:02:35.745000,6,15,+27.519,+0.261
0 days 01:02:39.730000,6,15,+27.549,+0.209
0 days 01:02:46.508000,6,15,+28.131,+0.406
0 days 01:02:51.979000,6,15,+28.253,+0.325
0 days 01:02:56.384000,6,15,+28.307,+0.206
0 days 01:03:01.011000,6,15,+28.203,+0.034
0 days 01:03:04.514000,6,14,+28.203,+0.034
0 days 01:03:04.605000,6,14,+28.023,+1.876
0 days 01:03:13.109000,6,14,+28.080,+1.613
0 days 01:03:17.091000,6,14,+28.229,+1.666
0 days 01:03:18.121000,6,14,+28.336,+1.737
0 days 01:03:22.565000,6,14,+28.427,+1.748
0 days 01:03:26.935000,6,14,+28.432,+1.694
0 days 01:03:28.078000,6,14,+28.406,+1.644
0 days 01:03:30.334000,6,14,+28.285,+1.771
0 days 01:03:35.620000,6,14,+28.416,+1.465
0 days 01:03:41.278000,6,14,+28.487,+1.300
0 days 01:03:45.427000,6,14,+28.567,+1.316
0 days 01:03:48.383000,6,14,+28.585,+1.278
0 days 01:03:55.608000,6,14,+28.666,+1.256
0 days 01:03:59.392000,6,14,+28.646,+1.228
0 days 01:04:03.465000,6,14,+28.728,+1.398
0 days 01:04:09.372000,6,14,+28.991,+1.420
0 days 01:04:14.192000,6,14,+29.133,+1.407
0 days 01:04:18.139000,6,14,+29.149,+1.371
0 days 01:04:24.511000,6,14,+29.295,+1.414
0 days 01:04:30.003000,6,14,+29.363,+1.393
0 days 01:04:34.340000,6,14,+29.372,+1.350
0 days 01:04:39.174000,6,14,+29.419,+1.317
0 days 01:04:43.019000,6,14,+29.435,+1.238
0 days 01:04:51.492000,6,14,+29.600,+1.170
0 days 01:04:55.522000,6,14,+29.702,+1.155
0 days 01:04:56.577000,6,14,+29.830,+1.226
0 days 01:05:00.892000,6,14,+29.874,+1.209
0 days 01:05:05.285000,6,14,+29.863,+1.143
0 days 01:05:06.493000,6,14,+29.870,+1.109
0 days 01:05:08.757000,6,14,+29.868,+1.220
0 days 01:05:14.040000,6,14,+29.965,+1.076
0 days 01:05:19.703000,6,14,+29.945,+0.969
0 days 01:05:23.866000,6,14,+29.935,+0.895
0 days 01:05:26.788000,6,14,+29.940,+0.855
0 days 01:05:34.061000,6,14,+29.956,+0.812
0 days 01:05:37.788000,6,14,+29.950,+0.765
0 days 01:05:41.866000,6,14,+29.985,+0.912
0 days 01:05:47.852000,6,14,+30.193,+0.953
0 days 01:05:52.755000,6,14,+30.259,+0.916
0 days 01:05:56.587000,6,14,+30.289,+0.868
0 days 01:06:03.040000,6,14,+30.623,+0.964
0 days 01:06:08.586000,6,14,+30.630,+0.862
0 days 01:06:12.833000,6,14,+30.626,+0.790
0 days 01:06:17.611000,6,14,+30.577,+0.678
0 days 01:06:21.312000,6,14,+30.419,+0.432
0 days 01:06:29.993000,6,14,+30.601,+0.305
0 days 01:06:34.008000,6,14,+30.816,+0.419
0 days 01:06:35.043000,6,14,+30.951,+0.488
0 days 01:06:39.605000,6,14,+31.152,+0.474
0 days 01:06:43.762000,6,14,+30.996,+0.231
0 days 01:06:44.893000,6,14,+30.947,+0.135
0 days 01:06:47.393000,6,14,+31.083,+0.444
0 days 01:06:52.893000,6,14,+31.450,+0.654
0 days 01:06:58.641000,6,14,+31.641,+0.537
0 days 01:07:02.832000,6,14,+31.578,+0.480
0 days 01:07:05.789000,6,14,+31.583,+0.431
0 days 01:07:13.228000,6,14,+31.628,+0.521
0 days 01:07:16.958000,6,14,+31.629,+0.483
0 days 01:07:21.103000,6,14,+31.774,+0.670
0 days 01:07:27.075000,6,14,+31.948,+0.676
0 days 01:07:31.898000,6,14,+32.091,+0.648
0 days 01:07:35.872000,6,14,+32.128,+0.598
0 days 01:07:42.441000,6,14,+32.467,+0.823
0 days 01:07:47.810000,6,14,+32.341,+0.722
0 days 01:07:52.176000,6,14,+32.373,+0.654
0 days 01:07:56.906000,6,14,+32.326,+0.528
0 days 01:08:00.519000,6,14,+32.141,+0.277
0 days 01:08:09.193000,6,14,+32.295,+0.295
0 days 01:08:13.101000,6,14,+32.419,+0.275
0 days 01:08:14.167000,6,14,+32.591,+0.356
0 days 01:08:18.668000,6,14,+32.739,+0.384
0 days 01:08:22.845000,6,14,+32.561,+0.149
0 days 01:08:23.982000,6,14,+32.478,+0.065
0 days 01:08:26.280000,6,14,+32.536,+0.264
0 days 01:08:31.811000,6,14,+32.795,+0.503
0 days 01:08:37.796000,6,14,+33.149,+0.568
0 days 01:08:42.029000,6,14,+33.117,+0.552
0 days 01:08:45.002000,6,14,+33.148,+0.533
0 days 01:08:52.487000,6,14,+33.324,+0.676
0 days 01:08:56.213000,6,14,+33.346,+0.661
0 days 01:09:00.322000,6,14,+33.442,+0.838
0 days 01:09:06.287000,6,14,+33.548,+0.836
0 days 01:09:11.139000,6,14,+33.679,+0.875
0 days 01:09:15.087000,6,14,+33.678,+0.826
0 days 01:09:21.668000,6,14,+33.813,+1.008
0 days 01:09:26.994000,6,14,+33.679,+0.988
0 days 01:09:31.294000,6,14,+33.665,+0.967
0 days 01:09:36.023000,6,14,+33.614,+0.898
0 days 01:09:39.785000,6,14,+33.418,+0.672
0 days 01:09:48.331000,6,14,+33.486,+0.532
0 days 01:09:52.368000,6,14,+33.667,+0.601
0 days 01:09:53.368000,6,14,+33.811,+0.687
0 days 01:09:57.813000,6,14,+33.852,+0.684
0 days 01:10:01.989000,6,14,+33.675,+0.462
0 days 01:10:03.113000,6,14,+33.610,+0.373
0 days 01:10:05.591000,6,14,+33.672,+0.580
0 days 01:10:10.968000,6,14,+34.021,+0.712
0 days 01:10:16.770000,6,14,+33.990,+0.662
0 days 01:10:21.099000,6,14,+34.049,+0.766
0 days 01:10:24.024000,6,14,+34.053,+0.737
0 days 01:10:31.469000,6,14,+34.097,+0.748
0 days 01:10:35.197000,6,14,+34.091,+0.744
0 days 01:10:39.410000,6,14,+34.336,+0.927
0 days 01:10:45.486000,6,14,+34.684,+0.743
0 days 01:10:50.387000,6,14,+34.839,+0.399
0 days 01:10:54.345000,6,14,+34.833,+0.290
0 days 01:11:01.095000,6,14,+35.241,+0.587
0 days 01:11:06.609000,6,14,+35.397,+0.606
0 days 01:11:10.995000,6,14,+35.432,+0.617
0 days 01:11:15.697000,6,14,+35.387,+0.593
0 days 01:11:19.332000,6,14,+35.164,+0.532
0 days 01:11:27.871000,6,14,+35.389,+0.464
0 days 01:11:31.896000,6,14,+35.534,+0.530
0 days 01:11:32.928000,6,14,+35.667,+0.595
0 days 01:11:37.399000,6,14,+35.757,+0.573
0 days 01:11:41.496000,6,14,+35.549,+0.526
0 days 01:11:42.610000,6,14,+35.494,+0.546
0 days 01:11:45.011000,6,14,+35.564,+0.679
0 days 01:11:50.478000,6,14,+35.957,+0.823
0 days 01:11:56.578000,6,14,+36.304,+0.266
0 days 01:12:00.792000,6,14,+36.397,+0.309
0 days 01:12:03.740000,6,14,+36.387,+0.315
0 days 01:12:11.395000,6,14,+36.771,+0.287
0 days 01:12:15.149000,6,14,+36.764,+0.278
0 days 01:12:19.425000,6,14,+37.160,+0.387
0 days 01:12:25.832000,6,14,+37.707,+0.462
0 days 01:12:30.663000,6,14,+37.822,+0.409
0 days 01:12:34.718000,6,14,+37.836,+0.424
0 days 01:12:41.393000,6,14,+38.225,+0.623
0 days 01:12:46.990000,6,14,+38.239,+0.529
0 days 01:12:51.396000,6,14,+38.348,+0.584
0 days 01:12:56.145000,6,14,+38.325,+0.522
0 days 01:12:59.806000,6,14,+38.148,+0.324
0 days 01:13:08.471000,6,14,+38.463,+0.240
0 days 01:13:12.598000,6,14,+38.628,+0.329
0 days 01:13:13.601000,6,14,+38.774,+0.415
0 days 01:13:18.065000,6,14,+38.873,+0.478
0 days 01:13:22.246000,6,14,+38.685,+0.306
0 days 01:13:23.396000,6,14,+38.623,+0.252
0 days 01:13:25.833000,6,14,+38.768,+0.351
0 days 01:13:31.270000,6,14,+39.257,+0.437
0 days 01:13:37.248000,6,14,+39.394,+0.423
0 days 01:13:41.444000,6,14,+39.433,+0.406
0 days 01:13:44.468000,6,14,+39.447,+0.410
0 days 01:13:51.853000,6,14,+39.656,+0.459
0 days 01:13:55.622000,6,14,+39.698,+0.477
0 days 01:13:59.748000,6,14,+39.949,+0.468
0 days 01:14:05.889000,6,14,+40.282,+0.412
0 days 01:14:10.806000,6,14,+40.403,+0.438
0 days 01:14:14.796000,6,14,+40.415,+0.450
0 days 01:14:21.344000,6,14,+40.719,+0.590
0 days 01:14:26.850000,6,14,+40.733,+0.549
0 days 01:14:31.170000,6,14,+40.751,+0.494
0 days 01:14:35.900000,6,14,+40.693,+0.377
0 days 01:14:39.535000,6,14,+40.496,+0.151
0 days 01:14:48.097000,6,13,+40.496,+0.151
0 days 01:14:48.171000,6,13,+40.729,+3.059
0 days 01:14:52.159000,6,13,+40.871,+3.157
0 days 01:14:53.247000,6,13,+40.984,+3.257
0 days 01:14:57.645000,6,13,+41.056,+3.300
0 days 01:15:01.971000,6,13,+41.078,+3.301
0 days 01:15:03.186000,6,13,+41.084,+3.290
0 days 01:15:05.497000,6,13,+41.019,+3.466
0 days 01:15:10.697000,6,13,+41.141,+3.667
0 days 01:15:16.398000,6,13,+41.131,+3.577
0 days 01:15:20.750000,6,13,+41.197,+3.671
0 days 01:15:23.734000,6,13,+41.229,+3.688
0 days 01:15:31.145000,6,13,+41.512,+3.621
0 days 01:15:34.885000,6,13,+41.542,+3.612
0 days 01:15:38.876000,6,13,+41.652,+3.696
0 days 01:15:44.671000,6,13,+41.714,+3.322
0 days 01:15:49.465000,6,13,+41.782,+3.039
0 days 01:15:53.445000,6,13,+41.791,+2.964
0 days 01:15:59.798000,6,13,+41.759,+2.677
0 days 01:16:05.172000,6,13,+41.930,+2.661
0 days 01:16:09.488000,6,13,+41.955,+2.648
0 days 01:16:14.298000,6,13,+42.015,+2.711
0 days 01:16:18.146000,6,13,+42.056,+2.902
0 days 01:16:26.609000,6,13,+42.063,+2.835
0 days 01:16:30.623000,6,13,+42.187,+2.848
0 days 01:16:31.629000,6,13,+42.297,+2.860
0 days 01:16:36.087000,6,13,+42.400,+2.751
0 days 00:00:09.326000,7,16,,
0 days 00:45:22.484000,7,16,+1.846,+0.121
0 days 00:45:22.598000,7,16,+1.672,+0.164
0 days 00:45:25.379000,7,17,+1.672,+0.164
0 days 00:45:25.561000,7,17,+2.240,+0.096
0 days 00:45:31.351000,7,17,+3.295,+0.349
0 days 00:45:37.977000,7,17,+4.189,+0.291
0 days 00:45:41.832000,7,17,+4.361,+0.271
0 days 00:45:44.894000,7,17,+4.344,+0.285
0 days 00:45:52.686000,7,17,+5.365,+0.248
0 days 00:45:56.416000,7,17,+5.429,+0.349
0 days 00:46:00.931000,7,17,+5.814,+0.314
0 days 00:46:07.305000,7,17,+6.830,+0.640
0 days 00:46:12.286000,7,17,+7.289,+0.524
0 days 00:46:16.354000,7,17,+7.440,+0.609
0 days 00:46:23.676000,7,18,+7.440,+0.609
0 days 00:46:23.878000,7,18,+8.689,+0.331
0 days 00:46:28.960000,7,18,+9.001,+0.394
0 days 00:46:33.286000,7,18,+9.097,+0.356
0 days 00:46:38.049000,7,18,+9.049,+0.309
0 days 00:46:41.781000,7,18,+8.946,+0.230
0 days 00:46:51.127000,7,18,+10.008,+0.555
0 days 00:46:55.051000,7,18,+10.078,+0.558
0 days 00:46:55.999000,7,18,+10.147,+0.528
0 days 00:47:00.576000,7,18,+10.191,+0.494
0 days 00:47:04.940000,7,18,+10.152,+0.519
0 days 00:47:06.110000,7,18,+10.136,+0.518
0 days 00:47:08.506000,7,18,+10.169,+0.454
0 days 00:47:14.039000,7,18,+10.888,+0.501
0 days 00:47:19.484000,7,18,+10.937,+0.395
0 days 00:47:23.807000,7,18,+11.056,+0.523
0 days 00:47:26.678000,7,18,+11.059,+0.566
0 days 00:47:34.159000,7,18,+11.669,+0.677
0 days 00:47:37.863000,7,18,+11.652,+0.713
0 days 00:47:41.892000,7,18,+11.591,+0.502
0 days 00:47:47.877000,7,18,+11.924,+0.429
0 days 00:47:52.675000,7,18,+12.225,+0.477
0 days 00:47:56.633000,7,18,+12.305,+0.558
0 days 00:48:03.181000,7,18,+12.795,+0.486
0 days 00:48:08.248000,7,18,+12.746,+0.413
0 days 00:48:12.552000,7,18,+12.768,+0.362
0 days 00:48:17.178000,7,18,+12.629,+0.312
0 days 00:48:20.659000,7,18,+12.280,+0.190
0 days 00:48:29.554000,7,18,+13.012,+0.611
0 days 00:48:33.585000,7,18,+13.133,+0.669
0 days 00:48:34.485000,7,18,+13.187,+0.625
0 days 00:48:38.896000,7,18,+13.128,+0.540
0 days 00:48:43.010000,7,18,+12.855,+0.501
0 days 00:48:44.159000,7,18,+12.741,+0.491
0 days 00:48:46.459000,7,18,+12.674,+0.514
0 days 00:48:51.717000,7,18,+13.018,+0.509
0 days 00:48:57.283000,7,18,+13.134,+0.462
0 days 00:49:01.392000,7,18,+13.108,+0.449
0 days 00:49:04.359000,7,18,+13.103,+0.463
0 days 00:49:11.881000,7,18,+13.600,+0.534
0 days 00:49:15.579000,7,18,+13.603,+0.524
0 days 00:49:19.688000,7,18,+13.561,+0.466
0 days 00:49:25.553000,7,18,+13.724,+0.416
0 days 00:49:30.344000,7,18,+13.956,+0.401
0 days 00:49:34.320000,7,18,+14.019,+0.412
0 days 00:49:40.839000,7,18,+14.510,+0.503
0 days 00:49:46.094000,7,18,+14.464,+0.530
0 days 00:49:50.379000,7,18,+14.472,+0.566
0 days 00:49:55.097000,7,18,+14.394,+0.562
0 days 00:49:58.637000,7,18,+14.143,+0.527
0 days 00:50:07.475000,7,18,+14.697,+0.796
0 days 00:50:11.402000,7,18,+14.720,+0.793
0 days 00:50:12.155000,7,18,+14.718,+0.719
0 days 00:50:16.560000,7,18,+14.663,+0.672
0 days 00:50:20.677000,7,18,+14.411,+0.645
0 days 00:50:21.827000,7,18,+14.304,+0.628
0 days 00:50:24.108000,7,18,+14.189,+0.624
0 days 00:50:29.200000,7,18,+14.357,+0.541
0 days 00:50:34.735000,7,18,+14.527,+0.493
0 days 00:50:38.949000,7,18,+14.490,+0.524
0 days 00:50:41.871000,7,18,+14.500,+0.547
0 days 00:50:49.340000,7,18,+15.054,+0.695
0 days 00:50:53.089000,7,18,+15.082,+0.741
0 days 00:50:57.100000,7,18,+14.876,+0.646
0 days 00:51:02.960000,7,18,+15.015,+0.542
0 days 00:51:07.760000,7,18,+15.238,+0.441
0 days 00:51:11.786000,7,18,+15.314,+0.436
0 days 00:51:18.160000,7,18,+15.725,+0.375
0 days 00:51:23.514000,7,18,+15.730,+0.425
0 days 00:51:27.846000,7,18,+15.778,+0.462
0 days 00:51:32.509000,7,18,+15.698,+0.436
0 days 00:51:36.060000,7,18,+15.438,+0.377
0 days 00:51:45.034000,7,19,+15.438,+0.377
0 days 00:51:45.187000,7,19,+16.314,+0.087
0 days 00:51:49.349000,7,19,+16.577,+0.262
0 days 00:51:50.217000,7,19,+16.705,+0.330
0 days 00:51:54.689000,7,19,+16.700,+0.275
0 days 00:51:58.803000,7,19,+16.400,+0.240
0 days 00:51:59.905000,7,19,+16.284,+0.261
0 days 00:52:02.251000,7,19,+16.320,+0.344
0 days 00:52:07.688000,7,19,+16.695,+0.538
0 days 00:52:13.208000,7,19,+16.780,+0.546
0 days 00:52:17.414000,7,19,+16.752,+0.501
0 days 00:52:20.395000,7,19,+16.768,+0.537
0 days 00:52:27.722000,7,19,+17.144,+0.680
0 days 00:52:31.460000,7,19,+17.169,+0.719
0 days 00:52:35.419000,7,19,+16.921,+0.732
0 days 00:52:41.420000,7,19,+16.980,+0.593
0 days 00:52:46.135000,7,19,+17.231,+0.592
0 days 00:52:50.107000,7,19,+17.267,+0.612
0 days 00:52:56.436000,7,19,+17.486,+0.501
0 days 00:53:01.756000,7,19,+17.427,+0.308
0 days 00:53:06.092000,7,19,+17.410,+0.242
0 days 00:53:10.702000,7,19,+17.280,+0.143
0 days 00:53:14.250000,7,19,+17.004,+0.022
0 days 00:53:23.277000,7,19,+17.678,+0.424
0 days 00:53:27.161000,7,19,+17.817,+0.486
0 days 00:53:28.090000,7,19,+17.902,+0.497
0 days 00:53:32.561000,7,19,+17.896,+0.526
0 days 00:53:36.705000,7,19,+17.637,+0.545
0 days 00:53:37.790000,7,19,+17.546,+0.574
0 days 00:53:40.115000,7,19,+17.522,+0.665
0 days 00:53:45.313000,7,19,+17.664,+0.501
0 days 00:53:51.106000,7,19,+17.951,+0.637
0 days 00:53:55.195000,7,19,+17.917,+0.565
0 days 00:53:58.187000,7,19,+17.946,+0.625
0 days 00:54:05.465000,7,19,+18.318,+0.655
0 days 00:54:09.235000,7,19,+18.325,+0.697
0 days 00:54:13.210000,7,19,+18.254,+0.668
0 days 00:54:19.108000,7,19,+18.495,+0.519
0 days 00:54:24.028000,7,19,+18.783,+0.543
0 days 00:54:28.035000,7,19,+18.888,+0.584
0 days 00:54:34.462000,7,19,+19.147,+0.499
0 days 00:54:39.849000,7,19,+19.078,+0.538
0 days 00:54:44.157000,7,19,+19.040,+0.536
0 days 00:54:48.799000,7,19,+18.945,+0.577
0 days 00:54:52.316000,7,19,+18.684,+0.647
0 days 00:55:01.041000,7,19,+19.167,+0.854
0 days 00:55:05.092000,7,19,+19.291,+0.660
0 days 00:55:06.016000,7,19,+19.384,+0.569
0 days 00:55:10.381000,7,19,+19.350,+0.491
0 days 00:55:14.501000,7,19,+19.105,+0.480
0 days 00:55:15.601000,7,19,+19.012,+0.478
0 days 00:55:17.924000,7,19,+18.900,+0.464
0 days 00:55:23.435000,7,19,+19.355,+0.488
0 days 00:55:29.135000,7,19,+19.615,+0.560
0 days 00:55:33.351000,7,19,+19.592,+0.505
0 days 00:55:36.262000,7,19,+19.607,+0.521
0 days 00:55:43.690000,7,19,+20.072,+0.691
0 days 00:55:47.430000,7,19,+20.094,+0.718
0 days 00:55:51.409000,7,19,+19.914,+0.678
0 days 00:55:57.362000,7,19,+19.985,+0.697
0 days 00:56:02.162000,7,19,+20.110,+0.481
0 days 00:56:06.110000,7,19,+20.160,+0.455
0 days 00:56:12.603000,7,19,+20.508,+0.365
0 days 00:56:18.040000,7,19,+20.651,+0.392
0 days 00:56:22.389000,7,19,+20.689,+0.388
0 days 00:56:27.003000,7,19,+20.566,+0.341
0 days 00:56:30.526000,7,19,+20.259,+0.283
0 days 00:56:39.452000,7,19,+20.936,+0.554
0 days 00:56:43.406000,7,19,+21.016,+0.594
0 days 00:56:44.290000,7,19,+21.037,+0.553
0 days 00:56:48.563000,7,19,+20.969,+0.458
0 days 00:56:52.693000,7,19,+20.714,+0.392
0 days 00:56:53.839000,7,19,+20.636,+0.390
0 days 00:56:56.163000,7,19,+20.687,+0.515
0 days 00:57:01.546000,7,19,+21.153,+0.486
0 days 00:57:07.306000,7,19,+21.444,+0.560
0 days 00:57:11.442000,7,19,+21.413,+0.364
0 days 00:57:14.413000,7,19,+21.427,+0.373
0 days 00:57:21.890000,7,19,+21.838,+0.570
0 days 00:57:25.580000,7,19,+21.848,+0.577
0 days 00:57:29.583000,7,19,+21.838,+0.537
0 days 00:57:35.563000,7,19,+22.178,+0.617
0 days 00:57:40.563000,7,19,+22.494,+0.574
0 days 00:57:44.589000,7,19,+22.594,+0.601
0 days 00:57:50.965000,7,19,+22.899,+0.502
0 days 00:57:56.385000,7,19,+23.096,+0.532
0 days 00:58:00.691000,7,19,+23.167,+0.520
0 days 00:58:05.389000,7,19,+23.089,+0.475
0 days 00:58:08.982000,7,19,+22.836,+0.376
0 days 00:58:17.763000,7,19,+23.282,+0.490
0 days 00:58:21.744000,7,19,+23.372,+0.511
0 days 00:58:22.610000,7,19,+23.407,+0.478
0 days 00:58:26.989000,7,19,+23.385,+0.434
0 days 00:58:31.124000,7,19,+23.148,+0.412
0 days 00:58:32.244000,7,19,+23.064,+0.421
0 days 00:58:34.603000,7,19,+23.056,+0.614
0 days 00:58:40.007000,7,19,+23.109,+0.636
0 days 00:58:45.725000,7,19,+23.432,+0.558
0 days 00:58:49.863000,7,19,+23.382,+0.469
0 days 00:58:52.838000,7,19,+23.407,+0.496
0 days 00:59:00.338000,7,19,+23.743,+0.700
0 days 00:59:04.071000,7,19,+23.758,+0.742
0 days 00:59:08.066000,7,19,+23.705,+0.707
0 days 00:59:13.964000,7,19,+23.938,+0.628
0 days 00:59:18.879000,7,19,+24.213,+0.520
0 days 00:59:22.921000,7,19,+24.297,+0.536
0 days 00:59:29.354000,7,19,+24.641,+0.490
0 days 00:59:34.884000,7,19,+24.783,+0.485
0 days 00:59:39.266000,7,19,+24.839,+0.500
0 days 00:59:43.982000,7,19,+24.777,+0.499
0 days 00:59:47.547000,7,19,+24.532,+0.462
0 days 00:59:56.243000,7,19,+24.877,+0.535
0 days 01:00:00.229000,7,19,+24.927,+0.502
0 days 01:00:01.038000,7,19,+24.940,+0.454
0 days 01:00:05.447000,7,19,+24.893,+0.369
0 days 01:00:09.592000,7,19,+24.628,+0.320
0 days 01:00:10.664000,7,19,+24.539,+0.320
0 days 01:00:13.036000,7,19,+24.570,+0.383
0 days 01:00:18.541000,7,19,+24.927,+0.461
0 days 01:00:24.421000,7,19,+25.414,+0.536
0 days 01:00:28.622000,7,19,+25.408,+0.464
0 days 01:00:31.564000,7,19,+25.411,+0.492
0 days 01:00:39.121000,7,19,+25.910,+0.512
0 days 01:00:42.861000,7,19,+25.944,+0.522
0 days 01:00:46.982000,7,19,+26.018,+0.531
0 days 01:00:53.031000,7,19,+26.297,+0.518
0 days 01:00:58.014000,7,19,+26.608,+0.499
0 days 01:01:02.007000,7,19,+26.656,+0.510
0 days 01:01:08.664000,7,19,+27.162,+0.437
0 days 01:01:14.206000,7,19,+27.206,+0.399
0 days 01:01:18.562000,7,19,+27.236,+0.414
0 days 01:01:23.265000,7,19,+27.159,+0.444
0 days 01:01:26.840000,7,19,+26.879,+0.462
0 days 01:01:35.569000,7,19,+27.250,+0.367
0 days 01:01:39.591000,7,19,+27.292,+0.351
0 days 01:01:40.363000,7,19,+27.309,+0.329
0 days 01:01:44.843000,7,19,+27.362,+0.317
0 days 01:01:48.882000,7,19,+27.096,+0.268
0 days 01:01:49.994000,7,19,+27.002,+0.264
0 days 01:01:52.465000,7,19,+27.133,+0.356
0 days 01:01:58.091000,7,19,+27.551,+0.403
0 days 01:02:03.999000,7,19,+28.045,+0.456
0 days 01:02:08.257000,7,19,+28.038,+0.516
0 days 01:02:11.171000,7,19,+28.070,+0.580
0 days 01:02:18.792000,7,19,+28.565,+0.534
0 days 01:02:22.550000,7,19,+28.611,+0.533
0 days 01:02:26.558000,7,19,+28.642,+0.425
0 days 01:02:32.693000,7,19,+29.142,+0.455
0 days 01:02:37.826000,7,19,+29.593,+0.410
0 days 01:02:41.869000,7,19,+29.666,+0.435
0 days 01:02:48.623000,7,19,+30.267,+0.521
0 days 01:02:54.033000,7,19,+30.294,+0.344
0 days 01:02:58.407000,7,19,+30.343,+0.329
0 days 01:03:03.107000,7,19,+30.229,+0.285
0 days 01:03:06.519000,7,19,+29.904,+0.207
0 days 01:03:15.543000,7,19,+30.555,+0.363
0 days 01:03:19.718000,7,19,+30.638,+0.348
0 days 01:03:20.443000,7,19,+30.694,+0.335
0 days 01:03:24.895000,7,18,+30.694,+0.335
0 days 01:03:24.912000,7,18,+30.764,+0.284
0 days 01:03:29.024000,7,18,+30.536,+0.275
0 days 01:03:30.145000,7,18,+30.446,+0.283
0 days 01:03:32.648000,7,18,+30.577,+0.500
0 days 01:03:37.945000,7,18,+30.673,+0.451
0 days 01:03:43.985000,7,18,+31.287,+0.481
0 days 01:03:48.183000,7,18,+31.279,+0.478
0 days 01:03:51.107000,7,18,+31.307,+0.502
0 days 01:03:58.766000,7,18,+31.762,+0.610
0 days 01:04:02.544000,7,18,+31.772,+0.616
0 days 01:04:06.519000,7,18,+31.808,+0.657
0 days 01:04:12.566000,7,18,+32.188,+0.713
0 days 01:04:17.636000,7,18,+32.575,+0.803
0 days 01:04:21.643000,7,18,+32.654,+0.832
0 days 01:04:28.122000,7,18,+32.918,+0.793
0 days 01:04:33.700000,7,18,+32.981,+0.681
0 days 01:04:38.055000,7,18,+33.006,+0.683
0 days 01:04:42.741000,7,18,+32.953,+0.682
0 days 01:04:46.351000,7,18,+32.743,+0.661
0 days 01:04:55.192000,7,18,+33.238,+0.589
0 days 01:04:59.277000,7,18,+33.345,+0.625
0 days 01:05:00.027000,7,18,+33.405,+0.623
0 days 01:05:04.464000,7,18,+33.417,+0.559
0 days 01:05:08.666000,7,18,+33.231,+0.527
0 days 01:05:09.808000,7,18,+33.174,+0.519
0 days 01:05:12.114000,7,18,+33.238,+0.587
0 days 01:05:17.340000,7,18,+33.224,+0.480
0 days 01:05:23.412000,7,18,+33.739,+0.714
0 days 01:05:27.642000,7,18,+33.704,+0.726
0 days 01:05:30.608000,7,18,+33.724,+0.753
0 days 01:05:38.109000,7,18,+33.967,+0.888
0 days 01:05:41.886000,7,18,+34.000,+0.909
0 days 01:05:45.930000,7,18,+34.057,+0.893
0 days 01:05:51.955000,7,18,+34.311,+1.032
0 days 01:05:56.943000,7,18,+34.554,+1.045
0 days 01:06:00.928000,7,18,+34.638,+1.100
0 days 01:06:07.415000,7,18,+34.992,+1.071
0 days 01:06:12.867000,7,18,+34.949,+0.995
0 days 01:06:17.244000,7,18,+34.959,+0.982
0 days 01:06:21.993000,7,18,+34.939,+1.034
0 days 01:06:25.856000,7,18,+34.939,+1.198
0 days 01:06:34.682000,7,18,+35.289,+1.177
0 days 01:06:38.686000,7,18,+35.427,+1.252
0 days 01:06:39.545000,7,18,+35.495,+1.246
0 days 01:06:43.993000,7,18,+35.566,+1.203
0 days 01:06:48.323000,7,18,+35.563,+1.362
0 days 01:06:49.585000,7,18,+35.580,+1.437
0 days 01:06:51.918000,7,18,+35.545,+1.521
0 days 01:06:57.193000,7,18,+35.668,+1.481
0 days 01:07:03.193000,7,18,+36.157,+1.615
0 days 01:07:07.382000,7,18,+36.067,+1.645
0 days 01:07:10.367000,7,18,+36.118,+1.690
0 days 01:07:17.993000,7,18,+36.364,+1.771
0 days 01:07:21.767000,7,18,+36.385,+1.802
0 days 01:07:25.695000,7,18,+36.355,+1.759
0 days 01:07:31.667000,7,18,+36.567,+1.612
0 days 01:07:36.529000,7,18,+36.724,+1.511
0 days 01:07:40.496000,7,18,+36.815,+1.560
0 days 01:07:46.977000,7,18,+36.974,+1.372
0 days 01:07:52.507000,7,18,+36.972,+1.397
0 days 01:07:56.841000,7,18,+36.999,+1.399
0 days 01:08:01.624000,7,18,+37.046,+1.475
0 days 01:08:05.518000,7,18,+37.123,+1.687
0 days 01:08:14.585000,7,18,+37.729,+1.852
0 days 01:08:18.605000,7,18,+37.872,+1.946
0 days 01:08:19.468000,7,18,+37.964,+1.989
0 days 01:08:23.966000,7,18,+38.011,+1.975
0 days 01:08:28.314000,7,18,+38.024,+2.125
0 days 01:08:29.660000,7,18,+38.041,+2.197
0 days 01:08:31.767000,7,19,+38.041,+2.197
0 days 01:08:32.009000,7,19,+38.213,+0.138
0 days 01:08:37.316000,7,19,+38.231,+0.276
0 days 01:08:43.488000,7,19,+38.825,+0.198
0 days 01:08:47.549000,7,18,+38.825,+0.198
0 days 01:08:47.612000,7,18,+38.717,+2.486
0 days 01:08:50.625000,7,18,+38.767,+2.538
0 days 01:08:58.233000,7,19,+38.767,+2.538
0 days 01:08:58.385000,7,19,+39.181,+0.098
0 days 01:09:02.130000,7,19,+39.232,+0.157
0 days 01:09:06.341000,7,19,+39.442,+0.395
0 days 01:09:12.543000,7,19,+39.790,+0.719
0 days 01:09:17.563000,7,19,+40.060,+0.860
0 days 01:09:21.529000,7,19,+40.129,+0.849
0 days 01:09:28.168000,7,19,+40.365,+1.077
0 days 01:09:33.542000,7,19,+40.204,+0.896
0 days 01:09:37.889000,7,19,+40.211,+0.888
0 days 01:09:42.768000,7,19,+40.229,+0.891
0 days 01:09:46.506000,7,19,+40.236,+0.849
0 days 01:09:55.495000,7,19,+40.666,+1.106
0 days 01:09:59.469000,7,19,+40.769,+1.108
0 days 01:10:00.334000,7,19,+40.816,+1.086
0 days 01:10:04.791000,7,19,+40.785,+0.988
0 days 01:10:09.115000,7,19,+40.790,+0.991
0 days 01:10:10.343000,7,19,+40.801,+0.987
0 days 01:10:12.641000,7,19,+40.768,+1.178
0 days 01:10:17.777000,7,19,+40.731,+1.115
0 days 01:10:23.628000,7,19,+40.832,+1.383
0 days 01:10:27.854000,7,19,+40.788,+1.277
0 days 01:10:30.794000,7,19,+40.822,+1.278
0 days 01:10:38.349000,7,19,+40.934,+1.341
0 days 01:10:42.095000,7,19,+40.962,+1.375
0 days 01:10:46.011000,7,19,+40.975,+1.330
0 days 01:10:51.871000,7,19,+41.094,+1.301
0 days 01:10:56.832000,7,19,+41.225,+1.268
0 days 01:11:00.791000,7,19,+41.275,+1.253
0 days 01:11:07.114000,7,19,+41.272,+1.234
0 days 01:11:12.517000,7,19,+41.274,+1.140
0 days 01:11:16.813000,7,19,+41.260,+1.173
0 days 01:11:21.595000,7,19,+41.272,+1.179
0 days 01:11:25.426000,7,19,+41.297,+1.136
0 days 01:11:34.111000,7,19,+41.578,+1.127
0 days 01:11:38.086000,7,19,+41.682,+1.163
0 days 01:11:39.039000,7,19,+41.744,+1.137
0 days 01:11:43.362000,7,19,+41.765,+1.000
0 days 01:11:47.800000,7,19,+41.746,+1.030
0 days 01:11:48.900000,7,19,+41.752,+1.042
0 days 01:11:51.195000,7,19,+41.759,+1.193
0 days 01:11:56.295000,7,19,+41.743,+1.156
0 days 01:12:02.238000,7,19,+42.001,+0.978
0 days 01:12:06.520000,7,19,+42.052,+0.943
0 days 01:12:09.444000,7,19,+42.073,+0.959
0 days 01:12:16.867000,7,19,+42.207,+0.856
0 days 01:12:20.612000,7,19,+42.234,+0.870
0 days 01:12:24.570000,7,19,+42.310,+0.930
0 days 01:12:30.443000,7,19,+42.394,+0.808
0 days 01:12:35.418000,7,19,+42.512,+0.758
0 days 01:12:39.611000,7,19,+42.529,+0.746
0 days 01:12:45.791000,7,19,+42.621,+0.684
0 days 01:12:51.318000,7,19,+42.534,+0.751
0 days 01:12:55.627000,7,19,+42.555,+0.764
0 days 01:13:00.394000,7,19,+42.526,+0.717
0 days 01:13:04.043000,7,19,+42.386,+0.535
0 days 01:13:12.814000,7,19,+42.742,+0.507
0 days 01:13:16.811000,7,19,+42.832,+0.519
0 days 01:13:17.619000,7,19,+42.868,+0.481
0 days 01:13:21.996000,7,19,+42.799,+0.307
0 days 01:13:26.170000,7,19,+42.574,+0.147
0 days 01:13:27.243000,7,19,+42.507,+0.102
0 days 01:13:29.698000,7,19,+42.651,+0.312
0 days 01:13:35,7,19,+42.970,+0.507
0 days 01:13:41.082000,7,19,+43.099,+0.510
0 days 01:13:45.189000,7,19,+43.145,+0.376
0 days 01:13:48.165000,7,19,+43.161,+0.374
0 days 01:13:55.670000,7,19,+43.426,+0.480
0 days 01:13:59.396000,7,19,+43.463,+0.513
0 days 01:14:03.412000,7,19,+43.600,+0.612
0 days 01:14:09.344000,7,19,+43.778,+0.536
0 days 01:14:14.270000,7,19,+43.844,+0.435
0 days 01:14:18.197000,7,19,+43.822,+0.416
0 days 01:14:24.971000,7,19,+44.364,+0.330
0 days 01:14:30.266000,7,18,+44.364,+0.330
0 days 01:14:30.344000,7,18,+44.164,+1.109
0 days 01:14:34.971000,7,18,+44.526,+1.409
0 days 01:14:39.911000,7,18,+44.599,+1.511
0 days 01:14:43.518000,7,18,+44.488,+1.545
0 days 01:14:52.366000,7,18,+44.933,+1.718
0 days 01:14:56.348000,7,18,+45.014,+1.772
0 days 01:14:57.214000,7,18,+45.032,+1.734
0 days 01:15:01.699000,7,18,+45.108,+1.710
0 days 01:15:06.028000,7,18,+45.080,+1.903
0 days 01:15:07.171000,7,18,+45.066,+1.969
0 days 01:15:09.397000,7,18,+44.899,+1.917
0 days 01:15:14.657000,7,18,+45.066,+1.942
0 days 01:15:20.548000,7,18,+45.250,+1.755
0 days 01:15:25.045000,7,18,+45.333,+1.909
0 days 01:15:27.871000,7,18,+45.343,+1.934
0 days 01:15:35.317000,7,18,+45.634,+0.786
0 days 01:15:39.031000,7,18,+45.669,+0.567
0 days 01:15:43.097000,7,18,+45.840,+0.581
0 days 01:15:49.067000,7,18,+46.135,+0.607
0 days 01:15:53.971000,7,18,+46.183,+0.460
0 days 01:15:57.862000,7,18,+46.207,+0.487
0 days 01:16:04.497000,7,18,+46.509,+0.489
0 days 01:16:09.919000,7,18,+46.646,+0.374
0 days 01:16:14.215000,7,18,+46.658,+0.353
0 days 01:16:18.897000,7,18,+46.583,+0.323
0 days 01:16:22.417000,7,18,+46.337,+0.264
0 days 01:16:35.392000,7,19,+46.337,+0.264
0 days 01:16:37.572000,7,20,+46.337,+0.264
0 days 01:16:44.305000,7,20,+59.564,+6.494
0 days 01:16:48.425000,7,20,+59.945,+5.325
0 days 01:16:49.339000,7,20,+60.048,+5.029
0 days 01:16:53.889000,7,20,+60.212,+3.530
0 days 00:00:09.326000,10,17,,
0 days 00:45:22.511000,10,17,+1.924,+0.078
0 days 00:45:22.614000,10,17,+1.724,+0.052
0 days 00:45:25.379000,10,16,+1.724,+0.052
0 days 00:45:25.458000,10,16,+2.144,+0.035
0 days 00:45:30.911000,10,15,+2.144,+0.035
0 days 00:45:31.001000,10,15,+2.907,+0.037
0 days 00:45:37.599000,10,15,+3.748,+0.194
0 days 00:45:41.476000,10,15,+3.962,+0.196
0 days 00:45:44.410000,10,15,+3.957,+0.235
0 days 00:45:51.929000,10,14,+3.957,+0.235
0 days 00:45:52.007000,10,14,+4.712,+0.564
0 days 00:45:55.704000,10,15,+4.712,+0.564
0 days 00:45:55.797000,10,15,+4.774,+0.002
0 days 00:45:59.951000,10,14,+4.774,+0.002
0 days 00:46:00.024000,10,14,+5.106,+0.338
0 days 00:46:06.521000,10,14,+5.816,+0.251
0 days 00:46:11.232000,10,14,+6.277,+0.279
0 days 00:46:15.274000,10,14,+6.342,+0.298
0 days 00:46:22.506000,10,14,+7.233,+0.280
0 days 00:46:27.180000,10,14,+7.232,+0.276
0 days 00:46:31.477000,10,14,+7.265,+0.225
0 days 00:46:36.113000,10,14,+7.162,+0.212
0 days 00:46:39.834000,10,14,+7.022,+0.194
0 days 00:46:49.033000,10,14,+7.995,+0.241
0 days 00:46:53.158000,10,14,+8.216,+0.335
0 days 00:46:54.232000,10,14,+8.384,+0.395
0 days 00:46:58.763000,10,14,+8.409,+0.431
0 days 00:47:03.160000,10,14,+8.370,+0.430
0 days 00:47:04.332000,10,14,+8.359,+0.419
0 days 00:47:06.733000,10,14,+8.419,+0.301
0 days 00:47:12.410000,10,14,+9.177,+0.297
0 days 00:47:18.024000,10,14,+9.476,+0.508
0 days 00:47:22.180000,10,14,+9.521,+0.558
0 days 00:47:25.160000,10,14,+9.530,+0.559
0 days 00:47:32.310000,10,14,+9.808,+0.366
0 days 00:47:35.984000,10,14,+9.820,+0.360
0 days 00:47:40.147000,10,14,+9.852,+0.263
0 days 00:47:46.147000,10,14,+10.229,+0.360
0 days 00:47:50.890000,10,14,+10.467,+0.464
0 days 00:47:54.907000,10,14,+10.521,+0.518
0 days 00:48:01.251000,10,14,+10.767,+0.302
0 days 00:48:06.219000,10,14,+10.746,+0.315
0 days 00:48:10.533000,10,14,+10.796,+0.289
0 days 00:48:15.235000,10,14,+10.663,+0.229
0 days 00:48:18.696000,10,14,+10.309,+0.162
0 days 00:48:27.348000,10,14,+10.790,+0.240
0 days 00:48:31.359000,10,14,+10.935,+0.340
0 days 00:48:32.395000,10,14,+11.043,+0.374
0 days 00:48:36.781000,10,14,+11.029,+0.428
0 days 00:48:40.914000,10,14,+10.773,+0.426
0 days 00:48:42.077000,10,14,+10.663,+0.429
0 days 00:48:44.385000,10,14,+10.587,+0.410
0 days 00:48:49.687000,10,14,+10.958,+0.396
0 days 00:48:55.187000,10,14,+11.048,+0.434
0 days 00:48:59.428000,10,14,+11.131,+0.536
0 days 00:49:02.375000,10,14,+11.129,+0.527
0 days 00:49:09.559000,10,14,+11.372,+0.523
0 days 00:49:13.359000,10,14,+11.392,+0.549
0 days 00:49:17.459000,10,14,+11.366,+0.517
0 days 00:49:23.285000,10,14,+11.458,+0.420
0 days 00:49:28.024000,10,14,+11.666,+0.474
0 days 00:49:31.992000,10,14,+11.698,+0.502
0 days 00:49:38.433000,10,14,+11.995,+0.336
0 days 00:49:43.433000,10,14,+11.888,+0.358
0 days 00:49:47.815000,10,14,+11.916,+0.378
0 days 00:49:52.486000,10,14,+11.817,+0.363
0 days 00:49:56.012000,10,14,+11.518,+0.317
0 days 00:50:04.978000,10,14,+12.267,+0.628
0 days 00:50:08.960000,10,14,+12.331,+0.639
0 days 00:50:09.977000,10,14,+12.386,+0.630
0 days 00:50:14.256000,10,14,+12.359,+0.607
0 days 00:50:18.422000,10,14,+12.134,+0.606
0 days 00:50:19.586000,10,14,+12.039,+0.614
0 days 00:50:21.774000,10,14,+11.866,+0.508
0 days 00:50:27.070000,10,14,+12.218,+0.522
0 days 00:50:32.560000,10,14,+12.336,+0.459
0 days 00:50:36.860000,10,14,+12.425,+0.566
0 days 00:50:39.817000,10,14,+12.450,+0.563
0 days 00:50:47.006000,10,14,+12.769,+0.706
0 days 00:50:50.788000,10,14,+12.802,+0.733
0 days 00:50:54.803000,10,14,+12.564,+0.529
0 days 00:51:00.751000,10,14,+12.807,+0.444
0 days 00:51:05.589000,10,14,+13.077,+0.526
0 days 00:51:09.597000,10,14,+13.167,+0.585
0 days 00:51:15.973000,10,14,+13.482,+0.422
0 days 00:51:21.226000,10,14,+13.495,+0.400
0 days 00:51:25.577000,10,14,+13.520,+0.381
0 days 00:51:30.228000,10,14,+13.415,+0.343
0 days 00:51:33.742000,10,14,+13.146,+0.308
0 days 00:51:42.486000,10,14,+13.670,+0.474
0 days 00:51:46.487000,10,14,+13.782,+0.507
0 days 00:51:47.440000,10,14,+13.855,+0.464
0 days 00:51:51.982000,10,14,+13.992,+0.599
0 days 00:51:56.105000,10,14,+13.778,+0.620
0 days 00:51:57.260000,10,14,+13.680,+0.624
0 days 00:51:59.476000,10,14,+13.558,+0.485
0 days 00:52:04.758000,10,14,+13.887,+0.422
0 days 00:52:10.479000,10,14,+14.050,+0.533
0 days 00:52:14.741000,10,14,+14.111,+0.632
0 days 00:52:17.717000,10,14,+14.138,+0.635
0 days 00:52:25.028000,10,14,+14.414,+0.591
0 days 00:52:28.706000,10,14,+14.437,+0.611
0 days 00:52:32.694000,10,14,+14.205,+0.410
0 days 00:52:38.761000,10,14,+14.394,+0.480
0 days 00:52:43.511000,10,14,+14.641,+0.568
0 days 00:52:47.505000,10,14,+14.678,+0.610
0 days 00:52:53.892000,10,14,+14.884,+0.418
0 days 00:52:59.187000,10,14,+14.884,+0.475
0 days 00:53:03.550000,10,14,+14.897,+0.477
0 days 00:53:08.235000,10,14,+14.830,+0.456
0 days 00:53:11.856000,10,14,+14.592,+0.434
0 days 00:53:20.356000,10,14,+14.952,+0.536
0 days 00:53:24.447000,10,14,+15.085,+0.614
0 days 00:53:25.409000,10,14,+15.150,+0.617
0 days 00:53:29.787000,10,14,+15.146,+0.634
0 days 00:53:33.971000,10,14,+14.945,+0.639
0 days 00:53:35.131000,10,14,+14.873,+0.646
0 days 00:53:37.285000,10,14,+14.676,+0.456
0 days 00:53:42.759000,10,14,+15.139,+0.604
0 days 00:53:48.482000,10,14,+15.363,+0.694
0 days 00:53:52.698000,10,14,+15.458,+0.791
0 days 00:53:55.729000,10,14,+15.498,+0.814
0 days 00:54:02.828000,10,14,+15.716,+0.719
0 days 00:54:06.605000,10,14,+15.749,+0.736
0 days 00:54:10.692000,10,14,+15.709,+0.541
0 days 00:54:16.694000,10,14,+16.050,+0.589
0 days 00:54:21.461000,10,14,+16.241,+0.588
0 days 00:54:25.468000,10,14,+16.309,+0.643
0 days 00:54:31.892000,10,14,+16.527,+0.616
0 days 00:54:37.162000,10,14,+16.430,+0.588
0 days 00:54:41.455000,10,14,+16.398,+0.582
0 days 00:54:46.143000,10,14,+16.311,+0.536
0 days 00:54:49.720000,10,14,+16.077,+0.463
0 days 00:54:58.290000,10,14,+16.444,+0.521
0 days 00:55:02.336000,10,14,+16.594,+0.611
0 days 00:55:03.313000,10,14,+16.695,+0.649
0 days 00:55:07.710000,10,14,+16.702,+0.654
0 days 00:55:11.882000,10,14,+16.523,+0.661
0 days 00:55:13.011000,10,14,+16.446,+0.660
0 days 00:55:15.166000,10,14,+16.126,+0.412
0 days 00:55:20.690000,10,14,+16.604,+0.498
0 days 00:55:26.338000,10,14,+16.854,+0.581
0 days 00:55:30.651000,10,14,+16.947,+0.663
0 days 00:55:33.636000,10,14,+16.978,+0.694
0 days 00:55:40.873000,10,14,+17.292,+0.712
0 days 00:55:44.657000,10,14,+17.324,+0.726
0 days 00:55:48.682000,10,14,+17.171,+0.541
0 days 00:55:54.603000,10,14,+17.175,+0.460
0 days 00:55:59.602000,10,14,+17.401,+0.623
0 days 00:56:03.482000,10,14,+17.474,+0.687
0 days 00:56:09.736000,10,14,+17.645,+0.683
0 days 00:56:15.100000,10,14,+17.719,+0.622
0 days 00:56:19.437000,10,14,+17.728,+0.605
0 days 00:56:24.154000,10,14,+17.665,+0.571
0 days 00:56:27.853000,10,14,+17.441,+0.535
0 days 00:56:36.220000,10,14,+17.774,+0.543
0 days 00:56:40.308000,10,14,+17.887,+0.601
0 days 00:56:41.192000,10,14,+17.924,+0.608
0 days 00:56:45.663000,10,14,+17.982,+0.608
0 days 00:56:49.789000,10,14,+17.788,+0.586
0 days 00:56:50.885000,10,14,+17.720,+0.578
0 days 00:56:53.049000,10,14,+17.566,+0.398
0 days 00:56:58.558000,10,14,+18.117,+0.498
0 days 00:57:04.163000,10,14,+18.320,+0.433
0 days 00:57:08.462000,10,14,+18.445,+0.503
0 days 00:57:11.412000,10,14,+18.475,+0.518
0 days 00:57:18.739000,10,14,+18.749,+0.497
0 days 00:57:22.492000,10,14,+18.798,+0.516
0 days 00:57:26.540000,10,14,+18.846,+0.386
0 days 00:57:32.652000,10,14,+19.168,+0.373
0 days 00:57:37.490000,10,14,+19.441,+0.589
0 days 00:57:41.512000,10,14,+19.519,+0.647
0 days 00:57:47.837000,10,14,+19.783,+0.636
0 days 00:57:53.210000,10,14,+19.934,+0.638
0 days 00:57:57.537000,10,14,+20.006,+0.633
0 days 00:58:02.263000,10,14,+19.965,+0.590
0 days 00:58:05.956000,10,14,+19.772,+0.446
0 days 00:58:14.679000,10,14,+20.199,+0.574
0 days 00:58:18.763000,10,14,+20.401,+0.734
0 days 00:58:19.824000,10,14,+20.550,+0.849
0 days 00:58:24.309000,10,14,+20.648,+0.887
0 days 00:58:28.485000,10,14,+20.498,+0.753
0 days 00:58:29.622000,10,14,+20.445,+0.703
0 days 00:58:31.809000,10,14,+20.240,+0.570
0 days 00:58:37.190000,10,14,+20.302,+0.616
0 days 00:58:42.964000,10,14,+20.702,+0.616
0 days 00:58:47.209000,10,14,+20.735,+0.574
0 days 00:58:50.192000,10,14,+20.754,+0.566
0 days 00:58:57.582000,10,14,+21.027,+0.574
0 days 00:59:01.367000,10,14,+21.059,+0.610
0 days 00:59:05.395000,10,14,+20.965,+0.471
0 days 00:59:11.264000,10,14,+21.253,+0.342
0 days 00:59:16.223000,10,14,+21.574,+0.467
0 days 00:59:20.238000,10,14,+21.656,+0.519
0 days 00:59:26.699000,10,14,+21.919,+0.322
0 days 00:59:32.364000,10,14,+22.215,+0.585
0 days 00:59:36.673000,10,14,+22.271,+0.591
0 days 00:59:41.483000,10,14,+22.248,+0.551
0 days 00:59:45.112000,10,14,+22.076,+0.376
0 days 00:59:53.659000,10,15,+22.076,+0.376
0 days 00:59:53.803000,10,15,+22.410,+0.058
0 days 00:59:58.016000,10,15,+22.754,+0.254
0 days 00:59:59.164000,10,15,+23.003,+0.297
0 days 01:00:03.743000,10,15,+23.176,+0.219
0 days 01:00:07.883000,10,15,+22.962,+0.136
0 days 01:00:09.014000,10,15,+22.896,+0.128
0 days 01:00:11.207000,10,14,+22.896,+0.128
0 days 01:00:11.290000,10,14,+22.894,+0.734
0 days 01:00:16.487000,10,14,+22.895,+0.524
0 days 01:00:22.281000,10,14,+23.304,+0.580
0 days 01:00:26.590000,10,14,+23.395,+0.614
0 days 01:00:29.538000,10,14,+23.402,+0.596
0 days 01:00:36.804000,10,14,+23.650,+0.538
0 days 01:00:40.611000,10,14,+23.711,+0.574
0 days 01:00:44.544000,10,14,+23.649,+0.442
0 days 01:00:50.659000,10,14,+23.865,+0.366
0 days 01:00:55.540000,10,14,+24.175,+0.503
0 days 01:00:59.606000,10,14,+24.259,+0.570
0 days 01:01:06.090000,10,14,+24.516,+0.400
0 days 01:01:11.440000,10,14,+24.473,+0.367
0 days 01:01:15.784000,10,14,+24.489,+0.366
0 days 01:01:20.565000,10,14,+24.445,+0.298
0 days 01:01:24.165000,10,14,+24.238,+0.091
0 days 01:01:32.565000,10,13,+24.238,+0.091
0 days 01:01:32.641000,10,13,+24.367,+3.023
0 days 01:01:36.624000,10,13,+24.431,+3.039
0 days 01:01:37.426000,10,13,+24.420,+2.967
0 days 01:01:41.981000,10,13,+24.520,+2.973
0 days 01:01:46.358000,10,13,+24.575,+3.045
0 days 01:01:47.593000,10,13,+24.604,+3.089
0 days 01:01:49.713000,10,13,+24.393,+2.956
0 days 01:01:54.985000,10,13,+24.431,+2.536
0 days 01:02:00.765000,10,13,+24.790,+2.656
0 days 01:02:05.057000,10,13,+24.903,+2.681
0 days 01:02:08.093000,10,13,+24.955,+2.728
0 days 01:02:15.312000,10,13,+25.156,+2.848
0 days 01:02:19.127000,10,13,+25.230,+2.884
0 days 01:02:23.112000,10,13,+25.201,+2.902
0 days 01:02:29.034000,10,13,+25.445,+2.853
0 days 01:02:33.965000,10,13,+25.717,+3.002
0 days 01:02:37.977000,10,13,+25.798,+3.077
0 days 01:02:44.265000,10,13,+25.908,+3.179
0 days 01:02:49.654000,10,13,+25.928,+3.134
0 days 01:02:53.995000,10,13,+25.978,+3.119
0 days 01:02:58.884000,10,13,+26.059,+3.162
0 days 01:03:02.766000,10,13,+26.147,+3.242
0 days 01:03:11.436000,10,13,+26.467,+3.350
0 days 01:03:15.466000,10,13,+26.563,+3.406
0 days 01:03:16.366000,10,13,+26.599,+3.411
0 days 01:03:20.805000,10,13,+26.679,+3.474
0 days 01:03:25.219000,10,13,+26.738,+3.554
0 days 01:03:26.454000,10,13,+26.762,+3.596
0 days 01:03:28.582000,10,13,+26.514,+3.494
0 days 01:03:34.160000,10,13,+26.951,+3.443
0 days 01:03:39.870000,10,13,+27.187,+3.464
0 days 01:03:44.110000,10,13,+27.251,+3.416
0 days 01:03:47.092000,10,13,+27.307,+3.461
0 days 01:03:54.354000,10,13,+27.410,+3.449
0 days 01:03:58.139000,10,13,+27.418,+3.444
0 days 01:04:02.057000,10,13,+27.330,+3.408
0 days 01:04:07.985000,10,13,+27.571,+3.384
0 days 01:04:12.810000,10,13,+27.726,+3.391
0 days 01:04:16.793000,10,13,+27.778,+3.414
0 days 01:04:23.092000,10,13,+27.881,+3.417
0 days 01:04:28.631000,10,13,+27.970,+3.325
0 days 01:04:33.067000,10,13,+28.022,+3.290
0 days 01:04:37.887000,10,13,+28.102,+3.320
0 days 01:04:41.787000,10,13,+28.197,+3.393
0 days 01:04:50.353000,10,13,+28.430,+3.335
0 days 01:04:54.356000,10,13,+28.547,+3.386
0 days 01:04:55.298000,10,13,+28.604,+3.371
0 days 01:04:59.746000,10,13,+28.665,+3.363
0 days 01:05:04.256000,10,13,+28.720,+3.427
0 days 01:05:05.414000,10,13,+28.761,+3.475
0 days 01:05:07.539000,10,13,+28.648,+3.410
0 days 01:05:12.966000,10,13,+28.889,+3.106
0 days 01:05:18.655000,10,13,+28.976,+3.058
0 days 01:05:22.966000,10,13,+29.040,+3.090
0 days 01:05:25.942000,10,13,+29.085,+3.136
0 days 01:05:33.245000,10,13,+29.144,+3.287
0 days 01:05:37.038000,10,13,+29.185,+3.305
0 days 01:05:40.969000,10,13,+29.073,+3.212
0 days 01:05:46.902000,10,13,+29.240,+3.093
0 days 01:05:51.690000,10,13,+29.343,+3.086
0 days 01:05:55.713000,10,13,+29.421,+3.138
0 days 01:06:02.092000,10,13,+29.659,+3.207
0 days 01:06:07.696000,10,13,+29.768,+3.225
0 days 01:06:12.062000,10,13,+29.836,+3.241
0 days 01:06:16.943000,10,13,+29.899,+3.290
0 days 01:06:20.893000,10,13,+29.987,+3.376
0 days 01:06:29.605000,10,13,+30.296,+3.504
0 days 01:06:33.628000,10,13,+30.397,+3.549
0 days 01:06:34.624000,10,13,+30.463,+3.570
0 days 01:06:39.068000,10,13,+30.678,+3.686
0 days 01:06:43.544000,10,13,+30.765,+3.786
0 days 01:06:44.785000,10,13,+30.812,+3.833
0 days 01:06:46.962000,10,13,+30.639,+3.697
0 days 01:06:52.241000,10,13,+30.796,+3.231
0 days 01:06:58.084000,10,13,+31.104,+3.301
0 days 01:07:02.344000,10,13,+31.098,+3.263
0 days 01:07:05.356000,10,13,+31.152,+3.302
0 days 01:07:12.711000,10,13,+31.107,+3.076
0 days 01:07:16.474000,10,13,+31.146,+3.072
0 days 01:07:20.462000,10,13,+31.104,+2.882
0 days 01:07:26.418000,10,13,+31.272,+2.618
0 days 01:07:31.241000,10,13,+31.443,+2.733
0 days 01:07:35.244000,10,13,+31.530,+2.805
0 days 01:07:41.663000,10,13,+31.644,+2.742
0 days 01:07:47.111000,10,13,+31.619,+2.682
0 days 01:07:51.533000,10,13,+31.719,+2.723
0 days 01:07:56.405000,10,13,+31.798,+2.763
0 days 01:08:00.284000,10,13,+31.864,+2.809
0 days 01:08:08.793000,10,13,+32.000,+2.649
0 days 01:08:12.828000,10,13,+32.144,+2.709
0 days 01:08:13.808000,10,13,+32.235,+2.720
0 days 01:08:18.283000,10,13,+32.355,+2.741
0 days 01:08:22.700000,10,13,+32.412,+2.790
0 days 01:08:23.888000,10,13,+32.413,+2.784
0 days 01:08:26.068000,10,13,+32.272,+2.580
0 days 01:08:31.326000,10,13,+32.292,+2.144
0 days 01:08:37.290000,10,13,+32.581,+2.036
0 days 01:08:41.469000,10,13,+32.565,+1.994
0 days 01:08:44.474000,10,13,+32.615,+2.033
0 days 01:08:51.807000,10,13,+32.648,+1.933
0 days 01:08:55.554000,10,13,+32.685,+1.935
0 days 01:08:59.719000,10,13,+32.604,+1.659
0 days 01:09:05.472000,10,13,+32.712,+1.427
0 days 01:09:10.324000,10,13,+32.804,+1.381
0 days 01:09:14.272000,10,13,+32.852,+1.406
0 days 01:09:20.594000,10,13,+32.805,+1.220
0 days 01:09:25.998000,10,13,+32.691,+1.076
0 days 01:09:30.335000,10,13,+32.698,+1.045
0 days 01:09:35.142000,10,13,+32.716,+1.047
0 days 01:09:38.994000,10,13,+32.746,+1.081
0 days 01:09:47.829000,10,13,+32.954,+1.131
0 days 01:09:51.743000,10,13,+33.066,+1.141
0 days 01:09:52.668000,10,13,+33.124,+1.071
0 days 01:09:57.147000,10,13,+33.168,+1.062
0 days 01:10:01.619000,10,13,+33.213,+1.103
0 days 01:10:02.736000,10,13,+33.237,+1.121
0 days 01:10:05.064000,10,13,+33.092,+0.922
0 days 01:10:10.343000,10,13,+33.309,+0.659
0 days 01:10:16.162000,10,13,+33.328,+0.516
0 days 01:10:20.295000,10,13,+33.283,+0.477
0 days 01:10:23.320000,10,13,+33.316,+0.501
0 days 01:10:30.743000,10,13,+33.349,+0.610
0 days 01:10:34.468000,10,13,+33.347,+0.612
0 days 01:10:38.461000,10,13,+33.409,+0.308
0 days 01:10:44.744000,10,13,+33.941,+0.371
0 days 01:10:49.969000,10,13,+34.440,+0.660
0 days 01:10:54.033000,10,13,+34.543,+0.751
0 days 01:11:00.520000,10,13,+34.654,+0.762
0 days 01:11:06.027000,10,13,+34.791,+0.688
0 days 01:11:10.352000,10,13,+34.815,+0.711
0 days 01:11:15.103000,10,13,+34.794,+0.656
0 days 01:11:18.796000,10,13,+34.632,+0.488
0 days 01:11:27.424000,10,13,+34.925,+0.527
0 days 01:11:31.371000,10,13,+35.004,+0.545
0 days 01:11:32.343000,10,13,+35.072,+0.506
0 days 01:11:36.770000,10,13,+35.184,+0.493
0 days 01:11:41.002000,10,13,+35.023,+0.329
0 days 01:11:42.072000,10,13,+34.948,+0.257
0 days 01:11:44.329000,10,13,+34.885,+0.097
0 days 01:11:49.369000,10,12,+34.885,+0.097
0 days 01:11:49.458000,10,12,+34.864,+3.942
0 days 01:11:55.769000,10,12,+35.505,+4.266
0 days 01:11:59.996000,10,12,+35.592,+4.353
0 days 01:12:02.996000,10,12,+35.649,+4.411
0 days 01:12:10.396000,10,12,+35.784,+4.358
0 days 01:12:14.185000,10,12,+35.830,+4.396
0 days 01:12:18.143000,10,12,+35.881,+4.191
0 days 01:12:24.287000,10,12,+36.163,+3.976
0 days 01:12:29.096000,10,12,+36.240,+3.825
0 days 01:12:33.143000,10,12,+36.264,+3.835
0 days 01:12:39.669000,10,12,+36.232,+3.590
0 days 01:12:44.871000,10,12,+36.128,+3.461
0 days 01:12:49.243000,10,12,+36.161,+3.488
0 days 01:12:54.059000,10,12,+36.234,+3.548
0 days 01:12:57.972000,10,12,+36.310,+3.620
0 days 01:13:06.596000,10,12,+36.576,+3.676
0 days 01:13:10.548000,10,12,+36.657,+3.677
0 days 01:13:11.530000,10,12,+36.697,+3.605
0 days 01:13:15.970000,10,12,+36.749,+3.607
0 days 01:13:20.416000,10,12,+36.799,+3.674
0 days 01:13:21.566000,10,12,+36.828,+3.697
0 days 01:13:23.792000,10,12,+36.692,+3.571
0 days 01:13:28.839000,10,12,+36.825,+3.352
0 days 01:13:34.663000,10,12,+36.814,+3.142
0 days 01:13:38.932000,10,12,+36.903,+3.164
0 days 01:13:41.900000,10,12,+36.951,+3.192
0 days 01:13:49.270000,10,12,+37.059,+3.061
0 days 01:13:53.050000,10,12,+37.112,+3.095
0 days 01:13:56.944000,10,12,+37.109,+2.916
0 days 01:14:02.832000,10,12,+37.224,+2.606
0 days 01:14:07.675000,10,12,+37.229,+2.001
0 days 01:14:11.597000,10,12,+37.228,+1.905
0 days 01:14:17.966000,10,12,+37.309,+1.690
0 days 01:14:23.316000,10,12,+37.205,+1.505
0 days 01:14:27.659000,10,12,+37.232,+1.491
0 days 01:14:32.534000,10,12,+37.317,+1.532
0 days 01:14:36.371000,10,12,+37.399,+1.586
0 days 01:14:45.130000,10,12,+37.670,+1.569
0 days 01:14:49.013000,10,12,+37.714,+1.571
0 days 01:14:49.917000,10,12,+37.727,+1.502
0 days 01:14:54.297000,10,12,+37.756,+1.398
0 days 01:14:58.694000,10,12,+37.777,+1.412
0 days 01:14:59.920000,10,12,+37.794,+1.420
0 days 01:15:02.015000,10,12,+37.553,+1.203
0 days 01:15:07.034000,10,12,+37.474,+0.813
0 days 01:15:12.846000,10,12,+37.554,+0.542
0 days 01:15:17.071000,10,12,+37.526,+0.508
0 days 01:15:20.037000,10,12,+37.541,+0.524
0 days 01:15:27.544000,10,12,+37.891,+0.613
0 days 01:15:31.288000,10,12,+37.930,+0.651
0 days 01:15:35.247000,10,12,+37.956,+0.364
0 days 01:15:41.349000,10,12,+38.392,+0.327
0 days 01:15:46.439000,10,12,+38.743,+0.363
0 days 01:15:50.516000,10,12,+38.827,+0.448
0 days 01:15:57.075000,10,12,+39.082,+0.439
0 days 01:16:02.498000,10,12,+39.269,+0.510
0 days 01:16:06.835000,10,12,+39.307,+0.539
0 days 01:16:11.609000,10,12,+39.304,+0.526
0 days 01:16:15.241000,10,12,+39.154,+0.380
0 days 01:16:23.781000,10,12,+39.228,+0.279
0 days 01:16:27.771000,10,12,+39.339,+0.328
0 days 01:16:28.771000,10,12,+39.437,+0.315
0 days 01:16:33.299000,10,12,+39.649,+0.357
0 days 00:00:09.326000,31,18,,
0 days 00:45:22.511000,31,18,+1.963,+0.039
0 days 00:45:22.654000,31,18,+1.838,+0.114
0 days 00:45:25.702000,31,18,+2.460,+0.220
0 days 00:45:31.537000,31,19,+2.460,+0.220
0 days 00:45:31.918000,31,19,+3.605,+0.031
0 days 00:45:37.988000,31,18,+3.605,+0.031
0 days 00:45:38.072000,31,18,+4.391,+0.202
0 days 00:45:41.988000,31,18,+4.521,+0.160
0 days 00:45:44.939000,31,18,+4.496,+0.152
0 days 00:45:52.830000,31,18,+5.491,+0.126
0 days 00:45:56.484000,31,18,+5.466,+0.037
0 days 00:46:00.964000,31,18,+5.959,+0.145
0 days 00:46:07.580000,31,18,+6.993,+0.163
0 days 00:46:12.484000,31,18,+7.523,+0.234
0 days 00:46:16.460000,31,18,+7.555,+0.115
0 days 00:46:23.676000,31,17,+7.555,+0.115
0 days 00:46:23.760000,31,17,+8.358,+0.368
0 days 00:46:28.600000,31,17,+8.607,+0.475
0 days 00:46:32.958000,31,17,+8.741,+0.548
0 days 00:46:37.725000,31,17,+8.740,+0.608
0 days 00:46:41.550000,31,17,+8.716,+0.681
0 days 00:46:50.538000,31,17,+9.453,+0.556
0 days 00:46:54.484000,31,17,+9.520,+0.472
0 days 00:46:55.484000,31,17,+9.619,+0.389
0 days 00:47:00.247000,31,17,+9.697,+0.367
0 days 00:47:04.386000,31,17,+9.633,+0.358
0 days 00:47:05.603000,31,17,+9.618,+0.383
0 days 00:47:08.036000,31,17,+9.715,+0.397
0 days 00:47:13.599000,31,17,+10.387,+0.456
0 days 00:47:19.148000,31,17,+10.542,+0.430
0 days 00:47:23.194000,31,17,+10.533,+0.299
0 days 00:47:26.121000,31,17,+10.493,+0.264
0 days 00:47:33.496000,31,17,+10.992,+0.093
0 days 00:47:37.137000,31,17,+10.939,+0.047
0 days 00:47:41.338000,31,17,+11.089,+0.240
0 days 00:47:47.415000,31,17,+11.495,+0.320
0 days 00:47:52.204000,31,17,+11.748,+0.276
0 days 00:47:56.110000,31,17,+11.747,+0.228
0 days 00:48:02.680000,31,17,+12.309,+0.458
0 days 00:48:07.826000,31,17,+12.333,+0.558
0 days 00:48:12.158000,31,17,+12.406,+0.604
0 days 00:48:16.890000,31,17,+12.317,+0.643
0 days 00:48:20.496000,31,17,+12.090,+0.767
0 days 00:48:29.070000,31,17,+12.401,+0.678
0 days 00:48:33.048000,31,17,+12.464,+0.593
0 days 00:48:33.890000,31,17,+12.562,+0.569
0 days 00:48:38.385000,31,17,+12.588,+0.518
0 days 00:48:42.580000,31,17,+12.354,+0.488
0 days 00:48:43.641000,31,17,+12.250,+0.510
0 days 00:48:45.977000,31,17,+12.160,+0.530
0 days 00:48:51.303000,31,17,+12.509,+0.381
0 days 00:48:56.820000,31,17,+12.672,+0.540
0 days 00:49:01.012000,31,17,+12.659,+0.449
0 days 00:49:03.885000,31,17,+12.640,+0.453
0 days 00:49:11.281000,31,17,+13.066,+0.521
0 days 00:49:14.995000,31,17,+13.079,+0.526
0 days 00:49:19.187000,31,17,+13.095,+0.399
0 days 00:49:25.185000,31,17,+13.308,+0.383
0 days 00:49:29.906000,31,17,+13.555,+0.417
0 days 00:49:33.896000,31,17,+13.607,+0.394
0 days 00:49:40.377000,31,17,+14.007,+0.545
0 days 00:49:45.545000,31,17,+13.934,+0.660
0 days 00:49:49.786000,31,17,+13.906,+0.649
0 days 00:49:54.499000,31,17,+13.832,+0.655
0 days 00:49:58.133000,31,17,+13.616,+0.709
0 days 00:50:06.562000,31,17,+13.901,+0.747
0 days 00:50:10.636000,31,17,+13.927,+0.636
0 days 00:50:11.579000,31,17,+13.999,+0.606
0 days 00:50:15.885000,31,17,+13.991,+0.523
0 days 00:50:20.177000,31,17,+13.766,+0.554
0 days 00:50:21.202000,31,17,+13.676,+0.598
0 days 00:50:23.487000,31,17,+13.565,+0.593
0 days 00:50:28.713000,31,17,+13.816,+0.481
0 days 00:50:34.251000,31,17,+14.034,+0.525
0 days 00:50:38.352000,31,17,+13.966,+0.412
0 days 00:50:41.303000,31,17,+13.953,+0.404
0 days 00:50:48.621000,31,17,+14.359,+0.360
0 days 00:50:52.319000,31,17,+14.341,+0.308
0 days 00:50:56.442000,31,17,+14.230,+0.339
0 days 00:51:02.425000,31,17,+14.473,+0.334
0 days 00:51:07.312000,31,17,+14.797,+0.532
0 days 00:51:11.306000,31,17,+14.878,+0.564
0 days 00:51:17.855000,31,17,+15.350,+0.583
0 days 00:51:23.036000,31,17,+15.305,+0.712
0 days 00:51:27.353000,31,17,+15.316,+0.715
0 days 00:51:32.086000,31,17,+15.262,+0.746
0 days 00:51:35.692000,31,17,+15.061,+0.838
0 days 00:51:44.238000,31,17,+15.460,+0.794
0 days 00:51:48.223000,31,17,+15.511,+0.719
0 days 00:51:49.186000,31,17,+15.611,+0.702
0 days 00:51:53.524000,31,17,+15.559,+0.570
0 days 00:51:57.669000,31,17,+15.314,+0.582
0 days 00:51:58.835000,31,17,+15.206,+0.609
0 days 00:52:01.018000,31,17,+15.105,+0.579
0 days 00:52:06.491000,31,17,+15.556,+0.796
0 days 00:52:12.045000,31,17,+15.577,+0.706
0 days 00:52:16.165000,31,17,+15.549,+0.700
0 days 00:52:19.119000,31,17,+15.537,+0.719
0 days 00:52:26.442000,31,17,+15.862,+0.677
0 days 00:52:30.139000,31,17,+15.879,+0.710
0 days 00:52:34.383000,31,17,+15.820,+0.567
0 days 00:52:40.236000,31,17,+15.858,+0.484
0 days 00:52:45.047000,31,17,+16.134,+0.563
0 days 00:52:48.964000,31,17,+16.131,+0.550
0 days 00:52:55.550000,31,17,+16.555,+0.597
0 days 00:53:00.781000,31,17,+16.476,+0.782
0 days 00:53:05.144000,31,17,+16.498,+0.853
0 days 00:53:09.890000,31,17,+16.443,+0.973
0 days 00:53:13.441000,31,17,+16.211,+1.074
0 days 00:53:21.962000,31,17,+16.547,+0.923
0 days 00:53:25.961000,31,17,+16.598,+0.852
0 days 00:53:26.908000,31,17,+16.659,+0.774
0 days 00:53:31.262000,31,17,+16.629,+0.409
0 days 00:53:35.467000,31,17,+16.441,+0.436
0 days 00:53:36.620000,31,17,+16.363,+0.461
0 days 00:53:38.904000,31,17,+16.313,+0.410
0 days 00:53:44.398000,31,17,+16.706,+0.531
0 days 00:53:49.904000,31,17,+16.813,+0.514
0 days 00:53:54.209000,31,17,+16.943,+0.601
0 days 00:53:57.201000,31,17,+16.935,+0.572
0 days 00:54:04.426000,31,17,+17.284,+0.567
0 days 00:54:08.143000,31,17,+17.278,+0.560
0 days 00:54:12.217000,31,17,+17.262,+0.352
0 days 00:54:18.272000,31,17,+17.593,+0.353
0 days 00:54:23.136000,31,17,+17.896,+0.523
0 days 00:54:27.111000,31,17,+17.954,+0.554
0 days 00:54:33.547000,31,17,+18.186,+0.541
0 days 00:54:38.801000,31,17,+18.100,+0.735
0 days 00:54:43.125000,31,17,+18.045,+0.750
0 days 00:54:47.846000,31,17,+17.971,+0.817
0 days 00:54:51.407000,31,17,+17.771,+0.947
0 days 00:55:00.135000,31,18,+17.771,+0.947
0 days 00:55:00.217000,31,18,+18.313,+0.121
0 days 00:55:04.407000,31,18,+18.631,+0.270
0 days 00:55:05.440000,31,18,+18.815,+0.313
0 days 00:55:09.861000,31,18,+18.859,+0.329
0 days 00:55:14.007000,31,18,+18.625,+0.326
0 days 00:55:15.123000,31,18,+18.534,+0.349
0 days 00:55:17.462000,31,18,+18.436,+0.416
0 days 00:55:22.986000,31,18,+18.867,+0.691
0 days 00:55:28.529000,31,18,+19.055,+0.727
0 days 00:55:32.788000,31,18,+19.087,+0.659
0 days 00:55:35.717000,31,18,+19.086,+0.664
0 days 00:55:42.966000,31,18,+19.381,+0.720
0 days 00:55:46.707000,31,18,+19.376,+0.745
0 days 00:55:50.738000,31,18,+19.236,+0.805
0 days 00:55:56.640000,31,18,+19.288,+0.297
0 days 00:56:01.688000,31,18,+19.629,+0.430
0 days 00:56:05.665000,31,18,+19.705,+0.427
0 days 00:56:12.262000,31,18,+20.143,+0.590
0 days 00:56:17.617000,31,18,+20.259,+0.485
0 days 00:56:21.973000,31,18,+20.301,+0.447
0 days 00:56:26.709000,31,18,+20.225,+0.421
0 days 00:56:30.236000,31,18,+19.976,+0.412
0 days 00:56:38.840000,31,18,+20.382,+0.669
0 days 00:56:42.806000,31,18,+20.422,+0.618
0 days 00:56:43.735000,31,18,+20.484,+0.585
0 days 00:56:48.115000,31,18,+20.511,+0.525
0 days 00:56:52.308000,31,18,+20.322,+0.579
0 days 00:56:53.462000,31,18,+20.246,+0.608
0 days 00:56:55.736000,31,18,+20.172,+0.571
0 days 00:57:01.089000,31,18,+20.667,+0.590
0 days 00:57:06.711000,31,18,+20.884,+0.545
0 days 00:57:11.058000,31,18,+21.049,+0.609
0 days 00:57:14.019000,31,18,+21.054,+0.599
0 days 00:57:21.254000,31,18,+21.268,+0.480
0 days 00:57:24.989000,31,18,+21.271,+0.523
0 days 00:57:29.020000,31,18,+21.301,+0.584
0 days 00:57:35.003000,31,18,+21.561,+0.425
0 days 00:57:39.980000,31,18,+21.920,+0.540
0 days 00:57:43.982000,31,18,+21.993,+0.500
0 days 00:57:50.489000,31,18,+22.397,+0.628
0 days 00:57:55.871000,31,18,+22.564,+0.571
0 days 00:58:00.180000,31,18,+22.647,+0.552
0 days 00:58:04.914000,31,18,+22.614,+0.570
0 days 00:58:08.619000,31,18,+22.460,+0.667
0 days 00:58:17.259000,31,18,+22.792,+0.914
0 days 00:58:21.209000,31,18,+22.861,+0.881
0 days 00:58:22.200000,31,18,+22.929,+0.862
0 days 00:58:26.604000,31,18,+22.951,+0.855
0 days 00:58:30.718000,31,18,+22.736,+0.896
0 days 00:58:31.860000,31,18,+22.643,+0.914
0 days 00:58:34.011000,31,18,+22.442,+0.726
0 days 00:58:39.408000,31,18,+22.473,+0.869
0 days 00:58:45.163000,31,18,+22.874,+0.855
0 days 00:58:49.363000,31,18,+22.913,+0.736
0 days 00:58:52.340000,31,18,+22.911,+0.724
0 days 00:58:59.638000,31,18,+23.043,+0.736
0 days 00:59:03.302000,31,18,+23.016,+0.756
0 days 00:59:07.390000,31,18,+22.998,+0.714
0 days 00:59:13.322000,31,18,+23.310,+0.428
0 days 00:59:18.333000,31,18,+23.693,+0.548
0 days 00:59:22.369000,31,18,+23.761,+0.545
0 days 00:59:28.880000,31,18,+24.151,+0.631
0 days 00:59:34.365000,31,18,+24.298,+0.739
0 days 00:59:38.774000,31,18,+24.339,+0.753
0 days 00:59:43.453000,31,18,+24.278,+0.843
0 days 00:59:47.090000,31,18,+24.070,+0.991
0 days 00:59:55.712000,31,18,+24.342,+1.163
0 days 00:59:59.692000,31,18,+24.425,+0.974
0 days 01:00:00.681000,31,18,+24.486,+0.846
0 days 01:00:05.056000,31,18,+24.524,+0.725
0 days 01:00:09.238000,31,18,+24.308,+0.829
0 days 01:00:10.340000,31,18,+24.219,+0.876
0 days 01:00:12.613000,31,18,+24.187,+0.773
0 days 01:00:18.099000,31,18,+24.466,+0.950
0 days 01:00:23.925000,31,18,+24.878,+0.809
0 days 01:00:28.138000,31,18,+24.944,+0.707
0 days 01:00:31.064000,31,18,+24.919,+0.694
0 days 01:00:38.591000,31,18,+25.398,+0.553
0 days 01:00:42.340000,31,18,+25.422,+0.542
0 days 01:00:46.438000,31,18,+25.487,+0.445
0 days 01:00:52.560000,31,18,+25.779,+0.380
0 days 01:00:57.501000,31,18,+26.109,+0.350
0 days 01:01:01.464000,31,18,+26.146,+0.322
0 days 01:01:08.310000,31,18,+26.725,+0.445
0 days 01:01:13.804000,31,18,+26.807,+0.467
0 days 01:01:18.122000,31,18,+26.822,+0.422
0 days 01:01:22.808000,31,18,+26.715,+0.359
0 days 01:01:26.336000,31,18,+26.417,+0.297
0 days 01:01:35.227000,31,18,+26.883,+0.607
0 days 01:01:39.164000,31,18,+26.941,+0.534
0 days 01:01:40.286000,31,18,+26.980,+0.469
0 days 01:01:44.465000,31,18,+27.045,+0.402
0 days 01:01:48.604000,31,18,+26.828,+0.335
0 days 01:01:49.738000,31,18,+26.738,+0.293
0 days 01:01:52.093000,31,18,+26.777,+0.354
0 days 01:01:57.735000,31,18,+27.148,+0.540
0 days 01:02:03.591000,31,18,+27.589,+0.498
0 days 01:02:07.760000,31,18,+27.522,+0.294
0 days 01:02:10.596000,31,18,+27.490,+0.247
0 days 01:02:18.191000,31,18,+28.031,+0.234
0 days 01:02:21.957000,31,18,+28.078,+0.254
0 days 01:02:26.119000,31,18,+28.217,+0.319
0 days 01:02:32.265000,31,18,+28.687,+0.424
0 days 01:02:37.414000,31,18,+29.183,+0.548
0 days 01:02:41.391000,31,18,+29.231,+0.527
0 days 01:02:48.127000,31,18,+29.746,+0.508
0 days 01:02:53.687000,31,18,+29.950,+0.539
0 days 01:02:58.057000,31,18,+30.014,+0.549
0 days 01:03:02.784000,31,18,+29.944,+0.528
0 days 01:03:06.375000,31,18,+29.697,+0.523
0 days 01:03:15.160000,31,18,+30.192,+0.746
0 days 01:03:19.165000,31,18,+30.290,+0.698
0 days 01:03:20.210000,31,18,+30.359,+0.637
0 days 01:03:24.622000,31,17,+30.359,+0.637
0 days 01:03:24.622000,31,17,+30.480,+0.656
0 days 01:03:28.789000,31,17,+30.261,+0.609
0 days 01:03:29.880000,31,17,+30.163,+0.575
0 days 01:03:32.121000,31,17,+30.077,+0.521
0 days 01:03:37.463000,31,17,+30.222,+0.476
0 days 01:03:43.494000,31,17,+30.806,+0.624
0 days 01:03:47.690000,31,17,+30.801,+0.501
0 days 01:03:50.608000,31,17,+30.805,+0.481
0 days 01:03:58.111000,31,17,+31.152,+0.664
0 days 01:04:01.883000,31,17,+31.156,+0.673
0 days 01:04:05.892000,31,17,+31.151,+0.630
0 days 01:04:11.808000,31,17,+31.475,+0.559
0 days 01:04:16.856000,31,17,+31.772,+0.674
0 days 01:04:20.810000,31,17,+31.822,+0.710
0 days 01:04:27.383000,31,17,+32.125,+0.717
0 days 01:04:33.041000,31,17,+32.300,+0.866
0 days 01:04:37.344000,31,17,+32.323,+0.822
0 days 01:04:42.057000,31,17,+32.271,+0.761
0 days 01:04:45.694000,31,17,+32.082,+0.594
0 days 01:04:54.540000,31,17,+32.649,+0.910
0 days 01:04:58.566000,31,17,+32.720,+0.866
0 days 01:04:59.623000,31,17,+32.782,+0.822
0 days 01:05:03.929000,31,17,+32.858,+0.804
0 days 01:05:08.124000,31,17,+32.704,+0.683
0 days 01:05:09.266000,31,17,+32.655,+0.623
0 days 01:05:11.566000,31,17,+32.651,+0.696
0 days 01:05:16.827000,31,17,+32.744,+0.574
0 days 01:05:22.716000,31,17,+33.025,+0.777
0 days 01:05:26.927000,31,17,+32.978,+0.638
0 days 01:05:29.827000,31,17,+32.971,+0.609
0 days 01:05:37.224000,31,17,+33.079,+0.638
0 days 01:05:40.962000,31,17,+33.091,+0.630
0 days 01:05:45.002000,31,17,+33.164,+0.711
0 days 01:05:50.897000,31,17,+33.279,+0.656
0 days 01:05:55.845000,31,17,+33.509,+0.764
0 days 01:05:59.844000,31,17,+33.538,+0.754
0 days 01:06:06.367000,31,17,+33.921,+0.727
0 days 01:06:11.909000,31,17,+33.954,+0.749
0 days 01:06:16.204000,31,17,+33.977,+0.767
0 days 01:06:20.942000,31,17,+33.905,+0.686
0 days 01:06:24.667000,31,17,+33.741,+0.513
0 days 01:06:33.433000,31,17,+34.112,+0.804
0 days 01:06:37.393000,31,17,+34.175,+0.748
0 days 01:06:38.367000,31,17,+34.249,+0.762
0 days 01:06:42.785000,31,17,+34.363,+0.750
0 days 01:06:46.970000,31,17,+34.201,+0.621
0 days 01:06:48.105000,31,17,+34.143,+0.562
0 days 01:06:50.373000,31,17,+34.024,+0.613
0 days 01:06:55.620000,31,17,+34.187,+0.350
0 days 01:07:01.586000,31,17,+34.542,+0.531
0 days 01:07:05.696000,31,17,+34.422,+0.330
0 days 01:07:08.624000,31,17,+34.428,+0.298
0 days 01:07:16.211000,31,17,+34.593,+0.531
0 days 01:07:19.917000,31,17,+34.583,+0.509
0 days 01:07:23.925000,31,17,+34.596,+0.523
0 days 01:07:30.067000,31,17,+34.955,+0.614
0 days 01:07:35.001000,31,17,+35.213,+0.783
0 days 01:07:38.984000,31,17,+35.255,+0.811
0 days 01:07:45.659000,31,17,+35.602,+0.822
0 days 01:07:51.063000,31,17,+35.575,+0.931
0 days 01:07:55.384000,31,17,+35.600,+0.905
0 days 01:08:00.149000,31,17,+35.571,+0.851
0 days 01:08:03.864000,31,17,+35.436,+0.699
0 days 01:08:12.656000,31,17,+35.877,+0.801
0 days 01:08:16.653000,31,17,+35.926,+0.744
0 days 01:08:17.541000,31,17,+35.975,+0.732
0 days 01:08:21.988000,31,17,+36.036,+0.740
0 days 01:08:26.213000,31,17,+35.899,+0.609
0 days 01:08:27.363000,31,17,+35.844,+0.548
0 days 01:08:29.794000,31,17,+35.830,+0.645
0 days 01:08:34.951000,31,17,+35.904,+0.542
0 days 01:08:40.968000,31,17,+36.301,+0.694
0 days 01:08:45.129000,31,17,+36.231,+0.551
0 days 01:08:48.109000,31,17,+36.229,+0.521
0 days 01:08:55.594000,31,17,+36.447,+0.708
0 days 01:08:59.663000,31,17,+36.474,+0.721
0 days 01:09:03.461000,31,17,+36.555,+0.790
0 days 01:09:09.537000,31,17,+36.761,+0.830
0 days 01:09:14.507000,31,17,+37.051,+0.995
0 days 01:09:18.527000,31,17,+37.081,+0.998
0 days 01:09:25.068000,31,17,+37.256,+0.969
0 days 01:09:30.568000,31,17,+37.241,+0.982
0 days 01:09:34.990000,31,17,+37.260,+0.990
0 days 01:09:39.687000,31,17,+37.213,+0.939
0 days 01:09:43.342000,31,17,+37.067,+0.790
0 days 01:09:52.050000,31,17,+37.287,+0.716
0 days 01:09:55.994000,31,17,+37.325,+0.662
0 days 01:09:56.966000,31,17,+37.378,+0.661
0 days 01:10:01.442000,31,17,+37.460,+0.663
0 days 01:10:05.694000,31,17,+37.319,+0.535
0 days 01:10:06.785000,31,17,+37.263,+0.497
0 days 01:10:09.142000,31,17,+37.219,+0.646
0 days 01:10:14.362000,31,17,+37.383,+0.530
0 days 01:10:20.413000,31,17,+37.619,+0.746
0 days 01:10:24.668000,31,17,+37.619,+0.668
0 days 01:10:27.626000,31,17,+37.618,+0.653
0 days 01:10:35.146000,31,17,+37.743,+0.862
0 days 01:10:38.845000,31,17,+37.718,+0.855
0 days 01:10:42.898000,31,17,+37.865,+0.820
0 days 01:10:48.789000,31,17,+38.086,+0.844
0 days 01:10:53.896000,31,17,+38.329,+0.947
0 days 01:10:57.865000,31,17,+38.354,+0.979
0 days 01:11:04.458000,31,17,+38.543,+0.930
0 days 01:11:09.998000,31,17,+38.727,+0.984
0 days 01:11:14.330000,31,17,+38.731,+0.973
0 days 01:11:18.990000,31,17,+38.671,+0.886
0 days 01:11:22.646000,31,17,+38.499,+0.747
0 days 01:11:31.464000,31,17,+38.840,+0.840
0 days 01:11:35.295000,31,17,+38.881,+0.810
0 days 01:11:36.211000,31,17,+38.953,+0.811
0 days 01:11:40.666000,31,17,+39.057,+0.763
0 days 01:11:44.872000,31,17,+38.883,+0.638
0 days 01:11:45.989000,31,17,+38.823,+0.594
0 days 01:11:48.215000,31,17,+38.755,+0.605
0 days 01:11:53.509000,31,17,+38.948,+0.501
0 days 01:11:59.666000,31,17,+39.412,+0.595
0 days 01:12:03.769000,31,17,+39.373,+0.460
0 days 01:12:06.747000,31,17,+39.363,+0.449
0 days 01:12:14.226000,31,17,+39.590,+0.607
0 days 01:12:18.069000,31,17,+39.576,+0.581
0 days 01:12:22.037000,31,17,+39.780,+0.624
0 days 01:12:28.243000,31,17,+40.145,+0.715
0 days 01:12:33.221000,31,17,+40.340,+0.680
0 days 01:12:37.200000,31,17,+40.360,+0.700
0 days 01:12:43.843000,31,17,+40.608,+0.681
0 days 01:12:49.396000,31,17,+40.651,+0.757
0 days 01:12:53.796000,31,17,+40.690,+0.761
0 days 01:12:58.570000,31,17,+40.660,+0.709
0 days 01:13:02.168000,31,17,+40.516,+0.569
0 days 01:13:10.849000,31,17,+40.827,+0.642
0 days 01:13:14.815000,31,17,+40.859,+0.568
0 days 01:13:15.734000,31,17,+40.903,+0.540
0 days 01:13:20.196000,31,17,+41.011,+0.526
0 days 01:13:24.410000,31,17,+40.831,+0.411
0 days 01:13:25.592000,31,17,+40.770,+0.374
0 days 01:13:27.823000,31,17,+40.777,+0.448
0 days 01:13:33.190000,31,17,+41.162,+0.435
0 days 01:13:39.350000,31,17,+41.473,+0.562
0 days 01:13:43.490000,31,17,+41.472,+0.344
0 days 01:13:46.575000,31,17,+41.475,+0.333
0 days 01:13:54.047000,31,17,+41.819,+0.544
0 days 01:13:57.765000,31,17,+41.832,+0.523
0 days 01:14:01.814000,31,17,+42.011,+0.538
0 days 01:14:07.955000,31,17,+42.306,+0.513
0 days 01:14:12.997000,31,17,+42.592,+0.621
0 days 01:14:17,31,17,+42.634,+0.665
0 days 01:14:23.659000,31,17,+42.985,+0.656
0 days 01:14:29.181000,31,17,+43.055,+0.678
0 days 01:14:33.550000,31,17,+43.117,+0.690
0 days 01:14:38.297000,31,17,+43.088,+0.694
0 days 01:14:41.921000,31,17,+42.943,+0.741
0 days 01:14:50.591000,31,17,+43.215,+0.714
0 days 01:14:54.546000,31,17,+43.242,+0.692
0 days 01:14:55.471000,31,17,+43.298,+0.666
0 days 01:14:59.996000,31,17,+43.398,+0.620
0 days 01:15:04.187000,31,17,+43.177,+0.619
0 days 01:15:05.209000,31,17,+43.097,+0.626
0 days 01:15:07.488000,31,17,+42.982,+0.660
0 days 01:15:12.723000,31,17,+43.124,+0.498
0 days 01:15:18.811000,31,17,+43.495,+0.587
0 days 01:15:22.980000,31,17,+43.424,+0.466
0 days 01:15:25.919000,31,17,+43.409,+0.508
0 days 01:15:33.737000,31,16,+43.409,+0.508
0 days 01:15:33.826000,31,16,+44.191,+0.827
0 days 01:15:37.563000,31,16,+44.219,+0.856
0 days 01:15:41.597000,31,16,+44.333,+0.690
0 days 01:15:47.611000,31,16,+44.641,+0.395
0 days 01:15:52.675000,31,16,+44.947,+0.536
0 days 01:15:56.609000,31,16,+44.949,+0.570
0 days 01:16:03.237000,31,16,+45.183,+0.567
0 days 01:16:08.611000,31,16,+45.334,+0.547
0 days 01:16:13.026000,31,16,+45.396,+0.568
0 days 01:16:17.672000,31,16,+45.335,+0.555
0 days 01:16:21.244000,31,16,+45.140,+0.528
0 days 01:16:30.339000,31,16,+45.751,+0.571
0 days 01:16:34.332000,31,16,+45.854,+0.536
0 days 01:16:35.343000,31,16,+45.979,+0.531
0 days 01:16:39.848000,31,16,+46.182,+0.533
0 days 00:00:09.326000,30,19,,
0 days 00:45:22.546000,30,19,+2.322,+0.359
0 days 00:45:22.868000,30,19,+2.102,+0.264
0 days 00:45:25.716000,30,19,+2.541,+0.081
0 days 00:45:31.537000,30,18,+2.541,+0.081
0 days 00:45:31.631000,30,18,+3.574,+0.279
0 days 00:45:37.988000,30,19,+3.574,+0.279
0 days 00:45:38.301000,30,19,+4.702,+0.311
0 days 00:45:42.522000,30,19,+5.075,+0.554
0 days 00:45:45.484000,30,19,+5.043,+0.547
0 days 00:45:53.200000,30,19,+5.825,+0.334
0 days 00:45:56.797000,30,19,+5.837,+0.371
0 days 00:46:01.226000,30,19,+6.258,+0.299
0 days 00:46:07.834000,30,19,+7.300,+0.307
0 days 00:46:12.883000,30,19,+7.946,+0.423
0 days 00:46:17.047000,30,19,+8.124,+0.569
0 days 00:46:24.460000,30,19,+9.091,+0.402
0 days 00:46:29.410000,30,19,+9.493,+0.492
0 days 00:46:33.896000,30,19,+9.724,+0.627
0 days 00:46:38.690000,30,19,+9.709,+0.660
0 days 00:46:42.448000,30,19,+9.645,+0.699
0 days 00:46:51.258000,30,19,+10.198,+0.190
0 days 00:46:55.359000,30,19,+10.439,+0.361
0 days 00:46:56.474000,30,19,+10.594,+0.447
0 days 00:47:01.176000,30,19,+10.805,+0.614
0 days 00:47:05.551000,30,19,+10.772,+0.620
0 days 00:47:06.689000,30,19,+10.733,+0.597
0 days 00:47:09.082000,30,19,+10.764,+0.595
0 days 00:47:14.484000,30,19,+11.302,+0.414
0 days 00:47:20.060000,30,19,+11.486,+0.549
0 days 00:47:24.204000,30,19,+11.586,+0.530
0 days 00:47:27.182000,30,19,+11.576,+0.517
0 days 00:47:34.584000,30,19,+12.114,+0.445
0 days 00:47:38.215000,30,19,+12.078,+0.426
0 days 00:47:42.309000,30,19,+12.026,+0.435
0 days 00:47:48.419000,30,19,+12.427,+0.503
0 days 00:47:53.150000,30,19,+12.715,+0.490
0 days 00:47:57.178000,30,19,+12.832,+0.527
0 days 00:48:03.612000,30,19,+13.289,+0.494
0 days 00:48:08.909000,30,19,+13.443,+0.697
0 days 00:48:13.259000,30,19,+13.527,+0.759
0 days 00:48:17.988000,30,19,+13.431,+0.802
0 days 00:48:21.510000,30,19,+13.132,+0.852
0 days 00:48:29.985000,30,19,+13.408,+0.396
0 days 00:48:34.064000,30,19,+13.592,+0.459
0 days 00:48:35.006000,30,19,+13.697,+0.510
0 days 00:48:39.617000,30,19,+13.753,+0.625
0 days 00:48:43.613000,30,19,+13.479,+0.624
0 days 00:48:44.695000,30,19,+13.335,+0.594
0 days 00:48:47.035000,30,19,+13.226,+0.552
0 days 00:48:52.225000,30,19,+13.470,+0.452
0 days 00:48:57.715000,30,19,+13.597,+0.463
0 days 00:49:01.981000,30,19,+13.613,+0.505
0 days 00:49:04.837000,30,19,+13.566,+0.463
0 days 00:49:12.145000,30,19,+13.923,+0.323
0 days 00:49:15.824000,30,19,+13.903,+0.300
0 days 00:49:19.939000,30,19,+13.839,+0.278
0 days 00:49:25.948000,30,19,+14.106,+0.382
0 days 00:49:30.734000,30,19,+14.387,+0.431
0 days 00:49:34.746000,30,19,+14.434,+0.415
0 days 00:49:41.348000,30,19,+14.950,+0.440
0 days 00:49:46.501000,30,19,+14.932,+0.468
0 days 00:49:50.860000,30,19,+14.936,+0.464
0 days 00:49:55.484000,30,19,+14.808,+0.414
0 days 00:49:58.960000,30,19,+14.471,+0.328
0 days 00:50:07.601000,30,19,+14.899,+0.202
0 days 00:50:11.751000,30,19,+15.094,+0.374
0 days 00:50:12.764000,30,19,+15.212,+0.494
0 days 00:50:17.228000,30,19,+15.326,+0.663
0 days 00:50:21.337000,30,19,+15.061,+0.650
0 days 00:50:22.410000,30,19,+14.925,+0.621
0 days 00:50:24.737000,30,19,+14.812,+0.623
0 days 00:50:29.742000,30,19,+14.895,+0.538
0 days 00:50:35.204000,30,19,+15.023,+0.496
0 days 00:50:39.500000,30,19,+15.118,+0.628
0 days 00:50:42.460000,30,19,+15.112,+0.612
0 days 00:50:49.799000,30,19,+15.542,+0.488
0 days 00:50:53.533000,30,19,+15.556,+0.474
0 days 00:50:57.480000,30,19,+15.245,+0.369
0 days 00:51:03.449000,30,19,+15.483,+0.468
0 days 00:51:08.113000,30,19,+15.649,+0.411
0 days 00:51:12.089000,30,19,+15.678,+0.364
0 days 00:51:18.608000,30,19,+16.145,+0.420
0 days 00:51:23.999000,30,19,+16.255,+0.525
0 days 00:51:28.350000,30,19,+16.300,+0.522
0 days 00:51:32.987000,30,19,+16.197,+0.499
0 days 00:51:36.486000,30,19,+15.883,+0.445
0 days 00:51:45.034000,30,18,+15.883,+0.445
0 days 00:51:45.107000,30,18,+16.227,+0.767
0 days 00:51:49.034000,30,18,+16.315,+0.804
0 days 00:51:50.036000,30,18,+16.375,+0.764
0 days 00:51:54.411000,30,18,+16.425,+0.866
0 days 00:51:58.487000,30,18,+16.160,+0.846
0 days 00:51:59.597000,30,18,+16.023,+0.817
0 days 00:52:01.880000,30,18,+15.976,+0.871
0 days 00:52:07.018000,30,18,+16.157,+0.601
0 days 00:52:12.637000,30,18,+16.234,+0.657
0 days 00:52:16.915000,30,18,+16.251,+0.702
0 days 00:52:19.856000,30,18,+16.231,+0.694
0 days 00:52:27.037000,30,18,+16.464,+0.602
0 days 00:52:30.734000,30,18,+16.450,+0.571
0 days 00:52:34.689000,30,18,+16.189,+0.369
0 days 00:52:40.724000,30,18,+16.387,+0.529
0 days 00:52:45.531000,30,18,+16.639,+0.505
0 days 00:52:49.482000,30,18,+16.655,+0.524
0 days 00:52:55.935000,30,18,+16.985,+0.430
0 days 00:53:01.410000,30,18,+17.119,+0.643
0 days 00:53:05.860000,30,18,+17.168,+0.670
0 days 00:53:10.589000,30,18,+17.137,+0.694
0 days 00:53:14.250000,30,18,+16.982,+0.771
0 days 00:53:22.789000,30,18,+17.254,+0.707
0 days 00:53:26.694000,30,18,+17.331,+0.733
0 days 00:53:27.696000,30,18,+17.405,+0.746
0 days 00:53:32.014000,30,18,+17.370,+0.741
0 days 00:53:36.150000,30,18,+17.092,+0.651
0 days 00:53:37.237000,30,18,+16.972,+0.609
0 days 00:53:39.492000,30,18,+16.857,+0.544
0 days 00:53:44.801000,30,18,+17.163,+0.457
0 days 00:53:50.394000,30,18,+17.314,+0.501
0 days 00:53:54.600000,30,18,+17.352,+0.409
0 days 00:53:57.564000,30,18,+17.321,+0.386
0 days 00:54:04.787000,30,18,+17.663,+0.379
0 days 00:54:08.507000,30,18,+17.628,+0.350
0 days 00:54:12.535000,30,18,+17.586,+0.324
0 days 00:54:18.623000,30,18,+17.976,+0.383
0 days 00:54:23.475000,30,18,+18.240,+0.344
0 days 00:54:27.485000,30,18,+18.304,+0.350
0 days 00:54:33.963000,30,18,+18.648,+0.462
0 days 00:54:39.285000,30,18,+18.540,+0.440
0 days 00:54:43.562000,30,18,+18.504,+0.459
0 days 00:54:48.188000,30,18,+18.368,+0.397
0 days 00:54:51.688000,30,18,+18.037,+0.266
0 days 00:55:00.135000,30,17,+18.037,+0.266
0 days 00:55:00.217000,30,17,+18.192,+0.860
0 days 00:55:04.162000,30,17,+18.361,+0.835
0 days 00:55:05.251000,30,17,+18.502,+0.797
0 days 00:55:09.562000,30,17,+18.530,+0.744
0 days 00:55:13.660000,30,17,+18.299,+0.750
0 days 00:55:14.818000,30,17,+18.185,+0.752
0 days 00:55:17.046000,30,17,+18.020,+0.757
0 days 00:55:22.251000,30,17,+18.176,+0.731
0 days 00:55:27.829000,30,17,+18.328,+0.655
0 days 00:55:32.105000,30,17,+18.428,+0.782
0 days 00:55:35.040000,30,17,+18.422,+0.848
0 days 00:55:42.226000,30,17,+18.661,+0.649
0 days 00:55:45.935000,30,17,+18.631,+0.603
0 days 00:55:49.928000,30,17,+18.431,+0.397
0 days 00:55:56.436000,30,17,+18.991,+0.664
0 days 00:56:01.223000,30,17,+19.199,+0.739
0 days 00:56:05.257000,30,17,+19.278,+0.786
0 days 00:56:11.803000,30,17,+19.553,+0.611
0 days 00:56:17.140000,30,17,+19.774,+1.001
0 days 00:56:21.510000,30,17,+19.854,+1.101
0 days 00:56:26.251000,30,17,+19.804,+1.190
0 days 00:56:29.830000,30,17,+19.564,+1.294
0 days 00:56:38.259000,30,17,+19.713,+1.027
0 days 00:56:42.163000,30,17,+19.804,+0.914
0 days 00:56:43.203000,30,17,+19.899,+0.845
0 days 00:56:47.605000,30,17,+19.986,+0.746
0 days 00:56:51.756000,30,17,+19.743,+0.754
0 days 00:56:52.803000,30,17,+19.638,+0.741
0 days 00:56:55.044000,30,17,+19.601,+0.692
0 days 00:57:00.480000,30,17,+20.077,+0.587
0 days 00:57:06.197000,30,17,+20.339,+0.555
0 days 00:57:10.437000,30,17,+20.440,+0.499
0 days 00:57:13.393000,30,17,+20.455,+0.488
0 days 00:57:20.751000,30,17,+20.788,+0.553
0 days 00:57:24.458000,30,17,+20.748,+0.494
0 days 00:57:28.439000,30,17,+20.717,+0.401
0 days 00:57:34.580000,30,17,+21.136,+0.588
0 days 00:57:39.505000,30,17,+21.380,+0.670
0 days 00:57:43.536000,30,17,+21.493,+0.748
0 days 00:57:49.842000,30,17,+21.769,+0.583
0 days 00:57:55.241000,30,17,+21.993,+0.659
0 days 00:57:59.689000,30,17,+22.095,+0.689
0 days 00:58:04.440000,30,17,+22.044,+0.656
0 days 00:58:07.918000,30,17,+21.793,+0.574
0 days 00:58:16.389000,30,17,+21.878,+0.453
0 days 00:58:20.437000,30,17,+21.980,+0.486
0 days 00:58:21.309000,30,17,+22.067,+0.513
0 days 00:58:25.718000,30,17,+22.096,+0.506
0 days 00:58:29.837000,30,17,+21.840,+0.496
0 days 00:58:30.910000,30,17,+21.729,+0.472
0 days 00:58:33.263000,30,17,+21.716,+0.555
0 days 00:58:38.563000,30,17,+21.604,+0.329
0 days 00:58:44.266000,30,17,+22.019,+0.440
0 days 00:58:48.621000,30,17,+22.177,+0.461
0 days 00:58:51.606000,30,17,+22.187,+0.448
0 days 00:58:58.865000,30,17,+22.307,+0.350
0 days 00:59:02.565000,30,17,+22.260,+0.284
0 days 00:59:06.639000,30,17,+22.284,+0.253
0 days 00:59:12.910000,30,17,+22.882,+0.490
0 days 00:59:17.818000,30,17,+23.145,+0.556
0 days 00:59:21.803000,30,17,+23.216,+0.598
0 days 00:59:28.274000,30,17,+23.520,+0.478
0 days 00:59:33.625000,30,17,+23.559,+0.407
0 days 00:59:37.964000,30,17,+23.586,+0.390
0 days 00:59:42.620000,30,17,+23.435,+0.373
0 days 00:59:46.114000,30,17,+23.079,+0.319
0 days 00:59:54.600000,30,17,+23.179,+0.092
0 days 00:59:58.749000,30,17,+23.451,+0.242
0 days 00:59:59.808000,30,17,+23.640,+0.283
0 days 01:00:04.337000,30,17,+23.799,+0.201
0 days 01:00:08.411000,30,17,+23.479,+0.107
0 days 01:00:09.511000,30,17,+23.343,+0.045
0 days 01:00:11.864000,30,17,+23.414,+0.064
0 days 01:00:17.032000,30,16,+23.414,+0.064
0 days 01:00:17.110000,30,16,+23.487,+0.442
0 days 01:00:22.990000,30,16,+24.021,+0.392
0 days 01:00:27.290000,30,16,+24.125,+0.483
0 days 01:00:30.238000,30,16,+24.099,+0.484
0 days 01:00:37.692000,30,16,+24.525,+0.617
0 days 01:00:41.390000,30,16,+24.528,+0.600
0 days 01:00:45.490000,30,16,+24.587,+0.432
0 days 01:00:51.692000,30,16,+24.938,+0.570
0 days 01:00:56.559000,30,16,+25.201,+0.638
0 days 01:01:00.587000,30,16,+25.256,+0.688
0 days 01:01:07.012000,30,16,+25.469,+0.469
0 days 01:01:12.438000,30,16,+25.471,+0.625
0 days 01:01:16.825000,30,16,+25.521,+0.673
0 days 01:01:21.560000,30,16,+25.462,+0.693
0 days 01:01:25.130000,30,16,+25.218,+0.691
0 days 01:01:33.930000,30,16,+25.571,+0.664
0 days 01:01:37.941000,30,16,+25.717,+0.655
0 days 01:01:38.965000,30,16,+25.842,+0.629
0 days 01:01:43.460000,30,16,+26.015,+0.685
0 days 01:01:47.667000,30,16,+25.871,+0.783
0 days 01:01:48.782000,30,16,+25.799,+0.797
0 days 01:01:51.139000,30,16,+25.844,+0.660
0 days 01:01:56.591000,30,16,+26.081,+0.461
0 days 01:02:02.460000,30,16,+26.440,+0.359
0 days 01:02:06.693000,30,16,+26.534,+0.283
0 days 01:02:09.654000,30,16,+26.523,+0.252
0 days 01:02:17.068000,30,16,+26.905,+0.334
0 days 01:02:20.791000,30,16,+26.910,+0.342
0 days 01:02:25.054000,30,16,+27.111,+0.323
0 days 01:02:31.321000,30,16,+27.720,+0.423
0 days 01:02:36.254000,30,16,+28.065,+0.546
0 days 01:02:40.345000,30,16,+28.140,+0.591
0 days 01:02:46.893000,30,16,+28.510,+0.379
0 days 01:02:52.441000,30,16,+28.718,+0.465
0 days 01:02:56.849000,30,16,+28.812,+0.505
0 days 01:03:01.541000,30,16,+28.729,+0.526
0 days 01:03:05.117000,30,16,+28.469,+0.265
0 days 01:03:14.021000,30,15,+28.469,+0.265
0 days 01:03:14.107000,30,15,+28.816,+0.736
0 days 01:03:17.846000,30,15,+28.961,+0.732
0 days 01:03:18.892000,30,15,+29.014,+0.678
0 days 01:03:23.221000,30,15,+29.056,+0.629
0 days 01:03:27.390000,30,15,+28.896,+0.464
0 days 01:03:28.539000,30,15,+28.836,+0.430
0 days 01:03:30.926000,30,15,+28.879,+0.594
0 days 01:03:36.255000,30,15,+29.019,+0.603
0 days 01:03:41.897000,30,15,+29.217,+0.730
0 days 01:03:46.156000,30,15,+29.293,+0.726
0 days 01:03:49.112000,30,15,+29.301,+0.716
0 days 01:03:56.366000,30,15,+29.416,+0.750
0 days 01:04:00.124000,30,15,+29.390,+0.744
0 days 01:04:04.127000,30,15,+29.415,+0.687
0 days 01:04:10.200000,30,15,+29.821,+0.830
0 days 01:04:14.966000,30,15,+29.932,+0.799
0 days 01:04:18.946000,30,15,+29.961,+0.812
0 days 01:04:25.385000,30,15,+30.149,+0.854
0 days 01:04:30.913000,30,15,+30.269,+0.906
0 days 01:04:35.312000,30,15,+30.325,+0.953
0 days 01:04:40.071000,30,15,+30.308,+0.889
0 days 01:04:43.742000,30,15,+30.147,+0.712
0 days 01:04:52.442000,30,15,+30.443,+0.843
0 days 01:04:56.392000,30,15,+30.531,+0.829
0 days 01:04:57.314000,30,15,+30.610,+0.780
0 days 01:05:01.695000,30,15,+30.637,+0.763
0 days 01:05:05.885000,30,15,+30.467,+0.604
0 days 01:05:07.008000,30,15,+30.392,+0.522
0 days 01:05:09.366000,30,15,+30.459,+0.591
0 days 01:05:14.518000,30,15,+30.460,+0.495
0 days 01:05:20.320000,30,15,+30.525,+0.580
0 days 01:05:24.393000,30,15,+30.496,+0.561
0 days 01:05:27.369000,30,15,+30.488,+0.548
0 days 01:05:34.661000,30,15,+30.556,+0.600
0 days 01:05:38.395000,30,15,+30.561,+0.611
0 days 01:05:42.433000,30,15,+30.586,+0.601
0 days 01:05:48.593000,30,15,+30.930,+0.737
0 days 01:05:53.395000,30,15,+31.059,+0.800
0 days 01:05:57.467000,30,15,+31.175,+0.886
0 days 01:06:03.975000,30,15,+31.531,+0.908
0 days 01:06:09.414000,30,15,+31.527,+0.897
0 days 01:06:13.789000,30,15,+31.560,+0.934
0 days 01:06:18.516000,30,15,+31.486,+0.909
0 days 01:06:22.167000,30,15,+31.266,+0.847
0 days 01:06:30.897000,30,15,+31.494,+0.893
0 days 01:06:34.793000,30,15,+31.574,+0.758
0 days 01:06:35.744000,30,15,+31.634,+0.683
0 days 01:06:40.167000,30,15,+31.766,+0.614
0 days 01:06:44.367000,30,15,+31.595,+0.599
0 days 01:06:45.493000,30,15,+31.518,+0.571
0 days 01:06:47.922000,30,15,+31.559,+0.476
0 days 01:06:53.267000,30,15,+31.798,+0.348
0 days 01:06:59.189000,30,15,+32.161,+0.520
0 days 01:07:03.456000,30,15,+32.198,+0.620
0 days 01:07:06.462000,30,15,+32.208,+0.625
0 days 01:07:13.898000,30,15,+32.223,+0.595
0 days 01:07:17.608000,30,15,+32.240,+0.611
0 days 01:07:21.742000,30,15,+32.356,+0.582
0 days 01:07:27.837000,30,15,+32.694,+0.746
0 days 01:07:32.611000,30,15,+32.842,+0.751
0 days 01:07:36.634000,30,15,+32.895,+0.767
0 days 01:07:43.104000,30,15,+33.113,+0.646
0 days 01:07:48.696000,30,15,+33.123,+0.782
0 days 01:07:52.993000,30,15,+33.210,+0.837
0 days 01:07:57.758000,30,15,+33.165,+0.839
0 days 01:08:01.405000,30,15,+32.983,+0.842
0 days 01:08:10.194000,30,15,+33.345,+1.050
0 days 01:08:14.145000,30,15,+33.470,+1.051
0 days 01:08:15.154000,30,15,+33.556,+0.965
0 days 01:08:19.608000,30,15,+33.660,+0.921
0 days 01:08:23.935000,30,15,+33.638,+1.077
0 days 01:08:25.096000,30,15,+33.607,+1.129
0 days 01:08:27.398000,30,15,+33.608,+1.072
0 days 01:08:32.760000,30,15,+33.706,+0.911
0 days 01:08:38.560000,30,15,+33.877,+0.728
0 days 01:08:42.781000,30,15,+33.902,+0.785
0 days 01:08:45.734000,30,15,+33.899,+0.751
0 days 01:08:53.368000,30,15,+34.122,+0.798
0 days 01:08:57.036000,30,15,+34.159,+0.813
0 days 01:09:01.104000,30,15,+34.213,+0.771
0 days 01:09:07.243000,30,15,+34.464,+0.916
0 days 01:09:12.068000,30,15,+34.624,+0.945
0 days 01:09:16.095000,30,15,+34.668,+0.990
0 days 01:09:22.520000,30,15,+34.712,+0.899
0 days 01:09:28.129000,30,15,+34.802,+1.123
0 days 01:09:32.533000,30,15,+34.842,+1.177
0 days 01:09:37.232000,30,15,+34.792,+1.178
0 days 01:09:40.831000,30,15,+34.574,+1.156
0 days 01:09:49.523000,30,15,+34.679,+1.193
0 days 01:09:53.466000,30,15,+34.752,+1.085
0 days 01:09:54.368000,30,15,+34.792,+0.981
0 days 01:09:58.722000,30,15,+34.771,+0.919
0 days 01:10:03.022000,30,15,+34.708,+1.033
0 days 01:10:04.192000,30,15,+34.670,+1.060
0 days 01:10:06.397000,30,15,+34.570,+0.898
0 days 01:10:11.808000,30,15,+34.810,+0.789
0 days 01:10:17.652000,30,15,+34.788,+0.798
0 days 01:10:21.813000,30,15,+34.814,+0.765
0 days 01:10:24.789000,30,15,+34.822,+0.769
0 days 01:10:32.239000,30,15,+34.887,+0.790
0 days 01:10:36.015000,30,15,+34.888,+0.797
0 days 01:10:40.158000,30,15,+35.118,+0.782
0 days 01:10:46.347000,30,15,+35.536,+0.852
0 days 01:10:51.243000,30,15,+35.717,+0.878
0 days 01:10:55.286000,30,15,+35.759,+0.926
0 days 01:11:01.856000,30,15,+36.013,+0.772
0 days 01:11:07.431000,30,15,+36.222,+0.825
0 days 01:11:11.855000,30,15,+36.291,+0.859
0 days 01:11:16.545000,30,15,+36.238,+0.851
0 days 01:11:20.216000,30,15,+36.051,+0.887
0 days 01:11:28.964000,30,15,+36.408,+1.019
0 days 01:11:32.902000,30,15,+36.496,+0.962
0 days 01:11:33.795000,30,15,+36.569,+0.902
0 days 01:11:38.229000,30,15,+36.639,+0.882
0 days 01:11:42.399000,30,15,+36.441,+0.892
0 days 01:11:43.555000,30,15,+36.361,+0.867
0 days 01:11:45.795000,30,15,+36.397,+0.833
0 days 01:11:51.334000,30,15,+36.780,+0.823
0 days 01:11:57.269000,30,15,+36.996,+0.692
0 days 01:12:01.420000,30,15,+37.022,+0.625
0 days 01:12:04.386000,30,15,+37.021,+0.634
0 days 01:12:12.018000,30,15,+37.420,+0.649
0 days 01:12:15.770000,30,15,+37.442,+0.678
0 days 01:12:19.970000,30,15,+37.707,+0.547
0 days 01:12:26.291000,30,15,+38.206,+0.499
0 days 01:12:31.317000,30,15,+38.444,+0.622
0 days 01:12:35.389000,30,15,+38.522,+0.686
0 days 01:12:42.026000,30,15,+38.816,+0.591
0 days 01:12:47.658000,30,15,+38.903,+0.664
0 days 01:12:52.096000,30,15,+38.984,+0.636
0 days 01:12:56.796000,30,15,+38.932,+0.607
0 days 01:13:00.344000,30,15,+38.712,+0.564
0 days 01:13:09.161000,30,15,+39.073,+0.610
0 days 01:13:13.208000,30,15,+39.227,+0.599
0 days 01:13:14.126000,30,15,+39.314,+0.540
0 days 01:13:18.558000,30,15,+39.327,+0.454
0 days 01:13:22.658000,30,15,+39.081,+0.396
0 days 01:13:23.814000,30,15,+39.004,+0.381
0 days 01:13:26.213000,30,15,+39.174,+0.406
0 days 01:13:31.646000,30,15,+39.625,+0.368
0 days 01:13:37.705000,30,15,+39.869,+0.475
0 days 01:13:42.051000,30,15,+40.020,+0.587
0 days 01:13:45.025000,30,15,+40.034,+0.587
0 days 01:13:52.534000,30,15,+40.257,+0.601
0 days 01:13:56.188000,30,15,+40.268,+0.570
0 days 01:14:00.206000,30,15,+40.414,+0.465
0 days 01:14:06.630000,30,15,+41.034,+0.752
0 days 01:14:11.544000,30,15,+41.175,+0.772
0 days 01:14:15.571000,30,15,+41.210,+0.795
0 days 01:14:22.192000,30,15,+41.547,+0.828
0 days 01:14:27.766000,30,15,+41.635,+0.902
0 days 01:14:32.124000,30,15,+41.708,+0.957
0 days 01:14:36.891000,30,15,+41.684,+0.991
0 days 01:14:40.496000,30,15,+41.501,+1.005
0 days 01:14:49.116000,30,15,+41.677,+0.843
0 days 01:14:53.146000,30,15,+41.756,+0.619
0 days 01:14:54.037000,30,15,+41.830,+0.496
0 days 01:14:58.431000,30,15,+41.873,+0.316
0 days 01:15:02.520000,30,15,+41.603,+0.184
0 days 01:15:03.627000,30,15,+41.486,+0.124
0 days 01:15:06.103000,30,15,+41.553,+0.129
0 days 01:15:11.308000,30,15,+41.774,+0.142
0 days 01:15:17.450000,30,14,+41.774,+0.142
0 days 01:15:17.538000,30,14,+42.251,+1.120
0 days 01:15:22.050000,30,14,+42.472,+1.275
0 days 01:15:25.136000,30,14,+42.490,+1.261
0 days 01:15:32.531000,30,14,+42.925,+1.413
0 days 01:15:36.298000,30,14,+42.954,+1.412
0 days 01:15:40.297000,30,14,+43.049,+1.397
0 days 01:15:46.347000,30,14,+43.360,+1.646
0 days 01:15:51.245000,30,14,+43.559,+1.777
0 days 01:15:55.276000,30,14,+43.614,+1.823
0 days 01:16:01.810000,30,14,+43.827,+2.068
0 days 01:16:07.340000,30,14,+44.086,+2.156
0 days 01:16:11.740000,30,14,+44.211,+2.256
0 days 01:16:16.590000,30,14,+44.246,+2.231
0 days 01:16:20.314000,30,14,+44.271,+2.215
0 days 01:16:29.345000,30,14,+44.723,+2.660
0 days 01:16:33.258000,30,14,+44.797,+2.610
0 days 01:16:34.218000,30,14,+44.834,+2.537
0 days 01:16:38.559000,30,14,+44.904,+2.504
0 days 00:00:09.326000,27,20,,
0 days 00:45:27.195000,27,20,+6.284,+4.182
0 days 00:45:29.878000,27,20,+6.786,+4.245
0 days 00:45:35.139000,27,20,+7.162,+3.557
0 days 00:45:40.886000,27,20,+7.458,+2.756
0 days 00:45:45.328000,27,20,+7.830,+2.755
0 days 00:45:48.226000,27,20,+7.832,+2.789
0 days 00:45:55.824000,27,20,+8.422,+2.597
0 days 00:45:59.516000,27,20,+8.560,+2.723
0 days 00:46:04.103000,27,20,+9.122,+2.864
0 days 00:46:10.302000,27,20,+9.850,+2.550
0 days 00:46:15.136000,27,20,+10.193,+2.247
0 days 00:46:19.233000,27,20,+10.317,+2.193
0 days 00:46:25.686000,27,20,+10.726,+1.635
0 days 00:46:31.178000,27,20,+11.245,+1.752
0 days 00:46:35.532000,27,20,+11.366,+1.642
0 days 00:46:40.358000,27,20,+11.399,+1.690
0 days 00:46:44.205000,27,20,+11.399,+1.754
0 days 00:46:52.993000,27,20,+11.893,+1.695
0 days 00:46:56.932000,27,20,+11.977,+1.538
0 days 00:46:57.929000,27,20,+12.056,+1.462
0 days 00:47:02.533000,27,20,+12.162,+1.357
0 days 00:47:06.878000,27,20,+12.112,+1.340
0 days 00:47:08.054000,27,20,+12.080,+1.347
0 days 00:47:10.405000,27,20,+12.082,+1.318
0 days 00:47:15.784000,27,20,+12.661,+1.359
0 days 00:47:21.632000,27,20,+13.137,+1.651
0 days 00:47:26.004000,27,20,+13.366,+1.780
0 days 00:47:28.962000,27,20,+13.352,+1.776
0 days 00:47:36.479000,27,20,+13.942,+1.828
0 days 00:47:40.185000,27,20,+14.026,+1.948
0 days 00:47:44.669000,27,20,+14.375,+2.349
0 days 00:47:50.785000,27,20,+14.792,+2.365
0 days 00:47:55.534000,27,20,+15.090,+2.375
0 days 00:47:59.548000,27,20,+15.188,+2.356
0 days 00:48:05.874000,27,20,+15.507,+2.218
0 days 00:48:11.379000,27,20,+15.892,+2.449
0 days 00:48:15.707000,27,20,+15.941,+2.414
0 days 00:48:20.496000,27,20,+15.940,+2.509
0 days 00:48:24.233000,27,20,+15.869,+2.737
0 days 00:48:32.849000,27,20,+16.196,+2.788
0 days 00:48:36.642000,27,20,+16.224,+2.632
0 days 00:48:37.599000,27,20,+16.281,+2.584
0 days 00:48:42.036000,27,20,+16.296,+2.543
0 days 00:48:46.335000,27,20,+16.211,+2.732
0 days 00:48:47.523000,27,20,+16.153,+2.818
0 days 00:48:49.707000,27,20,+15.904,+2.678
0 days 00:48:54.787000,27,20,+16.106,+2.636
0 days 00:49:00.148000,27,20,+16.018,+2.421
0 days 00:49:04.359000,27,20,+16.076,+2.463
0 days 00:49:07.287000,27,20,+16.044,+2.478
0 days 00:49:14.476000,27,20,+16.199,+2.276
0 days 00:49:18.134000,27,20,+16.221,+2.318
0 days 00:49:22.406000,27,20,+16.293,+2.454
0 days 00:49:28.304000,27,20,+16.470,+2.364
0 days 00:49:32.966000,27,20,+16.620,+2.233
0 days 00:49:36.959000,27,20,+16.671,+2.237
0 days 00:49:43.259000,27,20,+16.895,+1.945
0 days 00:49:48.463000,27,20,+16.877,+1.945
0 days 00:49:52.765000,27,20,+16.842,+1.906
0 days 00:49:57.505000,27,20,+16.832,+2.024
0 days 00:50:01.260000,27,20,+16.780,+2.309
0 days 00:50:09.696000,27,20,+16.949,+2.050
0 days 00:50:13.536000,27,20,+16.918,+1.824
0 days 00:50:14.460000,27,20,+16.933,+1.721
0 days 00:50:18.873000,27,20,+16.949,+1.623
0 days 00:50:23.121000,27,20,+16.840,+1.779
0 days 00:50:24.263000,27,20,+16.780,+1.855
0 days 00:50:26.434000,27,20,+16.541,+1.729
0 days 00:50:31.434000,27,20,+16.602,+1.707
0 days 00:50:36.756000,27,20,+16.577,+1.554
0 days 00:50:40.960000,27,20,+16.569,+1.451
0 days 00:50:43.900000,27,20,+16.547,+1.435
0 days 00:50:50.949000,27,20,+16.618,+1.076
0 days 00:50:54.617000,27,20,+16.612,+1.056
0 days 00:50:58.646000,27,20,+16.423,+1.178
0 days 00:51:04.552000,27,20,+16.571,+1.088
0 days 00:51:09.261000,27,20,+16.786,+1.137
0 days 00:51:13.261000,27,20,+16.863,+1.185
0 days 00:51:19.647000,27,20,+17.143,+0.998
0 days 00:51:24.920000,27,20,+17.179,+0.924
0 days 00:51:29.195000,27,20,+17.172,+0.872
0 days 00:51:33.892000,27,20,+17.106,+0.909
0 days 00:51:37.467000,27,20,+16.850,+0.967
0 days 00:51:46.234000,27,20,+17.271,+0.957
0 days 00:51:50.061000,27,20,+17.294,+0.717
0 days 00:51:50.956000,27,20,+17.366,+0.661
0 days 00:51:55.362000,27,20,+17.414,+0.714
0 days 00:51:59.487000,27,20,+17.139,+0.739
0 days 00:52:00.581000,27,20,+17.007,+0.723
0 days 00:52:02.839000,27,20,+16.956,+0.636
0 days 00:52:08.086000,27,20,+17.215,+0.520
0 days 00:52:13.739000,27,20,+17.334,+0.554
0 days 00:52:18.060000,27,20,+17.461,+0.709
0 days 00:52:21.013000,27,20,+17.433,+0.665
0 days 00:52:28.388000,27,20,+17.760,+0.616
0 days 00:52:32.056000,27,20,+17.769,+0.600
0 days 00:52:36.234000,27,20,+17.708,+0.787
0 days 00:52:42.276000,27,20,+17.905,+0.925
0 days 00:52:47.017000,27,20,+18.168,+0.937
0 days 00:52:51.051000,27,20,+18.218,+0.951
0 days 00:52:57.427000,27,20,+18.475,+0.989
0 days 00:53:02.710000,27,20,+18.396,+0.969
0 days 00:53:07.033000,27,20,+18.375,+0.965
0 days 00:53:11.744000,27,20,+18.307,+1.027
0 days 00:53:15.253000,27,20,+18.044,+1.040
0 days 00:53:23.822000,27,20,+18.319,+0.641
0 days 00:53:27.737000,27,20,+18.339,+0.522
0 days 00:53:28.646000,27,20,+18.395,+0.493
0 days 00:53:33.206000,27,20,+18.491,+0.595
0 days 00:53:37.293000,27,20,+18.234,+0.597
0 days 00:53:38.409000,27,20,+18.128,+0.582
0 days 00:53:40.661000,27,20,+18.080,+0.558
0 days 00:53:45.924000,27,20,+18.277,+0.613
0 days 00:53:51.511000,27,20,+18.451,+0.500
0 days 00:53:55.849000,27,20,+18.579,+0.662
0 days 00:53:58.778000,27,20,+18.564,+0.618
0 days 00:54:06.212000,27,20,+19.005,+0.687
0 days 00:54:09.858000,27,20,+19.008,+0.683
0 days 00:54:14.059000,27,20,+19.112,+0.858
0 days 00:54:20.188000,27,20,+19.462,+0.967
0 days 00:54:24.888000,27,20,+19.705,+0.922
0 days 00:54:28.961000,27,20,+19.785,+0.897
0 days 00:54:35.407000,27,20,+20.083,+0.936
0 days 00:54:40.706000,27,20,+19.994,+0.916
0 days 00:54:44.981000,27,20,+19.931,+0.891
0 days 00:54:49.661000,27,20,+19.808,+0.863
0 days 00:54:53.166000,27,20,+19.529,+0.845
0 days 00:55:01.993000,27,20,+19.905,+0.738
0 days 00:55:05.784000,27,20,+19.977,+0.686
0 days 00:55:06.658000,27,20,+20.059,+0.675
0 days 00:55:11.112000,27,20,+20.110,+0.760
0 days 00:55:15.251000,27,20,+19.866,+0.761
0 days 00:55:16.350000,27,20,+19.773,+0.761
0 days 00:55:18.690000,27,20,+19.708,+0.808
0 days 00:55:24.009000,27,20,+19.948,+0.593
0 days 00:55:29.660000,27,20,+20.200,+0.585
0 days 00:55:33.989000,27,20,+20.334,+0.742
0 days 00:55:36.943000,27,20,+20.329,+0.722
0 days 00:55:44.436000,27,20,+20.765,+0.693
0 days 00:55:48.074000,27,20,+20.769,+0.675
0 days 00:55:52.236000,27,20,+20.731,+0.817
0 days 00:55:58.308000,27,20,+20.871,+0.886
0 days 00:56:03.036000,27,20,+21.018,+0.908
0 days 00:56:07.039000,27,20,+21.052,+0.892
0 days 00:56:13.509000,27,20,+21.377,+0.869
0 days 00:56:18.782000,27,20,+21.423,+0.772
0 days 00:56:23.092000,27,20,+21.408,+0.719
0 days 00:56:27.857000,27,20,+21.283,+0.717
0 days 00:56:31.236000,27,20,+21.000,+0.741
0 days 00:56:40.219000,27,20,+21.679,+0.743
0 days 00:56:44.236000,27,20,+21.784,+0.768
0 days 00:56:45.189000,27,20,+21.865,+0.828
0 days 00:56:49.601000,27,20,+21.986,+1.017
0 days 00:56:53.793000,27,20,+21.752,+1.038
0 days 00:56:54.827000,27,20,+21.664,+1.028
0 days 00:56:57.089000,27,20,+21.626,+0.939
0 days 00:57:02.264000,27,20,+21.867,+0.714
0 days 00:57:07.967000,27,20,+22.116,+0.672
0 days 00:57:12.236000,27,20,+22.256,+0.843
0 days 00:57:15.204000,27,20,+22.262,+0.835
0 days 00:57:22.592000,27,20,+22.631,+0.793
0 days 00:57:26.311000,27,20,+22.609,+0.761
0 days 00:57:30.410000,27,20,+22.702,+0.864
0 days 00:57:36.463000,27,20,+23.022,+0.844
0 days 00:57:41.291000,27,20,+23.244,+0.750
0 days 00:57:45.290000,27,20,+23.304,+0.710
0 days 00:57:51.601000,27,20,+23.571,+0.672
0 days 00:57:56.952000,27,20,+23.688,+0.592
0 days 00:58:01.242000,27,20,+23.716,+0.549
0 days 00:58:05.959000,27,20,+23.602,+0.513
0 days 00:58:09.424000,27,20,+23.298,+0.462
0 days 00:58:18.463000,27,20,+23.949,+0.667
0 days 00:58:22.489000,27,20,+24.050,+0.678
0 days 00:58:23.382000,27,20,+24.138,+0.731
0 days 00:58:27.838000,27,20,+24.211,+0.826
0 days 00:58:32.004000,27,20,+23.982,+0.834
0 days 00:58:33.064000,27,20,+23.892,+0.828
0 days 00:58:35.308000,27,20,+23.790,+0.734
0 days 00:58:40.652000,27,20,+23.788,+0.679
0 days 00:58:46.384000,27,20,+24.100,+0.668
0 days 00:58:50.642000,27,20,+24.190,+0.808
0 days 00:58:53.602000,27,20,+24.190,+0.783
0 days 00:59:01.063000,27,20,+24.419,+0.676
0 days 00:59:04.724000,27,20,+24.396,+0.638
0 days 00:59:08.763000,27,20,+24.422,+0.717
0 days 00:59:14.837000,27,20,+24.828,+0.890
0 days 00:59:19.693000,27,20,+25.085,+0.872
0 days 00:59:23.729000,27,20,+25.155,+0.858
0 days 00:59:30.159000,27,20,+25.467,+0.826
0 days 00:59:35.711000,27,20,+25.642,+0.859
0 days 00:59:40.046000,27,20,+25.636,+0.797
0 days 00:59:44.783000,27,20,+25.564,+0.787
0 days 00:59:48.356000,27,20,+25.311,+0.779
0 days 00:59:57.113000,27,20,+25.715,+0.838
0 days 01:00:00.999000,27,20,+25.752,+0.825
0 days 01:00:01.964000,27,20,+25.806,+0.866
0 days 01:00:06.329000,27,20,+25.821,+0.928
0 days 01:00:10.514000,27,20,+25.581,+0.953
0 days 01:00:11.579000,27,20,+25.473,+0.934
0 days 01:00:13.853000,27,20,+25.456,+0.886
0 days 01:00:19.122000,27,20,+25.560,+0.633
0 days 01:00:24.958000,27,20,+25.991,+0.577
0 days 01:00:29.345000,27,20,+26.156,+0.748
0 days 01:00:32.259000,27,20,+26.126,+0.715
0 days 01:00:39.854000,27,20,+26.576,+0.666
0 days 01:00:43.464000,27,20,+26.593,+0.649
0 days 01:00:47.621000,27,20,+26.712,+0.694
0 days 01:00:53.727000,27,20,+26.979,+0.682
0 days 01:00:58.664000,27,20,+27.295,+0.687
0 days 01:01:02.686000,27,20,+27.347,+0.691
0 days 01:01:09.290000,27,20,+27.772,+0.610
0 days 01:01:14.760000,27,20,+27.776,+0.570
0 days 01:01:19.045000,27,20,+27.749,+0.513
0 days 01:01:23.745000,27,20,+27.653,+0.494
0 days 01:01:27.209000,27,20,+27.327,+0.448
0 days 01:01:36.165000,27,20,+27.812,+0.562
0 days 01:01:40.209000,27,20,+27.839,+0.547
0 days 01:01:40.965000,27,20,+27.889,+0.580
0 days 01:01:45.425000,27,20,+28.017,+0.655
0 days 01:01:49.555000,27,20,+27.759,+0.663
0 days 01:01:50.654000,27,20,+27.650,+0.648
0 days 01:01:52.878000,27,20,+27.566,+0.433
0 days 01:01:58.491000,27,20,+27.874,+0.323
0 days 01:02:04.453000,27,20,+28.502,+0.457
0 days 01:02:08.744000,27,20,+28.579,+0.541
0 days 01:02:11.663000,27,20,+28.565,+0.495
0 days 01:02:19.361000,27,20,+29.085,+0.520
0 days 01:02:22.960000,27,20,+29.069,+0.458
0 days 01:02:27.125000,27,20,+29.191,+0.549
0 days 01:02:33.382000,27,20,+29.793,+0.651
0 days 01:02:38.309000,27,20,+30.104,+0.511
0 days 01:02:42.315000,27,20,+30.154,+0.488
0 days 01:02:49.025000,27,20,+30.637,+0.370
0 days 01:02:54.492000,27,20,+30.760,+0.466
0 days 01:02:58.804000,27,20,+30.753,+0.410
0 days 01:03:03.442000,27,20,+30.636,+0.407
0 days 01:03:06.959000,27,20,+30.297,+0.393
0 days 01:03:16.139000,27,20,+31.098,+0.543
0 days 01:03:20.126000,27,20,+31.169,+0.531
0 days 01:03:21.037000,27,20,+31.250,+0.556
0 days 01:03:25.461000,27,19,+31.250,+0.556
0 days 01:03:25.461000,27,19,+31.345,+0.581
0 days 01:03:29.662000,27,19,+31.091,+0.555
0 days 01:03:30.666000,27,19,+30.973,+0.527
0 days 01:03:32.891000,27,19,+30.866,+0.289
0 days 01:03:38.205000,27,19,+30.930,+0.257
0 days 01:03:44.310000,27,19,+31.635,+0.348
0 days 01:03:48.540000,27,19,+31.697,+0.418
0 days 01:03:51.548000,27,19,+31.680,+0.373
0 days 01:03:59.157000,27,19,+32.123,+0.361
0 days 01:04:02.766000,27,19,+32.067,+0.295
0 days 01:04:06.838000,27,19,+32.128,+0.320
0 days 01:04:13.392000,27,19,+32.852,+0.664
0 days 01:04:18.196000,27,19,+33.174,+0.599
0 days 01:04:22.223000,27,19,+33.250,+0.596
0 days 01:04:28.807000,27,19,+33.590,+0.672
0 days 01:04:34.413000,27,19,+33.772,+0.791
0 days 01:04:38.761000,27,19,+33.810,+0.804
0 days 01:04:43.588000,27,19,+33.765,+0.812
0 days 01:04:47.154000,27,19,+33.523,+0.780
0 days 01:04:56.035000,27,19,+34.024,+0.786
0 days 01:04:59.945000,27,19,+34.070,+0.725
0 days 01:05:00.825000,27,19,+34.125,+0.720
0 days 01:05:05.261000,27,19,+34.224,+0.807
0 days 01:05:09.414000,27,19,+33.996,+0.765
0 days 01:05:10.533000,27,19,+33.909,+0.735
0 days 01:05:12.634000,27,19,+33.760,+0.522
0 days 01:05:17.921000,27,19,+33.835,+0.611
0 days 01:05:23.841000,27,19,+34.170,+0.431
0 days 01:05:28.092000,27,19,+34.204,+0.500
0 days 01:05:31.105000,27,19,+34.179,+0.455
0 days 01:05:38.647000,27,19,+34.459,+0.492
0 days 01:05:42.292000,27,19,+34.451,+0.451
0 days 01:05:46.440000,27,19,+34.619,+0.562
0 days 01:05:52.635000,27,19,+34.900,+0.589
0 days 01:05:57.493000,27,19,+35.164,+0.610
0 days 01:06:01.515000,27,19,+35.217,+0.579
0 days 01:06:08.127000,27,19,+35.711,+0.719
0 days 01:06:13.542000,27,19,+35.646,+0.697
0 days 01:06:17.827000,27,19,+35.607,+0.648
0 days 01:06:22.567000,27,19,+35.525,+0.586
0 days 01:06:26.193000,27,19,+35.295,+0.356
0 days 01:06:35.153000,27,19,+35.719,+0.430
0 days 01:06:38.975000,27,19,+35.771,+0.344
0 days 01:06:40.057000,27,19,+35.869,+0.374
0 days 01:06:44.474000,27,19,+36.049,+0.483
0 days 01:06:48.624000,27,19,+35.850,+0.287
0 days 01:06:49.740000,27,19,+35.779,+0.199
0 days 01:06:52.154000,27,19,+35.809,+0.264
0 days 01:06:57.555000,27,19,+36.103,+0.435
0 days 01:07:03.509000,27,19,+36.500,+0.343
0 days 01:07:07.667000,27,19,+36.413,+0.346
0 days 01:07:10.567000,27,19,+36.374,+0.256
0 days 01:07:18.215000,27,19,+36.550,+0.186
0 days 01:07:21.882000,27,19,+36.514,+0.129
0 days 01:07:26.122000,27,19,+36.782,+0.427
0 days 01:07:32.126000,27,19,+37.012,+0.445
0 days 01:07:37.085000,27,19,+37.312,+0.588
0 days 01:07:41.094000,27,19,+37.368,+0.553
0 days 01:07:47.669000,27,19,+37.676,+0.702
0 days 01:07:53.091000,27,19,+37.585,+0.613
0 days 01:07:57.359000,27,19,+37.562,+0.563
0 days 01:08:02.048000,27,19,+37.470,+0.424
0 days 01:08:05.650000,27,19,+37.266,+0.143
0 days 01:08:14.715000,27,19,+37.891,+0.162
0 days 01:08:18.842000,27,19,+38.092,+0.220
0 days 01:08:19.807000,27,19,+38.258,+0.294
0 days 01:08:24.315000,27,19,+38.409,+0.398
0 days 01:08:28.505000,27,19,+38.209,+0.185
0 days 01:08:29.794000,27,19,+38.138,+0.097
0 days 01:08:31.767000,27,18,+38.138,+0.097
0 days 01:08:31.841000,27,18,+38.075,+2.245
0 days 01:08:36.961000,27,18,+37.955,+2.051
0 days 01:08:43.272000,27,18,+38.627,+2.326
0 days 01:08:47.549000,27,19,+38.627,+2.326
0 days 01:08:47.755000,27,19,+38.818,+0.101
0 days 01:08:50.675000,27,19,+38.815,+0.048
0 days 01:08:58.233000,27,18,+38.815,+0.048
0 days 01:08:58.312000,27,18,+39.083,+2.636
0 days 01:09:01.968000,27,18,+39.075,+2.601
0 days 01:09:05.968000,27,18,+39.047,+2.492
0 days 01:09:11.879000,27,18,+39.071,+2.310
0 days 01:09:16.638000,27,18,+39.200,+2.149
0 days 01:09:20.696000,27,18,+39.280,+2.199
0 days 01:09:27.070000,27,18,+39.288,+2.032
0 days 01:09:32.642000,27,18,+39.308,+2.067
0 days 01:09:36.956000,27,18,+39.323,+2.063
0 days 01:09:41.798000,27,18,+39.338,+2.125
0 days 01:09:45.653000,27,18,+39.387,+2.320
0 days 01:09:54.432000,27,18,+39.560,+2.273
0 days 01:09:58.342000,27,18,+39.661,+2.336
0 days 01:09:59.294000,27,18,+39.730,+2.352
0 days 01:10:03.750000,27,18,+39.797,+2.337
0 days 01:10:08.111000,27,18,+39.799,+2.480
0 days 01:10:09.317000,27,18,+39.814,+2.551
0 days 01:10:11.446000,27,18,+39.590,+2.371
0 days 01:10:16.596000,27,18,+39.616,+2.233
0 days 01:10:22.189000,27,18,+39.449,+1.830
0 days 01:10:26.501000,27,18,+39.511,+1.892
0 days 01:10:29.514000,27,18,+39.544,+1.926
0 days 01:10:37.016000,27,18,+39.593,+1.850
0 days 01:10:40.717000,27,18,+39.587,+1.869
0 days 01:10:44.688000,27,18,+39.645,+1.780
0 days 01:10:50.588000,27,18,+39.793,+1.707
0 days 01:10:55.471000,27,18,+39.957,+1.628
0 days 01:10:59.528000,27,18,+40.022,+1.668
0 days 01:11:05.892000,27,18,+40.038,+1.495
0 days 01:11:11.398000,27,18,+40.134,+1.407
0 days 01:11:15.610000,27,18,+40.087,+1.356
0 days 01:11:20.395000,27,18,+40.093,+1.422
0 days 01:11:24.289000,27,18,+40.161,+1.662
0 days 01:11:33.061000,27,18,+40.451,+1.611
0 days 01:11:37.016000,27,18,+40.519,+1.638
0 days 01:11:37.848000,27,18,+40.607,+1.654
0 days 01:11:42.389000,27,18,+40.765,+1.708
0 days 01:11:46.643000,27,18,+40.716,+1.833
0 days 01:11:47.849000,27,18,+40.710,+1.887
0 days 01:11:49.969000,27,18,+40.566,+1.811
0 days 01:11:55.120000,27,18,+40.587,+1.639
0 days 01:12:01.187000,27,18,+41.023,+1.611
0 days 01:12:05.495000,27,18,+41.109,+1.736
0 days 01:12:08.469000,27,18,+41.114,+1.751
0 days 01:12:16.099000,27,18,+41.351,+1.761
0 days 01:12:19.712000,27,18,+41.364,+1.788
0 days 01:12:23.614000,27,18,+41.380,+1.600
0 days 01:12:29.696000,27,18,+41.586,+1.441
0 days 01:12:34.609000,27,18,+41.754,+1.414
0 days 01:12:38.626000,27,18,+41.783,+1.423
0 days 01:12:45.103000,27,18,+41.937,+1.329
0 days 01:12:50.517000,27,18,+41.783,+1.132
0 days 01:12:54.845000,27,18,+41.791,+1.101
0 days 01:12:59.670000,27,18,+41.809,+1.149
0 days 01:13:03.470000,27,18,+41.851,+1.335
0 days 01:13:12.396000,27,18,+42.235,+1.408
0 days 01:13:16.250000,27,18,+42.313,+1.454
0 days 01:13:17.170000,27,18,+42.387,+1.484
0 days 01:13:21.698000,27,18,+42.492,+1.481
0 days 01:13:25.996000,27,18,+42.427,+1.596
0 days 01:13:27.170000,27,18,+42.405,+1.635
0 days 01:13:29.347000,27,18,+42.339,+1.562
0 days 01:13:34.438000,27,18,+42.463,+1.301
0 days 01:13:40.366000,27,18,+42.589,+1.116
0 days 01:13:44.836000,27,18,+42.769,+1.297
0 days 01:13:47.787000,27,18,+42.787,+1.312
0 days 01:13:55.159000,27,18,+42.946,+1.127
0 days 01:13:58.850000,27,18,+42.950,+1.118
0 days 01:14:02.788000,27,18,+42.988,+0.977
0 days 01:14:08.838000,27,18,+43.242,+0.936
0 days 01:14:13.797000,27,18,+43.409,+0.817
0 days 01:14:17.771000,27,18,+43.406,+0.772
0 days 01:14:24.644000,27,18,+44.034,+1.049
0 days 01:14:30.266000,27,19,+44.034,+1.049
0 days 01:14:30.644000,27,19,+44.458,+0.294
0 days 01:14:36.123000,27,19,+45.724,+1.198
0 days 01:14:41.149000,27,19,+45.909,+1.310
0 days 01:14:44.913000,27,19,+45.945,+1.457
0 days 01:14:54.093000,27,19,+46.642,+1.709
0 days 01:14:57.952000,27,19,+46.703,+1.689
0 days 01:14:58.971000,27,19,+46.806,+1.774
0 days 01:15:03.551000,27,19,+46.968,+1.860
0 days 01:15:07.868000,27,19,+46.946,+1.866
0 days 01:15:09.045000,27,19,+46.948,+1.882
0 days 01:15:11.269000,27,19,+46.768,+1.869
0 days 01:15:16.371000,27,19,+46.829,+1.763
0 days 01:15:22.218000,27,19,+46.969,+1.719
0 days 01:15:26.581000,27,19,+47.037,+1.704
0 days 01:15:29.545000,27,19,+47.044,+1.701
0 days 01:15:36.982000,27,19,+47.259,+1.625
0 days 01:15:40.624000,27,19,+47.279,+1.610
0 days 01:15:44.538000,27,19,+47.285,+1.445
0 days 01:15:50.345000,27,19,+47.419,+1.284
0 days 01:15:55.341000,27,19,+47.661,+1.478
0 days 01:15:59.397000,27,19,+47.662,+1.455
0 days 01:16:05.864000,27,19,+47.861,+1.352
0 days 01:16:11.271000,27,19,+48.035,+1.389
0 days 01:16:15.592000,27,19,+48.048,+1.390
0 days 01:16:20.389000,27,19,+48.081,+1.498
0 days 01:16:24.189000,27,19,+48.120,+1.783
0 days 01:16:35.392000,27,20,+48.120,+1.783
0 days 01:16:37.572000,27,19,+48.120,+1.783
0 days 01:16:37.663000,27,19,+53.070,+0.350
0 days 01:16:43.129000,27,19,+54.620,+1.513
0 days 01:16:44.392000,27,19,+55.019,+1.737
0 days 01:16:50.375000,27,19,+56.682,+2.742
